date	heat_pump_0__elec_cons	heat_pump_1__elec_cons	heat_pump_2__elec_cons	heat_pump_3__elec_cons	heat_pump_4__elec_cons
2025-01-01 00:00:00	0.0	0.0	0.0	0.0	0.0
2025-01-01 00:10:00	0.0	0.0	0.0	0.0	0.0
2025-01-01 00:20:00	0.0	0.0	0.0	0.0	0.0
2025-01-01 00:30:00	0.0	0.0	0.0	0.0	0.0
2025-01-01 00:40:00	0.0	0.0	0.0	0.0	0.0
2025-01-01 00:50:00	0.0	0.0	0.0	0.0	0.0
2025-01-01 01:00:00	0.0	0.0	0.0	0.0	0.0
2025-01-01 01:10:00	0.0	0.0	0.0	0.0	0.0
2025-01-01 01:20:00	0.0	0.0	0.0	0.0	0.0
2025-01-01 01:30:00	0.0	0.0	0.0	0.0	0.0
2025-01-01 01:40:00	0.0	0.0	0.0	0.0	0.0
2025-01-01 01:50:00	0.0	0.0	0.0	0.0	0.0
2025-01-01 02:00:00	0.0	0.0	0.0	0.0	0.0
2025-01-01 02:10:00	0.0	0.0	0.0	0.0	0.0
2025-01-01 02:20:00	0.0	0.0	0.0	0.0	0.0
2025-01-01 02:30:00	0.0	0.0	0.0	0.0	0.0
2025-01-01 02:40:00	0.0	0.0	0.0	0.0	0.0
2025-01-01 02:50:00	0.0	0.0	0.0	0.0	0.0
2025-01-01 03:00:00	0.0	0.0	0.0	0.0	0.0
2025-01-01 03:10:00	0.0	0.0	0.0	0.0	0.0
2025-01-01 03:20:00	0.0	0.0	0.0	0.0	0.0
2025-01-01 03:30:00	0.0	0.0	0.0	0.0	0.0
2025-01-01 03:40:00	0.0	0.0	0.0	0.0	0.0
2025-01-01 03:50:00	0.0	0.0	0.0	0.0	0.0
2025-01-01 04:00:00	0.0	0.0	0.0	0.0	0.0
2025-01-01 04:10:00	0.0	0.0	0.0	0.0	0.0
2025-01-01 04:20:00	0.0	0.0	0.0	0.0	0.0
2025-01-01 04:30:00	0.0	0.0	0.0	0.0	0.0
2025-01-01 04:40:00	0.0	0.0	0.0	0.0	0.0
2025-01-01 04:50:00	0.0	0.0	0.0	0.0	0.0
2025-01-01 05:00:00	0.0	0.0	0.0	0.0	0.0
2025-01-01 05:10:00	0.0	0.0	0.0	0.0	0.0
2025-01-01 05:20:00	0.0	0.0	0.0	0.0	0.0
2025-01-01 05:30:00	0.0	0.0	0.0	0.0	0.0
2025-01-01 05:40:00	0.0	0.0	0.0	0.0	0.0
2025-01-01 05:50:00	0.0	0.0	0.0	0.0	0.0
2025-01-01 06:00:00	0.0	0.0	0.0	0.0	0.0
2025-01-01 06:10:00	0.0	0.0	0.0	0.0	0.0
2025-01-01 06:20:00	0.0	0.0	0.0	0.0	0.0
2025-01-01 06:30:00	0.0	0.0	0.0	0.0	0.0
2025-01-01 06:40:00	0.0	0.0	0.0	0.0	0.0
2025-01-01 06:50:00	0.0	0.0	0.0	0.0	0.0
2025-01-01 07:00:00	0.0	0.0	0.0	0.0	0.0
2025-01-01 07:10:00	0.0	0.0	0.0	0.0	0.0
2025-01-01 07:20:00	0.0	0.0	0.0	0.0	0.0
2025-01-01 07:30:00	0.0	0.0	0.0	0.0	0.0
2025-01-01 07:40:00	0.0	0.0	0.0	0.0	0.0
2025-01-01 07:50:00	0.0	0.0	0.0	0.0	0.0
2025-01-01 08:00:00	0.0	0.0	0.0	0.0	0.0
2025-01-01 08:10:00	0.0	0.0	0.0	0.0	0.0
2025-01-01 08:20:00	0.0	0.0	0.0	0.0	0.0
2025-01-01 08:30:00	0.0	0.0	0.0	0.0	0.0
2025-01-01 08:40:00	0.0	0.0	0.0	0.0	0.0
2025-01-01 08:50:00	0.0	0.0	0.0	0.0	0.0
2025-01-01 09:00:00	0.0	0.0	0.0	0.0	0.0
2025-01-01 09:10:00	0.0	0.0	0.0	0.0	0.0
2025-01-01 09:20:00	0.0	0.0	0.0	0.0	0.0
2025-01-01 09:30:00	0.0	0.0	0.0	0.0	0.0
2025-01-01 09:40:00	0.0	0.0	0.0	0.0	0.0
2025-01-01 09:50:00	0.0	0.0	0.0	0.0	0.0
2025-01-01 10:00:00	0.0	0.0	0.0	0.0	0.0
2025-01-01 10:10:00	0.0	0.0	0.0	0.0	0.0
2025-01-01 10:20:00	0.0	0.0	0.0	0.0	0.0
2025-01-01 10:30:00	0.0	0.0	0.0	0.0	0.0
2025-01-01 10:40:00	0.0	0.0	0.0	0.0	0.0
2025-01-01 10:50:00	0.0	0.0	0.0	0.0	0.0
2025-01-01 11:00:00	0.0	0.0	0.0	0.0	0.0
2025-01-01 11:10:00	0.0	0.0	0.0	0.0	0.0
2025-01-01 11:20:00	0.0	0.0	0.0	0.0	0.0
2025-01-01 11:30:00	0.0	0.0	0.0	0.0	0.0
2025-01-01 11:40:00	0.0	0.0	0.0	0.0	0.0
2025-01-01 11:50:00	0.0	0.0	0.0	0.0	0.0
2025-01-01 12:00:00	0.0	0.0	0.0	0.0	0.0
2025-01-01 12:10:00	0.0	0.0	0.0	0.0	0.0
2025-01-01 12:20:00	0.0	0.0	0.0	0.0	0.0
2025-01-01 12:30:00	0.0	0.0	0.0	0.0	0.0
2025-01-01 12:40:00	0.0	0.0	0.0	0.0	0.0
2025-01-01 12:50:00	0.0	0.0	0.0	0.0	0.0
2025-01-01 13:00:00	0.0	0.0	0.0	0.0	0.0
2025-01-01 13:10:00	0.0	0.0	0.0	0.0	0.0
2025-01-01 13:20:00	0.0	0.0	0.0	0.0	0.0
2025-01-01 13:30:00	0.0	0.0	0.0	0.0	0.0
2025-01-01 13:40:00	0.0	0.0	0.0	0.0	0.0
2025-01-01 13:50:00	0.0	0.0	0.0	0.0	0.0
2025-01-01 14:00:00	0.0	0.0	0.0	0.0	0.0
2025-01-01 14:10:00	0.0	0.0	0.0	0.0	0.0
2025-01-01 14:20:00	0.0	0.0	0.0	0.0	0.0
2025-01-01 14:30:00	0.0	0.0	0.0	0.0	0.0
2025-01-01 14:40:00	0.0	0.0	0.0	0.0	0.0
2025-01-01 14:50:00	0.0	0.0	0.0	0.0	0.0
2025-01-01 15:00:00	0.0	0.0	0.0	0.0	0.0
2025-01-01 15:10:00	0.0	0.0	0.0	0.0	0.0
2025-01-01 15:20:00	0.0	0.0	0.0	0.0	0.0
2025-01-01 15:30:00	0.0	0.0	0.0	0.0	0.0
2025-01-01 15:40:00	0.0	0.0	0.0	0.0	0.0
2025-01-01 15:50:00	0.0	0.0	0.0	0.0	0.0
2025-01-01 16:00:00	0.0	0.0	0.0	0.0	0.0
2025-01-01 16:10:00	0.0	0.0	0.0	0.0	0.0
2025-01-01 16:20:00	0.0	0.0	0.0	0.0	0.0
2025-01-01 16:30:00	0.0	0.0	0.0	0.0	0.0
2025-01-01 16:40:00	0.0	0.0	0.0	0.0	0.0
2025-01-01 16:50:00	0.0	0.0	0.0	0.0	0.0
2025-01-01 17:00:00	0.0	0.0	0.0	0.0	0.0
2025-01-01 17:10:00	0.0	0.0	0.0	0.0	0.0
2025-01-01 17:20:00	0.0	0.0	0.0	0.0	0.0
2025-01-01 17:30:00	0.0	0.0	0.0	0.0	0.0
2025-01-01 17:40:00	0.0	0.0	0.0	0.0	0.0
2025-01-01 17:50:00	0.0	0.0	0.0	0.0	0.0
2025-01-01 18:00:00	0.0	0.0	0.0	0.0	0.0
2025-01-01 18:10:00	0.0	0.0	0.0	0.0	0.0
2025-01-01 18:20:00	0.0	0.0	0.0	0.0	0.0
2025-01-01 18:30:00	0.0	0.0	0.0	0.0	0.0
2025-01-01 18:40:00	0.0	0.0	0.0	0.0	0.0
2025-01-01 18:50:00	0.0	0.0	0.0	0.0	0.0
2025-01-01 19:00:00	0.0	0.0	0.0	0.0	0.0
2025-01-01 19:10:00	0.0	0.0	0.0	0.0	0.0
2025-01-01 19:20:00	0.0	0.0	0.0	0.0	0.0
2025-01-01 19:30:00	0.0	0.0	0.0	0.0	0.0
2025-01-01 19:40:00	0.0	0.0	0.0	0.0	0.0
2025-01-01 19:50:00	0.0	0.0	0.0	0.0	0.0
2025-01-01 20:00:00	0.0	0.0	0.0	0.0	0.0
2025-01-01 20:10:00	0.0	0.0	0.0	0.0	0.0
2025-01-01 20:20:00	0.0	0.0	0.0	0.0	0.0
2025-01-01 20:30:00	0.0	0.0	0.0	0.0	0.0
2025-01-01 20:40:00	0.0	0.0	0.0	0.0	0.0
2025-01-01 20:50:00	0.0	0.0	0.0	0.0	0.0
2025-01-01 21:00:00	0.0	0.0	0.0	0.0	0.0
2025-01-01 21:10:00	0.0	0.0	0.0	0.0	0.0
2025-01-01 21:20:00	0.0	0.0	0.0	0.0	0.0
2025-01-01 21:30:00	0.0	0.0	0.0	0.0	0.0
2025-01-01 21:40:00	0.0	0.0	0.0	0.0	0.0
2025-01-01 21:50:00	0.0	0.0	0.0	0.0	0.0
2025-01-01 22:00:00	0.0	0.0	0.0	0.0	0.0
2025-01-01 22:10:00	0.0	0.0	0.0	0.0	0.0
2025-01-01 22:20:00	0.0	0.0	0.0	0.0	0.0
2025-01-01 22:30:00	0.0	0.0	0.0	0.0	0.0
2025-01-01 22:40:00	0.0	0.0	0.0	0.0	0.0
2025-01-01 22:50:00	0.0	0.0	0.0	0.0	0.0
2025-01-01 23:00:00	0.0	0.0	0.0	0.0	0.0
2025-01-01 23:10:00	0.0	0.0	0.0	0.0	0.0
2025-01-01 23:20:00	0.0	0.0	0.0	0.0	0.0
2025-01-01 23:30:00	0.0	0.0	0.0	0.0	0.0
2025-01-01 23:40:00	0.0	0.0	0.0	0.0	0.0
2025-01-01 23:50:00	0.0	0.0	0.0	0.0	0.0
2025-01-02 00:00:00	0.0	0.0	0.0	0.0	0.0
2025-01-02 00:10:00	0.0	0.0	0.0	0.0	0.0
2025-01-02 00:20:00	0.0	0.0	0.0	0.0	0.0
2025-01-02 00:30:00	0.0	0.0	0.0	0.0	0.0
2025-01-02 00:40:00	0.0	0.0	0.0	0.0	0.0
2025-01-02 00:50:00	0.0	0.0	0.0	0.0	0.0
2025-01-02 01:00:00	0.0	0.0	0.0	0.0	0.0
2025-01-02 01:10:00	0.0	0.0	0.0	0.0	0.0
2025-01-02 01:20:00	0.0	0.0	0.0	0.0	0.0
2025-01-02 01:30:00	0.0	0.0	0.0	0.0	0.0
2025-01-02 01:40:00	0.0	0.0	0.0	0.0	0.0
2025-01-02 01:50:00	0.0	0.0	0.0	0.0	0.0
2025-01-02 02:00:00	0.0	0.0	0.0	0.0	0.0
2025-01-02 02:10:00	0.0	0.0	0.0	0.0	0.0
2025-01-02 02:20:00	0.0	0.06417538786214344	0.0	0.0	0.0
2025-01-02 02:30:00	0.0	1.0609201384708016	0.6067172217439858	0.0	0.0
2025-01-02 02:40:00	0.0	2.073164809049231	1.7440003573235636	0.0	0.0
2025-01-02 02:50:00	0.0	2.75288075101882	2.7372776152711844	0.0	0.0
2025-01-02 03:00:00	0.0	3.0744765216256615	3.079449718846271	0.0	0.6054578426541972
2025-01-02 03:10:00	0.0	3.1075184497996315	3.0377947481684666	0.0	1.11241430315656
2025-01-02 03:20:00	0.01781600997230148	3.497086155862947	3.308955069722748	0.0	1.4087604871782116
2025-01-02 03:30:00	0.7446727997772137	3.5001265549971814	3.700610089919009	0.0	1.8113746307229097
2025-01-02 03:40:00	1.2165536432155113	3.67242620012472	3.8901522277158325	0.0	2.1857812283864106
2025-01-02 03:50:00	1.4725222741035227	3.8640247543064037	3.6108238609790515	0.14278586424367898	2.3401081728934465
2025-01-02 04:00:00	1.910620905256006	3.837337880862483	3.7879127908049206	0.6964097583574356	2.263739821814785
2025-01-02 04:10:00	2.1424261404834275	3.7624812446035976	3.861845110894702	1.1762369567635327	2.3743723774010377
2025-01-02 04:20:00	2.0703124194246008	3.8096522262565777	4.265319647494179	1.5894572014714305	2.2458009187308416
2025-01-02 04:30:00	2.470884383513775	4.14774918093035	4.286488139096743	1.9170204219336981	2.777342952493492
2025-01-02 04:40:00	2.590002068444279	3.990531860058289	4.063544975605814	1.4333453185156366	2.7011247248952506
2025-01-02 04:50:00	2.1708095370006015	3.726457227917574	3.9168932086400616	1.7719088642433622	2.5600054179288665
2025-01-02 05:00:00	2.2622219750776527	3.7525784167667897	3.614953043725688	1.8553353003098565	2.288710015982746
2025-01-02 05:10:00	2.536149119376688	4.035263596028194	3.875673689973789	2.285608017428378	2.6327448211906
2025-01-02 05:20:00	2.178521396129312	3.781360658538985	4.005962008543719	2.368112319435421	2.777463775344173
2025-01-02 05:30:00	2.2497395890314276	6.138345959324052	3.9891132613256843	3.416508779361971	2.467426955112937
2025-01-02 05:40:00	2.699907360808679	12.338345959324052	6.275097934220042	7.716508779361971	2.5989167618821707
2025-01-02 05:50:00	7.379907360808679	12.4	12.915097934220043	8.6	7.539803857238649
2025-01-02 06:00:00	9.36	12.4	13.280000000000001	8.6	10.08
2025-01-02 06:10:00	8.610952545003519	12.4	13.280000000000001	8.6	9.431175795301403
2025-01-02 06:20:00	7.926871204228402	12.4	13.280000000000001	8.6	8.79734315593058
2025-01-02 06:30:00	6.817707306037457	12.4	13.280000000000001	8.6	8.995503607380174
2025-01-02 06:40:00	3.2733302486473352	12.4	13.280000000000001	8.6	6.863871175335868
2025-01-02 06:50:00	6.161673862808046	12.4	13.280000000000001	8.6	10.08
2025-01-02 07:00:00	6.31346227628465	12.4	11.642755927501009	6.620661243911815	8.394481173908007
2025-01-02 07:10:00	4.7886403083167535	8.474280255659313	8.983262699347458	5.001053942675232	8.125581599979375
2025-01-02 07:20:00	5.618044420449861	9.699747211297726	8.816269831224199	7.6737057697336795	4.88772382535962
2025-01-02 07:30:00	4.549176316676979	9.423630193168576	8.389349899966751	7.821248108254837	4.264688491629143
2025-01-02 07:40:00	3.4793014213770768	6.023302491347444	7.416968841527812	6.697525024206212	5.337990038252289
2025-01-02 07:50:00	6.042744246230013	5.459781496304006	9.152308603913601	6.041375307479395	6.399662985128883
2025-01-02 08:00:00	3.7316071451781427	1.7570234275083423	3.1077412252558343	4.999158701065601	1.3596629851288826
2025-01-02 08:10:00	4.068269579236655	0.0	0.4127043379020875	1.2378924511312683	0.0
2025-01-02 08:20:00	3.2270365628611604	0.0	0.0	2.152484666031656	0.0
2025-01-02 08:30:00	1.1292681348403075	0.0	0.0	2.669552496546551	0.0
2025-01-02 08:40:00	0.0	0.0	0.0	3.2887918068660222	0.0
2025-01-02 08:50:00	2.524177142417211	0.0	0.6762001545121592	2.3160229254619233	0.14725633201024466
2025-01-02 09:00:00	1.255340698775734	0.0	2.7380901114027583	0.0	2.174184989400661
2025-01-02 09:10:00	1.2100206002966052	2.301884219435449	2.608970183674737	0.0	1.1711794934976054
2025-01-02 09:20:00	2.340078609782071	1.5510121147847973	3.4902816348525327	0.0	0.8112366601713452
2025-01-02 09:30:00	1.812930900439035	1.592156673323963	2.040813340416487	0.0	1.3546333139522782
2025-01-02 09:40:00	0.0	1.1241715652838324	2.406466681668229	0.0	1.1948902045713623
2025-01-02 09:50:00	1.2678001375689345	3.8653050504540705	3.2647284280897226	0.0	1.717830219138512
2025-01-02 10:00:00	0.6077624939185097	2.6167663121276785	2.051788226106747	0.0	0.22762259081540545
2025-01-02 10:10:00	1.2135930390016298	1.7918095038395305	2.7069143576381105	0.0	0.6315021322700166
2025-01-02 10:20:00	0.0	0.5252258847972401	2.922354137597799	0.0	1.53324497361489
2025-01-02 10:30:00	0.0	1.52654133518384	1.0482065196820793	0.0	0.45874070163668873
2025-01-02 10:40:00	0.0	2.6343289057792916	0.0	0.0	0.0
2025-01-02 10:50:00	0.0	1.7271228275178456	0.0	0.0	0.0
2025-01-02 11:00:00	0.0	0.0	0.0	0.0	0.0
2025-01-02 11:10:00	0.0	0.0	0.0	0.0	0.0
2025-01-02 11:20:00	0.0	0.0	0.0	0.0	0.0
2025-01-02 11:30:00	0.0	0.0	0.0	0.0	0.0
2025-01-02 11:40:00	0.0	0.0	0.0	0.0	0.0
2025-01-02 11:50:00	0.0	0.0	0.0	0.0	0.0
2025-01-02 12:00:00	0.0	0.0	0.0	0.0	0.0
2025-01-02 12:10:00	0.0	0.0	0.0	0.0	0.0
2025-01-02 12:20:00	0.0	0.0	0.0	0.0	0.0
2025-01-02 12:30:00	0.0	0.0	0.0	0.0	0.0
2025-01-02 12:40:00	0.0	0.0	0.0	0.0	0.0
2025-01-02 12:50:00	0.0	0.0	0.0	0.0	0.0
2025-01-02 13:00:00	0.0	0.0	0.0	0.0	0.0
2025-01-02 13:10:00	0.0	0.0	0.0	0.0	0.0
2025-01-02 13:20:00	0.0	0.0	0.0	0.0	0.0
2025-01-02 13:30:00	0.0	0.0	0.0	0.0	0.0
2025-01-02 13:40:00	0.0	0.0	0.0	0.0	0.0
2025-01-02 13:50:00	0.0	0.0	0.0	0.0	0.0
2025-01-02 14:00:00	0.0	0.0	0.0	0.0	0.0
2025-01-02 14:10:00	0.0	0.0	0.0	0.0	0.0
2025-01-02 14:20:00	0.0	0.0	0.0	0.0	0.0
2025-01-02 14:30:00	0.0	0.0	0.0	0.0	0.0
2025-01-02 14:40:00	0.0	0.0	0.0	0.0	0.0
2025-01-02 14:50:00	0.0	0.0	0.0	0.0	0.0
2025-01-02 15:00:00	0.0	0.0	0.0	0.0	0.0
2025-01-02 15:10:00	0.0	0.0	0.0	0.0	0.0
2025-01-02 15:20:00	0.0	0.0	0.0	0.0	0.0
2025-01-02 15:30:00	0.0	0.0	0.0	0.0	0.0
2025-01-02 15:40:00	0.0	0.0	0.0	0.0	0.0
2025-01-02 15:50:00	0.0	0.0	0.0	0.0	0.0
2025-01-02 16:00:00	0.0	0.0	0.0	0.0	0.0
2025-01-02 16:10:00	0.0	0.0	0.0	0.0	0.0
2025-01-02 16:20:00	0.0	0.0	0.0	0.0	0.0
2025-01-02 16:30:00	0.0	0.0	0.0	0.0	0.0
2025-01-02 16:40:00	0.0	0.0	0.0	0.0	0.0
2025-01-02 16:50:00	0.0	0.0	0.0	0.0	0.0
2025-01-02 17:00:00	0.0	0.0	0.0	0.0	0.0
2025-01-02 17:10:00	0.0	0.0	0.0	0.0	0.0
2025-01-02 17:20:00	0.0	0.0	0.0	0.0	0.0
2025-01-02 17:30:00	0.0	0.0	0.0	0.0	0.0
2025-01-02 17:40:00	0.0	0.0	0.0	0.0	0.0
2025-01-02 17:50:00	0.0	1.0667596002401933	0.0	0.0	0.0
2025-01-02 18:00:00	0.0	5.138185836524732	0.0	0.0	0.0
2025-01-02 18:10:00	0.0	1.5307275654410024	0.0	0.0	0.0
2025-01-02 18:20:00	0.0	0.0	0.0	0.0	0.0
2025-01-02 18:30:00	0.0	0.0	0.0	0.0	0.0
2025-01-02 18:40:00	0.0	0.0	0.0	0.0	0.0
2025-01-02 18:50:00	0.0	0.0	0.0	0.0	0.0
2025-01-02 19:00:00	0.0	0.0	0.0	0.0	0.0
2025-01-02 19:10:00	0.0	0.0	0.0	0.0	0.0
2025-01-02 19:20:00	0.0	2.705722182774858	0.0	0.0	0.0
2025-01-02 19:30:00	0.0	2.207562760222239	0.0	0.0	0.0
2025-01-02 19:40:00	0.0	1.0026070725183547	1.4016528219173057	0.0	0.0
2025-01-02 19:50:00	0.0	1.3285110209012174	0.5541559908529889	0.0	0.0
2025-01-02 20:00:00	0.0	1.392883710934457	1.4308066714719025	0.0	0.0
2025-01-02 20:10:00	0.0	1.804221722920638	0.46801909753410176	0.0	1.744237501791965
2025-01-02 20:20:00	0.0	1.715812245215521	0.7476958183619327	0.0	1.3620570286635072
2025-01-02 20:30:00	0.0	2.693915686708132	3.1597111004494374	0.0	0.7905927159060382
2025-01-02 20:40:00	0.0	3.6731576897893214	2.464118393304611	0.0	0.5872778943078912
2025-01-02 20:50:00	0.0	3.119367936824221	1.825432420420812	0.0	0.4421680292470228
2025-01-02 21:00:00	0.0	3.3204065843080515	1.3329195378294105	0.0	0.18141868682876885
2025-01-02 21:10:00	0.0	2.6149291507682655	0.0	0.0	0.2178643474066048
2025-01-02 21:20:00	0.0	2.135627469917022	1.6357144066348397	0.0	0.3776487189290354
2025-01-02 21:30:00	0.0	1.2422943959066124	0.3487188872265464	0.0	1.9039834668114068
2025-01-02 21:40:00	0.0	1.2153080532127882	0.02092079766863057	0.0	1.4677772251687582
2025-01-02 21:50:00	0.0	0.0	0.0	0.0	0.0
2025-01-02 22:00:00	0.0	0.0	0.0	0.0	0.0
2025-01-02 22:10:00	0.0	0.0	0.0	0.0	0.0
2025-01-02 22:20:00	0.0	0.0	0.0	0.0	0.0
2025-01-02 22:30:00	0.0	0.0	0.0	0.0	0.0
2025-01-02 22:40:00	0.0	0.0	0.0	0.0	0.0
2025-01-02 22:50:00	0.0	0.0	0.0	0.0	0.0
2025-01-02 23:00:00	0.0	0.0	0.0	0.0	0.0
2025-01-02 23:10:00	0.0	0.0	0.0	0.0	0.0
2025-01-02 23:20:00	0.0	0.0	0.0	0.0	0.0
2025-01-02 23:30:00	0.0	0.0	0.0	0.0	0.0
2025-01-02 23:40:00	0.0	0.0	0.0	0.0	0.0
2025-01-02 23:50:00	0.0	0.0	0.0	0.0	0.0
2025-01-03 00:00:00	0.0	0.0	0.0	0.0	0.0
2025-01-03 00:10:00	0.0	0.0	0.0	0.0	0.0
2025-01-03 00:20:00	0.0	0.0	0.0	0.0	0.0
2025-01-03 00:30:00	0.0	0.0	0.0	0.0	0.0
2025-01-03 00:40:00	0.0	0.0	0.0	0.0	0.0
2025-01-03 00:50:00	0.0	0.0	0.0	0.0	0.0
2025-01-03 01:00:00	0.0	0.0	0.0	0.0	0.0
2025-01-03 01:10:00	0.0	0.0	0.0	0.0	0.0
2025-01-03 01:20:00	0.0	0.0	0.0	0.0	0.0
2025-01-03 01:30:00	0.0	0.0	0.0	0.0	0.0
2025-01-03 01:40:00	0.0	0.0	0.0	0.0	0.0
2025-01-03 01:50:00	0.0	0.0	0.0	0.0	0.0
2025-01-03 02:00:00	0.0	0.0	0.0	0.0	0.0
2025-01-03 02:10:00	0.0	0.0	0.0	0.0	0.0
2025-01-03 02:20:00	0.0	0.0	0.0	0.0	0.0
2025-01-03 02:30:00	0.0	0.0	0.0	0.0	0.0
2025-01-03 02:40:00	0.0	0.0	0.0	0.0	0.0
2025-01-03 02:50:00	0.0	0.0	0.0	0.0	0.0
2025-01-03 03:00:00	0.0	0.0	0.0	0.0	0.0
2025-01-03 03:10:00	0.0	0.0	0.0	0.0	0.0
2025-01-03 03:20:00	0.0	0.0	0.0	0.0	0.0
2025-01-03 03:30:00	0.0	0.0	0.0	0.0	0.0
2025-01-03 03:40:00	0.0	0.0	0.0	0.0	0.0
2025-01-03 03:50:00	0.0	0.0	0.0	0.0	0.0
2025-01-03 04:00:00	0.0	0.0	0.0	0.0	0.0
2025-01-03 04:10:00	0.0	0.5136113127464321	0.0	0.0	0.0
2025-01-03 04:20:00	0.0	0.9903502582770735	0.7755088008333341	0.0	0.0
2025-01-03 04:30:00	0.0	1.6223298712676941	1.3513661763785052	0.0	0.0
2025-01-03 04:40:00	0.0	1.7622583357120227	1.6750140227475272	0.0	0.0
2025-01-03 04:50:00	0.0	0.9134222824754977	1.6840915148024007	0.0	0.0
2025-01-03 05:00:00	0.0	1.0445546199419504	1.9080613069201213	0.0	0.0
2025-01-03 05:10:00	0.0	2.2761778076922865	2.2578229965566523	0.0	0.0
2025-01-03 05:20:00	0.0	5.510598674633385	1.9750212282158675	0.0	0.4515423656467767
2025-01-03 05:30:00	0.0	11.710598674633385	1.8592992782361066	0.0	0.14706063041235576
2025-01-03 05:40:00	0.0	10.87119746554354	2.050985677551525	0.6136425907702894	0.7641204440385758
2025-01-03 05:50:00	3.513355032668838	8.311190545483962	5.003344655180268	4.91364259077029	4.415650391614699
2025-01-03 06:00:00	8.193355032668839	12.4	11.643344655180268	8.6	9.4556503916147
2025-01-03 06:10:00	9.36	8.337127945672755	10.926279832910186	8.6	7.660705969790458
2025-01-03 06:20:00	9.36	5.34552536868298	7.9177168539716725	8.6	6.819788036847304
2025-01-03 06:30:00	9.36	5.536280066733588	9.854995144684395	5.869888355150167	6.476802140341694
2025-01-03 06:40:00	9.36	9.762416196306383	9.694184703200932	5.718070587587637	10.08
2025-01-03 06:50:00	9.36	10.48863498876874	10.352569112055518	6.109997787466903	10.08
2025-01-03 07:00:00	7.67879879993473	8.361556649285511	11.35109716316182	3.121374443442924	9.68285919455971
2025-01-03 07:10:00	5.827270675341378	6.338934046245731	9.711373649487008	5.611440424999768	5.123890403553281
2025-01-03 07:20:00	6.204967135598039	6.040610543195171	6.414746463291209	1.9977945448166272	4.937946405558435
2025-01-03 07:30:00	4.949628722203009	7.610716541952721	7.317780832200647	1.0429551706639104	5.712394630377033
2025-01-03 07:40:00	4.121528033046564	6.631779171286471	6.7402679225846	1.6872809190977642	3.0646477707270905
2025-01-03 07:50:00	1.9901539893250686	5.307403191713606	4.058037974749734	3.0368812154634206	3.774918348227027
2025-01-03 08:00:00	1.037323390062369	2.3067285462445697	3.4037409587834953	0.0	1.8298701807879494
2025-01-03 08:10:00	0.0	1.149757675604265	0.0	2.0953108963498623	0.0
2025-01-03 08:20:00	0.0	0.45081330260703834	0.0	0.0	0.0
2025-01-03 08:30:00	0.0	0.0	0.0	0.0	0.0
2025-01-03 08:40:00	0.0	0.0	0.0	0.0	0.09564012672841019
2025-01-03 08:50:00	0.0	0.0	0.934412415945904	0.0	1.905503725928317
2025-01-03 09:00:00	0.0	0.7632755982764867	2.39184811992138	0.0	2.0577618483417477
2025-01-03 09:10:00	0.0	0.3011967115136108	0.0	0.0	4.110365996446382
2025-01-03 09:20:00	0.0	1.793634459422874	0.0	0.0	3.311587460095769
2025-01-03 09:30:00	1.6517312762361573	1.3009590354421345	0.8444369054765697	0.0	2.0394117058599277
2025-01-03 09:40:00	0.0	1.1427067812667244	1.3417341875461175	0.0	0.3070551613555275
2025-01-03 09:50:00	0.31166022701796553	0.5619982412214026	2.6889157028793025	0.18373364681048335	0.7557121291549153
2025-01-03 10:00:00	0.0	0.08251939976118036	2.807677276272635	0.44850514853106216	0.2605695054138654
2025-01-03 10:10:00	0.0	0.8642533244679215	4.654614416099014	0.9908239013660314	0.0
2025-01-03 10:20:00	0.0	0.0	2.4487509781992105	0.8133225551397552	0.2931706588871872
2025-01-03 10:30:00	0.0	0.0	0.586046700200693	2.91686310104438	0.0
2025-01-03 10:40:00	0.0	2.8991648743551943	1.527003322477178	2.3946938839793517	0.34274510329925617
2025-01-03 10:50:00	0.0	2.7620084524650848	3.5269858350344636	3.104088903123758	0.585789853515499
2025-01-03 11:00:00	0.0	1.2725705637595377	4.325075215124201	1.5016006109645184	0.0
2025-01-03 11:10:00	0.0	0.0	4.187752633210951	1.36711762852614	0.0
2025-01-03 11:20:00	0.0	0.0	0.0	2.5549461155906155	0.09706260210434448
2025-01-03 11:30:00	0.0	0.0	0.0	0.0	0.0
2025-01-03 11:40:00	0.0	0.0	0.0	0.0	0.0
2025-01-03 11:50:00	0.0	0.0	0.0	0.0	0.0
2025-01-03 12:00:00	0.0	0.0	0.0	0.0	0.0
2025-01-03 12:10:00	0.0	0.289409751994873	0.0	0.0	0.0
2025-01-03 12:20:00	0.0	1.4603649958472804	1.5524655679679382	0.0	0.0
2025-01-03 12:30:00	0.0	1.65794874383599	0.23406405774364203	0.0	0.0
2025-01-03 12:40:00	0.0	0.0	1.9471019278952184	0.0	0.0
2025-01-03 12:50:00	0.0	0.0	4.963776740590071	0.0	3.4909897276419475
2025-01-03 13:00:00	0.0	0.0	2.9638907443474825	2.1511447299233657	1.8604037027186893
2025-01-03 13:10:00	0.0	0.0	3.8683569952765198	1.358098297390157	1.7277278488138295
2025-01-03 13:20:00	0.0	0.0	5.44744698614137	2.3289569260133822	2.2466336329228755
2025-01-03 13:30:00	0.0	0.5609204876854536	2.531847043473389	0.40232365332214726	0.9893226259933832
2025-01-03 13:40:00	0.0	0.8539780483559257	2.13695815810095	0.0	0.0
2025-01-03 13:50:00	0.0	2.093068920014035	0.0	0.0	0.0
2025-01-03 14:00:00	0.0	3.5125560360251473	0.0	0.0	0.0
2025-01-03 14:10:00	0.0	7.078336386486393	0.0	0.0	1.946097559372348
2025-01-03 14:20:00	0.0	7.854117009262463	0.0	0.0	2.8342240242276873
2025-01-03 14:30:00	0.0	3.6497750079905686	0.0	0.0	2.3281645385017207
2025-01-03 14:40:00	0.0	3.5601126033404977	0.0	0.0	0.0
2025-01-03 14:50:00	0.0	2.8475916352404282	0.11120893843281086	0.0	0.4705656081743575
2025-01-03 15:00:00	0.0	6.0679923878588236	2.7851346838516533	0.0	0.0
2025-01-03 15:10:00	0.0	4.680109597767825	2.08160815900501	2.014193134695231	0.0
2025-01-03 15:20:00	0.08374458812053147	5.5484716869398945	2.847315520037801	6.314193134695231	0.0
2025-01-03 15:30:00	1.7040354340682005	6.741433954728366	2.470196052037897	3.5578662127018506	0.3332953417574791
2025-01-03 15:40:00	2.186544841826936	4.178560890693937	2.5202191950279196	0.0	0.0
2025-01-03 15:50:00	4.8320949505971695	6.357199057190211	3.7772244360941962	1.7548273924366484	1.8555530998341472
2025-01-03 16:00:00	3.694658488638623	2.74068167041273	6.478539438194389	3.6808236937981245	2.375885807192014
2025-01-03 16:10:00	3.5444892556692076	3.7949615394882823	4.9551162371340745	1.6919196306096471	2.5588139983357117
2025-01-03 16:20:00	2.0757794891849457	6.282709952946614	6.417327935425682	1.3078401381759897	7.598813998335712
2025-01-03 16:30:00	2.2034871922721226	6.479958005084839	5.501884472261182	5.60784013817599	6.556703925688012
2025-01-03 16:40:00	0.9795019224353265	5.152671248805232	5.484236099763486	2.754631572255948	3.325376728776172
2025-01-03 16:50:00	2.042389414873903	5.193827326454174	5.154295583885374	3.835204702288357	3.2785779818583336
2025-01-03 17:00:00	4.2488495254030445	0.0	7.96677404974832	4.949133044131315	3.3540455381328407
2025-01-03 17:10:00	2.0029458959347846	0.5662721617659414	9.348138149657958	6.2373401083954345	3.450581892805035
2025-01-03 17:20:00	3.2112271746577346	3.3062929932176695	7.056688751463412	3.7608968131071707	6.605818155766622
2025-01-03 17:30:00	3.4554602419423364	3.988571540035778	3.8428532773511552	2.3193459251038586	4.4344880321674776
2025-01-03 17:40:00	3.0751946907016388	4.839874591735754	7.044443002766563	3.206824135367275	3.579752686717987
2025-01-03 17:50:00	4.09991615197309	5.458201118825989	4.067624214866932	2.4177739848148145	2.1323086124832793
2025-01-03 18:00:00	3.171253420204184	5.252910930899915	4.6885073456464665	2.3281961970728933	2.7888534273523513
2025-01-03 18:10:00	1.4076649283614024	3.68409231859893	4.4323683664381965	2.0297867889751484	3.1730566925339847
2025-01-03 18:20:00	0.26927866977621295	1.8995434878698736	1.4011937844042759	2.3166014229726826	4.553065147696902
2025-01-03 18:30:00	0.0	3.4056735303830052	0.7130450009444533	3.0419484644589567	3.626374565196197
2025-01-03 18:40:00	0.0	2.6085140587147966	1.659456795600044	0.5935986789512033	3.028637105488934
2025-01-03 18:50:00	0.006552106408396357	2.435401972141056	1.922724893367902	1.5467629508226144	2.824518421632959
2025-01-03 19:00:00	2.9980059092311984	3.292000144127745	5.792946777700632	0.3769696323625933	1.4071265631109375
2025-01-03 19:10:00	1.9458569064305995	3.5907135241477963	4.494049340214064	0.4329147844630556	1.5764997342536597
2025-01-03 19:20:00	2.0388763237062433	6.199719979665911	4.416520239797237	1.323330504540293	2.386386858156017
2025-01-03 19:30:00	2.386736389172147	5.578789774168612	1.48306193281311	0.99640356597371	0.6150758069932287
2025-01-03 19:40:00	2.446252885134134	5.51005678533529	1.3564036194776514	0.0	0.013241689014117583
2025-01-03 19:50:00	3.113550439423847	3.3439069770383876	1.4774562166336862	0.350302601435742	2.461985652305077
2025-01-03 20:00:00	2.4997048575273304	3.1006919152999206	4.29599348099495	1.6253969944481774	1.2862350704865095
2025-01-03 20:10:00	3.4008232877383118	3.23798917510737	2.6192373879715305	1.7703947084060478	1.5458418277295474
2025-01-03 20:20:00	2.6324496929435046	3.235952442166649	2.3218938821656696	2.7036424465555657	2.014647312055876
2025-01-03 20:30:00	1.0131780605793326	3.9438632584982702	2.848070225769263	1.7005424310012307	0.43975156253943937
2025-01-03 20:40:00	1.4622518214562594	5.299627295204187	2.753104619780493	1.6410374158497878	2.0712146125041087
2025-01-03 20:50:00	2.297062495599883	4.535408239877859	3.043142844209532	0.8770331888053953	1.2039929237417055
2025-01-03 21:00:00	1.0257000717425384	3.9376409498322182	4.160412652365866	3.270704287228543	1.0056193225060903
2025-01-03 21:10:00	1.78128461032169	3.38343572440186	3.4391897967716014	2.369705523699977	1.664563150705747
2025-01-03 21:20:00	0.0	2.9089677545793964	2.2046916312050135	0.6541672754762266	1.150103120538417
2025-01-03 21:30:00	0.0	3.173417531014275	0.8224600589640221	0.9405012122989451	1.382116878542871
2025-01-03 21:40:00	0.0	1.897087235150567	2.030737587789909	1.587819659514093	2.3642671688172165
2025-01-03 21:50:00	0.0	0.0	2.091996451310034	0.09529865019446589	0.0
2025-01-03 22:00:00	0.0	0.0	0.0	0.1367079396430694	0.5067453057171689
2025-01-03 22:10:00	0.0	0.0	0.0	2.339563345747209	1.0471156760324243
2025-01-03 22:20:00	0.0	0.0	0.7080668122923527	1.1844966856091386	0.9273238797385857
2025-01-03 22:30:00	0.0	0.814553188835674	0.964431184869342	0.0	2.6428754216786556
2025-01-03 22:40:00	0.0	0.5706286199689377	0.0	0.0	0.2688294884660405
2025-01-03 22:50:00	0.0	0.0	0.0	0.0	0.0
2025-01-03 23:00:00	0.0	0.0	0.0	0.0	0.0
2025-01-03 23:10:00	0.0	0.0	0.0	0.0	0.0
2025-01-03 23:20:00	0.0	0.0	0.0	0.0	0.0
2025-01-03 23:30:00	0.0	0.0	0.0	0.0	0.0
2025-01-03 23:40:00	0.0	0.0	0.0	0.0	0.0
2025-01-03 23:50:00	0.0	0.0	0.0	0.0	0.0
2025-01-04 00:00:00	0.0	0.0	0.0	0.0	0.0
2025-01-04 00:10:00	0.0	0.0	0.0	0.0	0.0
2025-01-04 00:20:00	0.0	0.0	0.0	0.0	0.0
2025-01-04 00:30:00	0.0	0.0	0.0	0.0	0.0
2025-01-04 00:40:00	0.0	0.0	0.0	0.0	0.0
2025-01-04 00:50:00	0.0	0.0	0.0	0.0	0.0
2025-01-04 01:00:00	0.0	0.0	0.0	0.0	0.0
2025-01-04 01:10:00	0.0	0.0	0.0	0.0	0.0
2025-01-04 01:20:00	0.0	0.0	0.0	0.0	0.0
2025-01-04 01:30:00	0.0	0.0	0.0	0.0	0.0
2025-01-04 01:40:00	0.0	0.0	0.0	0.0	0.0
2025-01-04 01:50:00	0.0	0.0	0.0	0.0	0.0
2025-01-04 02:00:00	0.0	0.0	0.0	0.0	0.0
2025-01-04 02:10:00	0.0	0.0	0.0	0.0	0.0
2025-01-04 02:20:00	0.0	0.0	0.0	0.0	0.0
2025-01-04 02:30:00	0.0	0.0	0.1817859365318108	0.0	0.0
2025-01-04 02:40:00	0.0	0.888939713509916	1.0868951233819655	0.0	0.0
2025-01-04 02:50:00	0.0	1.5935514634274983	2.0743304224652976	0.0	0.0
2025-01-04 03:00:00	0.0	2.4638277110801674	2.8097257526810595	0.0	0.0
2025-01-04 03:10:00	0.0	2.3632280140502506	2.744938146798385	0.0	0.47648632310323447
2025-01-04 03:20:00	0.0	2.3169153788890746	2.655864858696516	0.0	0.9497770912210944
2025-01-04 03:30:00	0.0	2.5146228534660757	2.845731508944784	0.0	1.315607619928007
2025-01-04 03:40:00	0.42012475693592966	2.9248813309769464	3.103326675034945	0.0	1.6780731908807245
2025-01-04 03:50:00	0.8902394926921343	3.128937923705153	2.9702454104414477	0.0	2.0306953823020346
2025-01-04 04:00:00	0.9888453357855852	2.5735752091773936	3.131165293660016	0.0	1.7848283458895056
2025-01-04 04:10:00	1.2485761949654366	2.5628126162859903	3.241167539994777	0.0	1.6238796872286354
2025-01-04 04:20:00	1.2268614893906131	3.1211549613069485	2.4924639479145703	0.0	1.742220689377452
2025-01-04 04:30:00	1.5241485363281815	3.0361922540459503	3.4818401893961473	0.0	2.321854970020661
2025-01-04 04:40:00	1.8199512592751859	2.658609674026181	3.1269370318526155	0.032966395930211	2.1385933409508087
2025-01-04 04:50:00	1.576852120734673	2.7490459021823654	2.9592924105559284	0.29973181290157447	1.8871953061977598
2025-01-04 05:00:00	1.9248327296530783	3.315222487473741	3.0994561586225853	0.9026182677646073	2.230363071313675
2025-01-04 05:10:00	2.1868078690873975	2.7218442002836065	3.6475246189493897	1.936110962581851	2.3989250096566948
2025-01-04 05:20:00	2.2138648807422636	3.575410769392629	3.7065238729210694	1.7999031544444077	2.469436499493699
2025-01-04 05:30:00	2.0651952326210856	3.4788652994229547	3.5045124018189058	1.4642806820259422	2.160679773002813
2025-01-04 05:40:00	1.769032379484148	2.7869890478477224	3.4250531232037016	1.5170043994222668	2.88730324016314
2025-01-04 05:50:00	1.8502776590237344	3.5727675671550174	4.263889613276098	4.017898582298017	7.92730324016314
2025-01-04 06:00:00	2.3486443465987548	7.850923143400458	10.9038896132761	8.317898582298017	10.08
2025-01-04 06:10:00	2.168774120866513	7.246563892503156	8.809245815820589	5.313145353968864	7.017379141293017
2025-01-04 06:20:00	2.764317812173717	7.453168415664286	7.632698079367254	4.328007876007404	5.454456078230391
2025-01-04 06:30:00	2.752137930092197	5.289774606432584	4.153998669240834	4.697084899867224	5.676535825861121
2025-01-04 06:40:00	3.9493470627700393	4.879705435584505	5.323875879114973	5.82032319592917	4.875686332329865
2025-01-04 06:50:00	5.5146742202305115	8.472429597488377	8.031164497349708	3.630440377798	5.778147062709747
2025-01-04 07:00:00	3.4576776658342823	10.76747088393656	7.4493665424777795	5.61433623473899	8.681889945451973
2025-01-04 07:10:00	4.496656246358049	9.286872163247004	8.584144349172963	7.486846021320656	6.278134025036061
2025-01-04 07:20:00	3.65924280430159	8.424094864480079	7.276017251175375	7.114038367884188	6.241782669262916
2025-01-04 07:30:00	6.916734265953257	9.985573785729681	10.244404401188778	5.903218433438864	6.050668282075691
2025-01-04 07:40:00	5.269672625295002	6.94940851534453	7.358106105028802	2.6764480780525184	2.5770494732137674
2025-01-04 07:50:00	5.642260460240101	11.235885818841925	8.959153451895	4.416103749766467	4.768236053043059
2025-01-04 08:00:00	9.36	9.099256311738117	10.907810601500746	8.6	7.42579649931094
2025-01-04 08:10:00	5.956015968013258	7.185706902266741	10.481562487123895	7.551263298233296	8.54336413617869
2025-01-04 08:20:00	7.4026942224370815	6.422223684045434	8.589033526391527	8.228324434564412	6.643946770650797
2025-01-04 08:30:00	6.711529092383161	6.4116799755361775	6.624949970879074	5.629487576683	6.979906000229071
2025-01-04 08:40:00	6.170168403141216	7.5626557162664385	5.5618372077889076	3.76578456799638	3.6720100265609603
2025-01-04 08:50:00	6.4317221311276676	7.097250073737588	9.229156777980403	8.06578456799638	2.483954652871994
2025-01-04 09:00:00	8.99353817827188	9.082184210720467	8.066067931009044	8.6	3.2438926031734847
2025-01-04 09:10:00	4.313538178271879	4.351807510176709	4.013935559573228	6.165947026057283	0.0
2025-01-04 09:20:00	2.374311578166454	0.0	2.89262105813314	4.583440356844717	0.5471039572145703
2025-01-04 09:30:00	2.782321429443387	0.0	0.08493775028885452	0.7312859699522888	0.43556389039601345
2025-01-04 09:40:00	1.5269762633121187	0.0	2.400109709511447	2.023543308924272	0.3802570199703347
2025-01-04 09:50:00	0.0	0.0	1.8191934044727238	0.6832970097061568	0.0
2025-01-04 10:00:00	0.0	0.0	0.0	0.9584136963607991	0.0
2025-01-04 10:10:00	0.0	0.0	0.0	0.7559377129529232	0.0
2025-01-04 10:20:00	0.0	0.0	1.0743757636382776	1.7669375618228487	0.0
2025-01-04 10:30:00	0.0	0.0	1.0046384204276382	1.7465915836693773	0.0
2025-01-04 10:40:00	0.0	0.0	1.2926197532122232	1.2382629808754282	0.0
2025-01-04 10:50:00	0.0	0.0	0.0	0.0	0.0
2025-01-04 11:00:00	0.0	0.0	1.643241786965782	0.0	0.0
2025-01-04 11:10:00	0.0	0.5570618360210856	0.0	0.0	0.0
2025-01-04 11:20:00	0.0	0.8107661873346292	0.0	0.0	0.0
2025-01-04 11:30:00	0.0	1.6950454858856596	0.2079235342587348	0.0	0.0
2025-01-04 11:40:00	0.0	0.0	3.226855784025608	0.0	0.0
2025-01-04 11:50:00	0.0	1.4237850074259135	4.903204349566223	0.0	0.0
2025-01-04 12:00:00	0.0	0.48379698020267137	1.2293822893355906	0.0	0.0
2025-01-04 12:10:00	0.0	0.024574597086563718	1.7839841418007438	0.0	0.0
2025-01-04 12:20:00	0.0	0.43902573929489014	1.0323234276298026	0.0	0.0
2025-01-04 12:30:00	0.0	1.2173212767035524	0.4692184276517879	0.0	0.0
2025-01-04 12:40:00	0.0	0.0	3.1037376970978343	0.0	0.0
2025-01-04 12:50:00	0.0	0.0	2.2064080527288144	0.0	0.0
2025-01-04 13:00:00	0.0	1.0716193530786666	2.1716220756606712	0.0	0.0
2025-01-04 13:10:00	0.0	0.0	0.0	0.0	0.0
2025-01-04 13:20:00	0.0	1.2276643620756902	0.0	0.0	0.0
2025-01-04 13:30:00	0.0	2.55529969490667	0.4995567218025458	0.0	0.0
2025-01-04 13:40:00	0.0	5.07750184965543	0.0	0.0	0.0
2025-01-04 13:50:00	0.0	2.4642993906279442	0.0	0.0	0.0
2025-01-04 14:00:00	0.0	1.5481540464902799	0.0	0.0	0.0
2025-01-04 14:10:00	0.0	5.251856347019732	1.2581825603554677	0.0	0.0
2025-01-04 14:20:00	0.0	4.35492236424359	2.2395158594125815	0.0	0.0
2025-01-04 14:30:00	0.0	6.392321634163414	1.1719581442714782	0.0	0.0
2025-01-04 14:40:00	0.0	0.6231917386709801	2.7582452059850917	0.0	0.0
2025-01-04 14:50:00	0.0	1.3043855948577705	0.9651877609303731	0.0	0.0
2025-01-04 15:00:00	0.0	2.324521126395723	0.0	0.0	0.0
2025-01-04 15:10:00	0.0	0.9357291686881652	0.0	0.0	0.0
2025-01-04 15:20:00	0.0	2.1001572331862772	0.0	0.0	0.0
2025-01-04 15:30:00	0.0	2.9295070530653304	0.0	0.0	0.0
2025-01-04 15:40:00	0.0	3.2827094258644673	0.9770021628002769	0.0	0.0
2025-01-04 15:50:00	0.0	3.393354390007574	1.6181570168876207	0.0	0.0
2025-01-04 16:00:00	0.0	4.187761629750838	8.25815701688762	0.0	0.0
2025-01-04 16:10:00	0.2665254265176355	2.9681826789212673	5.960244983537632	0.0	0.0
2025-01-04 16:20:00	0.0	3.019241535910187	8.088752583652854	0.0	0.0
2025-01-04 16:30:00	0.0	4.8652938590839945	10.365203540915338	0.0	1.9358422043435937
2025-01-04 16:40:00	0.0	4.02726074315209	7.374713678431374	0.0	1.6217609772158497
2025-01-04 16:50:00	0.0	3.6206041034075405	3.978424185910086	0.0	0.9755982173667791
2025-01-04 17:00:00	0.0	4.003456751603625	2.5625994916269645	0.9514119246504946	0.5352249729471172
2025-01-04 17:10:00	0.0	4.573148993056949	2.8236049757878003	0.0	1.2412233460163866
2025-01-04 17:20:00	0.0	3.7515233163587283	1.1372934933067198	0.43018963590360876	1.1834822178516435
2025-01-04 17:30:00	0.0	3.6542336105412114	3.112745286604083	2.6771979179904717	3.796241649239064
2025-01-04 17:40:00	0.18226249717712584	3.3371794908856005	2.684390083067755	1.1551263650926717	3.0698117220781826
2025-01-04 17:50:00	1.7675439487986777	2.9851922661224473	0.0	3.9325303015043334	2.869201213411433
2025-01-04 18:00:00	4.534023109364424	2.855982198913488	1.736616602466501	3.061881605065623	3.0203620585945385
2025-01-04 18:10:00	4.828731035302923	4.16656423318501	0.9042354653367533	0.6287075951485931	2.760433721869056
2025-01-04 18:20:00	4.787465337883236	3.6674976271788986	4.131236459269393	1.5931750428023903	2.0800779521289647
2025-01-04 18:30:00	3.959753026205202	4.351234436905213	4.681237582414046	3.7804272677896877	1.4531518806585366
2025-01-04 18:40:00	3.3623593582455307	6.160833865878391	4.207246849066793	3.4721195812038945	0.3012181476525926
2025-01-04 18:50:00	3.0348577630832367	4.8044472236965134	3.6321135842390633	0.0	2.801533130677364
2025-01-04 19:00:00	3.669382881684206	4.822408746191374	3.4735970280016177	0.11679681697000706	0.7909647288734813
2025-01-04 19:10:00	3.1416647772811257	3.894606848184896	5.205880858668021	2.5099574921811048	0.9469241016226297
2025-01-04 19:20:00	1.841743535704556	1.9253089513849728	4.560400955152058	0.0	0.0
2025-01-04 19:30:00	2.7610246668856733	4.568778183698429	3.9413328983706806	0.0	0.8387863735227228
2025-01-04 19:40:00	3.165329288944709	5.404601211224644	3.3472627672855375	0.29254995138405865	1.3032908145260693
2025-01-04 19:50:00	1.610131724805436	3.430784172867984	0.1179474281069745	0.9709707566258446	1.891775061805486
2025-01-04 20:00:00	2.8370105055543657	3.9594454193576727	1.471895832760512	1.0260777730703259	1.0970343111780043
2025-01-04 20:10:00	1.2572184849412915	2.4437415309968555	2.803726890886489	0.3608345589715857	1.6108845326709351
2025-01-04 20:20:00	1.2163116343352576	1.1631254242915114	2.385837885881784	1.1476158818623605	2.06008109211039
2025-01-04 20:30:00	1.3232297841776646	0.0	3.7855440587907148	0.0	1.7793866358719361
2025-01-04 20:40:00	0.6551450066902147	0.0	3.438494240185508	0.0	0.6653297188721765
2025-01-04 20:50:00	1.8745736704656697	0.3344490327260948	4.313956823415184	0.0	1.073872125911439
2025-01-04 21:00:00	1.8544245037937424	3.179062485083349	3.6147950493057524	0.0	1.640149872114812
2025-01-04 21:10:00	1.7036160833660543	2.8446823408246664	1.1457664391738709	0.5195495157518882	1.5386675309642721
2025-01-04 21:20:00	1.606393364936124	1.9659553826886818	3.2962364137937445	0.7248036070951756	0.3707372273682828
2025-01-04 21:30:00	2.377481195431473	1.5144654107526572	3.185703002839684	0.7913381452374117	0.8707957379585278
2025-01-04 21:40:00	1.1724572858157847	5.257528414789889	4.425647054301465	0.0	1.3226144656158205
2025-01-04 21:50:00	0.0	4.200291073759061	5.291370217482223	0.6431907719550997	0.0
2025-01-04 22:00:00	0.7537642309322693	1.2591593295316417	3.761445069698441	0.0	0.0
2025-01-04 22:10:00	1.2076119710172764	3.7139974770247246	2.7816230464273772	0.0	0.0
2025-01-04 22:20:00	0.0	2.9610544371000387	0.2348976730598682	0.0	0.0
2025-01-04 22:30:00	0.0	0.41804075437701177	0.5908584508997482	0.0	0.0
2025-01-04 22:40:00	0.0	1.263472050352279	0.0	0.0	0.0
2025-01-04 22:50:00	0.0	1.872812993439502	0.0	0.0	0.0
2025-01-04 23:00:00	0.0	0.6453982856762439	0.0	0.0	0.0
2025-01-04 23:10:00	0.0	0.0	0.0	0.0	0.0
2025-01-04 23:20:00	0.0	0.0	0.0	0.0	0.0
2025-01-04 23:30:00	0.0	0.0	0.0	0.0	0.0
2025-01-04 23:40:00	0.0	0.8448511415056889	0.0	0.0	0.0
2025-01-04 23:50:00	0.0	0.13138212598039797	0.0	0.0	0.0
2025-01-05 00:00:00	0.0	0.0	0.0	0.0	0.0
2025-01-05 00:10:00	0.0	0.0	0.0	0.0	0.0
2025-01-05 00:20:00	0.0	0.0	0.0	0.0	0.0
2025-01-05 00:30:00	0.0	0.0	0.0	0.0	0.0
2025-01-05 00:40:00	0.0	0.0	0.0	0.0	0.0
2025-01-05 00:50:00	0.0	0.0	0.0	0.0	0.0
2025-01-05 01:00:00	0.0	0.0	0.0	0.0	0.0
2025-01-05 01:10:00	0.0	0.0	0.0	0.0	0.0
2025-01-05 01:20:00	0.0	0.0	0.0	0.0	0.0
2025-01-05 01:30:00	0.0	0.0	0.0	0.0	0.0
2025-01-05 01:40:00	0.0	0.0	0.0	0.0	0.0
2025-01-05 01:50:00	0.0	0.0	0.0	0.0	0.0
2025-01-05 02:00:00	0.0	0.0	0.0	0.0	0.0
2025-01-05 02:10:00	0.0	0.0	0.0	0.0	0.0
2025-01-05 02:20:00	0.0	0.0	0.0	0.0	0.0
2025-01-05 02:30:00	0.0	0.0	0.0	0.0	0.0
2025-01-05 02:40:00	0.0	0.0	0.0	0.0	0.0
2025-01-05 02:50:00	0.0	0.0	0.0	0.0	0.0
2025-01-05 03:00:00	0.0	0.0	0.0	0.0	0.0
2025-01-05 03:10:00	0.0	0.0	0.3398357736087273	0.0	0.0
2025-01-05 03:20:00	0.0	0.3076629406614356	1.0410008594074167	0.0	0.0
2025-01-05 03:30:00	0.0	0.829200877714036	1.2780381059327741	0.0	0.0
2025-01-05 03:40:00	0.0	1.6147046565454568	1.9378206483568328	0.0	0.0
2025-01-05 03:50:00	0.0	1.891126913582455	1.9448665300265355	0.0	0.0
2025-01-05 04:00:00	0.0	1.8910869906361503	2.000980705977904	0.0	0.0
2025-01-05 04:10:00	0.0	1.8479962707623079	2.140866335360857	0.0	0.0
2025-01-05 04:20:00	0.0	2.0045023022223023	2.512701772431744	0.0	0.4394507437152621
2025-01-05 04:30:00	0.0	2.115600354009707	2.6440105871978057	0.0	1.0752681282232137
2025-01-05 04:40:00	0.0	1.9705983647102778	2.421987361120898	0.0	1.047916598165054
2025-01-05 04:50:00	0.0	1.9980518335626085	2.132688178758052	0.0	1.0186408828165077
2025-01-05 05:00:00	0.17384783519541647	2.2516388562895018	1.8986682848342402	0.0	0.8762962721749183
2025-01-05 05:10:00	0.7113340165676953	2.5654697957565773	2.4956006903989385	0.0	1.303959085388961
2025-01-05 05:20:00	1.1627295496096015	2.489697579388336	2.906911176744437	0.0	1.5393497225087795
2025-01-05 05:30:00	1.0111470395801436	2.0262658643850906	2.624265133744578	0.0	1.3522239535815916
2025-01-05 05:40:00	0.9084818916447839	2.1391209615998856	2.541425923384921	0.0	1.2168895745745747
2025-01-05 05:50:00	2.883605427068308	2.2801561202125433	2.6230923322357818	0.27635281889174623	1.3924503259726835
2025-01-05 06:00:00	7.563605427068308	5.220852128156617	6.059310183369611	4.576352818891746	1.2927112807654506
2025-01-05 06:10:00	4.695555763240903	4.07906859862809	4.70080974775259	2.9649505875681728	1.0690023851459418
2025-01-05 06:20:00	2.4241514447716477	3.2330360376900296	3.845650859631238	0.378923392363311	1.3861027852656587
2025-01-05 06:30:00	2.741430517501245	2.446550832880414	4.712735897285262	2.164188934668449	3.4179956946904086
2025-01-05 06:40:00	2.5826622050880363	3.175440431837183	5.205978642822526	1.9631674343841814	2.884534525332591
2025-01-05 06:50:00	3.3912156202235724	6.9025916225052475	3.3217732319466395	3.4782766726355563	4.872668019652585
2025-01-05 07:00:00	4.984653282053057	6.317387938302856	6.872923517915615	1.7043250578008704	8.493310339184681
2025-01-05 07:10:00	3.185402759427504	10.756582506912295	7.4752216163106375	1.0444557802816161	4.310865603695517
2025-01-05 07:20:00	5.357735676694299	8.419342190177288	8.169106913614424	2.7261377272460514	5.602867423340824
2025-01-05 07:30:00	7.979185855427838	8.501652851792576	10.569956704074091	4.526659746199742	8.11967542278308
2025-01-05 07:40:00	6.571660343514566	7.893845848599618	6.42268585971517	8.6	6.466580543823593
2025-01-05 07:50:00	4.243819526793342	9.161478929349462	5.516475488182091	8.6	7.259477903671332
2025-01-05 08:00:00	7.626623768611253	10.087761097852818	12.113987688993719	8.6	9.537655695361025
2025-01-05 08:10:00	5.768945743787153	8.068915038454564	10.056192817552844	7.527137194094047	6.683437177792989
2025-01-05 08:20:00	3.066154051540721	8.588643054011143	9.68166740575112	4.999024737481214	5.833218426897918
2025-01-05 08:30:00	2.1240530090495837	7.8305766777752615	10.743113105274286	1.0100738029113585	5.074161877099847
2025-01-05 08:40:00	0.0	4.365112419921995	7.853350620578837	4.777743238706831	4.885303701525983
2025-01-05 08:50:00	3.1027171886265372	4.311814207348339	6.332183117758847	3.6397923906065652	3.829627781600771
2025-01-05 09:00:00	6.152032858039963	5.177561060414653	8.248383909901477	5.291435475007278	6.406722572012474
2025-01-05 09:10:00	5.86102770840142	2.058849178771616	4.972578463823474	4.620641059006718	4.326608835715113
2025-01-05 09:20:00	3.368293194268407	2.6355836778373423	4.395829120198708	1.8216103286718905	2.908536204767158
2025-01-05 09:30:00	4.138605790575685	5.617223950519285	4.489791807017684	0.9824631190237568	0.335095698711805
2025-01-05 09:40:00	0.5113499731782633	6.170762709741684	1.9466480492394884	0.3074062405098645	0.8615623878396758
2025-01-05 09:50:00	0.0	2.0359881758033205	2.04873441650491	0.43772963029835443	0.2488723738474335
2025-01-05 10:00:00	0.0	1.5229374338240937	0.0	1.500526721408767	0.0
2025-01-05 10:10:00	0.0	0.32631530535038017	0.0	0.0	0.0
2025-01-05 10:20:00	0.0	0.2447529970364506	0.0	0.0	0.0
2025-01-05 10:30:00	0.0	1.227668447626793	0.0	0.0	0.0
2025-01-05 10:40:00	0.0	0.9306390640697911	0.0	0.0	0.0
2025-01-05 10:50:00	0.0	0.15638281853605845	0.0	0.0	0.0
2025-01-05 11:00:00	0.0	0.0	0.0	0.0	0.0
2025-01-05 11:10:00	0.0	0.0	0.0	0.0	0.0
2025-01-05 11:20:00	0.0	0.0	0.0	0.0	0.0
2025-01-05 11:30:00	0.0	0.0	0.0	0.0	0.0
2025-01-05 11:40:00	0.0	0.0	0.0	0.0	0.0
2025-01-05 11:50:00	0.0	0.0	0.0	0.0	0.0
2025-01-05 12:00:00	0.0	0.0	0.0	0.0	0.0
2025-01-05 12:10:00	0.0	0.0	0.0	0.0	0.0
2025-01-05 12:20:00	0.0	0.0	0.0	0.0	0.0
2025-01-05 12:30:00	0.0	0.0	0.0	0.0	0.0
2025-01-05 12:40:00	0.0	0.0	0.0	0.0	0.0
2025-01-05 12:50:00	0.0	0.0	0.0	0.0	0.0
2025-01-05 13:00:00	0.0	0.0	0.0	0.0	0.0
2025-01-05 13:10:00	0.0	0.0	0.0	0.0	0.0
2025-01-05 13:20:00	0.0	0.0	0.0	0.0	0.0
2025-01-05 13:30:00	0.0	0.0	0.0	0.0	0.0
2025-01-05 13:40:00	0.0	0.0	0.0	0.0	0.0
2025-01-05 13:50:00	0.0	0.0	0.0	0.0	0.0
2025-01-05 14:00:00	0.0	0.0	0.0	0.0	0.0
2025-01-05 14:10:00	0.0	0.0	0.0	0.0	0.0
2025-01-05 14:20:00	0.0	0.0	0.0	0.0	0.0
2025-01-05 14:30:00	0.0	0.0	0.0	0.0	0.0
2025-01-05 14:40:00	0.0	0.0	0.0	0.0	0.0
2025-01-05 14:50:00	0.0	0.0	0.0	0.0	0.0
2025-01-05 15:00:00	0.0	0.0	0.0	0.0	0.0
2025-01-05 15:10:00	0.0	0.0	0.0	0.0	0.0
2025-01-05 15:20:00	0.0	0.0	0.0	0.0	0.0
2025-01-05 15:30:00	0.0	0.0	0.0	0.0	0.0
2025-01-05 15:40:00	0.0	0.0	0.0	0.0	0.0
2025-01-05 15:50:00	0.0	0.0	0.0	0.0	0.0
2025-01-05 16:00:00	0.0	0.0	0.0	0.0	0.0
2025-01-05 16:10:00	0.0	0.0	0.0	0.0	0.0
2025-01-05 16:20:00	0.0	0.0	0.0	0.0	0.0
2025-01-05 16:30:00	0.0	0.0	0.0	0.0	0.0
2025-01-05 16:40:00	0.0	0.0	0.0	0.0	0.0
2025-01-05 16:50:00	0.0	0.0	0.0	0.0	0.0
2025-01-05 17:00:00	0.0	0.0	0.0	0.0	0.0
2025-01-05 17:10:00	0.0	0.0	0.0	0.0	0.0
2025-01-05 17:20:00	0.0	0.0	0.0	0.0	0.0
2025-01-05 17:30:00	0.0	0.0	0.0	0.0	0.0
2025-01-05 17:40:00	0.0	0.0	0.0	0.0	0.0
2025-01-05 17:50:00	0.0	0.0	0.0	0.0	0.0
2025-01-05 18:00:00	0.0	0.0	0.0	0.0	0.0
2025-01-05 18:10:00	0.0	0.0	0.0	0.0	0.0
2025-01-05 18:20:00	0.0	0.0	0.0	0.0	0.0
2025-01-05 18:30:00	0.0	0.0	0.0	0.0	0.0
2025-01-05 18:40:00	0.0	0.0	0.0	0.0	0.0
2025-01-05 18:50:00	0.0	0.0	0.0	0.0	0.0
2025-01-05 19:00:00	0.0	0.0	0.0	0.0	0.0
2025-01-05 19:10:00	0.0	0.0	0.0	0.0	0.0
2025-01-05 19:20:00	0.0	0.0	0.0	0.0	0.0
2025-01-05 19:30:00	0.0	0.0	0.0	0.0	0.0
2025-01-05 19:40:00	0.0	0.0	0.0	0.0	0.0
2025-01-05 19:50:00	0.0	0.0	0.0	0.0	0.0
2025-01-05 20:00:00	0.0	0.0	0.0	0.0	0.0
2025-01-05 20:10:00	0.0	0.0	0.0	0.0	0.0
2025-01-05 20:20:00	0.0	0.0	0.0	0.0	0.0
2025-01-05 20:30:00	0.0	0.0	0.0	0.0	0.0
2025-01-05 20:40:00	0.0	0.0	0.0	0.0	0.0
2025-01-05 20:50:00	0.0	0.0	0.0	0.0	0.0
2025-01-05 21:00:00	0.0	0.0	0.0	0.0	0.0
2025-01-05 21:10:00	0.0	0.0	0.0	0.0	0.0
2025-01-05 21:20:00	0.0	0.0	0.0	0.0	0.0
2025-01-05 21:30:00	0.0	0.0	0.0	0.0	0.0
2025-01-05 21:40:00	0.0	0.0	0.0	0.0	0.0
2025-01-05 21:50:00	0.0	0.0	0.0	0.0	0.0
2025-01-05 22:00:00	0.0	0.0	0.0	0.0	0.0
2025-01-05 22:10:00	0.0	0.0	0.0	0.0	0.0
2025-01-05 22:20:00	0.0	0.0	0.0	0.0	0.0
2025-01-05 22:30:00	0.0	0.0	0.0	0.0	0.0
2025-01-05 22:40:00	0.0	0.0	0.0	0.0	0.0
2025-01-05 22:50:00	0.0	0.0	0.0	0.0	0.0
2025-01-05 23:00:00	0.0	0.0	0.0	0.0	0.0
2025-01-05 23:10:00	0.0	0.0	0.0	0.0	0.0
2025-01-05 23:20:00	0.0	0.0	0.0	0.0	0.0
2025-01-05 23:30:00	0.0	0.0	0.0	0.0	0.0
2025-01-05 23:40:00	0.0	0.0	0.0	0.0	0.0
2025-01-05 23:50:00	0.0	0.0	0.0	0.0	0.0
2025-01-06 00:00:00	0.0	0.0	0.0	0.0	0.0
2025-01-06 00:10:00	0.0	0.0	0.0	0.0	0.0
2025-01-06 00:20:00	0.0	0.0	0.0	0.0	0.0
2025-01-06 00:30:00	0.0	0.0	0.0	0.0	0.0
2025-01-06 00:40:00	0.0	0.0	0.0	0.0	0.0
2025-01-06 00:50:00	0.0	0.0	0.0	0.0	0.0
2025-01-06 01:00:00	0.0	0.0	0.0	0.0	0.0
2025-01-06 01:10:00	0.0	0.0	0.0	0.0	0.0
2025-01-06 01:20:00	0.0	0.0	0.0	0.0	0.0
2025-01-06 01:30:00	0.0	0.0	0.0	0.0	0.0
2025-01-06 01:40:00	0.0	0.0	0.0	0.0	0.0
2025-01-06 01:50:00	0.0	0.0	0.0	0.0	0.0
2025-01-06 02:00:00	0.0	0.0	0.0	0.0	0.0
2025-01-06 02:10:00	0.0	0.0	0.0	0.0	0.0
2025-01-06 02:20:00	0.0	0.0	0.0	0.0	0.0
2025-01-06 02:30:00	0.0	0.0	0.0	0.0	0.0
2025-01-06 02:40:00	0.0	0.0	0.0	0.0	0.0
2025-01-06 02:50:00	0.0	0.0	0.0	0.0	0.0
2025-01-06 03:00:00	0.0	0.0	0.0	0.0	0.0
2025-01-06 03:10:00	0.0	0.0	0.0	0.0	0.0
2025-01-06 03:20:00	0.0	0.0	0.0	0.0	0.0
2025-01-06 03:30:00	0.0	0.0	0.0	0.0	0.0
2025-01-06 03:40:00	0.0	0.0	0.0	0.0	0.0
2025-01-06 03:50:00	0.0	0.0	0.0	0.0	0.0
2025-01-06 04:00:00	0.0	0.0	0.0	0.0	0.0
2025-01-06 04:10:00	0.0	0.0	0.0	0.0	0.0
2025-01-06 04:20:00	0.0	0.0	0.0	0.0	0.0
2025-01-06 04:30:00	0.0	0.0	0.0	0.0	0.0
2025-01-06 04:40:00	0.0	0.0	0.0	0.0	0.0
2025-01-06 04:50:00	0.0	0.0	0.0	0.0	0.0
2025-01-06 05:00:00	0.0	0.0	0.0	0.0	0.0
2025-01-06 05:10:00	0.0	0.0	0.0	0.0	0.0
2025-01-06 05:20:00	0.0	0.0	0.0	0.0	0.0
2025-01-06 05:30:00	0.0	0.0	0.0	0.0	0.0
2025-01-06 05:40:00	0.0	0.0	0.0	0.0	0.0
2025-01-06 05:50:00	0.0	0.0	0.0	0.0	0.0
2025-01-06 06:00:00	0.0	0.0	0.0	0.0	0.0
2025-01-06 06:10:00	0.0	0.0	0.0	0.0	0.7191107463443827
2025-01-06 06:20:00	0.0	0.0	0.0	0.0	0.0
2025-01-06 06:30:00	0.0	0.404991369161535	0.0	0.0	0.0
2025-01-06 06:40:00	0.0	2.101081694730554	0.0	0.0	2.161677488378804
2025-01-06 06:50:00	0.0	3.118625633437753	0.0	0.0	0.30874169801735335
2025-01-06 07:00:00	0.7820749995564334	5.734027972618118	0.5974167550168196	0.4442835075504147	4.922446967953777
2025-01-06 07:10:00	0.5264502713571161	8.543795698015483	2.774996689016586	1.3250278970327243	4.650789090983619
2025-01-06 07:20:00	1.2694070293235247	8.995862181743435	0.0	2.4601642348012507	4.206985222587474
2025-01-06 07:30:00	3.461944796438857	5.055533843755635	0.0	6.760164234801251	3.0882707364983117
2025-01-06 07:40:00	0.0	1.7566799385163705	0.0	5.238518255356013	0.3088498673052982
2025-01-06 07:50:00	0.0	0.0	0.0	2.3573742967937923	0.8013779013578118
2025-01-06 08:00:00	0.8667907089786167	0.0	0.0	1.611387792027092	1.2027256659369938
2025-01-06 08:10:00	0.0	0.0	0.0	0.0	0.0
2025-01-06 08:20:00	0.0	0.0	0.0	0.0	0.0
2025-01-06 08:30:00	0.0	0.0	0.0	0.0	0.0
2025-01-06 08:40:00	0.0	0.0	0.0	0.0	0.0
2025-01-06 08:50:00	0.0	0.0	0.0	0.0	0.0
2025-01-06 09:00:00	0.0	0.0	0.0	0.0	0.0
2025-01-06 09:10:00	0.0	0.0	0.0	0.0	0.0
2025-01-06 09:20:00	0.0	0.0	0.0	0.0	0.0
2025-01-06 09:30:00	0.0	0.0	0.0	0.0	0.0
2025-01-06 09:40:00	0.0	0.0	0.0	0.0	0.0
2025-01-06 09:50:00	0.0	0.0	0.0	0.0	0.0
2025-01-06 10:00:00	0.0	0.0	0.0	0.0	0.0
2025-01-06 10:10:00	0.0	0.0	0.0	0.0	0.0
2025-01-06 10:20:00	0.0	0.0	0.0	0.0	0.0
2025-01-06 10:30:00	0.0	0.0	0.0	0.0	0.0
2025-01-06 10:40:00	0.0	0.0	0.0	0.0	0.0
2025-01-06 10:50:00	0.0	0.0	0.0	0.0	0.0
2025-01-06 11:00:00	0.0	0.0	0.0	0.0	0.0
2025-01-06 11:10:00	0.0	0.0	0.0	0.0	0.0
2025-01-06 11:20:00	0.0	0.0	0.0	0.0	0.0
2025-01-06 11:30:00	0.0	0.0	0.0	0.0	0.0
2025-01-06 11:40:00	0.0	0.0	0.0	0.0	0.0
2025-01-06 11:50:00	0.0	0.0	0.0	0.0	0.0
2025-01-06 12:00:00	0.0	0.0	0.0	0.0	0.0
2025-01-06 12:10:00	0.0	0.0	0.0	0.0	0.0
2025-01-06 12:20:00	0.0	0.0	0.0	0.0	0.0
2025-01-06 12:30:00	0.0	0.0	0.0	0.0	0.0
2025-01-06 12:40:00	0.0	0.0	0.0	0.0	0.0
2025-01-06 12:50:00	0.0	0.0	0.0	0.0	0.0
2025-01-06 13:00:00	0.0	0.0	0.0	0.0	0.0
2025-01-06 13:10:00	0.0	0.0	0.0	0.0	0.0
2025-01-06 13:20:00	0.0	0.0	0.0	0.0	0.0
2025-01-06 13:30:00	0.0	0.0	0.0	0.0	0.0
2025-01-06 13:40:00	0.0	0.0	0.0	0.0	0.0
2025-01-06 13:50:00	0.0	0.0	0.0	0.0	0.0
2025-01-06 14:00:00	0.0	0.0	0.0	0.0	0.0
2025-01-06 14:10:00	0.0	0.0	0.0	0.0	0.0
2025-01-06 14:20:00	0.0	0.0	0.0	0.0	0.0
2025-01-06 14:30:00	0.0	0.0	0.0	0.0	0.0
2025-01-06 14:40:00	0.0	0.0	0.0	0.0	0.0
2025-01-06 14:50:00	0.0	0.0	0.0	0.0	0.0
2025-01-06 15:00:00	0.0	0.0	0.0	0.0	0.0
2025-01-06 15:10:00	0.0	0.0	0.0	0.0	0.0
2025-01-06 15:20:00	0.0	0.0	0.0	0.0	0.0
2025-01-06 15:30:00	0.0	0.0	0.0	0.0	0.0
2025-01-06 15:40:00	0.0	0.0	0.0	0.0	0.0
2025-01-06 15:50:00	0.0	0.0	0.0	0.0	0.0
2025-01-06 16:00:00	0.0	0.0	0.0	0.0	0.0
2025-01-06 16:10:00	0.0	0.0	0.0	0.0	0.0
2025-01-06 16:20:00	0.0	0.0	0.0	0.0	0.0
2025-01-06 16:30:00	0.0	0.0	0.0	0.0	0.0
2025-01-06 16:40:00	0.0	0.0	0.0	0.0	0.0
2025-01-06 16:50:00	0.0	0.0	0.0	0.0	0.0
2025-01-06 17:00:00	0.0	0.0	0.0	0.0	0.0
2025-01-06 17:10:00	0.0	0.0	0.0	0.0	0.0
2025-01-06 17:20:00	0.0	0.0	0.0	0.0	0.0
2025-01-06 17:30:00	0.0	0.0	0.0	0.0	0.0
2025-01-06 17:40:00	0.0	0.0	0.0	0.0	0.0
2025-01-06 17:50:00	0.0	0.0	0.0	0.0	0.0
2025-01-06 18:00:00	0.0	0.0	0.0	0.0	0.0
2025-01-06 18:10:00	0.0	0.0	0.0	0.0	0.0
2025-01-06 18:20:00	0.0	0.0	0.0	0.0	0.0
2025-01-06 18:30:00	0.0	0.0	0.0	0.0	0.0
2025-01-06 18:40:00	0.0	0.0	0.0	0.0	0.0
2025-01-06 18:50:00	0.0	0.0	0.0	0.0	0.0
2025-01-06 19:00:00	0.0	0.0	0.0	0.0	0.0
2025-01-06 19:10:00	0.0	0.0	0.0	0.0	0.0
2025-01-06 19:20:00	0.0	0.0	0.0	0.0	0.0
2025-01-06 19:30:00	0.0	0.0	0.0	0.0	0.0
2025-01-06 19:40:00	0.0	0.0	0.0	0.0	0.0
2025-01-06 19:50:00	0.0	0.0	0.0	0.0	0.0
2025-01-06 20:00:00	0.0	0.0	0.0	0.0	0.0
2025-01-06 20:10:00	0.0	0.0	0.0	0.0	0.0
2025-01-06 20:20:00	0.0	0.0	0.0	0.0	0.0
2025-01-06 20:30:00	0.0	0.0	0.0	0.0	0.0
2025-01-06 20:40:00	0.0	0.0	0.0	0.0	0.0
2025-01-06 20:50:00	0.0	0.0	0.0	0.0	0.0
2025-01-06 21:00:00	0.0	0.0	0.0	0.0	0.0
2025-01-06 21:10:00	0.0	0.0	0.0	0.0	0.0
2025-01-06 21:20:00	0.0	0.0	0.0	0.0	0.0
2025-01-06 21:30:00	0.0	0.0	0.0	0.0	0.0
2025-01-06 21:40:00	0.0	0.0	0.0	0.0	0.0
2025-01-06 21:50:00	0.0	0.0	0.0	0.0	0.0
2025-01-06 22:00:00	0.0	0.0	0.0	0.0	0.0
2025-01-06 22:10:00	0.0	0.0	0.0	0.0	0.0
2025-01-06 22:20:00	0.0	0.0	0.0	0.0	0.0
2025-01-06 22:30:00	0.0	0.0	0.0	0.0	0.0
2025-01-06 22:40:00	0.0	0.0	0.0	0.0	0.0
2025-01-06 22:50:00	0.0	0.0	0.0	0.0	0.0
2025-01-06 23:00:00	0.0	0.0	0.0	0.0	0.0
2025-01-06 23:10:00	0.0	0.0	0.0	0.0	0.0
2025-01-06 23:20:00	0.0	0.0	0.0	0.0	0.0
2025-01-06 23:30:00	0.0	0.0	0.0	0.0	0.0
2025-01-06 23:40:00	0.0	0.0	0.0	0.0	0.0
2025-01-06 23:50:00	0.0	0.0	0.0	0.0	0.0
2025-01-07 00:00:00	0.0	0.0	0.0	0.0	0.0
2025-01-07 00:10:00	0.0	0.0	0.0	0.0	0.0
2025-01-07 00:20:00	0.0	0.0	0.0	0.0	0.0
2025-01-07 00:30:00	0.0	0.0	0.0	0.0	0.0
2025-01-07 00:40:00	0.0	0.0	0.0	0.0	0.0
2025-01-07 00:50:00	0.0	0.0	0.0	0.0	0.0
2025-01-07 01:00:00	0.0	0.0	0.0	0.0	0.0
2025-01-07 01:10:00	0.0	0.0	0.0	0.0	0.0
2025-01-07 01:20:00	0.0	0.0	0.0	0.0	0.0
2025-01-07 01:30:00	0.0	0.0	0.0	0.0	0.0
2025-01-07 01:40:00	0.0	0.0	0.0	0.0	0.0
2025-01-07 01:50:00	0.0	0.0	0.0	0.0	0.0
2025-01-07 02:00:00	0.0	0.0	0.0	0.0	0.0
2025-01-07 02:10:00	0.0	0.0	0.0	0.0	0.0
2025-01-07 02:20:00	0.0	0.0	0.0	0.0	0.0
2025-01-07 02:30:00	0.0	0.0	0.0	0.0	0.0
2025-01-07 02:40:00	0.0	0.0	0.0	0.0	0.0
2025-01-07 02:50:00	0.0	0.0	0.0	0.0	0.0
2025-01-07 03:00:00	0.0	0.0	0.0	0.0	0.0
2025-01-07 03:10:00	0.0	0.0	0.0	0.0	0.0
2025-01-07 03:20:00	0.0	0.0	0.0	0.0	0.0
2025-01-07 03:30:00	0.0	0.0	0.0	0.0	0.0
2025-01-07 03:40:00	0.0	0.0	0.0	0.0	0.0
2025-01-07 03:50:00	0.0	0.0	0.0	0.0	0.0
2025-01-07 04:00:00	0.0	0.0	0.0	0.0	0.0
2025-01-07 04:10:00	0.0	0.0	0.0	0.0	0.0
2025-01-07 04:20:00	0.0	0.0	0.0	0.0	0.0
2025-01-07 04:30:00	0.0	0.0	0.0	0.0	0.0
2025-01-07 04:40:00	0.0	0.24449728169761153	0.11168767940898792	0.0	0.0
2025-01-07 04:50:00	0.0	0.7238186691568506	0.641425711574819	0.0	0.0
2025-01-07 05:00:00	0.0	0.8710277315992232	0.8445798087244134	0.0	0.0
2025-01-07 05:10:00	0.0	1.4071163920328207	1.55460785931167	0.0	0.0
2025-01-07 05:20:00	0.0	1.3871238095294498	1.2861590371252447	0.0	0.0
2025-01-07 05:30:00	0.0	1.4256371220688846	0.7307937456046077	0.0	0.0
2025-01-07 05:40:00	0.0	1.5213948582877082	1.768614649659126	0.0	0.0
2025-01-07 05:50:00	0.024302417489116837	4.599449858819251	1.777808814530342	2.185916103096925	0.0
2025-01-07 06:00:00	4.704302417489116	10.799449858819251	7.748710195556048	6.485916103096925	3.2854219229272625
2025-01-07 06:10:00	4.852971185237392	7.645510481915152	6.6409464289872675	8.258049077439178	3.3985297046981433
2025-01-07 06:20:00	3.457938663833617	8.264150521432166	7.0851631992029045	5.515438727317485	2.9796828495189462
2025-01-07 06:30:00	5.756890873587725	9.202378996271753	9.266710578149825	5.423367191503978	5.161125737493179
2025-01-07 06:40:00	8.304720598829714	9.351512882777405	6.529107374607787	2.47016735641876	5.900848491068338
2025-01-07 06:50:00	7.10599840120089	12.4	3.443761051301946	2.683428761331196	5.700810308363887
2025-01-07 07:00:00	9.106983639688401	12.4	8.381966451319553	6.983428761331196	7.377328929624008
2025-01-07 07:10:00	7.715644453803558	8.868320261394006	9.342103085810747	7.521576410173212	8.536388215072122
2025-01-07 07:20:00	7.776804729324408	8.362571754631302	9.831555148035093	7.056200683615851	8.94931791474941
2025-01-07 07:30:00	7.794243151782978	7.253816639195624	9.641757664054873	6.592880561470803	8.760099776877237
2025-01-07 07:40:00	3.1142431517829783	5.832653996726744	6.038440175965059	4.354886461934133	6.679556513430381
2025-01-07 07:50:00	0.0	4.516965814612214	5.9911172653704	3.8358234897496786	6.551420268600106
2025-01-07 08:00:00	3.3951624005012557	6.2867789556006635	7.734472391834628	0.0	3.933934082637442
2025-01-07 08:10:00	0.0	5.57690919181494	6.175553599943637	0.0	2.355766456857821
2025-01-07 08:20:00	3.039774934837933	0.3849761111038274	2.6732730326890906	0.0	0.8544861348044939
2025-01-07 08:30:00	1.355101827603506	0.0	1.266802576599741	0.025426927179784255	0.8474652283036275
2025-01-07 08:40:00	0.0	0.5146484186904239	0.0	0.0	0.0
2025-01-07 08:50:00	0.0	0.8587029015134431	0.0	0.0	0.0
2025-01-07 09:00:00	3.5291182088138906	2.840904189550185	0.0	0.0	0.12188995412005826
2025-01-07 09:10:00	2.4349505746459736	4.033337762215285	0.0	0.0	0.0
2025-01-07 09:20:00	0.07551770956899402	3.0519329092082197	0.05133349490412359	0.0	0.0
2025-01-07 09:30:00	1.6064352638176649	1.186923921279586	2.7475517741728996	0.0	0.0
2025-01-07 09:40:00	1.0865859201383543	1.628135617511851	2.3815209772560917	0.0	0.0
2025-01-07 09:50:00	0.0	0.0	0.0	0.0	0.0
2025-01-07 10:00:00	0.0	0.0	0.0	0.0	0.0
2025-01-07 10:10:00	0.0	0.0	0.0	0.0	0.0
2025-01-07 10:20:00	0.0	0.0	0.0	0.0	0.0
2025-01-07 10:30:00	0.0	0.0	0.0	0.0	0.0
2025-01-07 10:40:00	0.0	0.0	0.0	0.0	0.0
2025-01-07 10:50:00	0.0	0.0	0.0	0.0	0.0
2025-01-07 11:00:00	0.0	0.0	0.0	0.0	0.0
2025-01-07 11:10:00	0.0	0.0	0.0	0.0	0.0
2025-01-07 11:20:00	0.0	0.0	0.0	0.0	0.0
2025-01-07 11:30:00	0.0	0.0	0.0	0.0	0.0
2025-01-07 11:40:00	0.0	0.0	0.0	0.0	0.0
2025-01-07 11:50:00	0.0	0.0	0.0	0.0	0.0
2025-01-07 12:00:00	0.0	0.0	0.0	0.0	0.0
2025-01-07 12:10:00	0.0	0.0	0.0	0.0	0.0
2025-01-07 12:20:00	0.0	0.0	0.0	0.0	0.0
2025-01-07 12:30:00	0.0	0.0	0.0	0.0	0.0
2025-01-07 12:40:00	0.0	0.0	0.0	0.0	0.0
2025-01-07 12:50:00	0.0	0.0	0.0	0.0	0.0
2025-01-07 13:00:00	0.0	0.0	0.0	0.0	0.0
2025-01-07 13:10:00	0.0	0.0	0.0	0.0	0.0
2025-01-07 13:20:00	0.0	0.0	0.0	0.0	0.0
2025-01-07 13:30:00	0.0	0.0	0.0	0.0	0.0
2025-01-07 13:40:00	0.0	0.0	0.0	0.0	0.0
2025-01-07 13:50:00	0.0	0.0	0.0	0.0	0.0
2025-01-07 14:00:00	0.0	0.0	0.0	0.0	0.0
2025-01-07 14:10:00	0.0	0.0	0.0	0.0	0.0
2025-01-07 14:20:00	0.0	0.0	0.0	0.0	0.0
2025-01-07 14:30:00	0.0	0.0	0.0	0.0	0.0
2025-01-07 14:40:00	0.0	0.0	0.0	0.0	0.0
2025-01-07 14:50:00	0.0	0.0	0.0	0.0	0.0
2025-01-07 15:00:00	0.0	0.0	0.0	0.0	0.0
2025-01-07 15:10:00	0.0	0.0	0.0	0.0	0.0
2025-01-07 15:20:00	0.0	0.0	0.0	0.0	0.0
2025-01-07 15:30:00	0.0	0.0	0.0	0.0	0.0
2025-01-07 15:40:00	0.0	0.0	0.0	0.0	0.0
2025-01-07 15:50:00	0.0	0.0	0.0	0.0	0.0
2025-01-07 16:00:00	0.0	0.0	0.0	0.0	0.0
2025-01-07 16:10:00	0.0	0.0	0.0	0.0	0.0
2025-01-07 16:20:00	0.0	0.0	0.0	0.0	0.0
2025-01-07 16:30:00	0.0	0.0	0.0	0.0	0.0
2025-01-07 16:40:00	0.0	2.254870127475749	0.0	0.0	0.0
2025-01-07 16:50:00	0.0	0.0	0.0	0.0	0.0
2025-01-07 17:00:00	0.0	1.6552751301731323	2.7249239029780874	0.0	0.0
2025-01-07 17:10:00	0.0	0.4305005190388725	0.0	0.0	0.0
2025-01-07 17:20:00	0.0	3.5273998617542177	0.0	0.0	0.0
2025-01-07 17:30:00	0.0	3.5380772791178545	0.0	0.0	0.0
2025-01-07 17:40:00	0.0	1.5823546851215373	0.0	0.0	0.26358926772411945
2025-01-07 17:50:00	0.0	3.3640917047666457	0.0	0.0	0.7585899866783737
2025-01-07 18:00:00	0.4930247175991753	2.9992934911778177	5.306799744595198	0.0	0.9272290083495639
2025-01-07 18:10:00	0.8212086075783858	4.8036975826837	4.422403519897083	0.0	2.5602995003404745
2025-01-07 18:20:00	1.0390052597193824	1.3670102514455538	5.07413455730995	0.0	0.0
2025-01-07 18:30:00	0.8273961304460216	0.0	3.3607008898787174	0.0	1.2493483219258823
2025-01-07 18:40:00	0.4142172635762334	0.0	1.9328378282201133	0.0	0.30030890006856503
2025-01-07 18:50:00	0.0	0.0	0.0	0.0	0.0
2025-01-07 19:00:00	0.0	0.0	0.6659638995761767	0.0	1.2832306025836167
2025-01-07 19:10:00	0.0	0.0	0.9265133392305552	0.0	0.9144684841595416
2025-01-07 19:20:00	0.0	0.4631193576994346	1.3960562351921264	0.0	0.0
2025-01-07 19:30:00	0.0	1.28590440722483	1.772234097339582	0.0	0.0
2025-01-07 19:40:00	0.0	2.1851315254161796	1.8001369864690575	0.0	0.0
2025-01-07 19:50:00	0.0	2.3032471155985763	0.6567676248599938	0.0	0.0
2025-01-07 20:00:00	0.0	1.443953887683043	1.9682796432189775	0.0	0.0
2025-01-07 20:10:00	0.0	0.0	1.5021792099021214	0.0	0.0
2025-01-07 20:20:00	0.0	0.0	2.704815423205279	0.0	0.0
2025-01-07 20:30:00	0.0	0.08826019078987185	0.6401127557665421	0.0	0.0
2025-01-07 20:40:00	0.0	0.0	1.7537524386965755	0.0	0.0
2025-01-07 20:50:00	0.0	0.0	1.7151866336672557	0.0	0.0
2025-01-07 21:00:00	0.0	2.665596972312585	0.8466570910689989	0.0	0.0
2025-01-07 21:10:00	0.0	2.222594598040405	1.2529790825589904	0.0	0.0
2025-01-07 21:20:00	0.0	2.840798253571898	0.9361023655701808	0.0	0.0
2025-01-07 21:30:00	0.0	1.9017652004950563	0.0	0.0	0.0
2025-01-07 21:40:00	0.0	2.244315814768238	0.0	0.0	0.0
2025-01-07 21:50:00	0.0	0.7470291728594132	0.0	0.0	0.0
2025-01-07 22:00:00	0.0	0.0	0.0	0.0	0.0
2025-01-07 22:10:00	0.0	0.0	0.0	0.0	0.0
2025-01-07 22:20:00	0.0	0.0	0.0	0.0	0.0
2025-01-07 22:30:00	0.0	0.0	0.0	0.0	0.0
2025-01-07 22:40:00	0.0	0.0	0.0	0.0	0.0
2025-01-07 22:50:00	0.0	0.0	0.0	0.0	0.0
2025-01-07 23:00:00	0.0	0.0	0.0	0.0	0.0
2025-01-07 23:10:00	0.0	0.0	0.0	0.0	0.0
2025-01-07 23:20:00	0.0	0.0	0.0	0.0	0.0
2025-01-07 23:30:00	0.0	0.0	0.0	0.0	0.0
2025-01-07 23:40:00	0.0	0.0	0.0	0.0	0.0
2025-01-07 23:50:00	0.0	0.0	0.0	0.0	0.0
2025-01-08 00:00:00	0.0	0.0	0.0	0.0	0.0
2025-01-08 00:10:00	0.0	0.0	0.0	0.0	0.0
2025-01-08 00:20:00	0.0	0.0	0.0	0.0	0.0
2025-01-08 00:30:00	0.0	0.0	0.0	0.0	0.0
2025-01-08 00:40:00	0.0	0.0	0.0	0.0	0.0
2025-01-08 00:50:00	0.0	0.0	0.0	0.0	0.0
2025-01-08 01:00:00	0.0	0.0	0.0	0.0	0.0
2025-01-08 01:10:00	0.0	0.0	0.0	0.0	0.0
2025-01-08 01:20:00	0.0	0.0	0.0	0.0	0.0
2025-01-08 01:30:00	0.0	0.0	0.0	0.0	0.0
2025-01-08 01:40:00	0.0	0.0	0.0	0.0	0.0
2025-01-08 01:50:00	0.0	0.0	0.0	0.0	0.0
2025-01-08 02:00:00	0.0	0.0	0.0	0.0	0.0
2025-01-08 02:10:00	0.0	0.0	0.0	0.0	0.0
2025-01-08 02:20:00	0.0	0.0	0.0	0.0	0.0
2025-01-08 02:30:00	0.0	0.0	0.0	0.0	0.0
2025-01-08 02:40:00	0.0	0.0	0.0	0.0	0.0
2025-01-08 02:50:00	0.0	0.0	0.0	0.0	0.0
2025-01-08 03:00:00	0.0	0.0	0.0	0.0	0.0
2025-01-08 03:10:00	0.0	0.0	0.0	0.0	0.0
2025-01-08 03:20:00	0.0	0.0	0.0	0.0	0.0
2025-01-08 03:30:00	0.0	0.0	0.0	0.0	0.0
2025-01-08 03:40:00	0.0	0.0	0.0	0.0	0.0
2025-01-08 03:50:00	0.0	0.0	0.0	0.0	0.0
2025-01-08 04:00:00	0.0	0.0	0.0	0.0	0.0
2025-01-08 04:10:00	0.0	0.0	0.0	0.0	0.0
2025-01-08 04:20:00	0.0	0.0	0.0	0.0	0.0
2025-01-08 04:30:00	0.0	0.0	0.0	0.0	0.0
2025-01-08 04:40:00	0.0	0.0	0.0	0.0	0.0
2025-01-08 04:50:00	0.0	0.0	0.0	0.0	0.0
2025-01-08 05:00:00	0.0	0.0	0.0	0.0	0.0
2025-01-08 05:10:00	0.0	0.0	0.0	0.0	0.0
2025-01-08 05:20:00	0.0	0.0	0.0	0.0	0.0
2025-01-08 05:30:00	0.0	0.0	0.0	0.0	0.0
2025-01-08 05:40:00	0.0	0.0	0.0	0.0	0.0
2025-01-08 05:50:00	1.754808355744417	0.7613829783490296	0.0	0.0	0.0
2025-01-08 06:00:00	6.434808355744417	6.961382978349031	2.0927246893201477	0.0	0.0
2025-01-08 06:10:00	5.561327286558704	6.407437251709907	3.229530963487595	0.0	0.0
2025-01-08 06:20:00	3.542871977826609	4.5580694715920576	4.834422987993951	0.0	0.0
2025-01-08 06:30:00	2.282870281744238	6.772599643315795	6.0193697066887015	0.0	0.0
2025-01-08 06:40:00	3.974522889168123	10.962500276725786	5.471796896234998	0.0	3.463105143313637
2025-01-08 06:50:00	2.762449563555004	10.412036922906015	4.038916585193929	2.821064731054628	2.256596593525625
2025-01-08 07:00:00	4.408322113201075	8.068795750276013	9.689561645828137	4.0404463714615355	5.749317438643526
2025-01-08 07:10:00	4.308481956486371	7.013702628879812	8.322639035506002	2.79759452606578	4.927862396433478
2025-01-08 07:20:00	8.017383173461019	6.908569170093196	6.236001368764875	4.237357998254932	4.058387515104402
2025-01-08 07:30:00	3.337383173461018	6.8911172836760946	9.456606787678604	8.537357998254933	2.4047181974728495
2025-01-08 07:40:00	0.8995003940193315	7.535965431502186	7.755387549851308	5.984353441841604	1.2929380158986825
2025-01-08 07:50:00	0.0	5.4111926254083045	1.1153875498513075	6.234798079386862	2.1317709284729456
2025-01-08 08:00:00	0.0	4.07231503239539	0.9948175078274639	6.3522298011372	0.0
2025-01-08 08:10:00	0.0	1.4727291230888886	0.0	4.7644586739093	0.0
2025-01-08 08:20:00	0.0	0.0	0.0	0.46445867390930007	0.0
2025-01-08 08:30:00	0.0	0.0	0.0	0.0	0.0
2025-01-08 08:40:00	0.0	0.0	0.0	0.0	0.0
2025-01-08 08:50:00	0.0	0.0	0.0	0.0	0.0
2025-01-08 09:00:00	0.0	0.0	0.0	0.0	0.0
2025-01-08 09:10:00	0.0	0.0	0.0	0.0	0.0
2025-01-08 09:20:00	0.0	0.0	0.0	0.0	0.0
2025-01-08 09:30:00	0.0	0.0	0.0	0.0	0.0
2025-01-08 09:40:00	0.0	0.0	0.0	0.0	0.0
2025-01-08 09:50:00	0.0	0.0	0.0	0.0	0.0
2025-01-08 10:00:00	0.0	0.0	0.0	0.0	0.0
2025-01-08 10:10:00	0.0	0.0	0.0	0.0	0.0
2025-01-08 10:20:00	0.0	0.0	0.0	0.0	0.0
2025-01-08 10:30:00	0.0	0.0	0.0	0.0	0.0
2025-01-08 10:40:00	0.0	0.0	0.0	0.0	0.0
2025-01-08 10:50:00	0.0	0.0	0.0	0.0	0.0
2025-01-08 11:00:00	0.0	0.0	0.0	0.0	0.0
2025-01-08 11:10:00	0.0	0.0	0.0	0.0	0.0
2025-01-08 11:20:00	0.0	0.0	0.0	0.0	0.0
2025-01-08 11:30:00	0.0	0.0	0.0	0.0	0.0
2025-01-08 11:40:00	0.0	0.0	0.0	0.0	0.0
2025-01-08 11:50:00	0.0	0.0	0.0	0.0	0.0
2025-01-08 12:00:00	0.0	0.0	0.0	0.0	0.0
2025-01-08 12:10:00	0.0	0.0	0.0	0.0	0.0
2025-01-08 12:20:00	0.0	0.0	0.0	0.0	0.0
2025-01-08 12:30:00	0.0	0.0	0.0	0.0	0.0
2025-01-08 12:40:00	0.0	0.0	0.0	0.0	0.0
2025-01-08 12:50:00	0.0	0.0	0.0	0.0	0.0
2025-01-08 13:00:00	0.0	0.0	0.11113191368365005	0.0	0.0
2025-01-08 13:10:00	0.0	0.0	0.0	0.0	0.0
2025-01-08 13:20:00	0.0	0.0	0.0	0.0	0.0
2025-01-08 13:30:00	0.0	0.0	0.22348978147221754	0.0	0.0
2025-01-08 13:40:00	0.0	0.0	0.0	0.0	0.0
2025-01-08 13:50:00	0.0	0.0	0.0	0.0	0.0
2025-01-08 14:00:00	0.0	0.0	0.0	0.0	0.0
2025-01-08 14:10:00	0.0	0.0	0.0	0.0	0.0
2025-01-08 14:20:00	0.0	0.0	0.0	0.0	0.0
2025-01-08 14:30:00	0.0	0.0	0.0	0.0	0.0
2025-01-08 14:40:00	0.0	0.0	0.0	0.0	0.0
2025-01-08 14:50:00	0.0	0.0	0.0	0.0	0.0
2025-01-08 15:00:00	0.0	0.0	0.0	0.0	0.0
2025-01-08 15:10:00	0.0	0.0	0.0	0.0	0.0
2025-01-08 15:20:00	0.0	0.0	0.0	0.0	0.0
2025-01-08 15:30:00	0.0	0.0	0.0	0.0	0.0
2025-01-08 15:40:00	0.0	0.0	0.0	0.0	0.0
2025-01-08 15:50:00	0.0	0.0	0.0	0.0	0.0
2025-01-08 16:00:00	0.0	1.5241575124143993	0.0	0.0	0.0
2025-01-08 16:10:00	0.0	0.17042278941267996	0.09201559869389603	0.0	0.0
2025-01-08 16:20:00	0.0	0.0925390550561847	1.580551288311741	0.0	0.0
2025-01-08 16:30:00	0.0	0.0	4.046726769637215	0.25414103402512045	0.0
2025-01-08 16:40:00	0.0	0.0	1.7175217900069926	0.0	0.0
2025-01-08 16:50:00	0.0	0.0	2.3755037923603806	0.6847666666229955	0.0
2025-01-08 17:00:00	0.3652143029375237	0.0	2.3598812967107463	2.0548637588173166	0.0
2025-01-08 17:10:00	0.0	2.983268203047142	3.5202526684557434	0.0	0.0
2025-01-08 17:20:00	0.0	4.6734388435495235	4.532474890295948	0.0	0.0
2025-01-08 17:30:00	0.0	1.8324945879554928	2.5580155471506822	0.0	0.0
2025-01-08 17:40:00	0.0	0.8454738711461757	0.0	0.0	0.0
2025-01-08 17:50:00	4.073912308747443	3.8292611525223195	0.0	0.0	0.0
2025-01-08 18:00:00	3.433718548911547	4.081367253876147	0.0	0.0	0.0
2025-01-08 18:10:00	2.8098777147611678	2.533924949617285	2.3133918211465994	0.0	0.0
2025-01-08 18:20:00	0.0	0.9988178070057447	0.0	0.0	0.0
2025-01-08 18:30:00	0.4180797581978457	1.80214002249102	4.796606675199583	0.0	0.0
2025-01-08 18:40:00	0.0	1.0248100561540139	2.3271049728029314	0.0	0.0
2025-01-08 18:50:00	0.0	0.0	2.9264706996515555	0.0	0.0
2025-01-08 19:00:00	0.0	0.0	2.401566928484597	0.0	0.0
2025-01-08 19:10:00	0.7282203053864205	0.0	3.2507816784635843	0.0	0.0
2025-01-08 19:20:00	0.0	0.0	1.1148766324509933	0.0	0.0
2025-01-08 19:30:00	0.0	0.0	2.472078352296741	0.0	0.0
2025-01-08 19:40:00	0.7322953627733374	0.0	1.1940270518760503	0.0	0.0
2025-01-08 19:50:00	0.0	0.0	0.24135191621869964	0.0	0.0
2025-01-08 20:00:00	0.7158141140507703	0.0	0.10792804359938529	0.0	0.0
2025-01-08 20:10:00	0.0	1.1135825889052726	0.016351637072609445	0.0	0.0
2025-01-08 20:20:00	0.0	0.27646447710366084	0.0	0.0	0.0
2025-01-08 20:30:00	0.0	1.470849973520446	0.0	0.0	0.0
2025-01-08 20:40:00	0.0	0.9756195158041335	0.0	0.0	0.0
2025-01-08 20:50:00	0.0	1.279212466700951	0.0	0.0	0.0
2025-01-08 21:00:00	0.0	1.0381007629418497	0.0	0.0	0.0
2025-01-08 21:10:00	0.0	0.6931869049058877	0.0	0.0	0.0
2025-01-08 21:20:00	0.4866770021436806	0.2101161626299759	0.0	0.0	0.0
2025-01-08 21:30:00	0.0	0.6029061716178553	0.0	0.0	0.0
2025-01-08 21:40:00	1.463498932907269	0.6196598877233227	0.0	0.0	0.0
2025-01-08 21:50:00	0.0	0.7455940148970006	0.0	0.0	0.0
2025-01-08 22:00:00	0.5317915174811519	0.0	0.0	0.0	0.0
2025-01-08 22:10:00	0.0	0.0	0.0	0.0	0.0
2025-01-08 22:20:00	0.0	0.0	0.0	0.0	0.0
2025-01-08 22:30:00	0.0	0.0	0.0	0.0	0.0
2025-01-08 22:40:00	0.0	0.0	0.0	0.0	0.0
2025-01-08 22:50:00	0.0	0.0	0.0	0.0	0.0
2025-01-08 23:00:00	0.0	0.0	0.0	0.0	0.0
2025-01-08 23:10:00	0.0	0.0	0.0	0.0	0.0
2025-01-08 23:20:00	0.0	0.0	0.0	0.0	0.0
2025-01-08 23:30:00	0.0	0.0	0.0	0.0	0.0
2025-01-08 23:40:00	0.0	0.0	0.0	0.0	0.0
2025-01-08 23:50:00	0.0	0.0	0.0	0.0	0.0
2025-01-09 00:00:00	0.0	0.0	0.0	0.0	0.0
2025-01-09 00:10:00	0.0	0.0	0.0	0.0	0.0
2025-01-09 00:20:00	0.0	0.0	0.0	0.0	0.0
2025-01-09 00:30:00	0.0	0.0	0.0	0.0	0.0
2025-01-09 00:40:00	0.0	0.0	0.0	0.0	0.0
2025-01-09 00:50:00	0.0	0.0	0.0	0.0	0.0
2025-01-09 01:00:00	0.0	0.0	0.0	0.0	0.0
2025-01-09 01:10:00	0.0	0.0	0.0	0.0	0.0
2025-01-09 01:20:00	0.0	0.0	0.0	0.0	0.0
2025-01-09 01:30:00	0.0	0.0	0.0	0.0	0.0
2025-01-09 01:40:00	0.0	0.0	0.0	0.0	0.0
2025-01-09 01:50:00	0.0	0.0	0.0	0.0	0.0
2025-01-09 02:00:00	0.0	0.0	0.0	0.0	0.0
2025-01-09 02:10:00	0.0	0.0	0.0	0.0	0.0
2025-01-09 02:20:00	0.0	0.0	0.0	0.0	0.0
2025-01-09 02:30:00	0.0	0.0	0.0	0.0	0.0
2025-01-09 02:40:00	0.0	0.0	0.0	0.0	0.0
2025-01-09 02:50:00	0.0	0.0	0.0	0.0	0.0
2025-01-09 03:00:00	0.0	0.0	0.0	0.0	0.0
2025-01-09 03:10:00	0.0	0.0	0.0	0.0	0.0
2025-01-09 03:20:00	0.0	0.0	0.0	0.0	0.0
2025-01-09 03:30:00	0.0	0.0	0.0	0.0	0.0
2025-01-09 03:40:00	0.0	0.0	0.0	0.0	0.0
2025-01-09 03:50:00	0.0	0.0	0.0	0.0	0.0
2025-01-09 04:00:00	0.0	0.0	0.0	0.0	0.0
2025-01-09 04:10:00	0.0	0.0	0.0	0.0	0.0
2025-01-09 04:20:00	0.0	0.0	0.0	0.0	0.0
2025-01-09 04:30:00	0.0	0.0	0.0	0.0	0.0
2025-01-09 04:40:00	0.0	0.0	0.0	0.0	0.0
2025-01-09 04:50:00	0.0	0.0	0.0	0.0	0.0
2025-01-09 05:00:00	0.0	0.0	0.0	0.0	0.0
2025-01-09 05:10:00	0.0	0.0	0.0	0.0	0.0
2025-01-09 05:20:00	0.0	0.0	0.0	0.0	0.0
2025-01-09 05:30:00	0.0	0.0	0.0	0.0	0.0
2025-01-09 05:40:00	0.0	0.0	0.0	0.0	0.0
2025-01-09 05:50:00	0.0	0.0	0.0	0.0	0.0
2025-01-09 06:00:00	0.0	4.721138153305017	5.548815587568791	0.0	0.0
2025-01-09 06:10:00	0.0	7.030953973674842	2.194278456795004	0.0	0.0
2025-01-09 06:20:00	2.540919152710923	3.9782968407718666	0.9169713353850013	0.0	0.0
2025-01-09 06:30:00	2.0912556615375935	6.1664350399029075	0.80684271659491	0.0	1.8152718926280806
2025-01-09 06:40:00	2.5129715948212024	7.167459755429249	1.6317953175658202	0.3009673068292796	1.8640311801717748
2025-01-09 06:50:00	5.31871021306665	6.92118007939058	5.375587903534385	0.7595705202419545	3.423098393394591
2025-01-09 07:00:00	5.887084072988348	6.705325980997269	7.02518343640163	4.025486665046304	4.163325754076054
2025-01-09 07:10:00	7.531214191924751	7.946986758720747	6.239100320295162	8.325486665046304	2.777257250908679
2025-01-09 07:20:00	7.699744566766485	6.284811457770192	4.587955424363051	4.563893628123514	2.451197390664168
2025-01-09 07:30:00	3.2140019657504184	5.801364937003764	6.3454277873140645	5.024456803802134	4.113885231656044
2025-01-09 07:40:00	1.8806190028542216	0.0	5.521753529198321	3.1342248319674195	1.9918494228420387
2025-01-09 07:50:00	1.1549671722351844	2.7253935375806737	6.307356313158646	5.144485695753202	4.327841001316737
2025-01-09 08:00:00	1.6699155482353376	0.0	4.013351361307841	8.6	1.7379629966597976
2025-01-09 08:10:00	2.490891037583919	0.0	1.245725647873238	5.1327537376101375	2.435460082211008
2025-01-09 08:20:00	0.0	0.0	0.0	2.110583262470757	0.32269968112427017
2025-01-09 08:30:00	0.0	0.0	0.0	0.0	0.0
2025-01-09 08:40:00	0.0	0.0	0.0	0.0	0.0
2025-01-09 08:50:00	0.0	0.0	0.0	0.0	0.0
2025-01-09 09:00:00	0.0	0.0	0.0	0.0	0.0
2025-01-09 09:10:00	0.0	0.0	0.0	0.0	0.0
2025-01-09 09:20:00	0.0	0.0	0.0	0.0	0.0
2025-01-09 09:30:00	0.0	0.0	0.0	0.0	0.0
2025-01-09 09:40:00	0.0	0.0	0.0	0.0	0.0
2025-01-09 09:50:00	0.0	0.0	0.0	0.0	0.0
2025-01-09 10:00:00	0.0	0.0	0.0	0.0	0.0
2025-01-09 10:10:00	0.0	0.0	0.0	0.0	0.0
2025-01-09 10:20:00	0.0	0.0	0.0	0.0	0.0
2025-01-09 10:30:00	0.0	0.0	0.0	0.0	0.0
2025-01-09 10:40:00	0.0	0.0	0.0	0.0	0.0
2025-01-09 10:50:00	0.0	0.0	0.0	0.0	0.0
2025-01-09 11:00:00	0.0	0.0	0.22569154101969036	0.0	0.0
2025-01-09 11:10:00	0.0	0.0	0.2537699131187048	0.0	0.0
2025-01-09 11:20:00	0.0	0.0	0.711903992556602	0.0	0.0
2025-01-09 11:30:00	0.0	0.0	0.17663298095328211	0.0	0.0
2025-01-09 11:40:00	0.0	0.0	0.5345610698143887	0.0	0.0
2025-01-09 11:50:00	0.0	0.0	1.5066047785676195	0.0	0.0
2025-01-09 12:00:00	0.0	0.0	0.9153576067353749	0.0	0.0
2025-01-09 12:10:00	0.0	0.0	0.0	0.0	0.0
2025-01-09 12:20:00	0.0	0.0	0.0	0.0	0.0
2025-01-09 12:30:00	0.0	0.0	0.0	0.0	0.0
2025-01-09 12:40:00	0.0	0.0	0.0	0.0	0.0
2025-01-09 12:50:00	0.0	0.0	0.0	0.0	0.0
2025-01-09 13:00:00	0.0	0.0	0.0	0.0	0.0
2025-01-09 13:10:00	0.0	0.0	0.0	0.0	0.0
2025-01-09 13:20:00	0.0	0.0	0.0	0.0	0.0
2025-01-09 13:30:00	0.0	0.0	0.0	0.0	0.0
2025-01-09 13:40:00	0.0	0.0	0.0	0.0	0.0
2025-01-09 13:50:00	0.0	0.0	0.0	0.0	0.0
2025-01-09 14:00:00	0.0	0.0	0.0	0.0	0.0
2025-01-09 14:10:00	0.0	0.0	0.0	0.0	0.0
2025-01-09 14:20:00	0.0	0.0	0.0	0.0	0.0
2025-01-09 14:30:00	0.0	0.0	0.0	0.0	0.0
2025-01-09 14:40:00	0.0	0.0	0.0	0.0	0.0
2025-01-09 14:50:00	0.0	0.0	0.0	0.0	0.0
2025-01-09 15:00:00	0.0	0.0	0.0	0.0	0.0
2025-01-09 15:10:00	0.0	0.0	0.0	0.0	0.0
2025-01-09 15:20:00	0.0	0.0	0.0	0.0	0.0
2025-01-09 15:30:00	0.0	0.0	0.0	0.0	0.0
2025-01-09 15:40:00	0.0	0.0	0.0	0.0	0.0
2025-01-09 15:50:00	0.0	0.0	0.0	0.0	0.0
2025-01-09 16:00:00	0.0	0.0	0.0	0.0	0.0
2025-01-09 16:10:00	0.0	0.0	0.0	0.0	0.0
2025-01-09 16:20:00	0.0	0.0	0.0	0.0	0.0
2025-01-09 16:30:00	0.0	0.0	0.0	0.0	0.0
2025-01-09 16:40:00	0.0	0.0	2.0690263049318527	0.0	0.0
2025-01-09 16:50:00	0.0	0.0	0.0	0.0	0.0
2025-01-09 17:00:00	0.0	0.0	0.0	0.0	0.0
2025-01-09 17:10:00	0.0	0.0	0.6630606806554642	0.0	0.0
2025-01-09 17:20:00	0.0	0.0	0.0	0.0	0.0
2025-01-09 17:30:00	0.0	0.0	0.20101516262523364	0.0	0.0
2025-01-09 17:40:00	0.0	0.0	0.0	0.0	0.0
2025-01-09 17:50:00	0.0	0.0	0.0	0.0	0.0
2025-01-09 18:00:00	0.0	0.0	0.288899780051977	0.0	0.0
2025-01-09 18:10:00	0.0	0.0	0.0	0.0	0.0
2025-01-09 18:20:00	0.0	0.0	1.1408336380687965	0.0	0.0
2025-01-09 18:30:00	0.0	0.0	0.1682258670505544	0.0	0.0
2025-01-09 18:40:00	0.0	0.0	1.8447522659186923	0.0	0.0
2025-01-09 18:50:00	0.0	0.003539141334250281	2.2313503996631945	0.0	0.0
2025-01-09 19:00:00	0.0	0.7265491459675907	3.448414463946518	0.0	0.0
2025-01-09 19:10:00	0.0	1.3576414944024222	3.227208089715321	0.0	0.0
2025-01-09 19:20:00	0.0	0.5632848771470635	2.4768454129377475	0.0	0.0
2025-01-09 19:30:00	0.0	0.0	1.8410875717628945	0.0	0.0
2025-01-09 19:40:00	0.0	0.0	1.1236165115353673	0.0	0.0
2025-01-09 19:50:00	0.0	0.6361668596484781	1.782934429374965	0.0	0.0
2025-01-09 20:00:00	0.0	1.341874487378239	0.46406624278564196	0.0	0.0
2025-01-09 20:10:00	0.0	4.131440583665272	0.057585256169854264	0.0	0.0
2025-01-09 20:20:00	0.0	3.7803981382458307	1.0069366234097528	0.0	0.0
2025-01-09 20:30:00	0.0	2.3484693844918465	1.576145527458493	0.0	0.0
2025-01-09 20:40:00	0.0	2.4688620611504857	1.8476162864970538	0.0	0.0
2025-01-09 20:50:00	0.0	1.889373412992638	1.5268475690851557	0.0	0.0
2025-01-09 21:00:00	0.0	2.0359995599425624	2.2112843455221958	0.0	0.0
2025-01-09 21:10:00	0.0	1.8156285705655961	3.568404115644208	0.0	0.0
2025-01-09 21:20:00	0.0	2.288576770302298	3.017267709708918	0.0	0.0
2025-01-09 21:30:00	0.0	0.8753498045745639	2.5862196704544216	0.0	0.0
2025-01-09 21:40:00	0.0	0.8555265053250563	2.7191279813619396	0.0	0.0
2025-01-09 21:50:00	0.0	1.5286471844915812	2.4839868562705743	0.0	0.0
2025-01-09 22:00:00	0.0	0.0	0.7176736718605272	0.0	0.0
2025-01-09 22:10:00	0.0	0.0	0.0	0.0	0.0
2025-01-09 22:20:00	0.0	0.6814888837035952	0.0	0.0	0.0
2025-01-09 22:30:00	0.0	0.0	0.0	0.0	0.0
2025-01-09 22:40:00	0.0	0.0	0.0	0.0	0.0
2025-01-09 22:50:00	0.0	0.0	0.0	0.0	0.0
2025-01-09 23:00:00	0.0	0.0	0.0	0.0	0.0
2025-01-09 23:10:00	0.0	0.0	0.0	0.0	0.0
2025-01-09 23:20:00	0.0	0.0	0.0	0.0	0.0
2025-01-09 23:30:00	0.0	0.0	0.0	0.0	0.0
2025-01-09 23:40:00	0.0	0.0	0.0	0.0	0.0
2025-01-09 23:50:00	0.0	0.0	0.0	0.0	0.0
2025-01-10 00:00:00	0.0	0.0	0.0	0.0	0.0
2025-01-10 00:10:00	0.0	0.0	0.0	0.0	0.0
2025-01-10 00:20:00	0.0	0.0	0.0	0.0	0.0
2025-01-10 00:30:00	0.0	0.0	0.0	0.0	0.0
2025-01-10 00:40:00	0.0	0.0	0.0	0.0	0.0
2025-01-10 00:50:00	0.0	0.0	0.0	0.0	0.0
2025-01-10 01:00:00	0.0	0.0	0.0	0.0	0.0
2025-01-10 01:10:00	0.0	0.0	0.0	0.0	0.0
2025-01-10 01:20:00	0.0	0.0	0.0	0.0	0.0
2025-01-10 01:30:00	0.0	0.0	0.0	0.0	0.0
2025-01-10 01:40:00	0.0	0.0	0.0	0.0	0.0
2025-01-10 01:50:00	0.0	0.0	0.0	0.0	0.0
2025-01-10 02:00:00	0.0	0.0	0.0	0.0	0.0
2025-01-10 02:10:00	0.0	0.0	0.0	0.0	0.0
2025-01-10 02:20:00	0.0	0.0	0.0	0.0	0.0
2025-01-10 02:30:00	0.0	0.0	0.0	0.0	0.0
2025-01-10 02:40:00	0.0	0.0	0.0	0.0	0.0
2025-01-10 02:50:00	0.0	0.0	0.0	0.0	0.0
2025-01-10 03:00:00	0.0	0.0	0.0	0.0	0.0
2025-01-10 03:10:00	0.0	0.0	0.0	0.0	0.0
2025-01-10 03:20:00	0.0	0.0	0.0	0.0	0.0
2025-01-10 03:30:00	0.0	0.018140895698109324	0.08411241919707173	0.0	0.0
2025-01-10 03:40:00	0.0	0.9307781031076137	1.1111443664077054	0.0	0.0
2025-01-10 03:50:00	0.0	1.3142664730749665	1.298888932452677	0.0	0.0
2025-01-10 04:00:00	0.0	1.7296386723591362	1.8477537262959176	0.0	0.0
2025-01-10 04:10:00	0.0	1.9501104576808572	1.9032370011770858	0.0	0.0
2025-01-10 04:20:00	0.0	1.9934754857127033	2.1906015326440125	0.0	0.0
2025-01-10 04:30:00	0.0	2.3153835860281338	2.338882208426236	0.0	0.45940363446236443
2025-01-10 04:40:00	0.0	2.320413761430751	2.2895147375865514	0.0	0.5772038764378551
2025-01-10 04:50:00	0.0	1.9703729616243177	2.340723575511811	0.0	0.6652314439918908
2025-01-10 05:00:00	0.0	2.1689682143753823	2.515315639649608	0.0	0.41384245616514453
2025-01-10 05:10:00	0.0643388358066863	2.5543144211119064	2.7951492358459267	0.0	0.7374712801123126
2025-01-10 05:20:00	0.6560142252067652	2.622751922499054	2.437031373001623	0.0	1.003359085413513
2025-01-10 05:30:00	0.8233318241802581	2.5121326359888236	2.2373715204777347	0.0	1.524534735034542
2025-01-10 05:40:00	1.088403901237802	2.429285465139247	2.3292248330850884	0.0	1.6244090995845473
2025-01-10 05:50:00	1.2238403896830443	2.1509624145358477	2.7783545930825784	0.0	1.4514631507558367
2025-01-10 06:00:00	2.6805733592300647	6.347274034009423	2.914780155952798	2.8718199196084093	3.01865026411963
2025-01-10 06:10:00	7.360573359230064	12.4	7.204782754738936	7.171819919608409	8.05865026411963
2025-01-10 06:20:00	9.36	12.4	7.500524834865629	8.6	5.9106740764485135
2025-01-10 06:30:00	6.660494709594161	8.943111811306798	5.389687547495327	8.6	8.67770582366468
2025-01-10 06:40:00	5.948114428607365	11.416412888758327	5.907728986791803	8.6	10.08
2025-01-10 06:50:00	5.9559949172120525	10.243468161686573	6.52163346825205	8.6	10.08
2025-01-10 07:00:00	4.3000877069490455	9.648856692039564	6.536455639075012	8.6	10.08
2025-01-10 07:10:00	8.980087706949046	12.4	8.400810199475165	8.6	10.08
2025-01-10 07:20:00	9.36	8.771633583496728	8.862744504756542	8.329990357736403	9.968705788251953
2025-01-10 07:30:00	9.36	6.615474636730998	13.276038911082509	6.82871476158482	7.163096598473089
2025-01-10 07:40:00	9.18150597222134	5.203372989204126	9.529509562966204	4.591710965947626	4.08596443618315
2025-01-10 07:50:00	5.991835521465177	6.877089333076923	9.206502335795852	3.971078827562369	2.179175813654811
2025-01-10 08:00:00	7.666946464782324	6.851819169361682	9.28427192298219	1.8351432307214424	2.5004752167111968
2025-01-10 08:10:00	3.7448523100044264	4.90448196008298	8.040774770327515	3.07423344873636	1.2945701705992412
2025-01-10 08:20:00	1.1357495870548096	2.6152227476612504	5.428540607720841	0.0	2.0530801454334826
2025-01-10 08:30:00	0.0	0.8102644996533259	1.6008728891886983	0.0	0.0
2025-01-10 08:40:00	0.0	0.0	0.0	0.0	0.0
2025-01-10 08:50:00	0.0	1.0290488696966236	0.0	0.0	0.0
2025-01-10 09:00:00	0.0	4.549979894121516	0.0	0.0	0.0
2025-01-10 09:10:00	0.0	5.455602823393853	3.1124013817291836	0.0	0.0
2025-01-10 09:20:00	0.0	4.310770987236271	2.3209102763661162	0.0	0.0
2025-01-10 09:30:00	0.0	2.497094563235733	0.0	0.0	0.0
2025-01-10 09:40:00	0.0	2.530843880574716	0.9775658753133533	0.5317095134899479	0.0
2025-01-10 09:50:00	0.0	0.5611605531934886	2.626030476344837	0.7048746905691678	0.0
2025-01-10 10:00:00	0.0	0.0	0.0	1.6200938785424226	0.0
2025-01-10 10:10:00	0.0	1.3712078385754733	0.0	1.621507842137886	0.0
2025-01-10 10:20:00	0.0	1.5650324606762531	0.0	1.4840153804670893	0.0
2025-01-10 10:30:00	0.0	2.753067307808843	0.0	0.12833755954472836	0.0
2025-01-10 10:40:00	0.0	0.0	0.0	0.0	0.0
2025-01-10 10:50:00	0.0	0.0	0.0	0.0	0.0
2025-01-10 11:00:00	0.0	0.0	0.0	0.0	0.0
2025-01-10 11:10:00	0.0	1.94001611453902	1.641501117411539	0.0	0.0
2025-01-10 11:20:00	0.0	1.1089444419332057	1.6365738312583105	0.0	0.0
2025-01-10 11:30:00	0.0	1.6617218218715526	0.3601322101826183	0.0	0.0
2025-01-10 11:40:00	1.0776393617667688	2.2772386994707823	2.5710409597642396	0.0	0.0
2025-01-10 11:50:00	0.6389848793063684	0.10515619600713746	3.4229833880548903	0.0	0.0
2025-01-10 12:00:00	0.8772784228465933	2.1339669797642355	2.0326315196994904	0.0	0.0
2025-01-10 12:10:00	3.1664439809837646	3.4491804520845393	2.38352244167845	0.0	0.0
2025-01-10 12:20:00	1.0072415042752754	3.3275324660335017	2.2725624239856472	0.0	0.0
2025-01-10 12:30:00	0.67525498138866	0.1953067659241258	3.029793186234091	0.0	0.0
2025-01-10 12:40:00	0.3470245375803953	0.0	0.0	0.0	0.0
2025-01-10 12:50:00	0.9095578813969354	0.0	0.6426915377748279	0.0	0.0
2025-01-10 13:00:00	0.0	0.28734930340874315	0.0	0.0	0.0
2025-01-10 13:10:00	0.97847760102479	1.053803157120432	0.0	1.1141133425193528	0.0
2025-01-10 13:20:00	0.9217737342377355	1.7309463164257548	0.0	1.5485131877819338	0.0
2025-01-10 13:30:00	1.334783460660569	0.7104872802741656	0.0	0.27898310655885983	0.0
2025-01-10 13:40:00	0.5894786720791227	0.3032184085497672	0.7221351138756305	0.0	0.0
2025-01-10 13:50:00	1.2096721194402944	0.329589786930577	0.02018297217204381	3.1668894489675874	0.0
2025-01-10 14:00:00	0.03293944736901303	0.0	0.0	1.679978301626874	0.0
2025-01-10 14:10:00	0.0	2.8004549634648304	5.226840666901072	0.7524207147420392	0.0
2025-01-10 14:20:00	0.47100537115422114	1.4149090461566232	4.826256571328447	2.9378654298223115	0.0
2025-01-10 14:30:00	4.537547299186085	3.778553323275132	2.8044348090074456	1.9855338599489318	0.0
2025-01-10 14:40:00	4.932164411998906	3.4761574413994127	0.7069576478131684	1.8284129251254464	0.0
2025-01-10 14:50:00	5.107686629979867	3.7989239166962125	2.347706480067711	3.21469692339058	0.0
2025-01-10 15:00:00	4.29543738965678	1.923291702756778	3.2398747153575025	4.29825976876372	0.0
2025-01-10 15:10:00	5.6234984777151205	3.5567042126454105	2.4007063259483314	5.21437312159308	0.0
2025-01-10 15:20:00	2.5628318252475992	3.189696500702317	3.3632009550912354	4.719285319861269	0.0
2025-01-10 15:30:00	3.0593680514220303	4.666173150088705	3.1109082335480274	3.6650005040817955	0.0
2025-01-10 15:40:00	5.072216778330926	6.824522237113541	5.362478970599337	4.8868393076656815	4.1212249988059355
2025-01-10 15:50:00	3.438275473011212	10.329027974008621	7.0168109018723515	2.8736219749746943	4.725713156462976
2025-01-10 16:00:00	4.60384582728145	8.72747578536936	0.3768109018723507	1.0385353298711408	3.789957560543866
2025-01-10 16:10:00	2.589282428422847	7.410820708630528	0.5402521105084576	0.8171145483586945	5.194316329555527
2025-01-10 16:20:00	3.3460564635125913	2.9806342684208755	5.828716828267493	0.0	1.965343696504428
2025-01-10 16:30:00	2.255049652229227	2.288197653630498	5.471097519255248	0.0	2.917713084719419
2025-01-10 16:40:00	2.2514250529165585	3.5804278100228437	4.5646987515279696	0.0	7.957713084719419
2025-01-10 16:50:00	0.27101338013560344	0.0	3.750666887588038	0.0	5.13841919799772
2025-01-10 17:00:00	0.0	1.8258513406953147	8.918171502332205	1.8982969759150548	5.7248346434693484
2025-01-10 17:10:00	0.484572951847262	5.115924644691237	7.048611294616904	1.5912956221206493	5.942898262266698
2025-01-10 17:20:00	1.146532908526228	7.992181593977779	5.646646124063145	3.09592308600153	5.652414937366856
2025-01-10 17:30:00	2.20833409590746	6.0411284033152315	4.893954260567289	0.187491827353814	4.45382832440988
2025-01-10 17:40:00	1.5295756408460228	1.7930262231752563	0.8473154317735099	0.4827446369425277	2.8637441645555315
2025-01-10 17:50:00	1.4126684673359842	6.392319925095932	2.1786022319093186	1.8498563616069092	2.6783651860896245
2025-01-10 18:00:00	4.9404011133183	1.7242599606274405	5.184617457733947	2.7153787195025174	3.7833480276974316
2025-01-10 18:10:00	4.912235398946751	2.143817445418612	4.738213400676868	5.470905683577649	3.1566252195189155
2025-01-10 18:20:00	2.263351955835126	4.088496445147938	3.272072512526152	2.5726978414577695	2.4937919799683974
2025-01-10 18:30:00	1.4773495781101624	2.6457963781519247	3.916598050158278	0.0	0.870406979346581
2025-01-10 18:40:00	1.8204570654750967	4.379137949837449	3.557269260924883	0.0	0.6549816291291921
2025-01-10 18:50:00	1.3485477980442493	2.9538434073613655	3.718337024161442	0.16270024453245135	0.5190446794966498
2025-01-10 19:00:00	0.8740330642709057	2.5624382980973452	0.0	0.0	0.0
2025-01-10 19:10:00	1.0374623898371018	1.407655999772	2.1131408432921046	0.0	0.6733572426957748
2025-01-10 19:20:00	0.37375332359403557	3.4338018722126415	4.0809428854253325	0.0	1.032153091331529
2025-01-10 19:30:00	0.4953276853826547	2.4559579080447254	0.5887460749224126	0.0	3.5226570587201738
2025-01-10 19:40:00	0.4674823640793999	2.498715512811211	0.15395465057103286	0.41333670529815497	5.480234379838016
2025-01-10 19:50:00	1.341652290098592	2.3761739296682043	1.7838310104966937	0.6641877293799647	3.0663368010344727
2025-01-10 20:00:00	1.922315976754796	1.9752391900949633	1.7236688206414739	0.0	3.0879842750821
2025-01-10 20:10:00	1.8923671037013308	0.37001888551078405	3.3712687775833174	0.0	2.086410620142464
2025-01-10 20:20:00	0.19358947109877153	2.7516544285539375	3.2002020777449554	0.0	1.9871351730162155
2025-01-10 20:30:00	0.42440248655636603	1.8269559866241636	0.8213843531681873	0.6111918256975288	2.544167373385538
2025-01-10 20:40:00	0.7682283423797307	5.069955648917227	3.254003229022443	1.9481397584181186	0.0
2025-01-10 20:50:00	1.003559989991564	4.014049665784048	4.763039079566357	0.8417476867552877	0.3433837664879102
2025-01-10 21:00:00	2.3124287439370828	2.9683622778256016	3.695626133831614	0.7723746074003001	0.6773075887476313
2025-01-10 21:10:00	2.2967563407250764	1.385409774519915	3.4722516859004338	0.0	0.0
2025-01-10 21:20:00	1.8418885936420488	1.4601295034271145	5.603015614648912	0.0	0.0
2025-01-10 21:30:00	2.27314477001756	1.5438744347208966	4.803163551188142	0.0	0.0
2025-01-10 21:40:00	2.340135583110105	2.970689315651414	4.240407489858572	0.6772080516290415	1.1707461081299284
2025-01-10 21:50:00	2.2705616840240723	2.8779496187674027	2.1521833196901703	3.116071337765174	1.1325309310903025
2025-01-10 22:00:00	1.6029663035356982	2.258850772772499	0.0	0.0	0.67806055533326
2025-01-10 22:10:00	0.0	0.949167637766477	0.0	0.0	0.0
2025-01-10 22:20:00	0.0	0.0877048965617875	0.0	0.0	0.0
2025-01-10 22:30:00	0.0	0.0	0.0	0.0	0.0
2025-01-10 22:40:00	0.0	0.0	0.0	0.0	0.0
2025-01-10 22:50:00	0.0	0.030937937297720042	0.0	0.0	0.0
2025-01-10 23:00:00	0.0	0.0	0.0	0.0	0.0
2025-01-10 23:10:00	0.0	0.0	0.0	0.0	0.0
2025-01-10 23:20:00	0.0	0.0	0.0	0.0	0.0
2025-01-10 23:30:00	0.0	0.0	0.0	0.0	0.0
2025-01-10 23:40:00	0.0	0.0	0.0	0.0	0.0
2025-01-10 23:50:00	0.0	0.0	0.0	0.0	0.0
2025-01-11 00:00:00	0.0	0.0	0.0	0.0	0.0
2025-01-11 00:10:00	0.0	0.0	0.0	0.0	0.0
2025-01-11 00:20:00	0.0	0.0	0.0	0.0	0.0
2025-01-11 00:30:00	0.0	0.0	0.0	0.0	0.0
2025-01-11 00:40:00	0.0	0.0	0.0	0.0	0.0
2025-01-11 00:50:00	0.0	0.0	0.0	0.0	0.0
2025-01-11 01:00:00	0.0	0.0	0.0	0.0	0.0
2025-01-11 01:10:00	0.0	0.0	0.0	0.0	0.0
2025-01-11 01:20:00	0.0	0.0	0.0	0.0	0.0
2025-01-11 01:30:00	0.0	0.0	0.0	0.0	0.0
2025-01-11 01:40:00	0.0	0.0	0.0	0.0	0.0
2025-01-11 01:50:00	0.0	0.0	0.0	0.0	0.0
2025-01-11 02:00:00	0.0	0.0	0.0	0.0	0.0
2025-01-11 02:10:00	0.0	0.0	0.0	0.0	0.0
2025-01-11 02:20:00	0.0	0.0	0.0	0.0	0.0
2025-01-11 02:30:00	0.0	0.0	0.0	0.0	0.0
2025-01-11 02:40:00	0.0	0.0	0.0	0.0	0.0
2025-01-11 02:50:00	0.0	0.0	0.0	0.0	0.0
2025-01-11 03:00:00	0.0	0.0	0.0	0.0	0.0
2025-01-11 03:10:00	0.0	0.0	0.0	0.0	0.0
2025-01-11 03:20:00	0.0	0.0	0.0	0.0	0.0
2025-01-11 03:30:00	0.0	0.0	0.0	0.0	0.0
2025-01-11 03:40:00	0.0	0.20724113362143207	0.31454498818816834	0.0	0.0
2025-01-11 03:50:00	0.0	0.726630073805447	0.7899005057337418	0.0	0.0
2025-01-11 04:00:00	0.0	0.9648318073414175	1.0664526913043948	0.0	0.0
2025-01-11 04:10:00	0.0	1.2920464226521364	1.4491908044317243	0.0	0.0
2025-01-11 04:20:00	0.0	1.7473832886538387	2.0538648803777035	0.0	0.0
2025-01-11 04:30:00	0.0	2.237092020184953	2.0445020101966054	0.0	0.0
2025-01-11 04:40:00	0.0	1.9195320583985038	1.9132346303004262	0.0	0.0
2025-01-11 04:50:00	0.0	1.6476946470428784	2.0744212878421755	0.0	0.0
2025-01-11 05:00:00	0.0	1.6626754704363156	2.1260809953871447	0.0	0.17095993433076512
2025-01-11 05:10:00	0.0	2.0574085687935444	2.1399567336078196	0.0	0.882636340360667
2025-01-11 05:20:00	0.0	1.9433345197954761	1.9905843579737703	0.0	1.1925368656769109
2025-01-11 05:30:00	0.0	1.7041096253314258	1.8239283617990858	0.0	1.0069492316360413
2025-01-11 05:40:00	0.0	1.8704204433329232	1.788726142935294	0.0	0.9769635755282048
2025-01-11 05:50:00	0.0	1.9996237753072972	1.4328267156337702	0.0	0.5968404328178407
2025-01-11 06:00:00	0.4439103182058342	2.2665498418588044	2.5264459090795426	0.0	1.2557446296094117
2025-01-11 06:10:00	5.123910318205834	6.643905877311404	1.894046307130968	0.0	4.390334696172
2025-01-11 06:20:00	3.330398663334929	4.991509191618802	2.475447091535235	0.0	4.836541738157106
2025-01-11 06:30:00	2.3027619661465883	3.9918673093733767	1.9892050562723265	0.0	4.900676485505405
2025-01-11 06:40:00	1.9252312152663298	5.190351501778128	5.235781685729097	2.1298243170065105	3.749330677424705
2025-01-11 06:50:00	2.7981668087996723	4.206515790536457	5.205694965648618	6.429824317006511	4.514849714576562
2025-01-11 07:00:00	1.991343174477924	4.1937170862931366	5.866145800077379	8.6	5.528535737323169
2025-01-11 07:10:00	6.595385364261372	6.018048205974719	8.14712800864845	8.6	6.182610400895513
2025-01-11 07:20:00	4.018955954365296	4.619419327266529	8.35905970039536	8.6	6.76735518893606
2025-01-11 07:30:00	4.4605647099337995	6.797814926640074	7.940055870880801	8.6	6.179887548369059
2025-01-11 07:40:00	5.594162966110104	7.038106174330544	10.682068527555927	8.6	6.42329214073247
2025-01-11 07:50:00	4.1339662961294446	5.897097884256061	10.52710014437278	8.6	7.945692777935553
2025-01-11 08:00:00	4.897724188600655	8.957636436350407	9.042992222292948	8.6	7.558163066439744
2025-01-11 08:10:00	5.484216011493618	10.168766299774724	8.668592021539288	8.6	5.71577436975724
2025-01-11 08:20:00	4.443728538478043	7.010691615286743	9.278734664060265	5.748719635970396	4.387162078488148
2025-01-11 08:30:00	1.5941562269255014	5.953900401485396	5.294185019693713	4.3086754442384505	1.6670594340728138
2025-01-11 08:40:00	3.0711012209055433	7.36035192904308	5.461276840065689	2.469408945683829	5.013719392700479
2025-01-11 08:50:00	2.098263627562982	5.399317676649106	5.442727357905074	2.6604336138035953	4.560759741922755
2025-01-11 09:00:00	1.5368477614244977	4.195081846354719	4.722184172808227	1.4498717141148483	2.00367464510445
2025-01-11 09:10:00	6.162140030683496	3.100066636233681	2.8136660632245216	0.0	1.1144412863048399
2025-01-11 09:20:00	4.635525621395089	5.188553655523041	2.055942357834236	0.0	2.181830893379946
2025-01-11 09:30:00	4.544045626125892	6.047420841794128	0.46083075283800573	0.035507772509338974	1.0605472048062758
2025-01-11 09:40:00	2.168368534656587	3.42248589887725	4.405696282978493	1.720794362846802	0.09418356492803287
2025-01-11 09:50:00	4.101921407983691	3.1890264428878154	2.7707060861815322	0.0	0.0
2025-01-11 10:00:00	0.7796215207763193	3.458131446357118	0.0	0.0	0.0
2025-01-11 10:10:00	1.1976623391423489	0.653718447088653	1.607844441381014	0.0	0.0
2025-01-11 10:20:00	0.0	0.0	1.5304336171767974	0.0	0.0
2025-01-11 10:30:00	0.0	1.3468083519052643	1.8076589626685253	0.0	0.0
2025-01-11 10:40:00	0.0	6.7190874794403435	0.32896831943897925	0.0	0.0
2025-01-11 10:50:00	1.5561674668103698	3.841149078747738	0.0	0.0	0.0
2025-01-11 11:00:00	0.9816894719801724	3.2502441220679827	0.0	0.0	0.0
2025-01-11 11:10:00	0.0	1.126357706024976	0.0	0.0	0.0
2025-01-11 11:20:00	0.0	2.8037789328285743	0.0	0.0	0.0
2025-01-11 11:30:00	0.0	0.21685073436133143	0.0	0.0	0.0
2025-01-11 11:40:00	0.0	0.0	0.0	0.0	0.0
2025-01-11 11:50:00	0.0	0.0	0.4787352989082705	0.0	0.0
2025-01-11 12:00:00	0.0	0.0	2.564879798853581	0.0	0.0
2025-01-11 12:10:00	0.0	2.268894139094544	3.626238526080785	0.0	0.0
2025-01-11 12:20:00	0.0	3.483425465412721	4.310317931969741	0.0	0.0
2025-01-11 12:30:00	0.0	2.1361343112890068	3.5049952943926534	0.0	0.0
2025-01-11 12:40:00	0.0	2.4219126019150656	4.112734581951541	0.0	0.0
2025-01-11 12:50:00	0.0	2.2022304948171327	1.169046432065587	0.0	0.0
2025-01-11 13:00:00	0.0	2.0119480937362884	0.44417004884614003	0.0	0.0
2025-01-11 13:10:00	0.0	1.8755245568557866	2.1579701094998245	0.0	0.0
2025-01-11 13:20:00	0.0	1.8506745811544776	2.3850179789869146	0.0	0.2066065258538129
2025-01-11 13:30:00	0.10864194639645296	2.5780370993292347	0.8983215139729132	0.0	2.1739672627993403
2025-01-11 13:40:00	1.1808132725565013	0.7846917169111509	3.1308175907010227	0.0	1.2758054543511694
2025-01-11 13:50:00	0.0	1.7229397321307074	3.5538497613660134	0.0	1.1288498487516154
2025-01-11 14:00:00	0.0	1.6087399410937355	2.8569931713268555	0.0	0.25904835977787954
2025-01-11 14:10:00	0.0	4.51021741555916	1.731964637180007	0.0	1.207453961459126
2025-01-11 14:20:00	0.0	6.354604662638663	1.8609741319912165	0.0	1.9606963635460877
2025-01-11 14:30:00	0.0	5.6149022915958104	1.6339158531898321	0.0	1.5427109871153224
2025-01-11 14:40:00	0.0	5.439611637063177	1.4971782538206244	0.0	1.5081202423137114
2025-01-11 14:50:00	0.0	3.500456778911314	0.0311150131476119	0.0	1.5514194133330603
2025-01-11 15:00:00	0.0	2.5051751577781776	1.1141160211083219	0.26734257169562986	2.4479365156864787
2025-01-11 15:10:00	0.0	2.608181973426097	2.3598973232704528	0.0	1.115231076977715
2025-01-11 15:20:00	0.0	0.09930372733019026	4.306319899427226	0.0	0.0
2025-01-11 15:30:00	0.0	1.6184591407969346	3.8329707164247666	0.0	0.8752256742466313
2025-01-11 15:40:00	0.0	3.702301222018788	3.1480115632597374	3.6270649309685212	1.3217707982365958
2025-01-11 15:50:00	1.1701421396486855	3.28873183050964	2.293748775727776	4.748185762392481	1.1736939849622594
2025-01-11 16:00:00	1.8607791941810163	2.4393614782997	2.255710280615704	4.2606112077197205	0.43769828795891885
2025-01-11 16:10:00	5.7397980987541715	3.816696234750928	4.627625418063969	2.58198809946528	1.2149263458874011
2025-01-11 16:20:00	4.607434482497102	1.5943037075655628	3.9788674353481257	0.8630749516147008	0.3465900203651916
2025-01-11 16:30:00	3.631901796523692	0.33793383548870837	6.1179028545263545	0.8773239640185058	2.710997903508907
2025-01-11 16:40:00	4.441850733560147	3.4885376563211943	3.3236142083659796	0.0	5.993010824321611
2025-01-11 16:50:00	6.275771241423907	3.572322433996088	2.808515677117985	1.9729523486971712	4.487273085940013
2025-01-11 17:00:00	4.886056991749108	2.98641992726956	3.7250202521644926	1.9606863250515425	3.6913673539233507
2025-01-11 17:10:00	4.421217076029308	4.12211610414474	4.728508159656964	4.259860991309784	5.515176867851875
2025-01-11 17:20:00	1.7963653493024552	4.305653829387367	4.437174608036002	3.659466166186053	4.744667934267001
2025-01-11 17:30:00	1.1109555989325324	4.859560492356994	5.905948460829677	3.470634545603315	3.7816161452257853
2025-01-11 17:40:00	2.0924156473759097	3.341329206899368	4.866337345657329	2.312796014872631	2.9187940798141003
2025-01-11 17:50:00	3.1815304227268744	2.3489716050981033	4.121589616858464	1.1735519012756546	3.049659248720579
2025-01-11 18:00:00	5.0329980451082115	3.343141763191821	1.7375408717850225	1.1094205284394796	3.058915817298862
2025-01-11 18:10:00	4.930115382857691	4.933439758584248	0.9239806751459233	2.5618395209139004	2.882362400588003
2025-01-11 18:20:00	4.830460709942328	4.3511485946562996	0.9733649975385262	0.31333596538384373	2.6534171306844208
2025-01-11 18:30:00	3.9961192923190634	2.2855470683619368	3.520692904667188	0.8971589472824149	2.432022494835678
2025-01-11 18:40:00	3.090492587465583	1.6121024120689995	5.061482658822775	4.520150997898737	0.9365265298506943
2025-01-11 18:50:00	1.3519810355306738	4.101607051362256	5.285097714599921	2.6487502035473707	0.2851248398662127
2025-01-11 19:00:00	1.383972528029863	3.013276266210161	7.395811487920813	0.2935624148848983	0.0
2025-01-11 19:10:00	0.6105143247225913	2.8525271271373267	7.57484936980996	2.2420092160354135	0.7789024923303777
2025-01-11 19:20:00	0.0	3.7275665605448296	5.3733971045944084	2.75055636328907	1.1614858460532873
2025-01-11 19:30:00	1.4514447946004596	3.296868252289377	3.76587237596984	2.294339325152554	1.489007042143171
2025-01-11 19:40:00	1.3343660278868361	3.8220517783399894	3.502292329803207	1.9554308324012681	1.1479082022425444
2025-01-11 19:50:00	1.7537170945422014	3.570573149250082	2.674365031624273	2.142968030539697	3.430045637197164
2025-01-11 20:00:00	2.08041769103018	3.7979386355434963	3.251786330383924	1.6498113564078822	1.6085876384223814
2025-01-11 20:10:00	3.0287796446631026	3.1288770126717402	6.600676337126192	2.2074229297344465	2.5609378871157826
2025-01-11 20:20:00	3.089025206751664	1.8779740976279777	2.9730512386919554	2.1494624342398594	5.286115880142951
2025-01-11 20:30:00	3.2529800919823764	2.16962143468384	3.002324055414551	1.6817235199712472	3.5303644093343096
2025-01-11 20:40:00	2.8471268204433664	3.738985093634279	3.8582846554911443	1.3929144219472454	2.749347201348291
2025-01-11 20:50:00	2.518515794984045	4.03350675570384	3.467468064591056	0.287689797523553	2.2256927515939244
2025-01-11 21:00:00	1.0704381060242494	7.782780461537039	3.493499722745053	1.2901202887563517	2.555530947103954
2025-01-11 21:10:00	2.0628190216843167	6.302578438332866	4.323936784281764	1.2727926415772215	1.0321296759598626
2025-01-11 21:20:00	1.3950583822097526	5.38711194364595	4.2950541796977895	1.38641483993284	1.2244328968437164
2025-01-11 21:30:00	2.4059041823600076	4.839160581836977	3.2137243351867877	1.2534004164821548	0.0
2025-01-11 21:40:00	2.316633555292738	4.830009877847757	3.6482837274243516	3.3448295691795638	0.916684759005536
2025-01-11 21:50:00	2.195294367894419	4.010332612518039	3.780845562935301	3.000335258406053	0.710941989709501
2025-01-11 22:00:00	0.0	1.4626229010517013	3.7459153135301864	1.8622242887372202	1.369604841177864
2025-01-11 22:10:00	0.0	0.8145440722844471	1.1809201911894556	0.0	0.7438797193454354
2025-01-11 22:20:00	0.0	3.6261245060843565	0.08326211932828956	0.0	1.2341547218732056
2025-01-11 22:30:00	0.0	3.800071420289802	0.0	0.0	1.8618681099887686
2025-01-11 22:40:00	0.0	3.419554799629235	0.0	0.0	1.0258989808730279
2025-01-11 22:50:00	0.0	3.802555497161615	0.0	0.0	0.5794608184364992
2025-01-11 23:00:00	0.0	0.0	0.0	0.0	0.0
2025-01-11 23:10:00	0.0	0.0	0.0	0.0	0.1942743909408695
2025-01-11 23:20:00	0.0	0.0	0.0	0.0	0.0
2025-01-11 23:30:00	0.0	0.0	0.0	0.0	0.0
2025-01-11 23:40:00	0.0	0.0	0.0	0.0	0.7158216462028286
2025-01-11 23:50:00	0.0	0.0	0.0	0.0	0.0
2025-01-12 00:00:00	0.0	0.0	0.0	0.0	0.0
2025-01-12 00:10:00	0.0	0.0	0.0	0.0	0.0
2025-01-12 00:20:00	0.0	0.0	0.0	0.0	0.0
2025-01-12 00:30:00	0.0	0.0	0.0	0.0	0.0
2025-01-12 00:40:00	0.0	0.0	0.0	0.0	0.0
2025-01-12 00:50:00	0.0	0.0	0.0	0.0	0.0
2025-01-12 01:00:00	0.0	0.0	0.0	0.0	0.0
2025-01-12 01:10:00	0.0	0.0	0.0	0.0	0.0
2025-01-12 01:20:00	0.0	0.0	0.0	0.0	0.0
2025-01-12 01:30:00	0.0	0.0	0.0	0.0	0.0
2025-01-12 01:40:00	0.0	0.0	0.0	0.0	0.0
2025-01-12 01:50:00	0.0	0.0	0.0	0.0	0.0
2025-01-12 02:00:00	0.0	0.0	0.0	0.0	0.0
2025-01-12 02:10:00	0.0	0.0	0.2616978045552674	0.0	0.0
2025-01-12 02:20:00	0.0	0.0	1.3119240719347154	0.0	0.0
2025-01-12 02:30:00	0.0	0.9209949489786416	1.8152944447422124	0.0	0.0
2025-01-12 02:40:00	0.0	1.9637524968344522	2.794075118367774	0.0	0.0
2025-01-12 02:50:00	0.0	2.625213017875616	3.2515267243727983	0.0	0.35428009350795475
2025-01-12 03:00:00	0.5316565594490422	3.371206644124922	3.8008989002063416	0.0	1.6327562644293883
2025-01-12 03:10:00	1.324845258437235	3.2348961346123577	3.3651362297091554	0.0	1.7594446985247432
2025-01-12 03:20:00	1.6868096309655636	3.250257991603765	3.229236448632573	0.0	1.6906840392660905
2025-01-12 03:30:00	2.0260300838895917	3.3784432324791727	3.7536818610241482	0.0	2.085994330893152
2025-01-12 03:40:00	2.2084965020762857	3.572887257938563	3.9085402208388182	0.0	2.3686021580703276
2025-01-12 03:50:00	2.1792141023661546	3.85183619506695	4.06292596629489	0.0	2.4647512875454494
2025-01-12 04:00:00	2.4086629695914668	3.8101233679239543	4.014551553671054	0.3135505578433302	2.439529387746515
2025-01-12 04:10:00	2.5722646698623217	3.7969418369338492	3.913348122386317	0.886991895937665	2.4456335353839265
2025-01-12 04:20:00	2.3918641338640447	3.9796151126300567	4.025655704602495	1.440840970170179	2.562623577331035
2025-01-12 04:30:00	2.46154243511086	4.135223911768447	4.184479007607897	1.8850621102966074	2.3880559444266294
2025-01-12 04:40:00	2.6682130170759417	3.665872323186335	3.740669437600515	1.6448415935668614	2.40004724273703
2025-01-12 04:50:00	2.555513636639534	3.4831778104826214	3.8996280208302405	1.7219483476423172	2.5301764286254524
2025-01-12 05:00:00	2.5237386543980747	3.4741770450047884	3.8392224362529257	1.6854076052395737	2.5193772654503768
2025-01-12 05:10:00	2.477491600948251	3.916516916578775	4.026666571492042	2.3758115646535667	2.6391910304347093
2025-01-12 05:20:00	2.6978598407591825	4.081979745620572	3.9929881650402566	2.0392338215260772	2.6760906298832228
2025-01-12 05:30:00	2.2828914229122352	3.8278470052668876	3.712254737053373	1.4096504486134576	2.3143984063263856
2025-01-12 05:40:00	2.236395994784265	3.7234450381444817	3.5594122609178216	0.8577379144463528	2.4203426950421925
2025-01-12 05:50:00	2.265908011854952	3.91683138368049	4.006769358065982	2.425680240794841	2.3906525713695443
2025-01-12 06:00:00	2.9036650128045136	3.79786011384479	4.19428855895539	2.511192939417011	6.630855867498143
2025-01-12 06:10:00	5.822867721225792	7.469679340763415	10.834288558955391	4.445089388660564	10.08
2025-01-12 06:20:00	4.435313510137428	6.066133057254306	7.40039741925346	3.5902754252762024	7.636095724331131
2025-01-12 06:30:00	4.7334645687925345	6.353065256594352	6.2529149452926065	5.636521880706578	5.821860380144653
2025-01-12 06:40:00	5.496120207216438	5.879335294350576	6.869164682646076	4.787150957172259	6.038370475220532
2025-01-12 06:50:00	9.36	8.111766772934898	5.785947787767732	3.770188354571813	6.109404245181408
2025-01-12 07:00:00	9.36	7.575404902462001	7.594439372932955	3.984694885180797	4.781752523337057
2025-01-12 07:10:00	9.36	12.4	11.061777367498218	6.07540926311227	5.42277854142918
2025-01-12 07:20:00	8.518701728918694	10.164494310670745	11.289436543827254	6.108885872725221	7.057700148257834
2025-01-12 07:30:00	7.749167113762002	8.115925977171068	8.488149946590331	4.722332451519638	6.179400559441445
2025-01-12 07:40:00	5.984028951212917	9.084545100144378	7.728310765730787	7.270709077833612	3.387392880652799
2025-01-12 07:50:00	6.303999438590253	9.078222919325468	6.324015701305115	5.2987443169826225	5.044827623856326
2025-01-12 08:00:00	9.113407842507248	10.363784910175896	7.638015986422504	7.0533104341456	4.620660589406364
2025-01-12 08:10:00	9.36	9.035296684266056	12.938106784169523	7.377156631535136	9.660660589406364
2025-01-12 08:20:00	9.36	11.290999833481731	12.447897066260637	6.405361164255351	7.66551415043557
2025-01-12 08:30:00	6.913435504054727	7.674485281705626	10.979538351404052	5.421662566741863	7.026413475144185
2025-01-12 08:40:00	6.182783886798979	6.318368767944549	11.245443466663733	7.685640532829307	5.477869377126545
2025-01-12 08:50:00	5.786428692864497	6.163114570124709	4.605443466663732	7.5660298612479195	6.358180672020552
2025-01-12 09:00:00	3.4883233711712047	5.315270866284514	0.4876151431022474	6.072485303780613	6.1131714572285185
2025-01-12 09:10:00	2.8989470910873725	3.519879348548083	2.2242792972099945	5.039015888206345	3.9624506525272696
2025-01-12 09:20:00	3.205329550113687	7.050656548823046	4.627663839639778	3.3930502856357663	5.305650436290055
2025-01-12 09:30:00	2.107278002235897	6.108495681635398	5.737485945680614	4.9418518250117485	4.311358193231452
2025-01-12 09:40:00	0.26924149521151824	5.860803745632357	3.595802484146587	6.094735949638682	1.2595878117756518
2025-01-12 09:50:00	0.0	2.858874772022313	3.2745701555085382	4.3163617914794346	0.6920448638625589
2025-01-12 10:00:00	0.0	0.0	0.0	2.2313178347295675	0.8737270369592436
2025-01-12 10:10:00	0.0	0.10436971671433329	0.13430059345834888	4.349265282693529	1.020059341315693
2025-01-12 10:20:00	0.0	0.0	0.5892628285014325	1.8348039829994205	0.0
2025-01-12 10:30:00	0.0	1.7560098958586385	1.1017618014096042	2.0054908324860583	0.0
2025-01-12 10:40:00	0.2017905307167384	2.1381017729490037	2.738630606292168	2.222822481091143	0.7232222250581697
2025-01-12 10:50:00	0.19075918450694473	1.795837551737506	0.07365324698535769	0.4849521283121052	0.0
2025-01-12 11:00:00	0.0	0.0	0.0	0.7035720096852529	0.0
2025-01-12 11:10:00	0.0	0.0	0.10945127156055459	2.842525339742608	0.0
2025-01-12 11:20:00	0.0	0.0	0.8788644735548768	2.1093000849123604	0.13126335330240035
2025-01-12 11:30:00	0.0	0.0	1.8529985444423183	0.0	0.7813844457953987
2025-01-12 11:40:00	1.1223008316096308	0.0	0.0	0.0	2.7128868943195226
2025-01-12 11:50:00	0.0	2.136541157073144	0.4074532839124186	0.0	1.1876587283108975
2025-01-12 12:00:00	0.0	0.911933857336053	0.0	0.0	1.6439947855234802
2025-01-12 12:10:00	0.0	1.2679171570030268	0.5891058383836142	0.0	1.3512913711138383
2025-01-12 12:20:00	0.0	3.3113937699859934	0.6131985338981715	0.0	1.145676440930745
2025-01-12 12:30:00	0.0	3.5981008301480717	0.0	0.8292201046209361	0.3913423050637954
2025-01-12 12:40:00	0.0	2.1593918140209443	0.0	1.7179551472111614	0.0
2025-01-12 12:50:00	0.0	5.145108864825499	0.0	0.35526003437756665	0.0
2025-01-12 13:00:00	0.0	0.0	0.0	0.14306929183607428	0.0
2025-01-12 13:10:00	0.0	0.1908900257989757	0.0	0.0	0.7420931841021142
2025-01-12 13:20:00	0.0	1.276452689285095	3.8405893920701724	0.0	0.5562649284428437
2025-01-12 13:30:00	0.0	2.069598134080138	1.069162157492715	0.0	0.0
2025-01-12 13:40:00	0.0	2.5849713420083007	1.1882246822950284	0.0	0.0
2025-01-12 13:50:00	0.0	2.9084958739079023	3.520881552141193	0.0	0.0
2025-01-12 14:00:00	0.0	0.0	2.5135171724337955	0.0	0.0
2025-01-12 14:10:00	0.0	0.0	5.4417094444400345	0.0	0.0
2025-01-12 14:20:00	0.0	0.0	5.314692086580076	0.0	0.0
2025-01-12 14:30:00	0.0	0.0	2.210613426927064	0.0	0.0
2025-01-12 14:40:00	0.0	0.42525667521251465	1.802808242747694	0.0	0.0
2025-01-12 14:50:00	0.0	2.7044033527449614	3.6199608560497625	0.0	0.0
2025-01-12 15:00:00	0.0	0.0	2.9767193709099624	0.0	0.0
2025-01-12 15:10:00	0.0	2.1767708581110394	3.5608513228693526	0.0	0.0
2025-01-12 15:20:00	0.0	6.216354360877265	6.924607383848791	0.0	0.0
2025-01-12 15:30:00	0.0	2.4718541683044695	6.239407838935703	0.5923578270622235	0.0
2025-01-12 15:40:00	0.0	1.8475170518034472	7.473322651922119	1.2393541380346367	0.0
2025-01-12 15:50:00	0.0	1.2465786271805126	5.842239107055821	1.238580474944831	0.0
2025-01-12 16:00:00	0.0	2.813401376725159	4.714684380533145	0.0	0.0
2025-01-12 16:10:00	0.0	3.652298248119708	4.077233564106449	1.8200468343209755	2.340336237609163
2025-01-12 16:20:00	1.6950602206386909	4.9531552390728635	3.9177922178407685	0.8123821431687116	2.494130262024493
2025-01-12 16:30:00	0.4925655101550124	3.7758731495556748	5.137909918740871	1.4368212554316284	2.615118715938904
2025-01-12 16:40:00	1.5387611246688158	4.369980652384705	5.242965254399056	1.586832463433635	2.5804619000445914
2025-01-12 16:50:00	1.4595820727279998	4.02805513496802	3.1194741152078005	2.6256058008752134	0.04874495020796894
2025-01-12 17:00:00	0.231607520713981	2.290464595250607	1.7302332929831459	1.2193876309954126	0.20085374404084724
2025-01-12 17:10:00	0.0	5.0424578063976675	2.6084448058577445	0.9541836275622693	0.8650975647051462
2025-01-12 17:20:00	1.6960660368547726	2.892976711396795	1.2201702415238056	3.705563231736917	1.3764890916842707
2025-01-12 17:30:00	1.5984735056072914	1.2849368812968915	2.1058497140154726	4.35384456228756	1.1983599907465396
2025-01-12 17:40:00	0.5417921127633316	0.33452055032432126	3.541299737278603	0.32757262081966404	2.1868102010871087
2025-01-12 17:50:00	0.6346103506599543	1.5699007442385062	0.0	0.0	3.511848488651111
2025-01-12 18:00:00	3.7440115491377584	3.1115706327128794	0.0	0.9807955660652152	2.48719534745573
2025-01-12 18:10:00	2.885619707116612	2.5848349128142782	3.875697768639423	1.6121455801593336	1.8662404973365374
2025-01-12 18:20:00	2.7716523692071835	4.1571757459493135	3.247138187840937	0.8674187096516427	1.6735658621947966
2025-01-12 18:30:00	2.7381983209389524	4.517413006055092	3.3278564347731194	0.0	1.7978142472983425
2025-01-12 18:40:00	2.278945538045408	3.2744406670323687	1.8967525048007638	0.0	1.4091488679245456
2025-01-12 18:50:00	1.1494259970656313	1.9955513511665666	0.0	0.0	1.495104272517324
2025-01-12 19:00:00	1.1947396647297575	2.874613056692646	0.0	0.0	2.1416723144895893
2025-01-12 19:10:00	0.0	0.6162185374627052	1.800494606250727	0.0	3.402927270536846
2025-01-12 19:20:00	0.0	2.262703404334983	2.335847503066597	0.0	3.140441006824987
2025-01-12 19:30:00	0.0	3.319516465450386	2.6962978930144694	0.0	2.7063622345003018
2025-01-12 19:40:00	0.04116606274755202	2.6554876321421133	4.29134741013187	0.5103716899972954	1.8226999542134408
2025-01-12 19:50:00	1.4720384658058934	3.954114162434558	3.6161406570193457	2.3310276836617168	1.5478740432142877
2025-01-12 20:00:00	1.4487318719122417	4.472006368040382	3.2095081856627097	1.9664457111800169	1.7859204563045286
2025-01-12 20:10:00	4.058621201024442	5.519459841095446	3.8264686182194527	2.306098525180127	3.1144923488439225
2025-01-12 20:20:00	3.1888687990697213	3.8097275085958744	2.95020370387738	0.9614269308463591	1.2656295515406768
2025-01-12 20:30:00	1.4967779663060519	3.5833860721590214	2.8568608370202266	2.9347166038832846	0.15436961338397234
2025-01-12 20:40:00	0.8226932942518064	5.246493725677774	4.670279835702141	2.6266727594844825	1.9395364529649246
2025-01-12 20:50:00	0.7988222499367059	5.724040356449391	5.694893795591632	2.188347325655637	1.847062378616581
2025-01-12 21:00:00	2.655312319174665	4.062160961302823	4.470307517444369	0.9791326958576794	2.076942036688527
2025-01-12 21:10:00	0.9180963609756058	4.806635458544478	3.0192308138966895	2.309473460317893	2.0499006745516644
2025-01-12 21:20:00	1.6537878481422472	3.2439678611807774	3.0844833558695566	2.7839550520747123	1.5798242751437248
2025-01-12 21:30:00	0.7237577662249977	4.056159414309072	4.352756878732733	3.1305179669691032	2.1236998911623064
2025-01-12 21:40:00	1.3423988641324176	4.8392972530018845	5.239885008822486	3.370245349311229	2.5556538257195758
2025-01-12 21:50:00	2.1341593654388338	4.575644358808572	4.909378978449161	3.7432986670934465	2.290993566879022
2025-01-12 22:00:00	1.752578372676785	4.820568717900561	1.9128373032866273	1.1661989144588005	1.938677303794631
2025-01-12 22:10:00	2.2541658345759834	4.643683219130287	4.34978691570896	0.0041391951986304775	0.6931677441800203
2025-01-12 22:20:00	3.9940691647901034	4.098277945813979	3.8011784473594545	0.9636038384508357	0.0
2025-01-12 22:30:00	4.68126474460393	3.6331899576775664	0.0	0.706832279675304	0.0
2025-01-12 22:40:00	3.1742503437109972	3.5578351480257346	0.922907743154763	1.434907797572793	0.0
2025-01-12 22:50:00	0.13220852332195376	2.472532083618878	0.0	0.3659084456985118	0.0
2025-01-12 23:00:00	0.0	0.5012813720913192	0.0	0.8883832898187626	0.0
2025-01-12 23:10:00	0.0	0.0	0.0	0.0	0.0
2025-01-12 23:20:00	0.0	0.8371243844586136	0.0	0.0	0.0
2025-01-12 23:30:00	0.0	1.7101673789393073	0.0	0.0	0.0
2025-01-12 23:40:00	0.0	0.0	0.0	0.0	0.0
2025-01-12 23:50:00	0.0	0.0	0.0	0.0	0.0
2025-01-13 00:00:00	0.0	0.0	0.0	0.0	0.0
2025-01-13 00:10:00	0.0	0.0	0.0	0.0	0.0
2025-01-13 00:20:00	0.0	0.0	0.0	0.0	0.0
2025-01-13 00:30:00	0.0	0.0	0.0	0.0	0.0
2025-01-13 00:40:00	0.0	0.0	0.0	0.0	0.0
2025-01-13 00:50:00	0.0	0.0	0.0	0.0	0.0
2025-01-13 01:00:00	0.0	0.0	0.0	0.0	0.0
2025-01-13 01:10:00	0.0	0.0	0.0	0.0	0.0
2025-01-13 01:20:00	0.0	0.0	0.0	0.0	0.0
2025-01-13 01:30:00	0.0	0.0	0.0	0.0	0.0
2025-01-13 01:40:00	0.0	0.0	0.0	0.0	0.0
2025-01-13 01:50:00	0.0	0.0	0.0	0.0	0.0
2025-01-13 02:00:00	0.0	0.0	0.0	0.0	0.0
2025-01-13 02:10:00	0.0	0.0	0.9672931642514909	0.0	0.0
2025-01-13 02:20:00	0.0	0.6692107849265612	2.0274108698418853	0.0	0.0
2025-01-13 02:30:00	0.0	1.4823910283502184	2.3724782101114332	0.0	0.0
2025-01-13 02:40:00	0.0	1.991889946096003	2.775310999854893	0.0	0.0
2025-01-13 02:50:00	0.0	2.530775445109372	3.4638022667950263	0.0	0.07034850989987027
2025-01-13 03:00:00	0.0	3.1771604195146868	3.7555694018516634	0.0	1.1109510012117354
2025-01-13 03:10:00	0.0	3.235350716233064	3.343300554517571	0.0	1.5287194033333287
2025-01-13 03:20:00	0.026382645781950625	3.5202449582493025	3.547005111336356	0.0	1.5503247279991552
2025-01-13 03:30:00	0.6846953945698542	3.491569181741564	3.943788061460189	0.0	1.7064071510248873
2025-01-13 03:40:00	1.2308138871848877	3.8298453694108243	3.766053799967091	0.0	2.067480357859174
2025-01-13 03:50:00	1.7820134466487965	3.493744646896258	3.6859395189243376	0.6247483927093407	2.5056357576987947
2025-01-13 04:00:00	2.049936051254395	3.36493641587356	3.528450910809939	0.769659804950593	2.1285621001631054
2025-01-13 04:10:00	2.170958419111838	3.9716487392005977	3.722402641207383	1.1671686286011755	2.1346385113513313
2025-01-13 04:20:00	1.892761558263937	3.9309544567492605	4.1433884893181245	1.715322468738522	2.3506251494056336
2025-01-13 04:30:00	2.0693463699224757	3.818715657913242	3.897772345143812	1.9865245661569486	2.727779541147099
2025-01-13 04:40:00	2.1272542627638495	3.6371122107936844	3.7428558317291336	1.5484282418395627	2.329299492562359
2025-01-13 04:50:00	2.015944151052938	3.7360586932954427	3.6216741462565345	1.749213401932612	2.407197447164749
2025-01-13 05:00:00	2.2358188967251134	3.65649124251124	3.834928764212807	1.8706878185003148	2.521590926191406
2025-01-13 05:10:00	2.2957186750394274	3.694168776158278	3.988036870337025	2.4393444964458446	2.3923258656485813
2025-01-13 05:20:00	2.3418357629213906	3.814812804569762	3.9716033517065163	2.335120355055603	2.6373502451745896
2025-01-13 05:30:00	2.2271860854153047	3.824741481845787	3.8269841291627387	1.9798186792433268	2.3243046669057725
2025-01-13 05:40:00	2.2561640490445742	5.80227446499361	3.961940411851208	2.532485060920973	2.3245999702776303
2025-01-13 05:50:00	2.596906308807473	12.002274464993612	4.058928476900277	6.832485060920973	2.0070312352774162
2025-01-13 06:00:00	7.276906308807473	12.4	6.340321730553981	8.6	7.047031235277416
2025-01-13 06:10:00	9.36	12.4	12.980321730553982	8.6	10.08
2025-01-13 06:20:00	9.36	10.851842184584044	9.787858187504398	8.6	7.683291170813163
2025-01-13 06:30:00	9.36	8.859704027373578	8.961545269979153	8.6	7.875504640863113
2025-01-13 06:40:00	9.36	10.390439470473932	11.622818569702478	8.6	6.425529588650986
2025-01-13 06:50:00	9.36	10.565661422104277	12.311772760388605	8.6	6.957710480696055
2025-01-13 07:00:00	9.36	7.144666938085057	10.286818449742647	8.6	7.763846554626877
2025-01-13 07:10:00	9.36	11.824945956887177	10.188535646095964	8.6	10.08
2025-01-13 07:20:00	9.36	12.4	12.641907530688407	7.166447470902661	7.657593643226865
2025-01-13 07:30:00	9.36	11.424578641865075	9.520454788693044	6.151241299197874	7.441974073244847
2025-01-13 07:40:00	9.36	8.993975298758775	7.15568491288184	5.393014099721299	7.69978644372343
2025-01-13 07:50:00	7.337950361732502	7.448311487982465	6.0851630427762275	4.995254826517854	5.0633416526850485
2025-01-13 08:00:00	7.5423760287287624	6.216610389310777	8.742806220759956	0.6952548265178543	7.319787137129932
2025-01-13 08:10:00	6.7580240767511075	7.27095041013905	9.791907076110915	1.224808750195223	6.468086038939908
2025-01-13 08:20:00	2.0780240767511073	2.2560889232675247	6.4152591005432855	2.84254817769962	6.076906145470158
2025-01-13 08:30:00	0.0	1.7078901219986815	4.29223517848256	0.0	1.0369061454701574
2025-01-13 08:40:00	0.0	2.2910085732819634	1.389983742280359	0.9736846469202188	0.0
2025-01-13 08:50:00	0.0	1.5047126581715584	2.6153763925539213	0.0	0.0
2025-01-13 09:00:00	0.0	0.0	2.2587882065056437	0.0	0.0
2025-01-13 09:10:00	0.0	2.401769766376167	3.1303845710934985	0.0	0.0
2025-01-13 09:20:00	0.0	3.1035855971459614	3.671454973918256	1.6866277134916041	0.0
2025-01-13 09:30:00	0.0	2.679014088900924	3.4092091194487497	5.182246692002725	0.0
2025-01-13 09:40:00	0.0	1.8105225741081103	1.2774737493279007	3.61570578271418	1.0225794850152452
2025-01-13 09:50:00	0.0	0.0	2.1498138733625995	0.0	1.5217281949630892
2025-01-13 10:00:00	0.0	0.0	1.7574402914374734	0.0	0.5305104065525182
2025-01-13 10:10:00	0.0	0.0	3.4453849890655373	0.0	0.6608872096166309
2025-01-13 10:20:00	0.0	1.3195396142315658	2.275184934509817	0.0	0.8534393478137892
2025-01-13 10:30:00	0.0	2.6250059327655233	1.309174850707227	0.0	1.3186916009897587
2025-01-13 10:40:00	0.0	0.931957072273913	0.9043595610491553	0.0	0.11239919571010104
2025-01-13 10:50:00	0.0	0.0	0.0	0.0	0.0
2025-01-13 11:00:00	0.0	0.8973174989169155	0.5965208282820197	0.0	1.6871787703462424
2025-01-13 11:10:00	0.0	3.6173851266535344	1.8302260431610617	0.0	0.7923759233315817
2025-01-13 11:20:00	0.0	0.7375659843290441	2.188771756371103	0.0	0.0
2025-01-13 11:30:00	0.0	1.0923272305368223	0.0	0.0	0.0
2025-01-13 11:40:00	0.0	0.0	0.0	0.0	0.0
2025-01-13 11:50:00	0.0	0.0	0.0	0.0	0.0
2025-01-13 12:00:00	0.0	0.0	0.0	0.0	0.0
2025-01-13 12:10:00	0.0	0.0	0.0	0.0	0.0
2025-01-13 12:20:00	0.0	0.0	0.0	0.0	0.0
2025-01-13 12:30:00	0.0	0.7163417352791855	0.12624694221608954	0.0	0.0
2025-01-13 12:40:00	0.0	0.8028890354488714	0.0	0.0	0.0
2025-01-13 12:50:00	0.0	0.8965089400419635	0.0	0.0	0.0
2025-01-13 13:00:00	0.0	0.0	0.0	0.0	0.0
2025-01-13 13:10:00	0.0	3.4933804373078274	0.0	0.0	0.0
2025-01-13 13:20:00	0.0	1.610027374036061	1.133538794251014	0.0	0.0
2025-01-13 13:30:00	0.0	0.5942415842479878	2.466186590991419	0.0	0.0
2025-01-13 13:40:00	0.0	0.4452982943984678	4.205257642765633	0.0	0.0
2025-01-13 13:50:00	0.0	0.0	2.167177467951619	0.0	0.0
2025-01-13 14:00:00	0.0	0.0	1.7259549849208977	0.0	0.0
2025-01-13 14:10:00	0.0	2.942668407517108	1.8880078679589685	0.0	0.0
2025-01-13 14:20:00	0.0	3.032632218428059	2.0996443613171616	0.0	0.0
2025-01-13 14:30:00	0.0	4.357208112381531	2.037948416238518	0.0	0.0
2025-01-13 14:40:00	0.0	3.270694201678053	2.5622965400187523	0.0	0.0
2025-01-13 14:50:00	0.0	3.234472589144156	1.9750441973203818	1.6167715021822329	0.0
2025-01-13 15:00:00	0.0	4.4350685178229705	1.96323759540864	0.9059000663883167	0.0
2025-01-13 15:10:00	0.0	5.287081666651071	2.042156804658139	0.6707034048923736	0.0
2025-01-13 15:20:00	0.0	7.270187502345171	2.2150805873160824	0.9780087811955079	0.0
2025-01-13 15:30:00	0.0	6.267508000894625	3.6596516284890366	0.0	0.0
2025-01-13 15:40:00	0.14487648163187	8.676282408463598	5.578527593794331	1.516898899861248	1.88929129651442
2025-01-13 15:50:00	2.7755108881429296	6.666232267441652	3.378431281746312	2.6502537346751036	1.2854558998948895
2025-01-13 16:00:00	2.66923492539952	7.435996109154921	4.135399819155823	1.9642326355841941	1.3772023241430893
2025-01-13 16:10:00	2.0302409299965016	8.558012320049183	10.699524541641884	3.3173151129885534	4.137057820941741
2025-01-13 16:20:00	3.025705239472806	9.418358752590178	7.966185938772772	4.417185018432991	3.9233058831763046
2025-01-13 16:30:00	1.4328654636404925	6.977047053920045	6.441408640667321	4.109956572640033	3.5689597124645482
2025-01-13 16:40:00	4.478066937798494	4.554595109397728	6.5163952227540936	3.1455334868742613	4.133709139483799
2025-01-13 16:50:00	7.550331110677141	4.209202069830882	5.402795748961938	3.5434067892261254	3.6511936073736786
2025-01-13 17:00:00	4.657189397242319	3.6558222092648025	4.435046757566691	5.38369378784095	3.3549704722662756
2025-01-13 17:10:00	1.8925420263672692	3.811316479477909	5.383435189062282	3.682174918131853	4.0549349308834435
2025-01-13 17:20:00	2.4248891402942165	5.3090763768555895	5.723761955034732	3.871890936916552	2.670005343056119
2025-01-13 17:30:00	3.6896126130615077	5.024884937677797	6.1525521098114435	2.1244858196999874	1.2837504800326913
2025-01-13 17:40:00	3.07602382379364	1.5099918720601648	6.189812982014558	0.6053259609448935	0.0
2025-01-13 17:50:00	0.0	2.7147232477988505	3.2964716938771357	0.0	0.0
2025-01-13 18:00:00	0.0	2.3529891469395934	3.2049496736960785	1.4688846232988566	1.2084901971701112
2025-01-13 18:10:00	1.1284587025455328	1.32766469122343	6.395552666421039	5.581801962935603	3.050779530030687
2025-01-13 18:20:00	2.482671917863758	2.3274120896087633	6.463682606919882	6.098367353490763	3.512503442084964
2025-01-13 18:30:00	0.4528826551663331	0.7630228090759124	2.8976118408697378	3.194484589574092	3.718256001270234
2025-01-13 18:40:00	1.417388492296941	1.359028341979664	3.4669182859564476	6.471025334668332	3.2113868723380876
2025-01-13 18:50:00	0.11199984259176664	2.86960601293495	3.8221107192162367	4.917530391564658	4.257342793691072
2025-01-13 19:00:00	0.0	2.6852774999254634	3.7433245230909655	1.758006867109456	1.9930119670192619
2025-01-13 19:10:00	0.0	4.657119127097241	2.296432583032305	1.297322992241475	0.8619527236029216
2025-01-13 19:20:00	0.7239577412540907	3.2892044890979086	0.0	2.1978328530844373	2.2744890803923723
2025-01-13 19:30:00	1.9642924566666793	3.255821537958397	0.0954460217780994	2.134115136650479	2.35258261966322
2025-01-13 19:40:00	0.8415126072725224	4.373170521876281	1.5462085281078712	2.6543047055554685	1.9961666045835482
2025-01-13 19:50:00	5.011169701880302	5.835079032407595	0.0	2.993596840037998	2.202263302509064
2025-01-13 20:00:00	2.612335403894267	5.057016371743375	0.9173299790976976	2.253052921773811	0.6942868111482109
2025-01-13 20:10:00	2.2552274198603786	4.2945272214353505	2.952420581942235	1.678991635963692	2.5501049838621324
2025-01-13 20:20:00	2.183338669933614	3.951975035177595	3.2967315545340194	1.6463341295203506	1.7712954392142528
2025-01-13 20:30:00	3.1630474599376512	3.8069831165725336	3.025466795549808	0.6048763615012962	0.8923705625159499
2025-01-13 20:40:00	2.019990652616441	1.7579642598797625	3.199311041513538	0.0	1.3959651232600876
2025-01-13 20:50:00	3.0552270577691942	2.5644660843933824	2.1667300458456555	2.6000359500569075	1.3178372002768899
2025-01-13 21:00:00	2.392964378701795	1.7386286394821555	3.5163469684688304	0.7750264840565091	4.017814622442754
2025-01-13 21:10:00	2.2258443661765166	1.7446234128763878	4.001133962085787	1.2074215250427305	3.4145399010909623
2025-01-13 21:20:00	3.772596000144162	0.748468571597641	1.978360935303593	3.0550583677049836	2.0579728978285954
2025-01-13 21:30:00	4.683669274175059	2.142344134252928	1.4960834221520156	2.2863644312884506	2.663505632104078
2025-01-13 21:40:00	2.9973910750325374	3.7532241659301677	1.5944015054781806	2.134113805359459	2.2045641582662134
2025-01-13 21:50:00	2.5488089810003483	3.5951110998100115	1.502011457258102	1.7014652929251388	2.821391874475369
2025-01-13 22:00:00	0.0	3.5481876525043514	1.5424654908253137	0.0	1.6433513757018474
2025-01-13 22:10:00	1.0896031116670397	1.5536053821125035	0.0	0.0	1.4074213626436265
2025-01-13 22:20:00	0.3863329518542038	2.358582438105378	2.328970308383154	0.0	1.7712746938019432
2025-01-13 22:30:00	1.0365847990299657	0.0	1.4321646218964903	0.0	2.170194005306845
2025-01-13 22:40:00	1.3680125230292008	0.0	1.5314890462138582	0.0	1.1476000429461901
2025-01-13 22:50:00	1.418882376988232	0.0	0.0	0.0	0.4099369160186681
2025-01-13 23:00:00	0.0	0.0	0.0	0.0	0.0
2025-01-13 23:10:00	0.0	0.0	0.0	0.0	0.0
2025-01-13 23:20:00	0.0	0.0	0.0	0.0	0.0
2025-01-13 23:30:00	0.0	0.0	0.0	0.0	0.0
2025-01-13 23:40:00	0.0	0.0	0.0	0.0	0.0
2025-01-13 23:50:00	0.0	0.0	0.0	0.0	0.0
2025-01-14 00:00:00	0.0	0.0	0.0	0.0	0.0
2025-01-14 00:10:00	0.0	0.0	0.0	0.0	0.0
2025-01-14 00:20:00	0.0	0.0	0.0	0.0	0.0
2025-01-14 00:30:00	0.0	0.0	0.0	0.0	0.0
2025-01-14 00:40:00	0.0	0.0	0.0	0.0	0.0
2025-01-14 00:50:00	0.0	0.0	0.0	0.0	0.0
2025-01-14 01:00:00	0.0	0.0	0.0	0.0	0.0
2025-01-14 01:10:00	0.0	0.0	0.0	0.0	0.0
2025-01-14 01:20:00	0.0	0.0	0.0	0.0	0.0
2025-01-14 01:30:00	0.0	0.0	0.0	0.0	0.0
2025-01-14 01:40:00	0.0	0.0	0.0	0.0	0.0
2025-01-14 01:50:00	0.0	0.0	0.0	0.0	0.0
2025-01-14 02:00:00	0.0	0.0	0.0	0.0	0.0
2025-01-14 02:10:00	0.0	0.0	0.7881513898027666	0.0	0.0
2025-01-14 02:20:00	0.0	1.036964848630374	1.6571266418925124	0.0	0.0
2025-01-14 02:30:00	0.0	1.7445211259123299	2.206904312094751	0.0	0.0
2025-01-14 02:40:00	0.0	2.343524716084947	2.5363428622762383	0.0	0.0
2025-01-14 02:50:00	0.0	2.7297869643327606	3.3112152104992436	0.0	0.0
2025-01-14 03:00:00	0.0	3.650356376251268	4.13846346579045	0.0	0.7116384256493763
2025-01-14 03:10:00	0.1254775428012429	3.579237984801075	4.00367777853092	0.0	1.497491702515238
2025-01-14 03:20:00	0.8240941789060634	3.2792664855502434	3.9858767285786065	0.0	1.8045929800494216
2025-01-14 03:30:00	1.2654130682255231	3.344320282081945	3.7797567177015376	0.0	1.8096541040229077
2025-01-14 03:40:00	1.4455625934233636	3.98928557550325	3.948447821475955	0.0	1.8978852589405275
2025-01-14 03:50:00	1.9049433969443283	3.8070949369030576	3.8004780763877095	0.0	2.010644758331399
2025-01-14 04:00:00	2.205085822872316	3.887037444891567	4.094016408115488	0.24074007667527259	2.215505488798493
2025-01-14 04:10:00	2.2951969119367606	3.9769383921826424	4.086195170388312	1.0508423740197446	2.3683734921549977
2025-01-14 04:20:00	2.1600415514434466	3.963066616415517	4.369614469108742	1.7415038272283365	2.1473248044524555
2025-01-14 04:30:00	2.3689908158272046	3.981489560984415	4.509331303912212	2.2231629634271197	2.6410444908894517
2025-01-14 04:40:00	2.3459708700629256	3.8609912744198116	4.3162728863531425	1.6454582918254943	2.85269361875814
2025-01-14 04:50:00	2.358537642413853	3.968327467801431	4.113052523095585	1.7728431490454022	1.7808712667542257
2025-01-14 05:00:00	2.452423429798269	3.7756548261293776	3.956751764099261	1.8824776415044902	1.9185907856193678
2025-01-14 05:10:00	2.301698051639808	4.151799223394865	4.317648047771352	2.1038841446474015	2.9877056404512867
2025-01-14 05:20:00	2.451835759942171	4.227921738104729	4.305279305878525	2.090578974679982	2.8558293519765154
2025-01-14 05:30:00	2.2673898975174516	3.693404740634452	3.911570228375675	2.0622668217839726	1.7955568386104717
2025-01-14 05:40:00	2.348790841468207	3.679563987690665	4.135519327936511	4.428917744618945	2.069934224662933
2025-01-14 05:50:00	7.019117622652804	4.065945017722039	4.525491933807674	8.6	2.055390686713872
2025-01-14 06:00:00	9.36	10.26594501772204	5.258216824942952	8.6	4.810889834324058
2025-01-14 06:10:00	9.36	12.4	11.898216824942953	8.6	9.85088983432406
2025-01-14 06:20:00	8.819170122552366	12.4	10.330255956511689	8.6	5.912033094828848
2025-01-14 06:30:00	7.781941623643594	12.4	8.136497596715225	8.6	7.094120633081069
2025-01-14 06:40:00	8.589985217841386	12.4	12.531530060858243	8.6	6.880426082519733
2025-01-14 06:50:00	6.621078500285072	12.4	13.280000000000001	8.6	6.430197401599118
2025-01-14 07:00:00	4.670092343134589	12.4	13.280000000000001	8.6	10.08
2025-01-14 07:10:00	3.598562662698715	12.4	13.280000000000001	8.6	10.08
2025-01-14 07:20:00	7.116530090041214	11.738383565251983	11.032609442650843	7.793443012909705	9.350503503972616
2025-01-14 07:30:00	5.937561024975409	10.089992181166934	8.216222399021545	6.99076307375094	7.239476442077931
2025-01-14 07:40:00	9.36	9.344103190113067	11.06310938409056	6.579466255259767	7.536064233378507
2025-01-14 07:50:00	4.920152019095457	5.7350171054296215	7.006148311911963	5.321965226732746	7.674871387150474
2025-01-14 08:00:00	4.39456341927035	5.82942715202373	8.040073298647156	4.786877417113614	6.780200891832674
2025-01-14 08:10:00	2.61512546839514	5.196795446317203	8.340962638832847	5.107945841261526	5.274697410700204
2025-01-14 08:20:00	0.8371762815470416	3.279798128043597	7.368683342481768	1.3999164963608013	3.1138690416514407
2025-01-14 08:30:00	0.0	0.0	1.2438584430905038	1.148351745273725	0.0
2025-01-14 08:40:00	0.0	1.3248804682498747	0.0	0.0	0.0
2025-01-14 08:50:00	0.0	0.0	0.16842353562581777	0.0	0.0
2025-01-14 09:00:00	0.0	3.9887910983736123	1.3626814917650902	0.19202750471253058	0.0
2025-01-14 09:10:00	0.0	4.811264010683406	0.0	2.737555409441582	1.7206625976226584
2025-01-14 09:20:00	2.9967386210264313	2.0465449678689245	4.754607282498499	1.4240273182196783	2.876510976360284
2025-01-14 09:30:00	0.0	1.5121012360766304	7.969218749375894	0.0	0.0
2025-01-14 09:40:00	1.1486045536232552	2.071494308689189	4.896804973239552	2.3382506217131835	0.0
2025-01-14 09:50:00	0.0	4.670793995770892	0.23902147951438746	0.0	0.0
2025-01-14 10:00:00	0.22746264833020258	4.082836610216385	1.7527123088103522	0.0	0.0
2025-01-14 10:10:00	0.0	5.277124984684235	3.775770156003677	0.0	1.0446988506518553
2025-01-14 10:20:00	0.0	4.113852562532387	4.47102690926246	0.0	1.0238752834183724
2025-01-14 10:30:00	0.0	4.048438368237954	1.7257821065899002	0.0	0.7688665278076413
2025-01-14 10:40:00	0.0	1.710304923648481	1.2686649471999554	0.0	0.20167502034289939
2025-01-14 10:50:00	0.0	0.23652500560439724	0.0	0.0	0.8472183970186677
2025-01-14 11:00:00	0.0	0.0	0.4457320658023939	0.0	1.5139023847056432
2025-01-14 11:10:00	0.0	0.0	0.8077659830123406	0.0	2.770941931123998
2025-01-14 11:20:00	0.0	0.0	2.6767782536962894	0.0	0.9104587482602038
2025-01-14 11:30:00	0.0	0.0	1.6478741171693874	0.0	0.7533479392863239
2025-01-14 11:40:00	0.0	0.0	2.395498597494361	0.0	1.7568393591173104
2025-01-14 11:50:00	0.1953476779764229	0.0	2.383775944209544	0.0	2.5126769277849186
2025-01-14 12:00:00	0.611850808357878	1.6461663438660346	4.882699530575793	0.0	2.9061935168383797
2025-01-14 12:10:00	0.7017772148049488	6.215926893149978	1.4638686354580672	3.2455883248808064	0.4184178326865164
2025-01-14 12:20:00	0.0	6.66900188682385	2.1874946760945946	2.8634118808264724	1.5384582229919515
2025-01-14 12:30:00	0.0	5.608753050427807	3.324359801043886	0.8728415356919556	0.0
2025-01-14 12:40:00	0.0	5.535302784824952	2.7336811325736043	2.6464966040064293	0.15782589616374465
2025-01-14 12:50:00	0.0	2.863263202568987	1.5154271266354693	2.93464145312502	0.0
2025-01-14 13:00:00	0.0	3.016712450408584	2.4670331572429056	0.7182958842873246	0.0
2025-01-14 13:10:00	0.0	0.7997437867781658	3.0409845160725912	0.0	1.6559249149318314
2025-01-14 13:20:00	0.0	0.0	2.4205650758102837	0.0	0.44050640509696093
2025-01-14 13:30:00	0.0	0.0	1.973441655297063	0.0	0.0
2025-01-14 13:40:00	0.0	0.0	1.3364582325120282	0.0	0.0
2025-01-14 13:50:00	0.0	0.0	0.0	0.0	0.0
2025-01-14 14:00:00	0.0	0.0	0.0	0.0	0.0
2025-01-14 14:10:00	0.0	0.0	1.3995361353710492	0.0	0.0
2025-01-14 14:20:00	0.0	0.0	1.3510428881783283	0.0	0.0
2025-01-14 14:30:00	0.0	0.0	0.33164153027613574	0.0	0.0
2025-01-14 14:40:00	0.0	0.0	0.8877586010815961	0.0	0.0
2025-01-14 14:50:00	0.0	0.0	0.0	0.0	0.0
2025-01-14 15:00:00	0.0	0.0	0.0	0.0	0.0
2025-01-14 15:10:00	0.0	0.0	0.0	0.0	0.0
2025-01-14 15:20:00	0.0	0.0	0.608061187910985	0.0	0.0
2025-01-14 15:30:00	0.0	1.883073467929545	3.0565797488397237	0.0	0.0
2025-01-14 15:40:00	0.0	0.5398135613836686	2.590686253850542	0.0	0.0
2025-01-14 15:50:00	0.0	3.189931214078612	2.8018971985071333	0.0	0.0
2025-01-14 16:00:00	0.0	3.1827195669246757	5.4783226224057495	0.0	0.0
2025-01-14 16:10:00	0.0	5.8090750098598605	5.459734457869865	0.0	0.0
2025-01-14 16:20:00	0.0	6.990928151915376	5.162682279136417	1.3491547172332816	0.0
2025-01-14 16:30:00	0.0	4.955460581072294	4.861451834931811	4.3296641609257165	0.0
2025-01-14 16:40:00	0.0	4.512206872074262	3.951787819274243	5.780798957091421	0.0
2025-01-14 16:50:00	0.0	5.932886789013487	2.1814632334435102	3.3385936718704126	0.0
2025-01-14 17:00:00	0.0	4.967700800694728	4.834339685606044	2.4070506029502	0.0
2025-01-14 17:10:00	0.0	6.231037195530406	4.489011336233438	3.8393737834038135	0.0
2025-01-14 17:20:00	0.27166106046402466	3.6009296726712776	4.650535545601065	2.8570026391436167	0.0
2025-01-14 17:30:00	1.8000943521031023	2.985990836519475	4.503417301436335	0.5639290811966028	0.19381688479489823
2025-01-14 17:40:00	2.555065419899833	4.568645735665564	5.931873709911038	1.266306943172837	1.636130452125382
2025-01-14 17:50:00	0.012434249689590136	3.86103033368657	4.12639509481441	2.928645282119831	3.5790369448203236
2025-01-14 18:00:00	1.7702742866449972	2.710101917316054	3.179748623270253	3.0985965319003554	0.0
2025-01-14 18:10:00	3.0451836252904165	2.16927318841007	5.111025841228525	1.5294810578312907	1.1383446886040323
2025-01-14 18:20:00	3.0772882353798785	4.074015422294966	4.828406951177829	0.0	3.0390530144790446
2025-01-14 18:30:00	4.131532329808895	4.480635363748588	4.820862206142933	0.0	0.9378662500206993
2025-01-14 18:40:00	3.4835505082879523	3.5525796555771216	8.227488987569352	0.0	2.8429984305740015
2025-01-14 18:50:00	2.1820523600035706	4.366612005501192	5.371611048276356	1.7670298869900123	1.6048826636690015
2025-01-14 19:00:00	1.2865373906649857	2.268044662046465	2.5675172742845054	0.0	1.6142882942994292
2025-01-14 19:10:00	0.8580645024261613	3.0624611319242017	3.7263558980095555	1.7987198125529322	1.3023474668840986
2025-01-14 19:20:00	0.0	3.689653707706006	3.295418266178057	3.3210155486658666	0.8621890451411236
2025-01-14 19:30:00	0.0	4.354075695754295	3.4259292417305094	1.5576337183703974	0.576200271858676
2025-01-14 19:40:00	0.0	5.870214886445042	2.0475604003385977	2.9194210621889587	2.0014684469280684
2025-01-14 19:50:00	0.829111529693239	6.673623310476542	1.923898985098531	2.4382234640478333	3.2429332852091672
2025-01-14 20:00:00	2.1737799776539086	4.353619558511922	1.5085866040904943	2.124704821268766	1.2204333794211264
2025-01-14 20:10:00	2.009691714155938	2.749432939329114	2.959540772622665	2.3045410311210026	2.3887087084995526
2025-01-14 20:20:00	1.8584755779956095	3.2352555243061256	2.63103704894869	1.682588288307101	3.7804512995082122
2025-01-14 20:30:00	2.117374144900943	3.2672918761490375	4.3828149971335755	1.273951898450938	1.7947691989941827
2025-01-14 20:40:00	2.8656389954890167	2.9146021652619796	3.2970827919180046	1.8983011347946297	0.8176063252510481
2025-01-14 20:50:00	1.8950522471814961	3.0247767184703225	4.971776067173792	1.2110694877695096	0.4337157480258568
2025-01-14 21:00:00	2.3041233822149136	5.3458246783259336	8.33558673573013	2.350673990826639	3.677440154647745
2025-01-14 21:10:00	1.197711311581508	4.152900645051748	6.085505975406264	2.035281400986402	3.725672535317193
2025-01-14 21:20:00	1.528872698112966	4.41230583434131	5.696446405804365	2.0081890497413974	3.7511354603626623
2025-01-14 21:30:00	1.282019501804741	3.0713955159291673	5.177991190970925	1.9571473266697739	3.0185218441720525
2025-01-14 21:40:00	0.711719123326696	2.314291197758402	6.558810724138702	2.062600357811447	2.186679768419628
2025-01-14 21:50:00	1.3318245146253083	2.0259312896499013	4.696654248366096	2.098010213901601	2.921653369953315
2025-01-14 22:00:00	0.1968771421311668	1.0248089691215774	2.2875045006036845	0.9609342447606513	3.8985729667302014
2025-01-14 22:10:00	1.3672509077437598	3.899572938767621	4.306270281014471	0.0	3.399594138939302
2025-01-14 22:20:00	0.0	0.8130998538955405	4.395355083699296	0.0	2.1007428188765416
2025-01-14 22:30:00	0.0	0.4260054652859154	3.301939439144089	0.0	1.3800422927592089
2025-01-14 22:40:00	0.0	0.9395872453159181	3.1888666575066993	0.0	0.0
2025-01-14 22:50:00	0.0	0.6237574048860286	0.26365127227929913	0.0	0.0
2025-01-14 23:00:00	0.0	0.0	0.0	0.0	0.0
2025-01-14 23:10:00	0.0	0.0	0.0	0.0	0.0
2025-01-14 23:20:00	0.0	0.0	0.0	0.0	0.0
2025-01-14 23:30:00	0.0	0.0	0.0	0.0	0.0
2025-01-14 23:40:00	0.0	0.0	0.0	0.0	0.0
2025-01-14 23:50:00	0.0	0.0	0.0	0.0	0.0
2025-01-15 00:00:00	0.0	0.0	0.0	0.0	0.0
2025-01-15 00:10:00	0.0	0.0	0.0	0.0	0.0
2025-01-15 00:20:00	0.0	0.0	0.0	0.0	0.0
2025-01-15 00:30:00	0.0	0.0	0.0	0.0	0.0
2025-01-15 00:40:00	0.0	0.0	0.0	0.0	0.0
2025-01-15 00:50:00	0.0	0.0	0.0	0.0	0.0
2025-01-15 01:00:00	0.0	0.0	0.0	0.0	0.0
2025-01-15 01:10:00	0.0	0.0	0.0	0.0	0.0
2025-01-15 01:20:00	0.0	0.0	0.0	0.0	0.0
2025-01-15 01:30:00	0.0	0.0	0.0	0.0	0.0
2025-01-15 01:40:00	0.0	0.0	0.0	0.0	0.0
2025-01-15 01:50:00	0.0	0.0	0.0	0.0	0.0
2025-01-15 02:00:00	0.0	0.0	0.021743092905857703	0.0	0.0
2025-01-15 02:10:00	0.0	0.813535409588001	1.515045062054912	0.0	0.0
2025-01-15 02:20:00	0.0	1.7448591613269717	2.201633249759152	0.0	0.0
2025-01-15 02:30:00	0.0	2.1604404062976132	2.586558093165509	0.0	0.0
2025-01-15 02:40:00	0.0	2.547253339094224	3.0077212254335604	0.0	0.0
2025-01-15 02:50:00	0.0	3.063265116146254	3.620266496635337	0.0	0.5709053601780252
2025-01-15 03:00:00	0.0	3.2371378080599715	3.633884414228635	0.0	1.5377628455014682
2025-01-15 03:10:00	0.24025519610747148	3.140474413211688	3.564307987118315	0.0	1.8082630811678566
2025-01-15 03:20:00	0.8354861481429275	3.252470952215979	3.61037133069797	0.0	1.883393499612289
2025-01-15 03:30:00	1.428002065761962	3.440241814782927	3.8052044161234324	0.0	1.9076061362380246
2025-01-15 03:40:00	1.5167642542284545	3.586637938208216	3.7649862584373537	0.0	2.006467903829544
2025-01-15 03:50:00	1.860245817281265	3.52683643752683	3.505940995562717	0.0	2.3120986853801453
2025-01-15 04:00:00	2.055499812739042	3.512600902965349	3.5674756084133934	0.03640761761611793	2.3285413999939952
2025-01-15 04:10:00	2.029798671720701	3.3329256733835155	3.832367366657667	0.7539258312195922	2.305600749099883
2025-01-15 04:20:00	1.918195663143572	3.5472628151449066	4.131783462835546	1.1775502836212397	2.0621584040414045
2025-01-15 04:30:00	2.2287203399284814	3.6348235743561554	4.170130815071877	1.6026302527016723	2.6730933186341823
2025-01-15 04:40:00	1.9516059872323408	3.3689965583367982	3.958885132926777	1.246360161053452	2.3228739009227306
2025-01-15 04:50:00	1.8205288496077454	3.5650320192833407	3.654448126697565	1.3750167230487824	1.9967025487565957
2025-01-15 05:00:00	2.1527874776282823	3.7079717304939983	3.4105385303846307	0.9480583153691042	2.3271672375795376
2025-01-15 05:10:00	2.2395646954971316	3.712390148900842	3.585105774328762	1.6564131780077167	2.7079575609422077
2025-01-15 05:20:00	2.3018341163727034	3.6062244390435625	3.7233930251454783	2.4474960688347647	2.6576220311307015
2025-01-15 05:30:00	2.079419186703326	3.585100598084845	3.441558047357727	1.8043485136913056	2.1694023362083414
2025-01-15 05:40:00	1.812986734815166	3.486796266329492	3.699812909923877	4.710838407845341	2.3782669590622003
2025-01-15 05:50:00	3.3679701202838084	9.620057114121565	3.024305913834782	8.6	2.4397873720298273
2025-01-15 06:00:00	8.047970120283807	12.4	5.741280499277425	8.6	1.7486106752203545
2025-01-15 06:10:00	9.36	12.4	12.381280499277427	8.6	6.7886106752203546
2025-01-15 06:20:00	9.36	12.4	8.448405241845451	8.6	5.985562941328515
2025-01-15 06:30:00	9.36	12.4	9.368096424545504	8.6	5.597186394336716
2025-01-15 06:40:00	9.36	12.4	9.931049092816586	8.6	7.431120488705303
2025-01-15 06:50:00	9.36	12.4	9.23013231115838	8.6	9.523979121667393
2025-01-15 07:00:00	9.36	12.4	8.058602303017784	8.6	6.626504008515965
2025-01-15 07:10:00	9.36	11.060946243118398	10.78906690706019	8.6	10.08
2025-01-15 07:20:00	7.513523756728343	9.453978445242717	10.781748983606482	8.6	8.889506847827576
2025-01-15 07:30:00	8.387573064460437	10.026737248895405	12.047556013854136	8.235680126627221	8.171744200194388
2025-01-15 07:40:00	4.317301098171963	9.857855115685828	8.171789448795717	3.9356801266272217	4.897208880289158
2025-01-15 07:50:00	3.956508108266372	8.180323769750354	7.804021039137594	5.110674979684411	5.347774504228661
2025-01-15 08:00:00	0.6991186783177132	7.022366415867833	8.211812756608529	3.4548864128471446	6.112863834252137
2025-01-15 08:10:00	0.0	5.535830119117716	8.270500086034465	2.740033890999979	1.4419191554385593
2025-01-15 08:20:00	0.0	0.0	6.5374058342500305	1.7009650382363917	0.926627121876771
2025-01-15 08:30:00	0.0	0.0	3.0824162247909737	0.07555257173399187	3.2685740212878738
2025-01-15 08:40:00	1.329008967712693	0.0	0.0	0.0	0.0
2025-01-15 08:50:00	1.209372546311715	0.0	0.0	1.1055482631122613	0.03879543275525576
2025-01-15 09:00:00	1.2969317624127656	2.3232381877009014	0.6778822931394025	0.26676922425032173	0.4675075345650792
2025-01-15 09:10:00	3.352752585282516	4.422823402702467	2.3179555767755686	0.0	2.3601075451811986
2025-01-15 09:20:00	4.355756159139157	4.843629379641202	6.158098928055768	0.0	1.3071975565692102
2025-01-15 09:30:00	4.032694517365337	7.632337041178774	5.471667440813601	0.0	2.8083719752657648
2025-01-15 09:40:00	5.801475693232752	5.538949514147739	5.526044685777912	2.543366781858909	2.969053538918014
2025-01-15 09:50:00	4.807654684070272	4.717987476189273	7.2678852307529445	1.94526524235419	2.1457911890823147
2025-01-15 10:00:00	2.546078325029516	1.7957765958482987	6.283599350030407	0.0	0.32892791004701794
2025-01-15 10:10:00	3.904736572925767	1.7892012144042342	5.074122552184192	0.6915147615312723	1.8157275041061376
2025-01-15 10:20:00	3.195612711027742	0.0	4.219924511176679	0.07732164715462604	0.2356474984161261
2025-01-15 10:30:00	1.5836382948437648	0.0	1.6625058215816928	1.2664823778574392	0.9342988076388133
2025-01-15 10:40:00	0.0	1.2365860864410265	0.28335204294199506	1.272962695901772	0.8958129030989979
2025-01-15 10:50:00	2.4220159984052523	2.241962765602124	1.8937722901903582	1.5588695442990619	1.9598993050691034
2025-01-15 11:00:00	2.3080430415554445	3.614618519068264	1.2871984788809678	0.5396455157274297	0.9825075805829416
2025-01-15 11:10:00	2.789911122824893	1.3285978440232507	0.0	0.0	1.0267870149541778
2025-01-15 11:20:00	0.0	0.0	0.5676473620010147	0.03016600768721255	1.083397860047581
2025-01-15 11:30:00	0.0	0.0	0.0	0.4039602064166415	1.5746609558131555
2025-01-15 11:40:00	2.2001134446592583	0.037912490228792416	0.0	1.6532080918921555	2.7242460007344707
2025-01-15 11:50:00	0.12875876105763556	1.0853537235062778	2.1506481536369297	1.8248167413286656	2.9452085643943757
2025-01-15 12:00:00	0.0	0.1528385949034969	1.5913239025309471	1.2228511721436197	1.4913520277241965
2025-01-15 12:10:00	0.0	0.0	0.0	0.7594523660381318	2.4150698789239935
2025-01-15 12:20:00	0.0	0.0	0.0	0.0	0.0
2025-01-15 12:30:00	0.0	0.0	0.0	0.0	0.0
2025-01-15 12:40:00	0.0	4.809648319209675	0.8658188529025385	0.8480852600304134	0.0
2025-01-15 12:50:00	0.0	4.7180108690530735	0.0	0.0	0.0
2025-01-15 13:00:00	0.0	0.0	0.0	0.0	0.0
2025-01-15 13:10:00	0.0	0.0	2.5355427269134294	0.0	0.0
2025-01-15 13:20:00	0.0	0.0	1.261296837573748	0.0	0.0
2025-01-15 13:30:00	0.0	0.0	0.0	0.0	0.0
2025-01-15 13:40:00	0.0	0.0	0.0	0.0	0.0
2025-01-15 13:50:00	0.0	0.0	0.0	0.0	0.0
2025-01-15 14:00:00	0.0	0.0	1.3031787160805057	0.0	0.0
2025-01-15 14:10:00	0.0	0.0	1.1246318701173645	0.0	0.0
2025-01-15 14:20:00	0.0	0.0	0.9689544222628632	0.0	0.0
2025-01-15 14:30:00	0.0	0.9081113087024418	0.0	0.0	0.0
2025-01-15 14:40:00	0.0	0.0	0.0	0.0	0.0
2025-01-15 14:50:00	0.0	0.0	0.27797344299104954	0.0	0.0
2025-01-15 15:00:00	0.0	0.0	0.0	0.0	0.0
2025-01-15 15:10:00	0.0	0.0	0.0	0.0	0.0
2025-01-15 15:20:00	0.0	0.0	1.2763786810035622	0.0	0.0
2025-01-15 15:30:00	0.0	0.0	0.6638288041737113	0.0	0.0
2025-01-15 15:40:00	0.0	1.1872815700341304	1.4978103791548705	0.0	0.0
2025-01-15 15:50:00	0.0	1.7761206359469135	3.586706289203718	0.0	0.0
2025-01-15 16:00:00	0.0	4.825830891989824	0.0	0.09307391158895699	0.0
2025-01-15 16:10:00	0.0	5.298111120318028	2.087576383046484	2.0274858085770116	0.0
2025-01-15 16:20:00	0.0	6.736533521259047	4.724898832707036	3.724506943791169	0.0
2025-01-15 16:30:00	0.0	6.089920012954629	5.250142574905329	2.1599548233716	0.0
2025-01-15 16:40:00	0.0	8.627066380192627	5.4496366172535256	2.378178994878308	0.0
2025-01-15 16:50:00	0.0	9.265644629998022	6.8602362721842285	2.765117551666537	0.0
2025-01-15 17:00:00	0.6367954111672773	6.043780399614602	9.64248560488128	3.622538495488393	0.0
2025-01-15 17:10:00	0.0	7.195491725914528	6.994324177979511	5.610504516416917	0.0
2025-01-15 17:20:00	1.3213482061590378	4.747416850179452	3.385205542332385	4.7025044227080075	0.0
2025-01-15 17:30:00	2.6510941012077516	5.797868766821266	2.8223134774047605	5.169122444003101	1.435717564399673
2025-01-15 17:40:00	3.0583127677872026	5.558288378280126	2.8794751882932217	4.878583745297916	3.3274737524155635
2025-01-15 17:50:00	2.76645840426693	4.384443300939422	2.870482237984067	4.475734045632396	3.1888633379091336
2025-01-15 18:00:00	4.65685128623748	4.030622375949244	3.5694803094762833	5.690831575419128	2.569549910098206
2025-01-15 18:10:00	5.468209809529985	4.950668435060423	9.146402168634806	3.5476661593119276	4.219535598569496
2025-01-15 18:20:00	3.9429602400404904	5.9347207782204485	8.029704110704817	2.820562464681819	1.6406468782697006
2025-01-15 18:30:00	2.91257633091323	5.857196394655009	8.054176102781723	5.421739711480705	0.7371936400169078
2025-01-15 18:40:00	3.0949339649808696	5.711865890231309	4.640700411390007	1.5258518105059033	4.728486186805632
2025-01-15 18:50:00	3.4498602533911042	5.381220375514834	2.2191284403446336	0.0	6.3436289682244755
2025-01-15 19:00:00	3.927457643610758	4.212728946966952	0.8646591092735063	1.35640665417239	3.4479064254963188
2025-01-15 19:10:00	3.6097976897438624	5.172498754560607	3.6714302546247204	2.4080077937548423	3.2845847705391096
2025-01-15 19:20:00	4.428116923702186	6.074320781264732	6.673473745915564	2.669285996702106	6.902971064117861
2025-01-15 19:30:00	4.003185489663224	5.912887060616478	6.84770070297786	2.536999628073194	5.955452908143016
2025-01-15 19:40:00	2.984990954162888	6.0244551140866704	6.004682598962621	3.1552049935351993	7.336765299405042
2025-01-15 19:50:00	4.1459438357857215	5.2798257713431305	5.665539174239111	4.0555540139275035	6.1897561120635824
2025-01-15 20:00:00	4.470891293304058	4.367524312491095	7.828298960367538	3.882340371609551	5.415188963767623
2025-01-15 20:10:00	4.073564792864291	5.6804994036626315	9.516274472987046	3.240656733085625	4.942747879774952
2025-01-15 20:20:00	3.8994102932258388	3.9855390010727314	6.212968880659292	0.37750215431875556	4.740131984822983
2025-01-15 20:30:00	3.5344339360603927	4.160456991602011	6.310249054496193	2.1569796199133315	4.225378848853351
2025-01-15 20:40:00	3.627002938635627	5.64143355065997	5.72144878806923	3.668483074894446	4.114651449839636
2025-01-15 20:50:00	3.7328065593887274	4.580240363375168	5.728928837372166	3.3682878150988986	4.664488671751051
2025-01-15 21:00:00	3.5881744874225436	5.745090775997458	7.322756511074218	1.7263390025365533	4.156790206240575
2025-01-15 21:10:00	2.4733505484531726	6.464220970487121	4.1287429385064085	2.490788464199671	4.243757405718363
2025-01-15 21:20:00	2.790858113463071	6.003355509362741	3.2059484550727952	1.651023150991108	3.629190832589048
2025-01-15 21:30:00	1.8722167743191833	5.430595796332943	3.2634687162387017	2.8119727990108885	2.5867060844578607
2025-01-15 21:40:00	2.1359022713810454	6.811549683334538	4.285663490181375	4.528293765148012	5.4497174136675275
2025-01-15 21:50:00	0.0	5.401329934345205	3.5394550385335934	2.3951606116071824	5.937839125161548
2025-01-15 22:00:00	0.0	4.322176481582197	1.8248697749332992	0.0	4.570644642723244
2025-01-15 22:10:00	0.0	3.8597189464528734	0.0	0.0	2.644870850543965
2025-01-15 22:20:00	0.0	2.1119763660402713	0.0	0.9835002659584549	1.7195120353269595
2025-01-15 22:30:00	0.0	2.5772255140814844	0.0	2.197813709770992	2.5912023654181935
2025-01-15 22:40:00	0.0	1.7828308904143015	1.1794633556783958	3.1720053814234346	0.6118593036844708
2025-01-15 22:50:00	0.0	0.2948134402676082	1.4475137915566165	1.6370967947263513	0.0
2025-01-15 23:00:00	0.0	0.0	0.0	0.7960946495221303	0.0
2025-01-15 23:10:00	0.0	0.0	0.0	0.0	0.0
2025-01-15 23:20:00	0.0	0.0	0.0	0.885871636191893	0.0
2025-01-15 23:30:00	0.0	0.0	0.0	0.0	0.0
2025-01-15 23:40:00	0.0	0.0	0.9473443159779266	0.0	0.0
2025-01-15 23:50:00	0.0	0.0	0.0	0.0	0.0
2025-01-16 00:00:00	0.0	0.0	0.5147451377115541	0.0	0.0
2025-01-16 00:10:00	0.0	0.0	0.0	0.0	0.0
2025-01-16 00:20:00	0.0	0.0	0.0	0.0	0.0
2025-01-16 00:30:00	0.0	0.0	0.0	0.0	0.0
2025-01-16 00:40:00	0.0	0.0	0.0	0.0	0.0
2025-01-16 00:50:00	0.0	0.0	0.0	0.0	0.0
2025-01-16 01:00:00	0.0	0.0	0.0	0.0	0.0
2025-01-16 01:10:00	0.0	0.0	0.5313364709746639	0.0	0.0
2025-01-16 01:20:00	0.0	0.0	2.2020837544062455	0.0	0.0
2025-01-16 01:30:00	0.0	0.0	3.214379375041761	0.0	0.0
2025-01-16 01:40:00	0.0	0.8142983299725044	3.4166710201519046	0.0	0.0
2025-01-16 01:50:00	0.0	1.6074144628149711	3.6659037436785287	0.0	0.0
2025-01-16 02:00:00	0.0	2.644910327661434	4.17838265506104	0.0	0.0
2025-01-16 02:10:00	0.08489434084213088	3.658427545159842	4.756172057529399	0.0	0.9173389388020194
2025-01-16 02:20:00	1.198244320126437	4.028639559669153	4.292630535803716	0.0	1.8094915864927643
2025-01-16 02:30:00	1.5828642018234635	4.244557597487155	4.357435514414259	0.0	1.6543610025450513
2025-01-16 02:40:00	1.9892898847867824	4.331793655938468	4.677728183059758	0.0	2.2206354296407054
2025-01-16 02:50:00	2.4618624195754695	4.3894160973725835	4.964331731871105	0.0	2.8023327928870554
2025-01-16 03:00:00	2.265187516083827	4.224490768384867	4.546750963875606	0.0	2.8868507707295255
2025-01-16 03:10:00	2.3005764907151183	4.0672866213457946	4.297729977971901	0.0	2.743888753021972
2025-01-16 03:20:00	2.3906295014237195	3.841849123285623	4.006245222764817	0.3982327231870462	2.815793176441813
2025-01-16 03:30:00	2.464022056967871	3.8163332369275587	4.162771812021496	1.130528429129073	2.7097584843511413
2025-01-16 03:40:00	2.5804395386626346	4.2356325141347515	4.366400681663417	1.7969614090661012	2.929490740123213
2025-01-16 03:50:00	2.443555485549242	4.273428878228271	4.378593903255458	1.7425981490489435	2.9459090983770175
2025-01-16 04:00:00	2.3722414084928243	4.064599690696522	4.284526162990114	1.7410160409595783	2.534647588787526
2025-01-16 04:10:00	2.856648125305701	4.054447315067458	4.418156708794742	1.98594549991378	2.6671800875670852
2025-01-16 04:20:00	2.67337674673413	4.058995512576038	4.270589973150201	2.1339458158704523	2.794542784035046
2025-01-16 04:30:00	2.8407106079440556	4.211661894818827	4.406135161211384	2.409834242517336	3.1839009688309994
2025-01-16 04:40:00	2.8571598910601477	3.2762611333383242	4.25146226475239	2.0491469204101582	2.9584924312899026
2025-01-16 04:50:00	2.515364200762355	3.9330589605686592	3.976856400992531	2.0380332034199844	2.8237934729607477
2025-01-16 05:00:00	2.408062476589353	3.636786252522457	3.983940301360694	1.617659271385122	2.590962304445265
2025-01-16 05:10:00	2.3768366172739657	3.749016539965129	4.358465786338264	2.394435206572081	2.8424955556312836
2025-01-16 05:20:00	2.5587328995897334	3.9991430330071154	4.100589995407612	2.363935197601149	2.858561768466463
2025-01-16 05:30:00	3.2672148960452034	3.8007357861486697	3.9447316124217666	2.1970075530668622	2.483121096672967
2025-01-16 05:40:00	7.947214896045203	3.2623565474443925	4.104016878571667	6.4970075530668625	2.52210519158474
2025-01-16 05:50:00	9.36	3.81857257559027	4.332317094298018	8.6	2.5535477676426557
2025-01-16 06:00:00	9.36	5.329441736946752	5.616649287701888	8.6	5.593565109859696
2025-01-16 06:10:00	9.36	11.529441736946751	12.256649287701888	8.6	10.08
2025-01-16 06:20:00	8.877605386359756	9.084635105594197	10.943068934407915	8.6	10.08
2025-01-16 06:30:00	6.901283440734691	7.977650502638359	9.265458212819153	8.6	10.08
2025-01-16 06:40:00	6.768505824957835	8.733720765805197	9.66065079883435	8.6	10.08
2025-01-16 06:50:00	6.2620863284517325	11.272393900077587	8.949580438654815	8.6	10.08
2025-01-16 07:00:00	5.427303581217668	12.4	7.089351422986055	8.6	10.08
2025-01-16 07:10:00	7.189157395313014	12.4	10.93387128478914	8.6	10.08
2025-01-16 07:20:00	7.321061350148949	11.0119922079297	10.134649765554531	8.6	7.090550632257251
2025-01-16 07:30:00	9.36	10.637065461847966	11.270906251899556	8.6	6.3157045241934675
2025-01-16 07:40:00	7.533326104856497	8.495513208529463	10.087574368735332	8.6	8.257106475905257
2025-01-16 07:50:00	9.300728908994126	9.31241693628349	7.647490716271747	6.205299525149592	7.4101450594578
2025-01-16 08:00:00	8.102413169209601	9.936137976550192	5.940583316532801	6.708571680510911	6.387401595021532
2025-01-16 08:10:00	5.756805843055233	7.89646290698	8.879816375174213	6.533978844091407	5.329692521344931
2025-01-16 08:20:00	4.44271169821858	3.659357156724123	6.806638680032565	2.2339788440914066	3.942461322484727
2025-01-16 08:30:00	0.0	2.9799961844982654	6.1971333806735736	1.3600447250064491	0.12047881812142006
2025-01-16 08:40:00	0.0	0.6892347552231801	5.426500510717224	0.0	0.0
2025-01-16 08:50:00	0.0	1.082131702811637	2.1899182479886616	0.0	1.6669623254406247
2025-01-16 09:00:00	0.0	1.0125290628333647	3.395883065705644	0.47651529486076216	0.08402278935067917
2025-01-16 09:10:00	0.0	0.8713566319089939	4.989341523607693	2.4244656678065075	2.315124088200054
2025-01-16 09:20:00	0.0	3.4987766278568118	7.080347591992295	1.9299540031580797	1.9059127252714783
2025-01-16 09:30:00	1.7354194323631589	0.0	4.897305960248064	0.9146344100633712	1.8732325273480184
2025-01-16 09:40:00	4.023617740068115	1.5281501828854829	4.5768062036181885	1.6166781042929714	2.657978430965498
2025-01-16 09:50:00	0.15090380387284671	0.5571537012703573	5.246713016407497	1.1204566755495404	2.0407741072956296
2025-01-16 10:00:00	0.0	3.9372434435450687	4.514237170280033	1.2004152859633073	0.0
2025-01-16 10:10:00	0.0	3.076578628084351	7.188388634500097	0.37523634731118294	0.0
2025-01-16 10:20:00	0.0	1.4324254716089095	4.248854775268575	0.42471955851604587	0.0
2025-01-16 10:30:00	0.0	2.027491134537945	2.2001133992649997	0.8059023233076354	0.7994514071592592
2025-01-16 10:40:00	0.0	1.9129294926582767	0.0	0.0	0.0
2025-01-16 10:50:00	0.0	2.371718717571969	0.0	0.0	0.0
2025-01-16 11:00:00	0.0	0.39483474500509397	0.0	0.0	0.0
2025-01-16 11:10:00	0.0	0.19779115700072758	1.0433183216245119	0.0	0.0
2025-01-16 11:20:00	0.0	0.0	0.22895008306733	0.0	0.0
2025-01-16 11:30:00	0.0	0.0	0.0	0.0	0.0
2025-01-16 11:40:00	0.0	0.0	0.0	0.0	0.0
2025-01-16 11:50:00	0.0	0.0	0.0	0.0	0.0
2025-01-16 12:00:00	0.0	0.0	0.0	0.0	0.0
2025-01-16 12:10:00	0.0	0.0	0.0	0.0	0.0
2025-01-16 12:20:00	0.0	0.0	0.0	0.0	0.0
2025-01-16 12:30:00	0.0	0.0	0.0	0.0	0.0
2025-01-16 12:40:00	0.0	0.0	0.0	0.0	0.0
2025-01-16 12:50:00	0.0	0.0	0.0	0.0	0.0
2025-01-16 13:00:00	0.0	0.0	0.0	0.0	0.0
2025-01-16 13:10:00	0.0	0.0	0.0	0.0	0.0
2025-01-16 13:20:00	0.0	0.0	0.0	0.0	0.0
2025-01-16 13:30:00	0.0	0.0	0.0	0.0	0.0
2025-01-16 13:40:00	0.0	0.0	0.0	0.0	0.0
2025-01-16 13:50:00	0.0	0.0	0.0	0.0	0.0
2025-01-16 14:00:00	0.0	0.0	0.0	0.0	0.0
2025-01-16 14:10:00	0.0	0.0	0.0	0.0	0.0
2025-01-16 14:20:00	0.0	0.0	0.0	0.0	0.0
2025-01-16 14:30:00	0.0	0.0	0.0	0.0	0.0
2025-01-16 14:40:00	0.0	0.0	0.0	0.0	0.0
2025-01-16 14:50:00	0.0	0.0	0.0	0.0	0.0
2025-01-16 15:00:00	0.0	0.0	0.0	0.0	0.0
2025-01-16 15:10:00	0.0	0.0	0.0	0.0	0.0
2025-01-16 15:20:00	0.0	0.0	0.0	0.0	0.0
2025-01-16 15:30:00	0.0	0.0	0.0	0.0	0.0
2025-01-16 15:40:00	0.0	0.0	0.0	0.0	0.0
2025-01-16 15:50:00	0.0	0.0	0.0	0.0	0.0
2025-01-16 16:00:00	0.0	0.0	0.0	0.0	0.0
2025-01-16 16:10:00	0.0	0.0	0.0	0.0	0.0
2025-01-16 16:20:00	0.0	0.0	0.0	0.0	0.0
2025-01-16 16:30:00	0.0	0.0	0.0	0.0	0.0
2025-01-16 16:40:00	0.0	0.9356866185749828	0.0	0.0	0.0
2025-01-16 16:50:00	0.0	2.5981876911273147	0.0	0.0	0.0
2025-01-16 17:00:00	0.0	4.790263141148541	0.0	0.0	0.0
2025-01-16 17:10:00	0.0	3.8479275300302627	0.0	0.0	0.0
2025-01-16 17:20:00	0.0	5.198772552703044	0.3241802898438611	0.0	0.0
2025-01-16 17:30:00	0.0	4.846523030592632	2.698707062593958	1.1041000128483867	0.0
2025-01-16 17:40:00	0.0	5.342784240023252	4.128090714080612	0.0	2.835523179394592
2025-01-16 17:50:00	0.0	3.4976937082870765	1.9932503658281044	0.0	1.1046175711067467
2025-01-16 18:00:00	0.0	4.147906603719214	5.040329827630849	0.0	0.6620032382263381
2025-01-16 18:10:00	0.0	5.711084363503451	3.1318320910203004	0.0	3.287805053121945
2025-01-16 18:20:00	0.0	5.627330449106126	2.6260143798218065	0.0	3.5504456860766265
2025-01-16 18:30:00	0.0	2.901880838247372	4.572517909153045	0.0	2.3941213600449514
2025-01-16 18:40:00	0.0	2.4468071065497687	3.5301520711879273	0.0	4.356732463037001
2025-01-16 18:50:00	0.0	3.2717220768638287	2.707201240146744	0.0	4.700819014243934
2025-01-16 19:00:00	0.0	2.990606849553154	2.6146759409078473	0.0	3.985237498830037
2025-01-16 19:10:00	0.0	3.055568309285409	4.99155992394252	0.0	4.097513419035616
2025-01-16 19:20:00	2.340039187055772	2.3544515654978166	5.644110554508947	0.0	3.6549934495656764
2025-01-16 19:30:00	3.462124384549252	2.1306384386626385	6.336935355352937	0.0	2.421956709279805
2025-01-16 19:40:00	1.6784844273916228	1.3749481399345387	4.173012094061106	0.6089331677320282	1.9739542689381584
2025-01-16 19:50:00	2.541890384700619	0.31444278286668337	3.7766309261574067	1.762044849704233	1.8616732847238593
2025-01-16 20:00:00	0.0	0.9280969757075932	5.005367255546143	2.060186903265957	1.7695665109161807
2025-01-16 20:10:00	1.706389604779905	1.1152810061227045	7.763934522185612	0.9679291887658308	2.90564617202711
2025-01-16 20:20:00	1.6004449970815617	4.202213831545666	6.486952356147775	0.0	1.7382077089899124
2025-01-16 20:30:00	0.38069048871007927	2.403245630374091	4.6577442663011555	0.14179830030813392	2.3561719314867173
2025-01-16 20:40:00	1.139197173721316	2.789173997160093	1.06298040252965	1.8639507019816675	2.1573615094051974
2025-01-16 20:50:00	2.8575932887857496	2.095562042297337	1.4407199146131826	1.7053928983152575	2.1205185385312233
2025-01-16 21:00:00	2.6805592710951505	1.6191411307517574	3.05332151828786	2.565282197810289	1.8177971781539135
2025-01-16 21:10:00	2.724258112434189	2.100663549417751	1.6371344038878743	1.5362416705117017	0.6416927456345096
2025-01-16 21:20:00	1.5589210544014032	2.2974940098601553	1.8927193591487421	0.4352709075515813	1.9483116345315743
2025-01-16 21:30:00	1.5145774624419086	3.598954027785769	4.21191116700855	0.3944464384520507	0.0934635172600225
2025-01-16 21:40:00	1.8819652531032887	3.8482162791164485	4.341728979998358	1.465884739478009	0.9601326650772724
2025-01-16 21:50:00	0.9581972598968016	4.091511512050213	2.532629617609082	2.648311226362022	1.5562000197411459
2025-01-16 22:00:00	0.16529144599769785	4.08745928955948	0.0	1.5837163196983581	0.7432065866248646
2025-01-16 22:10:00	0.0	1.9900191154400249	0.0	0.4690344246935747	0.0
2025-01-16 22:20:00	0.0	2.7578260312339733	0.0	1.4393492288857161	0.0
2025-01-16 22:30:00	0.0	0.21910320423475294	0.0	1.9531006667167305	0.7902671151074392
2025-01-16 22:40:00	0.0	1.2028592188745884	1.6559553123464081	0.4092651972191139	0.0
2025-01-16 22:50:00	0.0	2.000347505755579	2.5863913923344155	0.0	0.0
2025-01-16 23:00:00	0.0	0.0	0.0	0.0	0.0
2025-01-16 23:10:00	0.0	0.0	0.0	0.0	0.0
2025-01-16 23:20:00	0.0	0.0	0.0	0.0	0.20855792154759656
2025-01-16 23:30:00	0.0	0.0	0.0	0.0	0.4870043548981718
2025-01-16 23:40:00	0.0	0.0	0.0	0.0	0.0
2025-01-16 23:50:00	0.0	0.0	0.0	0.0	0.0
2025-01-17 00:00:00	0.0	0.0	0.0	0.0	0.0
2025-01-17 00:10:00	0.0	0.0	0.0	0.0	0.0
2025-01-17 00:20:00	0.0	0.0	0.0	0.0	0.0
2025-01-17 00:30:00	0.0	0.0	0.0	0.0	0.0
2025-01-17 00:40:00	0.0	0.0	0.0	0.0	0.0
2025-01-17 00:50:00	0.0	0.0	0.0	0.0	0.0
2025-01-17 01:00:00	0.0	0.0	0.0	0.0	0.0
2025-01-17 01:10:00	0.0	0.0	0.0	0.0	0.0
2025-01-17 01:20:00	0.0	0.0	0.0	0.0	0.0
2025-01-17 01:30:00	0.0	0.0	0.0	0.0	0.0
2025-01-17 01:40:00	0.0	0.0	0.0	0.0	0.0
2025-01-17 01:50:00	0.0	0.0	0.0	0.0	0.0
2025-01-17 02:00:00	0.0	0.34020659597801106	0.0	0.0	0.0
2025-01-17 02:10:00	0.0	1.696915033622868	0.45188229374120203	0.0	0.0
2025-01-17 02:20:00	0.0	2.4527989166560555	1.624035108664561	0.0	0.0
2025-01-17 02:30:00	0.0	2.6849750127218197	2.3405455463110516	0.0	0.0
2025-01-17 02:40:00	0.0	3.008606480418649	2.99609489125736	0.0	0.0
2025-01-17 02:50:00	0.0	3.4691375148267163	3.3033351977817924	0.0	0.5874074169183089
2025-01-17 03:00:00	0.06759700149657019	4.009258682924358	3.5607524514327644	0.0	1.4201285149995235
2025-01-17 03:10:00	0.9550102917975656	3.897868761649827	3.7422402320766963	0.0	1.4725599257752926
2025-01-17 03:20:00	1.370205518434007	3.718015369791239	3.9116222547525816	0.0	1.7019213877366584
2025-01-17 03:30:00	1.7252433871557245	3.6260345262716878	3.7675128806621845	0.0	2.10893187003907
2025-01-17 03:40:00	2.1324818162032573	3.9770480151508205	3.9375083707520604	0.0	2.4674181312023347
2025-01-17 03:50:00	2.2567110323101547	4.050661953421055	3.8895169450077156	0.40915385549271815	2.843295787480412
2025-01-17 04:00:00	2.139388076839974	3.6706626645081495	4.053549674861672	0.835942620030971	2.5332872315499033
2025-01-17 04:10:00	2.28410648520365	3.948731101494348	4.271197215252562	1.3160217200210174	2.1621304581973426
2025-01-17 04:20:00	2.33588531687472	4.322712760827701	4.4274805694747945	1.4678961569103288	2.35838949355657
2025-01-17 04:30:00	2.4285015920452424	4.17356679868057	4.200706892030827	1.9575936059242363	2.9218460533391424
2025-01-17 04:40:00	2.5338567550203677	3.9795287566861726	4.246963638742981	1.9098498879311299	2.608241097382699
2025-01-17 04:50:00	2.483578355089133	3.7829279057793763	3.9224031676251836	2.0164910965120106	2.478075541469931
2025-01-17 05:00:00	2.659956054426262	3.875043887915019	3.78520351633205	1.8158118803758692	2.732979837852118
2025-01-17 05:10:00	2.558751743411827	4.1139043029469775	4.285235479687905	2.3565464813496484	2.967539866312335
2025-01-17 05:20:00	2.531436081833532	4.074391583548496	4.126168638828389	2.35118942403631	2.860173823765123
2025-01-17 05:30:00	2.301807972457189	4.2037233286809235	4.1638534746712415	4.694289655249229	2.41682973947565
2025-01-17 05:40:00	2.4759120970194366	10.403723328680924	4.023895492233929	8.6	2.594433135555057
2025-01-17 05:50:00	1.8449017544354545	12.4	5.794855130492673	8.6	3.455056028478002
2025-01-17 06:00:00	4.340539240189545	12.4	12.434855130492673	8.6	8.495056028478002
2025-01-17 06:10:00	9.020539240189546	12.4	13.280000000000001	8.6	10.08
2025-01-17 06:20:00	6.803279393668689	12.4	10.129140963915964	8.6	10.08
2025-01-17 06:30:00	7.8543803843924636	12.4	10.564992705358778	8.6	9.71549333074733
2025-01-17 06:40:00	8.919387700030496	12.4	5.1138956155163715	8.6	9.465925002943425
2025-01-17 06:50:00	7.908029362677361	12.4	8.340084879452645	8.6	10.08
2025-01-17 07:00:00	5.42590543224282	12.4	11.509280714465849	8.6	6.060813531911293
2025-01-17 07:10:00	6.468593017684533	12.4	12.880836440709523	8.6	7.919475849015834
2025-01-17 07:20:00	8.087170851602737	12.4	12.361708127457836	8.6	6.582918163505283
2025-01-17 07:30:00	7.773798260917674	10.542875452967612	11.474665286306116	8.6	5.2902521120045165
2025-01-17 07:40:00	8.190568186699892	8.554410543051347	4.935911445957808	7.0967826298212335	6.0082854140776165
2025-01-17 07:50:00	7.999430601602369	4.690446939557961	4.198350916217333	4.396829313644369	5.660144043861848
2025-01-17 08:00:00	7.9811883811818936	4.429310274954367	2.428644322152147	3.6384521254468805	4.696625589837793
2025-01-17 08:10:00	4.057303977237817	5.054620862231936	9.068644322152148	4.18501434543771	5.122858389094436
2025-01-17 08:20:00	3.782947332802129	4.549984785151592	4.839549497952673	3.248893905959698	4.016851650573762
2025-01-17 08:30:00	0.0	0.0	3.4866859621657094	1.3337382734969918	1.390730322473072
2025-01-17 08:40:00	0.0	0.0	1.1299257612959315	0.04198088453081364	0.0
2025-01-17 08:50:00	0.3253064207812505	0.0	0.0	0.0	0.0
2025-01-17 09:00:00	0.17762827951321583	0.0	1.496267860635261	0.0	0.995510968483489
2025-01-17 09:10:00	0.3934844540310374	0.0	5.1874827776882935	0.0	2.53844495638328
2025-01-17 09:20:00	0.8976458994018245	0.0	3.7649443163204532	0.0	0.0
2025-01-17 09:30:00	0.0	0.0	5.330583404988257	0.0	0.43392958199431303
2025-01-17 09:40:00	1.6210140863815377	0.0	5.621648381309793	0.3566306360138398	0.6938703201058387
2025-01-17 09:50:00	0.0	0.0	3.49322473331641	0.8395556007305255	2.7644761672139047
2025-01-17 10:00:00	0.0	0.0	5.20534840976464	0.0	0.6846242107110615
2025-01-17 10:10:00	0.0	0.0	3.4142448300485557	0.0	1.2741999714780645
2025-01-17 10:20:00	0.0	0.0	1.698843360313568	0.0	0.0
2025-01-17 10:30:00	0.0	0.0	1.0004874186035755	0.0	0.0
2025-01-17 10:40:00	0.0	0.0	0.6214513519548368	0.0	0.0
2025-01-17 10:50:00	0.0	0.0	0.0	0.0	0.0
2025-01-17 11:00:00	0.0	0.0	0.0	0.0	0.0
2025-01-17 11:10:00	0.0	0.0	0.0	0.0	0.0
2025-01-17 11:20:00	0.0	0.0	0.0	0.0	0.0
2025-01-17 11:30:00	0.0	0.0	0.0	0.0	0.0
2025-01-17 11:40:00	0.0	0.0	0.0	0.0	0.0
2025-01-17 11:50:00	0.0	0.0	0.0	0.0	0.0
2025-01-17 12:00:00	0.0	0.0	0.0	0.0	0.0
2025-01-17 12:10:00	0.0	0.0	0.0	0.0	0.0
2025-01-17 12:20:00	0.0	0.0	0.0	0.0	0.0
2025-01-17 12:30:00	0.0	0.0	0.0	0.0	0.0
2025-01-17 12:40:00	0.0	0.0	0.0	0.0	0.0
2025-01-17 12:50:00	0.0	0.0	0.0	0.0	0.0
2025-01-17 13:00:00	0.0	0.0	0.0	0.0	0.0
2025-01-17 13:10:00	0.0	0.0	0.0	0.0	0.0
2025-01-17 13:20:00	0.0	0.0	0.0	0.0	0.0
2025-01-17 13:30:00	0.0	0.0	0.0	0.0	0.0
2025-01-17 13:40:00	0.0	0.0	0.0	0.0	0.0
2025-01-17 13:50:00	0.0	0.0	0.0	0.0	0.0
2025-01-17 14:00:00	0.0	0.0	0.0	0.0	0.0
2025-01-17 14:10:00	0.0	0.0	0.0	0.0	0.0
2025-01-17 14:20:00	0.0	0.0	0.0	0.0	0.0
2025-01-17 14:30:00	0.0	0.0	0.0	0.0	0.0
2025-01-17 14:40:00	0.0	0.0	0.0	0.0	0.0
2025-01-17 14:50:00	0.0	0.0	0.0	0.0	0.0
2025-01-17 15:00:00	0.0	0.0	0.0	0.0	0.0
2025-01-17 15:10:00	0.0	0.0	0.0	0.0	0.0
2025-01-17 15:20:00	0.0	0.0	0.0	0.0	0.0
2025-01-17 15:30:00	0.0	0.0	0.0	0.0	0.0
2025-01-17 15:40:00	0.0	0.0	0.0	0.0	0.0
2025-01-17 15:50:00	0.0	0.0	0.0	0.0	0.0
2025-01-17 16:00:00	0.0	0.0	0.0	0.0	0.0
2025-01-17 16:10:00	0.0	0.0	0.0	0.0	0.0
2025-01-17 16:20:00	0.0	0.0	0.0	0.0	0.0
2025-01-17 16:30:00	0.0	0.0	0.0	0.0	0.0
2025-01-17 16:40:00	0.0	2.4174835532684225	0.0	0.0	0.0
2025-01-17 16:50:00	0.0	0.0	0.0	0.0	0.0
2025-01-17 17:00:00	0.0	1.781164794037613	0.0	0.0	0.0
2025-01-17 17:10:00	0.0	1.2053260891318947	0.0	0.0	0.0
2025-01-17 17:20:00	0.0	5.442386604148688	1.992104677649062	0.0	0.0
2025-01-17 17:30:00	0.0	3.316678970475969	1.7043682384421446	0.9244450361149641	0.0
2025-01-17 17:40:00	0.0	4.218185826928353	3.7225045026370647	1.1070223709095424	0.0
2025-01-17 17:50:00	0.429438264984994	1.7752324726951612	3.9531760550713138	0.7950482256905032	0.0
2025-01-17 18:00:00	0.0	5.0484323210640705	6.078067144973136	1.1306652741520986	2.1099571259366336
2025-01-17 18:10:00	1.2090443199898804	5.596673442745723	6.02855133914293	0.7605140562518776	1.4351196488927533
2025-01-17 18:20:00	1.6505078563040343	4.452590047144457	6.074974466542031	2.77283661530057	1.8176650044174925
2025-01-17 18:30:00	0.9473404858601676	2.1904493327807883	6.0145039775771245	5.247968520386617	0.23927126488531938
2025-01-17 18:40:00	3.8873920750849984	1.457059324202973	6.217476027828002	4.578120468204563	0.9383786820716269
2025-01-17 18:50:00	4.318318899310191	3.9292784375154683	4.124671964605862	3.292879724585654	2.3296878687519387
2025-01-17 19:00:00	2.621259900770136	3.3746786553237627	4.536735867146353	0.0980945975666822	0.13474752152014263
2025-01-17 19:10:00	1.9158971398273221	0.1221193948304227	5.2399924731590595	1.1621965532232192	0.5129246311890755
2025-01-17 19:20:00	0.0	1.4527214025920756	2.5720512921259333	0.43781288745395364	1.8450709237309848
2025-01-17 19:30:00	0.0	1.6737891175483215	3.2137066235934535	1.2592760294446286	0.7154168796493745
2025-01-17 19:40:00	0.23130029644627564	2.8631347556966835	5.255362768844524	0.0	0.0
2025-01-17 19:50:00	1.4166999025985563	3.5926544942111414	3.3252091620624835	0.0	0.0
2025-01-17 20:00:00	2.310225261648921	5.05781705673793	3.3472554772220073	0.0	1.7208858475467848
2025-01-17 20:10:00	1.3472951176371835	3.940345000818947	4.6930480077260315	0.0	1.0427072966653186
2025-01-17 20:20:00	0.5227769926186657	3.5476491822295326	4.0105350516216305	0.0	2.038668487538956
2025-01-17 20:30:00	0.06643253587113045	3.4678845504239164	2.2075436597868516	0.0	1.5139934874744978
2025-01-17 20:40:00	1.2584940785969143	3.496486796522796	2.2535857474660785	0.0	2.6865471359918813
2025-01-17 20:50:00	1.889103610656732	4.528809616484259	4.25046544296378	1.7680192426093133	1.1001104711184702
2025-01-17 21:00:00	0.9786488444281698	3.3481194116167767	4.777984196319248	1.9701087891466924	3.2220798755760285
2025-01-17 21:10:00	1.9502542591261385	5.019329106939082	2.6781481869591324	0.21197825127743197	5.966335165497675
2025-01-17 21:20:00	4.422711774359274	5.376046759733935	3.6348879731925265	3.8146328446549918	4.412591137791668
2025-01-17 21:30:00	3.404255220396604	3.065017395741335	2.9914396431812356	3.381761023035523	3.3670140492296747
2025-01-17 21:40:00	1.8094699448911744	2.798920258443702	3.3504985952152277	1.4401272761570187	3.0288644119331374
2025-01-17 21:50:00	1.9797596482360422	4.9629955538386685	2.6822670729725786	1.783374671438217	3.1763451541878247
2025-01-17 22:00:00	3.922557466552421	4.541362613745128	1.67515917214152	0.0	2.8887094801253834
2025-01-17 22:10:00	2.472103224413698	0.8268872110649336	1.694194856522845	0.46292360696602997	1.3987318750305662
2025-01-17 22:20:00	2.4531431010156917	0.722683307960692	2.3909241108232018	0.0	0.6383179982295312
2025-01-17 22:30:00	2.0569720644600427	1.9641287214072614	0.08582222687529867	0.0	0.05070279415469123
2025-01-17 22:40:00	2.9484460638119563	2.2263516584544356	0.0	0.0	0.0
2025-01-17 22:50:00	0.7045757176241402	2.7572012567200312	0.0	0.0	0.0
2025-01-17 23:00:00	0.0	2.271763994147091	0.0	0.0	0.0
2025-01-17 23:10:00	0.0	0.3022335456018406	0.0	0.0	0.0
2025-01-17 23:20:00	0.0	0.0	0.0	0.0	0.0
2025-01-17 23:30:00	0.0	0.0	0.0	0.0	0.0
2025-01-17 23:40:00	0.0	0.0	0.0	0.0	0.0
2025-01-17 23:50:00	0.0	0.7416408390986164	0.0	0.0	0.0
2025-01-18 00:00:00	0.0	1.4116678643141247	0.0	0.0	0.0
2025-01-18 00:10:00	0.0	0.0	0.0	0.0	0.0
2025-01-18 00:20:00	0.0	0.0	0.0	0.0	0.0
2025-01-18 00:30:00	0.0	0.0	0.0	0.0	0.0
2025-01-18 00:40:00	0.0	0.0	0.0	0.0	0.0
2025-01-18 00:50:00	0.0	0.0	0.0	0.0	0.0
2025-01-18 01:00:00	0.0	0.0	0.0	0.0	0.0
2025-01-18 01:10:00	0.0	0.0	0.0	0.0	0.0
2025-01-18 01:20:00	0.0	0.0	0.0	0.0	0.0
2025-01-18 01:30:00	0.0	0.0	0.0	0.0	0.0
2025-01-18 01:40:00	0.0	0.0	0.0	0.0	0.0
2025-01-18 01:50:00	0.0	0.0	0.0	0.0	0.0
2025-01-18 02:00:00	0.0	0.14395466109085814	0.2745566316764933	0.0	0.0
2025-01-18 02:10:00	0.0	1.5180683557091563	1.7334932479645293	0.0	0.0
2025-01-18 02:20:00	0.0	2.1800742602523635	2.4472147712347843	0.0	0.0
2025-01-18 02:30:00	0.0	2.6889894669141334	2.769917847033653	0.0	0.0
2025-01-18 02:40:00	0.0	3.034276031498236	3.0452110290942547	0.0	0.31868324273970683
2025-01-18 02:50:00	0.0	3.361846439639825	3.6240366847307572	0.0	1.0918440396598834
2025-01-18 03:00:00	0.0	4.104143159725419	3.712995389073603	0.0	2.071295359855854
2025-01-18 03:10:00	0.6555116250474264	3.8604049232355226	3.5290523931977194	0.0	1.9962835397346428
2025-01-18 03:20:00	1.1955761493021952	3.6898235927649132	3.812679010853288	0.0	2.0925300656803043
2025-01-18 03:30:00	1.6133742892254217	3.763483027377333	3.8159778561613913	0.0	2.3225608272248595
2025-01-18 03:40:00	1.9751204725482698	3.974957231348906	4.104996202101561	0.27552909758994104	2.4811088307668356
2025-01-18 03:50:00	2.2657879945690373	4.079765515570194	4.017138338033436	0.8927216276136376	2.7622615466211613
2025-01-18 04:00:00	2.2628636638949	3.8494615672374035	4.179964695981762	1.0791350131377833	2.63322152219246
2025-01-18 04:10:00	2.3120572790313094	4.015224396108574	3.843318705869111	1.3924057355015511	2.399500482709575
2025-01-18 04:20:00	2.4238849810576317	4.18435500060115	3.8252470519682245	1.942647766883657	2.1788452388455073
2025-01-18 04:30:00	2.4107201620684044	4.346997377449371	4.178793712587032	2.1708191198041007	2.658823456547494
2025-01-18 04:40:00	2.3095278411865214	3.873966578220444	4.082385250224339	1.608709750302598	2.4618594918590184
2025-01-18 04:50:00	2.276453062481884	3.7706316053461304	4.136254725090494	2.073478447333634	2.2725779243576034
2025-01-18 05:00:00	2.634937386538381	4.166440583809148	4.3295382469581245	2.112357233082155	2.443840868442882
2025-01-18 05:10:00	2.861576795084428	4.403837630636203	4.502580845014844	2.5068094492442685	3.0795186787032924
2025-01-18 05:20:00	2.944290916343299	4.421354981825728	4.097595653826377	2.2179991839635345	3.1364590957130076
2025-01-18 05:30:00	2.5591528037458637	4.3671724355782855	3.7536805182097135	2.0122872418505833	2.6744740519427435
2025-01-18 05:40:00	2.3760877236530855	4.08102039291153	4.25020200098234	1.5083253263282517	2.8451826203813875
2025-01-18 05:50:00	1.8106451948662627	3.955761430303325	4.295495507955404	1.1478042901938215	2.692062975597361
2025-01-18 06:00:00	1.9971199295158155	3.6425795760101574	4.614683130233642	3.576281498083522	4.318558977312935
2025-01-18 06:10:00	6.16368329496619	8.074468814740827	6.9607498416448825	7.876281498083522	9.358558977312937
2025-01-18 06:20:00	5.148736742026468	6.710683808285548	7.541298829651793	5.186377993684108	7.093874238104298
2025-01-18 06:30:00	4.463335845900948	6.070083821393065	4.953820179805259	5.24587886973754	8.137684946033618
2025-01-18 06:40:00	4.894207018414473	7.90142184828019	9.141149958995348	4.484480158398003	6.737870736814916
2025-01-18 06:50:00	5.1794197606024905	4.912531397506408	7.593014769372975	7.296217934793799	6.919799477756742
2025-01-18 07:00:00	6.575338054894814	6.1010361838382	6.415069761864759	8.6	7.215294157832911
2025-01-18 07:10:00	8.580492228956365	12.301036183838201	5.22610913212119	8.6	9.479942736192298
2025-01-18 07:20:00	8.051069109346566	9.751849020305407	5.186721913425373	8.6	9.391788760527637
2025-01-18 07:30:00	6.013862576749752	9.457867458375027	5.697418379293703	8.6	6.480458544424569
2025-01-18 07:40:00	9.04296676187624	10.515564105094791	7.332856980816924	8.6	5.338669965844807
2025-01-18 07:50:00	5.888113779849058	9.879829599571405	7.660978813736569	8.6	6.688351322042246
2025-01-18 08:00:00	9.14965934084111	8.890692265725717	10.667979289779268	7.851150920770666	7.636213754387535
2025-01-18 08:10:00	9.36	9.263896104908381	13.280000000000001	8.6	7.157827396544107
2025-01-18 08:20:00	9.36	8.33118394720362	10.784221301460867	6.113630118507062	6.117006777379769
2025-01-18 08:30:00	6.580954995525568	5.489745730369638	8.72942075303983	6.897631147895559	5.308951931384488
2025-01-18 08:40:00	5.315007818627025	5.357475623729493	12.321784342459424	7.034809135580428	3.2864883934339417
2025-01-18 08:50:00	6.373650049567527	8.026851429499855	9.05602153329496	7.448842108523168	3.923953544956954
2025-01-18 09:00:00	5.4506488380145734	5.643275827396583	7.330532503347687	3.6769490197440597	4.819397683746178
2025-01-18 09:10:00	2.9010329073809404	4.95180262442333	7.014844083389488	3.130250227640053	3.2592558026629534
2025-01-18 09:20:00	1.2222885464642623	7.512262969104467	5.705932008697316	2.222934909030926	3.646834965884277
2025-01-18 09:30:00	0.0	7.265078040424142	3.7390446332236986	1.1871160428575611	1.8979909884916752
2025-01-18 09:40:00	0.0	9.835326675570935	3.368673536413446	1.3193341747004925	1.4347574615669068
2025-01-18 09:50:00	0.0	3.6418021680995554	4.111349521617077	2.406290517634983	1.7400930607321148
2025-01-18 10:00:00	0.2750758126252793	1.4665947963304014	4.444584352281389	0.5139511439725685	2.2555230245330553
2025-01-18 10:10:00	0.0	3.3436542487831455	2.9091385538797843	0.0	0.0
2025-01-18 10:20:00	0.0	3.3727415227726314	2.7848204134168397	0.0	0.0
2025-01-18 10:30:00	0.0	0.0	1.0121947460174203	0.0	0.0
2025-01-18 10:40:00	0.0	0.0	0.17839356824764693	1.0916541843222134	0.0
2025-01-18 10:50:00	0.0	0.0	0.5807977340499456	1.043650062575977	0.0
2025-01-18 11:00:00	0.0	0.0	0.0	0.0	0.0
2025-01-18 11:10:00	0.0	0.0	0.0	0.0	0.0
2025-01-18 11:20:00	0.0	0.0	0.0	0.0	0.0
2025-01-18 11:30:00	0.0	0.0	0.0	0.0	0.0
2025-01-18 11:40:00	0.0	0.05709071679706282	0.0	0.0	0.0
2025-01-18 11:50:00	0.0	0.0	0.0	0.0	0.0
2025-01-18 12:00:00	0.0	0.0	0.0	0.0	0.0
2025-01-18 12:10:00	0.0	0.0	0.0	0.0	0.0
2025-01-18 12:20:00	0.0	0.0	0.0	0.0	0.0
2025-01-18 12:30:00	0.0	0.0	0.0	0.0	0.0
2025-01-18 12:40:00	0.0	0.0	0.0	0.0	0.0
2025-01-18 12:50:00	0.0	0.0	0.0	0.0	0.0
2025-01-18 13:00:00	0.0	0.0	0.0	0.0	0.0
2025-01-18 13:10:00	0.0	0.0	0.0	0.0	0.0
2025-01-18 13:20:00	0.0	0.0	0.0	0.0	0.0
2025-01-18 13:30:00	0.0	0.0	0.0	0.0	0.0
2025-01-18 13:40:00	0.0	0.0	0.0	0.0	0.0
2025-01-18 13:50:00	0.0	0.0	0.0	0.0	0.0
2025-01-18 14:00:00	0.0	0.0	0.0	0.0	0.0
2025-01-18 14:10:00	0.0	0.0	0.0	0.0	0.0
2025-01-18 14:20:00	0.0	0.0	0.0	0.0	0.0
2025-01-18 14:30:00	0.0	0.0	0.0	0.0	0.0
2025-01-18 14:40:00	0.0	0.0	0.0	0.0	0.0
2025-01-18 14:50:00	0.0	0.0	0.0	0.0	0.0
2025-01-18 15:00:00	0.0	0.0	0.0	0.0	0.0
2025-01-18 15:10:00	0.0	0.0	0.0	0.0	0.0
2025-01-18 15:20:00	0.0	0.0	0.0	0.0	0.0
2025-01-18 15:30:00	0.0	0.0	0.0	0.0	0.0
2025-01-18 15:40:00	0.0	0.0	0.0	0.0	0.0
2025-01-18 15:50:00	0.0	0.0	0.0	0.0	0.0
2025-01-18 16:00:00	0.0	0.0	0.0	0.0	0.0
2025-01-18 16:10:00	0.0	0.0	0.0	0.0	0.0
2025-01-18 16:20:00	0.0	0.0	0.0	0.0	0.0
2025-01-18 16:30:00	0.0	0.0	0.0	0.0	0.0
2025-01-18 16:40:00	0.0	0.0	0.0	0.0	0.0
2025-01-18 16:50:00	0.0	0.0	0.0	0.0	0.0
2025-01-18 17:00:00	0.0	0.0	0.0	0.0	0.0
2025-01-18 17:10:00	0.0	0.0	0.0	0.0	0.0
2025-01-18 17:20:00	0.0	0.0	0.0	0.0	0.0
2025-01-18 17:30:00	0.0	3.3838757131994086	0.0	0.0	0.0
2025-01-18 17:40:00	0.0	2.5949855952756753	0.0	0.0	0.0
2025-01-18 17:50:00	0.0	4.324540726674267	0.0	0.0	0.0
2025-01-18 18:00:00	0.0	3.8646695635493375	0.36168576092757654	0.0	0.0
2025-01-18 18:10:00	0.0	4.74450503301288	2.016602711952353	0.0	0.0
2025-01-18 18:20:00	0.5744104756129506	4.375341619992084	2.177079473281011	0.0	0.0
2025-01-18 18:30:00	0.0	3.8272130064715975	0.25289936336351676	0.0	0.0
2025-01-18 18:40:00	0.0	2.414371828039481	0.0	0.0	0.0
2025-01-18 18:50:00	0.0	2.232531664044221	2.975689846769446	0.0	0.0
2025-01-18 19:00:00	0.6283402937032024	1.1025784722081224	3.1074605412531615	0.0	0.0
2025-01-18 19:10:00	1.2059593500335204	1.814695200646596	5.222542925341811	0.0	0.8021560715033141
2025-01-18 19:20:00	1.4794814757319106	1.773797990409149	5.410817133819457	0.0	1.7676864463042135
2025-01-18 19:30:00	0.0	1.9197695778776145	2.45703577419896	0.0	0.3605013128535124
2025-01-18 19:40:00	0.0	0.16135795818669268	1.0602818889238363	0.0	1.1783378314595465
2025-01-18 19:50:00	0.0	1.3531341280257863	1.1627829180099427	0.0	1.0846343999754333
2025-01-18 20:00:00	0.0	2.037327721583379	2.1776415949786463	0.0	0.613601012430693
2025-01-18 20:10:00	0.0	0.6486383255687844	5.889323757805853	0.0	0.0
2025-01-18 20:20:00	0.0	0.0	4.726936378243272	0.0	0.0
2025-01-18 20:30:00	0.0	0.0	3.9013753617185714	0.4281924933872957	0.0
2025-01-18 20:40:00	0.015802491979041527	0.0	3.9310689998466355	0.1878235830302605	0.4614713049101927
2025-01-18 20:50:00	0.0	0.0	2.398165575612756	0.0	0.9657251930362399
2025-01-18 21:00:00	0.14275568899405164	0.1233744027521948	3.1441594445310024	0.0	1.9657649876874073
2025-01-18 21:10:00	0.2015718069049163	1.8676373997487674	3.311893777368087	0.8899286972197711	1.9459480628174388
2025-01-18 21:20:00	0.3133887671179634	1.7923158965926782	3.3141831585282087	2.3963496594565594	1.6881751026920253
2025-01-18 21:30:00	0.49889825344830485	3.4321957220014023	0.05569573026658181	1.243221736523785	1.3154154109769813
2025-01-18 21:40:00	1.8460593383484405	6.819441907054963	0.6857477060908729	0.9159299824800597	3.118504500102508
2025-01-18 21:50:00	2.052001029213969	4.861807008363556	2.669545462948409	1.6669866889211293	2.655250093502847
2025-01-18 22:00:00	2.781269543798611	4.4491140541539815	1.2891313356034488	1.3046859734384344	2.404766124507477
2025-01-18 22:10:00	1.6576915757363642	4.65281583701035	1.1106175119067914	0.0	0.5026904857505331
2025-01-18 22:20:00	2.492903425397705	4.4594466513415005	0.0	0.276414207667009	0.0
2025-01-18 22:30:00	2.0956534037885866	3.032390417253987	0.0	0.7307014173187323	0.0
2025-01-18 22:40:00	2.2180287348418055	2.0441813662961232	0.0	0.0	0.0
2025-01-18 22:50:00	2.0662664350231625	2.7188300112939032	0.0	0.0	0.0
2025-01-18 23:00:00	0.0	4.865293507517065	0.09998174224928372	1.4202499722496293	0.0
2025-01-18 23:10:00	0.0	5.204507102711009	0.0	0.0	0.0
2025-01-18 23:20:00	0.0	1.5137931430026232	0.0	0.0	0.0
2025-01-18 23:30:00	0.0	0.0	0.0	1.3995317063090473	0.0
2025-01-18 23:40:00	0.11590051079392481	0.0	0.0	0.0	0.0
2025-01-18 23:50:00	0.0	0.0	0.0	0.0	0.0
2025-01-19 00:00:00	0.0	0.0	0.0	0.0	0.0
2025-01-19 00:10:00	0.0	0.0	0.0	0.0	0.0
2025-01-19 00:20:00	0.0	0.0	0.0	0.0	0.0
2025-01-19 00:30:00	0.0	0.0	0.0	0.0	0.0
2025-01-19 00:40:00	0.0	0.0	0.0	0.0	0.0
2025-01-19 00:50:00	0.0	0.0	0.0	0.0	0.0
2025-01-19 01:00:00	0.0	0.0	0.0	0.0	0.0
2025-01-19 01:10:00	0.0	0.0	0.0	0.0	0.0
2025-01-19 01:20:00	0.0	0.0	0.0	0.0	0.0
2025-01-19 01:30:00	0.0	0.0	0.0	0.0	0.0
2025-01-19 01:40:00	0.0	0.0	0.0	0.0	0.0
2025-01-19 01:50:00	0.0	0.0	0.0	0.0	0.0
2025-01-19 02:00:00	0.0	0.0	0.05468839506474615	0.0	0.0
2025-01-19 02:10:00	0.0	0.0	1.390638307078447	0.0	0.0
2025-01-19 02:20:00	0.0	0.3991137278906333	2.3126774261439116	0.0	0.0
2025-01-19 02:30:00	0.0	1.2416357891129968	2.62135113182788	0.0	0.0
2025-01-19 02:40:00	0.0	2.404370208635827	3.0533169629896766	0.0	0.0
2025-01-19 02:50:00	0.0	2.865511101346877	3.6454378092294757	0.0	0.7451871024194188
2025-01-19 03:00:00	0.0686514062854504	3.467928550888953	3.8208798123233154	0.0	1.8586753146757335
2025-01-19 03:10:00	0.8747413027404627	3.465307799174827	3.464266896283188	0.0	1.9174822710751027
2025-01-19 03:20:00	1.3477872778017623	3.3240352427569406	3.747557474165404	0.0	1.987544997766537
2025-01-19 03:30:00	1.7141916079676638	3.2464384232601233	4.079545622585841	0.0	2.1247899072206047
2025-01-19 03:40:00	1.9998575028192964	3.6779126112628377	4.153444760201272	0.0	2.5698220295960845
2025-01-19 03:50:00	2.2129376041451074	3.7556523623125395	3.9267334374506513	0.0	2.692268889081994
2025-01-19 04:00:00	2.2250217414205005	3.7842843876219643	3.923749013996976	0.0	2.3865937329466864
2025-01-19 04:10:00	2.1457688301555304	3.7741848044865542	3.6386439623097004	0.1320997897701229	2.2835931061997035
2025-01-19 04:20:00	2.1596300067741914	3.9815119811929875	3.918935659995104	0.8679637659372187	2.4425142304770096
2025-01-19 04:30:00	2.583849881429721	4.281124080574712	4.178539682613854	1.5298772759928472	2.7755896889235068
2025-01-19 04:40:00	2.465050066804538	3.91598864812322	4.107270984968486	1.138065675076873	2.6493748404393
2025-01-19 04:50:00	2.320394279863977	3.717012287929499	4.060947981751713	1.3783394085974447	2.5221050086807453
2025-01-19 05:00:00	2.3967328343880765	3.608941507431209	4.090250284039907	1.8938219880362945	2.51190453355
2025-01-19 05:10:00	2.5950189551697935	3.9345589370644385	4.370332791490849	2.3227278370577076	2.8586043024382017
2025-01-19 05:20:00	2.705377080956629	3.8157619596971495	3.91410129885998	1.9931189408714702	2.927332546356167
2025-01-19 05:30:00	2.3261268433493374	3.8899693135503592	3.906140483562929	1.687419693846135	2.5168431840442262
2025-01-19 05:40:00	2.304436550195422	3.8486129650322556	4.052325342259455	1.7458259336547906	2.4158472059882454
2025-01-19 05:50:00	2.3564068833799245	9.803990876483258	4.12580998396071	2.025314846915966	2.4222802727781625
2025-01-19 06:00:00	2.4893491888987893	12.4	4.228113307674928	4.11215589763486	2.8530200800158636
2025-01-19 06:10:00	5.998639105897659	12.4	8.217698073541795	8.412155897634861	6.008195505340504
2025-01-19 06:20:00	7.155582724463956	10.529915025040735	6.599869685683723	6.468670752051212	7.287207330069368
2025-01-19 06:30:00	6.5583962093889845	10.081150819219882	6.76741948052151	6.166462731286502	5.688078216148179
2025-01-19 06:40:00	8.062160349939354	9.648106803701522	6.995743826292508	6.301290159499128	6.181394696667775
2025-01-19 06:50:00	5.85147414372322	7.951855359336249	9.67301468093897	5.82976593673322	5.196917738434878
2025-01-19 07:00:00	7.375993514028018	8.153403292295271	7.87511815548432	3.9071796342728216	4.0765684870431915
2025-01-19 07:10:00	8.546923790285765	10.038848405098594	9.988030179424067	4.807592024985322	9.11656848704319
2025-01-19 07:20:00	7.810097609585722	9.174121491335875	11.279590796708803	4.251348997858375	8.13213825669669
2025-01-19 07:30:00	9.127922008986664	8.363762093666326	9.472807050851115	6.414051756941202	7.648812936762451
2025-01-19 07:40:00	8.122518085240179	5.15880016311528	11.725391959364392	7.85193529174658	5.73036299514547
2025-01-19 07:50:00	5.849284055239198	6.535404299492639	9.733328902451934	7.589232766722886	6.993142995755107
2025-01-19 08:00:00	7.7517201878295	4.861888682509365	11.24023318322202	8.48867193566619	6.869859792749193
2025-01-19 08:10:00	6.221445918139236	8.980876997982403	10.4313289765838	7.607765576547436	6.710832705570958
2025-01-19 08:20:00	4.372996786299074	9.887423816439078	9.749640766212686	6.83115998558783	4.772319967201341
2025-01-19 08:30:00	3.2672604171948723	8.141356172762544	11.509975616070342	5.037986413664031	5.336267123635678
2025-01-19 08:40:00	5.571952918379222	6.293642573582414	9.514546560427537	3.107698307217417	5.856918502650977
2025-01-19 08:50:00	7.541672607040316	5.490065293396965	7.2555367619096565	5.092650031770891	6.439750318068147
2025-01-19 09:00:00	4.257287598369514	3.1328910480305536	6.103138040258126	2.835002719605393	4.839394414646155
2025-01-19 09:10:00	2.7357724501519427	3.268773518885318	4.234337208164723	6.4927472220419125	3.6214731498756736
2025-01-19 09:20:00	3.1306487337120075	4.182568036672189	0.2968464676700692	5.110526348069344	0.9454167360424762
2025-01-19 09:30:00	2.15313091969441	5.486214393893803	0.4720164632437867	3.395105186022211	0.12140847135453806
2025-01-19 09:40:00	1.570301620430607	4.696295131950855	1.135434676019162	3.129975633542576	0.0
2025-01-19 09:50:00	0.0	4.383485784890426	0.0	1.5791239019985748	0.0
2025-01-19 10:00:00	0.31387006689060826	0.0	0.0	0.08381292255842346	0.0
2025-01-19 10:10:00	0.6202300054946073	0.0	0.0	0.49509169471238856	0.0
2025-01-19 10:20:00	0.0	0.0	0.0	0.0	0.0
2025-01-19 10:30:00	0.0	0.0	0.0	0.0	0.0
2025-01-19 10:40:00	0.0	0.0	0.0	0.0	0.0
2025-01-19 10:50:00	0.0	0.0	0.0	0.0	0.0
2025-01-19 11:00:00	0.0	0.0	0.0	0.0	0.0
2025-01-19 11:10:00	0.0	0.0	0.0	0.0	0.0
2025-01-19 11:20:00	0.0	0.0	0.0	0.0	0.0
2025-01-19 11:30:00	0.0	0.0	0.0	0.0	0.0
2025-01-19 11:40:00	0.0	0.0	0.0	0.0	0.0
2025-01-19 11:50:00	0.0	0.0	0.0	0.0	0.0
2025-01-19 12:00:00	0.0	0.0	0.0	0.0	0.0
2025-01-19 12:10:00	0.0	0.0	0.0	0.0	0.0
2025-01-19 12:20:00	0.0	0.0	0.0	0.0	0.0
2025-01-19 12:30:00	0.0	0.0	0.0	0.0	0.0
2025-01-19 12:40:00	0.0	0.0	0.0	0.0	0.0
2025-01-19 12:50:00	0.0	0.0	0.0	0.0	0.0
2025-01-19 13:00:00	0.0	0.0	0.0	0.0	0.0
2025-01-19 13:10:00	0.0	0.0	0.0	0.0	0.0
2025-01-19 13:20:00	0.0	0.0	0.0	0.0	0.0
2025-01-19 13:30:00	0.0	0.0	0.0	0.0	0.0
2025-01-19 13:40:00	0.0	0.0	0.0	0.0	0.0
2025-01-19 13:50:00	0.0	0.0	0.0	0.0	0.0
2025-01-19 14:00:00	0.0	0.0	0.0	0.0	0.0
2025-01-19 14:10:00	0.0	0.0	0.0	0.0	0.0
2025-01-19 14:20:00	0.0	0.0	0.0	0.0	0.0
2025-01-19 14:30:00	0.0	0.0	0.0	0.0	0.0
2025-01-19 14:40:00	0.0	0.0	0.0	0.0	0.0
2025-01-19 14:50:00	0.0	0.0	0.0	0.0	0.0
2025-01-19 15:00:00	0.0	0.0	0.0	0.0	0.0
2025-01-19 15:10:00	0.0	0.0	0.0	0.0	0.0
2025-01-19 15:20:00	0.0	0.0	0.0	0.0	0.0
2025-01-19 15:30:00	0.0	0.0	0.0	0.0	0.0
2025-01-19 15:40:00	0.0	0.0	0.0	0.0	0.0
2025-01-19 15:50:00	0.0	0.0	0.0	0.0	0.0
2025-01-19 16:00:00	0.0	0.0	0.0	0.0	0.0
2025-01-19 16:10:00	0.0	0.0	0.0	0.0	0.0
2025-01-19 16:20:00	0.0	0.0	0.0	0.0	0.0
2025-01-19 16:30:00	0.0	0.0	0.0	0.0	0.0
2025-01-19 16:40:00	0.0	0.0	0.0	0.0	0.0
2025-01-19 16:50:00	0.0	0.0	0.0	0.0	0.0
2025-01-19 17:00:00	0.0	1.7617588983522425	0.0	0.0	0.0
2025-01-19 17:10:00	0.0	2.315498978965668	0.0	0.0	0.0
2025-01-19 17:20:00	0.0	0.537193324735215	2.5914423623300316	0.0	0.0
2025-01-19 17:30:00	0.0	0.9054148821919592	1.9833439473508183	0.0	0.0
2025-01-19 17:40:00	0.0	0.8225072653839182	1.3269818367184418	0.0	0.0
2025-01-19 17:50:00	0.0	2.9879621637610736	2.7044716277070915	0.0	0.0
2025-01-19 18:00:00	0.0	2.8016322455129923	1.608310722729355	0.0	0.0
2025-01-19 18:10:00	0.0	0.7066715427080962	1.46816919868911	0.0	0.0
2025-01-19 18:20:00	0.0	0.28425791971778935	2.4427016658528578	0.0	0.0
2025-01-19 18:30:00	0.0	1.2240307296684685	2.189291272455065	0.0	0.0
2025-01-19 18:40:00	0.0	2.47292684121289	2.5047431118179815	0.0	0.0
2025-01-19 18:50:00	0.0	1.7066555636926397	3.334155405737377	0.0	0.0
2025-01-19 19:00:00	0.0	1.2470757594104276	4.185210996246927	0.0	0.0
2025-01-19 19:10:00	3.288416484742728	1.322620422389879	4.750372290050936	0.0	0.0
2025-01-19 19:20:00	4.466140304551319	0.0	4.97433483119423	0.0	0.0
2025-01-19 19:30:00	3.3878098433707393	0.0	2.522896582775037	0.0	0.9277330388865703
2025-01-19 19:40:00	1.4765837937892785	0.0	2.6125478359311476	0.0	0.7048429467962298
2025-01-19 19:50:00	0.9824533347110885	0.0	2.376356887385693	0.0	1.044446614451884
2025-01-19 20:00:00	2.4766163530385175	0.0	3.72853673501147	0.0	2.2078840112497886
2025-01-19 20:10:00	1.9685318057906773	0.0	3.802770397182493	0.0	0.0
2025-01-19 20:20:00	0.9276106113640431	0.0	3.3581738383892743	0.0	0.0
2025-01-19 20:30:00	0.0	0.0	2.0756241330615515	0.0	1.0207017934899094
2025-01-19 20:40:00	0.3781523339409577	0.7839166105875771	3.0586565243098427	0.1732045670756241	2.9751389779264676
2025-01-19 20:50:00	0.23633512332075512	1.2500228544630776	2.7784069728196457	0.0	1.856606927915862
2025-01-19 21:00:00	3.718832303422508	2.4447918021771553	3.2441469118629627	0.5709663721292411	2.6290339394742457
2025-01-19 21:10:00	3.1351182081888047	3.218235990690465	1.3296392136979915	0.0	2.469448958122029
2025-01-19 21:20:00	1.8122487392757938	2.6782111585609623	1.8141770321351527	0.0	2.1461081638761192
2025-01-19 21:30:00	2.416775310413799	2.8235345926946294	2.3566448220396197	0.0	1.2857729423654005
2025-01-19 21:40:00	2.104195544529968	3.027267970363429	3.0575163421818434	0.0	1.296269805727673
2025-01-19 21:50:00	2.0759094122860673	3.456784903575362	2.707518857005928	0.1644695258491367	2.118890979976271
2025-01-19 22:00:00	2.1241593597492825	2.4953405847138233	1.1116891014141437	0.0	0.0
2025-01-19 22:10:00	0.3577865589092763	1.6260550642006573	0.0	0.0	1.6333602415067743
2025-01-19 22:20:00	0.0	0.9060308683352241	0.0	0.0	1.6745462325200497
2025-01-19 22:30:00	0.0	3.6212414259974546	0.0	0.0	2.2317771800691406
2025-01-19 22:40:00	0.0	0.7774947112259265	0.0	0.0	0.03438179786446854
2025-01-19 22:50:00	0.0	0.0	0.0	0.0	0.0
2025-01-19 23:00:00	0.0	3.446101520415816	0.0	0.0	0.0
2025-01-19 23:10:00	0.0	1.3051485371474076	0.0	0.0	0.0
2025-01-19 23:20:00	0.0	0.0	0.0	0.0	0.0
2025-01-19 23:30:00	0.0	0.0	0.0	0.0	0.0
2025-01-19 23:40:00	0.0	0.9690376787192291	0.0	0.0	0.0
2025-01-19 23:50:00	0.0	2.0317367581383134	0.0	0.0	0.0
2025-01-20 00:00:00	0.0	0.0	0.0	0.0	0.0
2025-01-20 00:10:00	0.0	0.0	0.0	0.0	0.0
2025-01-20 00:20:00	0.0	0.0	0.0	0.0	0.0
2025-01-20 00:30:00	0.0	0.0	0.0	0.0	0.0
2025-01-20 00:40:00	0.0	0.0	0.0	0.0	0.0
2025-01-20 00:50:00	0.0	0.0	0.0	0.0	0.0
2025-01-20 01:00:00	0.0	0.0	0.0	0.0	0.0
2025-01-20 01:10:00	0.0	0.0	0.0	0.0	0.0
2025-01-20 01:20:00	0.0	0.0	0.0	0.0	0.0
2025-01-20 01:30:00	0.0	0.0	0.0	0.0	0.0
2025-01-20 01:40:00	0.0	0.0	0.0	0.0	0.0
2025-01-20 01:50:00	0.0	0.0	0.0	0.0	0.0
2025-01-20 02:00:00	0.0	0.0	0.0	0.0	0.0
2025-01-20 02:10:00	0.0	0.9075366088353869	0.0	0.0	0.0
2025-01-20 02:20:00	0.0	1.4820606377119294	0.0	0.0	0.0
2025-01-20 02:30:00	0.0	2.0939261695701306	0.0	0.0	0.0
2025-01-20 02:40:00	0.0	2.766835761464648	1.1048824993656234	0.0	0.0
2025-01-20 02:50:00	0.0	2.9758051614049243	2.2817792608128857	0.0	0.0
2025-01-20 03:00:00	0.0	2.763940828748425	2.430163648934734	0.0	0.0
2025-01-20 03:10:00	0.0	2.6570031175502677	2.6730371868520573	0.0	0.0
2025-01-20 03:20:00	0.0	2.619989794788851	2.5363173053518433	0.0	0.0
2025-01-20 03:30:00	0.0	2.586040831281643	2.49673523955337	0.0	0.0
2025-01-20 03:40:00	0.0	2.8707038606714264	2.9775651583449867	0.0	0.05044601984069522
2025-01-20 03:50:00	0.0	3.0297319619714456	2.837659042839537	0.0	0.0776591354303986
2025-01-20 04:00:00	0.8103524593929845	3.4035336204786306	3.14533518443689	0.0	1.283270315122317
2025-01-20 04:10:00	0.9796089781906441	3.4300522410314813	3.148471568401467	0.0	1.6542951484079322
2025-01-20 04:20:00	1.261387421058595	3.455702643522935	3.6533972091553006	0.0	1.785491672209614
2025-01-20 04:30:00	1.4809706719979938	3.55742764661738	4.036465444503962	0.0	2.0073802692515668
2025-01-20 04:40:00	1.4768885682245916	3.1444700773119245	3.6417669932544605	0.0	1.8944801371422288
2025-01-20 04:50:00	1.5364031590912566	3.0698803406337465	3.397207574793292	0.0	1.9335627625761203
2025-01-20 05:00:00	1.8556949437973693	3.386092995851148	3.2872488893152148	0.8233101916233653	1.9373774563285477
2025-01-20 05:10:00	1.9619002327480417	3.7690450156208373	3.398788189203209	1.549564033962221	2.3170595803554126
2025-01-20 05:20:00	1.9340350231564807	3.558022219081962	3.4636674661323363	1.4327435634386334	2.6002903116111953
2025-01-20 05:30:00	1.9246257765155932	2.3989743313068845	2.7990460733996967	1.2623269505214463	1.9761361599350735
2025-01-20 05:40:00	1.7718967452156584	2.5240616541016205	3.7537303162211817	1.2860693595091173	1.9461350919918265
2025-01-20 05:50:00	1.5972204730424204	4.95193574784059	3.73157185559963	2.0357970597583215	1.530717027993325
2025-01-20 06:00:00	5.129157805096057	11.151935747840591	5.065413435724035	6.335797059758322	6.131659643457248
2025-01-20 06:10:00	9.36	12.4	11.705413435724035	8.6	10.08
2025-01-20 06:20:00	9.36	12.4	10.630202802457486	8.6	8.6780542860422
2025-01-20 06:30:00	9.36	12.4	11.960675673368058	8.6	7.599492980614733
2025-01-20 06:40:00	9.36	12.4	13.280000000000001	8.6	8.087070386985436
2025-01-20 06:50:00	8.591873872781497	12.4	11.992456652621675	7.730208939321269	8.505375852088672
2025-01-20 07:00:00	7.210572526494902	12.4	10.873943431578724	6.965677449854254	9.556760459168396
2025-01-20 07:10:00	5.918424235810272	12.4	12.989620614721629	8.6	8.038734599205613
2025-01-20 07:20:00	8.715198774190942	12.4	9.903774844849615	7.156000422122613	9.095267944355966
2025-01-20 07:30:00	9.36	10.735492435882215	9.542681969429093	4.205877768208895	7.28230743832923
2025-01-20 07:40:00	9.36	7.47141778226743	9.152179344901056	5.150475010413375	5.722382372725971
2025-01-20 07:50:00	9.36	5.3899004967822215	6.328974528083657	5.641316180615832	0.812790924042854
2025-01-20 08:00:00	4.68	2.9253270019448445	4.9141303520631805	6.894561780872775	2.1504692953200304
2025-01-20 08:10:00	3.063180544461043	6.102060798047421	3.4892379976843317	8.6	4.551694476587431
2025-01-20 08:20:00	0.9513099999480965	3.8532973172510356	5.958397746667785	6.429427967246532	7.043838946921908
2025-01-20 08:30:00	0.0	3.05144938318457	5.116001778531064	5.563070294471317	3.42886669020103
2025-01-20 08:40:00	0.0	0.685085342680502	4.955560005901869	1.2630702944713172	3.6611350222167767
2025-01-20 08:50:00	0.0	0.0	2.9481402593529125	0.0	0.9442542686716687
2025-01-20 09:00:00	0.0	0.0	0.0	0.0	0.310144708961689
2025-01-20 09:10:00	0.0	0.0	0.2569856099064651	0.9768392806186116	0.545670493431697
2025-01-20 09:20:00	0.0	0.0	2.134777654210695	0.41298946639047573	1.0867964605129339
2025-01-20 09:30:00	0.0	0.0	0.0	2.317059752974148	0.0
2025-01-20 09:40:00	0.0	0.0	0.0	2.6705037426909763	0.0
2025-01-20 09:50:00	0.0	0.0	0.0	1.768830537934398	0.11514197998276104
2025-01-20 10:00:00	0.0	0.0	0.0	0.0	0.19917438857268643
2025-01-20 10:10:00	0.0	0.0	0.0	0.0	0.0
2025-01-20 10:20:00	0.0	0.0	0.0	0.0	0.0
2025-01-20 10:30:00	0.0	0.0	0.0	0.0	0.0
2025-01-20 10:40:00	0.0	0.0	0.0	0.0	0.0
2025-01-20 10:50:00	0.0	0.0	0.0	0.0	0.0
2025-01-20 11:00:00	0.0	0.0	0.0	0.0	0.0
2025-01-20 11:10:00	0.0	0.0	0.0	0.0	0.0
2025-01-20 11:20:00	0.0	0.0	0.0	0.0	0.0
2025-01-20 11:30:00	0.0	0.0	0.0	0.0	0.0
2025-01-20 11:40:00	0.0	0.0	0.0	0.0	0.0
2025-01-20 11:50:00	0.0	0.0	0.0	0.0	0.0
2025-01-20 12:00:00	0.0	0.0	0.0	0.0	0.0
2025-01-20 12:10:00	0.0	0.0	0.0	0.0	0.0
2025-01-20 12:20:00	0.0	0.0	0.0	0.0	0.0
2025-01-20 12:30:00	0.0	0.0	0.0	0.0	0.0
2025-01-20 12:40:00	0.0	0.0	0.0	0.0	0.0
2025-01-20 12:50:00	0.0	0.0	0.0	0.0	0.0
2025-01-20 13:00:00	0.0	0.0	0.0	0.0	0.0
2025-01-20 13:10:00	0.0	0.0	0.0	0.0	0.0
2025-01-20 13:20:00	0.0	0.0	0.0	0.0	0.0
2025-01-20 13:30:00	0.0	0.0	0.0	0.0	0.0
2025-01-20 13:40:00	0.0	0.0	0.0	0.0	0.0
2025-01-20 13:50:00	0.0	0.0	0.0	0.0	0.0
2025-01-20 14:00:00	0.0	0.0	0.0	0.0	0.0
2025-01-20 14:10:00	0.0	0.0	0.0	0.0	0.0
2025-01-20 14:20:00	0.0	0.0	0.0	0.0	0.0
2025-01-20 14:30:00	0.0	0.0	0.0	0.0	0.0
2025-01-20 14:40:00	0.0	0.0	0.0	0.0	0.0
2025-01-20 14:50:00	0.0	0.0	0.0	0.0	0.0
2025-01-20 15:00:00	0.0	0.0	0.0	0.0	0.0
2025-01-20 15:10:00	0.0	0.0	0.0	0.0	0.0
2025-01-20 15:20:00	0.0	0.0	0.0	0.0	0.0
2025-01-20 15:30:00	0.0	0.0	0.0	0.0	0.0
2025-01-20 15:40:00	0.0	0.0	0.0	0.0	0.0
2025-01-20 15:50:00	0.0	2.3165272838697724	0.0	0.0	0.0
2025-01-20 16:00:00	0.0	4.928720529207007	0.0	0.0	0.0
2025-01-20 16:10:00	0.0	5.53934108616176	0.654424175986198	0.0	0.0
2025-01-20 16:20:00	0.0	4.336570452553839	0.762915114732604	0.0	0.0
2025-01-20 16:30:00	0.0	3.2101840186246977	2.5440231084609386	0.0	0.0
2025-01-20 16:40:00	0.0	4.35537170280222	4.276439824250031	0.0	0.0
2025-01-20 16:50:00	0.0	2.282133713890022	3.2227999491342967	0.0	0.0
2025-01-20 17:00:00	0.0	3.397045333056747	5.30929124715615	0.0	0.5376338148075797
2025-01-20 17:10:00	0.0	5.165544824481018	4.733732647931228	0.24839519152948053	0.0
2025-01-20 17:20:00	0.0	3.924412910943335	5.573369907623048	0.0	0.0
2025-01-20 17:30:00	0.0	4.0948228994350595	3.313838691806745	0.0	1.9002649365334372
2025-01-20 17:40:00	0.0	4.951324029215089	4.975146953588016	1.6011917757249365	1.4503745081685906
2025-01-20 17:50:00	0.0	4.713785896561321	5.251365951700237	0.597248412284819	0.21692047509461482
2025-01-20 18:00:00	0.0	2.50292751121687	3.9458454475615508	1.228281947673279	0.0
2025-01-20 18:10:00	0.0	3.1147964406426305	2.793731485140767	2.5229546863182266	0.0
2025-01-20 18:20:00	0.0	2.7781649248288107	2.537514167236216	0.6517619760810034	0.0
2025-01-20 18:30:00	0.0	1.706855984131888	0.42558174565675366	0.0	0.0
2025-01-20 18:40:00	0.0	1.8116450543015894	2.8913704588393347	1.2060256256969326	0.7167944848049469
2025-01-20 18:50:00	0.0	1.8688764472607777	1.5618671382001406	1.7080262948020364	0.8453892131886417
2025-01-20 19:00:00	0.0	0.0	1.6844644937141966	0.0	0.0
2025-01-20 19:10:00	0.0	0.7046811847845453	1.5348333909593523	0.0	0.0
2025-01-20 19:20:00	0.0	0.2563764289049583	2.8469820533317627	0.3760309474458045	0.0
2025-01-20 19:30:00	0.29579257281452487	1.3108846487593928	2.3952529973547287	0.40168010231813095	0.0
2025-01-20 19:40:00	0.0	0.6739612540203658	4.0035471370040145	0.7335253172635792	0.03373157473203391
2025-01-20 19:50:00	0.0	0.08139873453153595	2.3783663396416137	0.0	1.499775561984646
2025-01-20 20:00:00	0.4142236129065345	1.0343084234843587	0.5835684979733545	0.0	0.6797516159368766
2025-01-20 20:10:00	0.6085982476083291	0.7609614157058618	2.3239651041233755	0.0	0.0498254953084841
2025-01-20 20:20:00	0.0	3.843544689028717	0.6176127960283252	0.0	1.2605020284496264
2025-01-20 20:30:00	0.0	3.424625095739139	0.4285396254628453	0.0	0.0
2025-01-20 20:40:00	0.0	2.8045074092852986	1.9455933184333927	0.0	0.0
2025-01-20 20:50:00	0.0	2.010548102868942	1.544674955993405	0.0	0.0
2025-01-20 21:00:00	0.0	2.3101848301346855	2.2419127109582995	0.9371461540721415	0.15083299294382088
2025-01-20 21:10:00	0.0	1.60029951362813	3.434543510426035	1.2454534100564851	0.026271373938382747
2025-01-20 21:20:00	0.4948587374736752	1.965663942198409	2.9626041780056886	1.3959619554899	0.0
2025-01-20 21:30:00	0.4412225596056571	2.5597233446787215	1.290750394906846	1.1782568008584349	1.15102065128963
2025-01-20 21:40:00	0.0	1.895469708106905	0.8081434749207226	0.569160288692033	1.087016806589666
2025-01-20 21:50:00	0.0	2.111830055084877	1.358506149626898	0.17935466752024004	1.0870785530242617
2025-01-20 22:00:00	0.0	2.469133462586317	0.0	0.3344234770037853	0.0
2025-01-20 22:10:00	0.0	0.0	1.3868557910373727	0.0	0.0
2025-01-20 22:20:00	0.0	0.0	1.9042320249002689	0.0	0.0
2025-01-20 22:30:00	0.08856277893129984	2.4054263853116695	0.0	0.0	0.0
2025-01-20 22:40:00	0.04909899167999651	0.7395711052311369	0.0	0.0	0.0
2025-01-20 22:50:00	0.0	0.09005983098085323	0.0	0.0	0.0
2025-01-20 23:00:00	0.0	0.0	0.0	0.0	0.0
2025-01-20 23:10:00	0.0	0.0	0.0	0.0	0.0
2025-01-20 23:20:00	0.0	0.0	0.0	0.0	0.0
2025-01-20 23:30:00	0.0	0.0	0.0	0.0	0.0
2025-01-20 23:40:00	0.0	0.0	0.0	0.0	0.0
2025-01-20 23:50:00	0.0	0.0	0.0	0.0	0.0
2025-01-21 00:00:00	0.0	0.0	0.0	0.0	0.0
2025-01-21 00:10:00	0.0	0.0	0.0	0.0	0.0
2025-01-21 00:20:00	0.0	0.0	0.0	0.0	0.0
2025-01-21 00:30:00	0.0	0.0	0.0	0.0	0.0
2025-01-21 00:40:00	0.0	0.0	0.0	0.0	0.0
2025-01-21 00:50:00	0.0	0.0	0.0	0.0	0.0
2025-01-21 01:00:00	0.0	0.0	0.0	0.0	0.0
2025-01-21 01:10:00	0.0	0.0	0.0	0.0	0.0
2025-01-21 01:20:00	0.0	0.0	0.0	0.0	0.0
2025-01-21 01:30:00	0.0	0.0	0.0	0.0	0.0
2025-01-21 01:40:00	0.0	0.0	0.0	0.0	0.0
2025-01-21 01:50:00	0.0	0.0	0.0	0.0	0.0
2025-01-21 02:00:00	0.0	0.0	0.0	0.0	0.0
2025-01-21 02:10:00	0.0	0.0	0.0	0.0	0.0
2025-01-21 02:20:00	0.0	0.0	0.0	0.0	0.0
2025-01-21 02:30:00	0.0	0.0	0.0	0.0	0.0
2025-01-21 02:40:00	0.0	0.0	0.0	0.0	0.0
2025-01-21 02:50:00	0.0	0.0	0.0	0.0	0.0
2025-01-21 03:00:00	0.0	0.0	0.0	0.0	0.0
2025-01-21 03:10:00	0.0	0.1966791330071832	0.6789340209573773	0.0	0.0
2025-01-21 03:20:00	0.0	0.8676623486923906	1.1067632962639176	0.0	0.0
2025-01-21 03:30:00	0.0	1.508595621117464	1.562916093814584	0.0	0.0
2025-01-21 03:40:00	0.0	1.926907787198498	2.346814698052337	0.0	0.0
2025-01-21 03:50:00	0.0	2.054751388266597	2.471687730547215	0.0	0.0
2025-01-21 04:00:00	0.0	2.680347545092232	2.6890393881652135	0.0	0.3042996836116021
2025-01-21 04:10:00	0.0	2.758924625336949	2.542467623722107	0.0	0.7608131309543777
2025-01-21 04:20:00	0.0	2.830719821107268	2.9337549185502234	0.0	0.973740762998652
2025-01-21 04:30:00	0.4354128001707529	3.1889337578217662	3.285751592230621	0.0	1.5910268227887454
2025-01-21 04:40:00	0.636714906432668	2.936311849873271	3.1572364096425343	0.0	1.5546217955559416
2025-01-21 04:50:00	0.9202424888436918	2.7344131037345494	2.9034299084528676	0.0	1.4551389908325099
2025-01-21 05:00:00	1.2021971541334606	2.6988329833230638	2.9048568146664215	0.0	1.4653385418010727
2025-01-21 05:10:00	1.3987820195055003	2.940000980463343	3.0890924986204045	0.0	1.848845922009723
2025-01-21 05:20:00	0.8574339274737839	3.209909157515049	2.8156879554283916	0.0	2.034179340615884
2025-01-21 05:30:00	0.7637533511266863	3.0488814062071423	2.8146891563732384	0.0	1.6293330598133204
2025-01-21 05:40:00	1.567279003870321	2.750427126939716	2.928894340138668	0.7323681813497339	1.67291124334498
2025-01-21 05:50:00	5.2056211382635755	2.9421394640543745	3.3280259646273658	5.032368181349734	3.5315767885991605
2025-01-21 06:00:00	9.36	5.806705483776356	5.380651852569897	8.6	8.57157678859916
2025-01-21 06:10:00	9.36	12.006705483776356	12.020651852569898	8.6	10.08
2025-01-21 06:20:00	7.369968671830581	12.4	8.00202471588956	8.6	10.08
2025-01-21 06:30:00	6.910114312777875	12.4	6.239794675115471	8.6	10.08
2025-01-21 06:40:00	9.36	12.4	11.790363966673295	8.6	10.08
2025-01-21 06:50:00	9.36	12.4	8.335415882537893	8.6	10.08
2025-01-21 07:00:00	9.36	12.4	11.28065923566004	8.6	10.08
2025-01-21 07:10:00	9.36	12.4	13.280000000000001	8.6	10.08
2025-01-21 07:20:00	9.348499164203098	12.4	11.828815179052775	8.6	9.703107478422087
2025-01-21 07:30:00	5.689704009517394	10.05287517752452	10.405778168829254	5.940126893445651	5.203615657151861
2025-01-21 07:40:00	3.541939778178172	6.635512622814108	8.533348488407682	6.191353977706961	4.798633446311369
2025-01-21 07:50:00	3.6946414972194237	7.270813843029821	6.008402266200779	6.825794403495144	3.94923436774593
2025-01-21 08:00:00	0.47336789749783165	5.8431296207610215	0.0	2.686301875551168	4.699436811588993
2025-01-21 08:10:00	2.895548925238664	5.453654661031324	1.4926968703326093	2.5386864778192386	1.6859293975442307
2025-01-21 08:20:00	1.8830486042982995	2.901380814226526	2.468334247159634	1.2745249403657306	0.0
2025-01-21 08:30:00	3.5232077110604174	0.0	2.3722705657002545	0.7264972152575996	0.0
2025-01-21 08:40:00	3.041164990106388	0.0	1.708401182585698	0.0	0.0
2025-01-21 08:50:00	0.3940306545048692	0.0	1.3659546200001658	0.0	0.0
2025-01-21 09:00:00	0.0	0.0	3.221855919549051	0.0	0.0
2025-01-21 09:10:00	0.0	0.0	1.418728571756593	0.37510776411651825	0.0
2025-01-21 09:20:00	0.0	0.0	3.228268063093223	0.9858232157513491	0.0
2025-01-21 09:30:00	0.0	0.0	1.8110709108176826	0.0	0.0
2025-01-21 09:40:00	0.0	0.0	1.1966287067048362	0.6461404391575067	0.0
2025-01-21 09:50:00	0.0	0.0	1.1052853849967506	0.0	0.0
2025-01-21 10:00:00	0.0	0.0	0.0	0.06392011100608434	0.0
2025-01-21 10:10:00	0.0	0.0	0.0	0.0	0.0
2025-01-21 10:20:00	0.0	0.0	0.0	0.0	0.0
2025-01-21 10:30:00	0.0	0.0	0.0	0.0	0.0
2025-01-21 10:40:00	0.0	0.0	0.0	0.0	0.0
2025-01-21 10:50:00	0.0	0.0	0.0	0.0	0.0
2025-01-21 11:00:00	0.0	0.0	0.0	0.0	0.0
2025-01-21 11:10:00	0.0	0.0	0.0	0.0	0.0
2025-01-21 11:20:00	0.0	0.0	0.0	0.0	0.0
2025-01-21 11:30:00	0.0	0.0	0.0	0.0	0.0
2025-01-21 11:40:00	0.0	0.0	0.0	0.0	0.0
2025-01-21 11:50:00	0.0	0.0	0.0	0.0	0.0
2025-01-21 12:00:00	0.0	0.0	0.0	0.0	0.0
2025-01-21 12:10:00	0.0	0.0	0.0	0.0	0.0
2025-01-21 12:20:00	0.0	0.0	0.0	0.0	0.0
2025-01-21 12:30:00	0.0	0.0	0.0	0.0	0.0
2025-01-21 12:40:00	0.0	0.0	0.0	0.0	0.0
2025-01-21 12:50:00	0.0	0.0	0.0	0.0	0.0
2025-01-21 13:00:00	0.0	0.0	0.0	0.0	0.0
2025-01-21 13:10:00	0.0	0.0	0.0	0.0	0.0
2025-01-21 13:20:00	0.0	0.0	0.0	0.0	0.0
2025-01-21 13:30:00	0.0	0.0	0.0	0.0	0.0
2025-01-21 13:40:00	0.0	0.0	0.0	0.0	0.0
2025-01-21 13:50:00	0.0	0.0	0.0	0.0	0.0
2025-01-21 14:00:00	0.0	0.0	0.0	0.0	0.0
2025-01-21 14:10:00	0.0	0.0	0.0	0.0	0.0
2025-01-21 14:20:00	0.0	0.0	0.0	0.0	0.0
2025-01-21 14:30:00	0.0	0.0	0.0	0.0	0.0
2025-01-21 14:40:00	0.0	0.0	0.0	0.0	0.0
2025-01-21 14:50:00	0.0	0.0	0.0	0.0	0.0
2025-01-21 15:00:00	0.0	0.0	0.0	0.0	0.0
2025-01-21 15:10:00	0.0	0.0	0.0	0.0	0.0
2025-01-21 15:20:00	0.0	0.0	0.0	0.0	0.0
2025-01-21 15:30:00	0.0	0.0	0.0	0.0	0.0
2025-01-21 15:40:00	0.0	0.0	0.0	0.0	0.0
2025-01-21 15:50:00	0.0	0.0	0.0	0.0	0.0
2025-01-21 16:00:00	0.0	0.0	0.0	0.0	0.0
2025-01-21 16:10:00	0.0	0.0	0.0	0.0	0.0
2025-01-21 16:20:00	0.0	0.0	0.0	0.0	0.0
2025-01-21 16:30:00	0.0	0.6073356833171226	0.0	0.0	0.0
2025-01-21 16:40:00	0.0	0.0	0.0	0.0	0.0
2025-01-21 16:50:00	0.0	0.0	0.0	0.0	0.0
2025-01-21 17:00:00	0.0	2.167169921692019	0.0	0.0	0.0
2025-01-21 17:10:00	0.0	2.2376514893754167	0.0	0.0	0.0
2025-01-21 17:20:00	0.0	2.202222191924771	0.0	0.0	0.0
2025-01-21 17:30:00	0.0	2.832589190505777	0.0	0.0	0.0
2025-01-21 17:40:00	0.0	1.910345337335278	0.0	0.0	0.0
2025-01-21 17:50:00	0.0	0.4480322145527577	0.0	0.0	0.0
2025-01-21 18:00:00	0.0	2.61529473754333	0.0	0.0	0.0
2025-01-21 18:10:00	0.0	2.623633549571787	0.0	0.0	0.0
2025-01-21 18:20:00	0.0	5.2944897012230525	0.0	0.0	0.0
2025-01-21 18:30:00	0.0	3.8576362088489184	0.0	0.0	0.0
2025-01-21 18:40:00	0.0	3.2286784134047743	0.928224462297267	0.0	0.0
2025-01-21 18:50:00	0.0	2.9261760721020424	0.9486178937838727	0.0	0.0
2025-01-21 19:00:00	0.0	0.0	0.7498723625616084	0.0	0.0
2025-01-21 19:10:00	0.0	0.0	2.4150014839459875	0.0	0.0
2025-01-21 19:20:00	0.0	0.0	1.9744055061671135	0.0	0.0
2025-01-21 19:30:00	0.0	3.4899571234950466	1.9135262759546678	0.0	0.0
2025-01-21 19:40:00	0.0	1.2291876100860417	4.465519731114022	0.0	0.0
2025-01-21 19:50:00	0.0	1.2912968543861205	3.1583294552141767	0.0	0.0
2025-01-21 20:00:00	0.0	1.3913903925742785	4.922043131214608	0.0	0.0
2025-01-21 20:10:00	0.0	2.031029408862263	3.978439811623197	0.0	0.0
2025-01-21 20:20:00	0.0	2.04619209183683	3.9024238715735837	0.0	0.0
2025-01-21 20:30:00	0.0	0.9609808330217557	3.093934715355465	0.0	0.0
2025-01-21 20:40:00	0.0	3.196942796330275	1.0346764935192945	0.0	0.0
2025-01-21 20:50:00	0.0	2.329990352297393	0.4076481587818155	0.0	0.0
2025-01-21 21:00:00	0.0	1.3571082288104508	2.2312038652156008	0.0	0.0
2025-01-21 21:10:00	0.0	2.2584121486809674	2.5199506597607524	0.0	0.0
2025-01-21 21:20:00	0.0	3.3854092789106525	2.868737804633652	0.0	0.3995335285745707
2025-01-21 21:30:00	0.0	3.1620504948030717	3.2523684887405957	0.0	1.2292647715842075
2025-01-21 21:40:00	0.0	3.505353741328282	1.6795979843788578	0.0	2.1313187992528713
2025-01-21 21:50:00	0.0	1.0150841903232724	3.1835404115219834	0.0	1.9079610931603908
2025-01-21 22:00:00	0.08715210892348167	1.3749128667044968	2.7360643726079665	0.0	0.0
2025-01-21 22:10:00	0.6079566543313658	0.0	1.625435912555043	0.0	0.0
2025-01-21 22:20:00	0.6870747620820343	0.0	0.8182191890950709	0.0	0.0
2025-01-21 22:30:00	1.4357033350635569	0.0	0.0	0.0	0.0
2025-01-21 22:40:00	0.0	0.0	0.0	0.0	0.0
2025-01-21 22:50:00	0.0	0.0	0.4669000445511687	0.0	0.0
2025-01-21 23:00:00	0.0	0.0	0.0	0.0	0.0
2025-01-21 23:10:00	0.0	0.0	0.0	0.0	0.0
2025-01-21 23:20:00	0.0	0.0	0.0	0.0	0.0
2025-01-21 23:30:00	0.0	0.0	0.0	0.0	0.0
2025-01-21 23:40:00	0.0	0.0	0.0	0.0	0.0
2025-01-21 23:50:00	0.0	0.0	0.0	0.0	0.0
2025-01-22 00:00:00	0.0	0.0	0.0	0.0	0.0
2025-01-22 00:10:00	0.0	0.0	0.0	0.0	0.0
2025-01-22 00:20:00	0.0	0.0	0.0	0.0	0.0
2025-01-22 00:30:00	0.0	0.0	0.0	0.0	0.0
2025-01-22 00:40:00	0.0	0.0	0.0	0.0	0.0
2025-01-22 00:50:00	0.0	0.0	0.0	0.0	0.0
2025-01-22 01:00:00	0.0	0.0	0.0	0.0	0.0
2025-01-22 01:10:00	0.0	0.0	0.0	0.0	0.0
2025-01-22 01:20:00	0.0	0.0	0.0	0.0	0.0
2025-01-22 01:30:00	0.0	0.0	0.0	0.0	0.0
2025-01-22 01:40:00	0.0	0.0	0.0	0.0	0.0
2025-01-22 01:50:00	0.0	0.0	0.0	0.0	0.0
2025-01-22 02:00:00	0.0	0.0	0.0	0.0	0.0
2025-01-22 02:10:00	0.0	0.0	0.0	0.0	0.0
2025-01-22 02:20:00	0.0	0.0	0.0	0.0	0.0
2025-01-22 02:30:00	0.0	0.0	0.0	0.0	0.0
2025-01-22 02:40:00	0.0	0.0	0.0	0.0	0.0
2025-01-22 02:50:00	0.0	0.0	0.0	0.0	0.0
2025-01-22 03:00:00	0.0	0.0	0.0	0.0	0.0
2025-01-22 03:10:00	0.0	0.0	0.0	0.0	0.0
2025-01-22 03:20:00	0.0	0.0	0.0	0.0	0.0
2025-01-22 03:30:00	0.0	0.0	0.0	0.0	0.0
2025-01-22 03:40:00	0.0	0.0	0.0	0.0	0.0
2025-01-22 03:50:00	0.0	0.0	0.0	0.0	0.0
2025-01-22 04:00:00	0.0	0.0	0.0	0.0	0.0
2025-01-22 04:10:00	0.0	0.0	0.0	0.0	0.0
2025-01-22 04:20:00	0.0	0.0	0.0	0.0	0.0
2025-01-22 04:30:00	0.0	0.0	0.0	0.0	0.0
2025-01-22 04:40:00	0.0	0.0	0.0	0.0	0.0
2025-01-22 04:50:00	0.0	0.0	0.0	0.0	0.0
2025-01-22 05:00:00	0.0	0.0	0.0	0.0	0.0
2025-01-22 05:10:00	0.0	0.0	0.0	0.0	0.0
2025-01-22 05:20:00	0.0	0.8614591846158194	0.0749727327475528	0.0	0.0
2025-01-22 05:30:00	0.0	1.1505577821633801	0.8744938084109637	0.0	0.0
2025-01-22 05:40:00	0.0	1.5301510919899037	1.260580349781464	0.0	0.0
2025-01-22 05:50:00	0.0	1.5280212185739612	1.4483064948051259	0.0	0.0
2025-01-22 06:00:00	0.0	5.277339678726963	0.5495286257335756	0.316927519362032	0.0
2025-01-22 06:10:00	0.0	11.477339678726963	6.3700680411272765	4.616927519362032	2.8512282419332227
2025-01-22 06:20:00	2.3580057236905163	9.191741712546111	8.486616117288639	3.273174344176242	4.5815985998550675
2025-01-22 06:30:00	2.8009445567475937	8.30337924811699	9.779844605645636	5.202981176767391	4.967149755299585
2025-01-22 06:40:00	2.9140178388412386	6.018343270846721	11.077902033471785	6.339326265819675	6.372626090697888
2025-01-22 06:50:00	4.152608857754571	6.801402817142286	8.136232936676095	5.502689126627849	6.811744167475969
2025-01-22 07:00:00	2.961926591964091	5.026987039378387	5.959464643176612	4.697731207940489	10.08
2025-01-22 07:10:00	7.641926591964091	10.747293463465706	10.732865755761196	6.833383676626092	10.08
2025-01-22 07:20:00	8.893725040479328	10.330904065574149	8.109668808234675	8.189576542116763	6.893718108003291
2025-01-22 07:30:00	5.188572538944527	8.639786157749716	6.164560264027841	8.6	2.837468993747082
2025-01-22 07:40:00	3.343120019297576	7.553123889372969	6.5023046226138845	8.6	4.981921135628366
2025-01-22 07:50:00	3.3885343749879975	7.724715688747823	4.473386946869497	4.729470981541623	2.8442185687501604
2025-01-22 08:00:00	2.140336702166554	3.5357991740452825	3.761143093757487	1.419678138691478	1.18692716547194
2025-01-22 08:10:00	0.5012216280430529	2.477225070955619	5.005564626902359	0.0	1.7912541102355253
2025-01-22 08:20:00	0.0	4.284589435223795	0.8142056077281268	0.0	1.6975846739416909
2025-01-22 08:30:00	0.0	4.310134537776266	0.0	0.0	0.0
2025-01-22 08:40:00	0.0	0.0	0.0	0.0	0.0
2025-01-22 08:50:00	0.0	0.0	0.0	0.0	0.0
2025-01-22 09:00:00	0.0	0.0	0.0	0.0	0.0
2025-01-22 09:10:00	0.0	0.8218808748471217	0.0	0.0	0.0
2025-01-22 09:20:00	0.0	2.203806608534009	0.0	0.0	0.0
2025-01-22 09:30:00	0.0	1.7155608380907321	0.0	0.0	0.0
2025-01-22 09:40:00	0.0	0.41239983913802947	0.0	0.0	0.0
2025-01-22 09:50:00	0.0	0.0	0.0	0.0	0.0
2025-01-22 10:00:00	0.0	0.0	0.0	0.0	0.0
2025-01-22 10:10:00	1.588694993467759	0.36332326831348777	0.0	0.0	0.0
2025-01-22 10:20:00	0.0	0.0	0.2108203901570767	0.0	0.0
2025-01-22 10:30:00	0.0	0.23505827731388443	0.0	0.0	0.0
2025-01-22 10:40:00	0.0	0.0	0.0	0.0	0.0
2025-01-22 10:50:00	0.0	0.0	0.0	0.0	0.0
2025-01-22 11:00:00	0.0	0.0	0.0	0.0	0.0
2025-01-22 11:10:00	0.0	0.0	0.0	0.0	0.0
2025-01-22 11:20:00	0.0	0.0	0.0	0.0	0.0
2025-01-22 11:30:00	0.0	0.0	0.0	0.0	0.0
2025-01-22 11:40:00	0.0	0.0	0.0	0.0	0.0
2025-01-22 11:50:00	0.0	0.0	0.0	0.0	0.0
2025-01-22 12:00:00	0.0	0.0	0.0	0.0	0.0
2025-01-22 12:10:00	0.0	0.0	0.0	0.0	0.0
2025-01-22 12:20:00	0.0	0.0	0.0	0.0	0.0
2025-01-22 12:30:00	0.0	0.0	0.0	0.0	0.0
2025-01-22 12:40:00	0.0	0.0	0.0	0.0	0.0
2025-01-22 12:50:00	0.0	0.0	0.0	0.0	0.0
2025-01-22 13:00:00	0.0	0.0	0.0	0.0	0.0
2025-01-22 13:10:00	0.0	0.0	0.0	0.0	0.0
2025-01-22 13:20:00	0.0	0.0	0.0	0.0	0.0
2025-01-22 13:30:00	0.0	0.0	0.0	0.0	0.0
2025-01-22 13:40:00	0.0	0.0	0.0	0.0	0.0
2025-01-22 13:50:00	0.0	0.0	0.0	0.0	0.0
2025-01-22 14:00:00	0.0	0.0	0.0	0.0	0.0
2025-01-22 14:10:00	0.0	0.0	0.0	0.0	0.0
2025-01-22 14:20:00	0.0	0.0	0.0	0.0	0.0
2025-01-22 14:30:00	0.0	0.0	0.0	0.0	0.0
2025-01-22 14:40:00	0.0	0.0	0.0	0.0	0.0
2025-01-22 14:50:00	0.0	0.0	0.0	0.0	0.0
2025-01-22 15:00:00	0.0	0.0	0.0	0.0	0.0
2025-01-22 15:10:00	0.0	0.0	0.0	0.0	0.0
2025-01-22 15:20:00	0.0	0.0	0.0	0.0	0.0
2025-01-22 15:30:00	0.0	0.0	0.0	0.0	0.0
2025-01-22 15:40:00	0.0	0.0	0.0	0.0	0.0
2025-01-22 15:50:00	0.0	0.0	0.0	0.0	0.0
2025-01-22 16:00:00	0.0	0.0	0.0	0.0	0.0
2025-01-22 16:10:00	0.0	0.0	0.0	0.0	0.0
2025-01-22 16:20:00	0.0	0.0	0.0	0.0	0.0
2025-01-22 16:30:00	0.0	0.0	0.0	0.0	0.0
2025-01-22 16:40:00	0.0	0.0	0.0	0.0	0.0
2025-01-22 16:50:00	0.0	0.0	0.0	0.0	0.0
2025-01-22 17:00:00	0.0	0.0	0.0	0.0	0.0
2025-01-22 17:10:00	0.0	0.0	0.0	0.0	0.0
2025-01-22 17:20:00	0.0	0.0	0.0	0.0	0.0
2025-01-22 17:30:00	0.0	0.0	0.0	0.0	0.0
2025-01-22 17:40:00	0.0	0.0	0.0	0.0	0.0
2025-01-22 17:50:00	0.0	0.0	0.0	0.0	0.0
2025-01-22 18:00:00	0.0	0.0	0.0	0.0	0.0
2025-01-22 18:10:00	0.0	0.0	0.0	0.0	0.0
2025-01-22 18:20:00	0.0	0.0	0.0	0.0	0.0
2025-01-22 18:30:00	0.0	0.0	0.0	0.0	0.0
2025-01-22 18:40:00	0.0	0.0	0.0	0.0	0.0
2025-01-22 18:50:00	0.0	0.0	0.0	0.0	0.0
2025-01-22 19:00:00	0.0	0.0	0.0	0.0	0.0
2025-01-22 19:10:00	0.0	0.0	0.0	0.0	0.0
2025-01-22 19:20:00	0.0	0.0	0.0	0.0	0.0
2025-01-22 19:30:00	0.0	0.0	0.0	0.0	0.0
2025-01-22 19:40:00	0.0	0.0	0.0	0.0	0.0
2025-01-22 19:50:00	0.0	0.0	0.0	0.0	0.0
2025-01-22 20:00:00	0.0	0.0	0.0	0.0	0.0
2025-01-22 20:10:00	0.0	0.0	0.0	0.0	0.0
2025-01-22 20:20:00	0.0	0.0	0.0	0.0	0.0
2025-01-22 20:30:00	0.0	0.0	0.0	0.0	0.0
2025-01-22 20:40:00	0.0	0.0	0.0	0.0	0.0
2025-01-22 20:50:00	0.0	0.0	0.0	0.0	0.0
2025-01-22 21:00:00	0.0	0.0	0.0	0.0	0.0
2025-01-22 21:10:00	0.0	0.0	0.0	0.0	0.0
2025-01-22 21:20:00	0.0	0.0	0.0	0.0	0.0
2025-01-22 21:30:00	0.0	0.0	0.0	0.0	0.0
2025-01-22 21:40:00	0.0	0.0	0.0	0.0	0.0
2025-01-22 21:50:00	0.0	0.0	0.0	0.0	0.0
2025-01-22 22:00:00	0.0	0.0	0.0	0.0	0.0
2025-01-22 22:10:00	0.0	0.0	0.0	0.0	0.0
2025-01-22 22:20:00	0.0	0.0	0.0	0.0	0.0
2025-01-22 22:30:00	0.0	0.0	0.0	0.0	0.0
2025-01-22 22:40:00	0.0	0.0	0.0	0.0	0.0
2025-01-22 22:50:00	0.0	0.0	0.0	0.0	0.0
2025-01-22 23:00:00	0.0	0.0	0.0	0.0	0.0
2025-01-22 23:10:00	0.0	0.0	0.0	0.0	0.0
2025-01-22 23:20:00	0.0	0.0	0.0	0.0	0.0
2025-01-22 23:30:00	0.0	0.0	0.0	0.0	0.0
2025-01-22 23:40:00	0.0	0.0	0.0	0.0	0.0
2025-01-22 23:50:00	0.0	0.0	0.0	0.0	0.0
2025-01-23 00:00:00	0.0	0.0	0.0	0.0	0.0
2025-01-23 00:10:00	0.0	0.0	0.0	0.0	0.0
2025-01-23 00:20:00	0.0	0.0	0.0	0.0	0.0
2025-01-23 00:30:00	0.0	0.0	0.0	0.0	0.0
2025-01-23 00:40:00	0.0	0.0	0.0	0.0	0.0
2025-01-23 00:50:00	0.0	0.0	0.0	0.0	0.0
2025-01-23 01:00:00	0.0	0.0	0.0	0.0	0.0
2025-01-23 01:10:00	0.0	0.0	0.0	0.0	0.0
2025-01-23 01:20:00	0.0	0.0	0.0	0.0	0.0
2025-01-23 01:30:00	0.0	0.0	0.0	0.0	0.0
2025-01-23 01:40:00	0.0	0.0	0.0	0.0	0.0
2025-01-23 01:50:00	0.0	0.0	0.0	0.0	0.0
2025-01-23 02:00:00	0.0	0.0	0.0	0.0	0.0
2025-01-23 02:10:00	0.0	0.0	0.0	0.0	0.0
2025-01-23 02:20:00	0.0	0.0	0.0	0.0	0.0
2025-01-23 02:30:00	0.0	0.0	0.0	0.0	0.0
2025-01-23 02:40:00	0.0	0.0	0.0	0.0	0.0
2025-01-23 02:50:00	0.0	0.0	0.0	0.0	0.0
2025-01-23 03:00:00	0.0	0.0	0.0	0.0	0.0
2025-01-23 03:10:00	0.0	0.0	0.0	0.0	0.0
2025-01-23 03:20:00	0.0	0.0	0.0	0.0	0.0
2025-01-23 03:30:00	0.0	0.0	0.0	0.0	0.0
2025-01-23 03:40:00	0.0	0.0	0.0	0.0	0.0
2025-01-23 03:50:00	0.0	0.0	0.0	0.0	0.0
2025-01-23 04:00:00	0.0	0.0	0.0	0.0	0.0
2025-01-23 04:10:00	0.0	0.0	0.0	0.0	0.0
2025-01-23 04:20:00	0.0	0.0	0.0	0.0	0.0
2025-01-23 04:30:00	0.0	0.0	0.0	0.0	0.0
2025-01-23 04:40:00	0.0	0.0	0.0	0.0	0.0
2025-01-23 04:50:00	0.0	0.0	0.0	0.0	0.0
2025-01-23 05:00:00	0.0	0.0	0.0	0.0	0.0
2025-01-23 05:10:00	0.0	0.0	0.0	0.0	0.0
2025-01-23 05:20:00	0.0	0.0	0.0	0.0	0.0
2025-01-23 05:30:00	0.0	0.0	0.0	0.0	0.0
2025-01-23 05:40:00	0.0	0.0	0.0	0.0	0.0
2025-01-23 05:50:00	0.0	0.0	0.0	0.0	0.0
2025-01-23 06:00:00	0.0	0.0	0.0	0.0	0.0
2025-01-23 06:10:00	0.6022572914603712	0.7266113331942473	0.0	0.0	0.0
2025-01-23 06:20:00	0.19784952769997902	1.5534464683042728	0.0	0.0	0.0
2025-01-23 06:30:00	1.6368460475056847	3.0915847701460097	0.397817369072335	0.0	0.0
2025-01-23 06:40:00	4.233619722306328	7.016261904093004	3.767479189615058	0.0	0.0
2025-01-23 06:50:00	5.86474537172693	5.777456094318125	2.0691818673230027	0.0	0.0
2025-01-23 07:00:00	3.9119369924886587	5.366508625984102	1.9610170127664663	3.233742532160666	2.192330554384586
2025-01-23 07:10:00	2.5039003368860455	7.599631494528964	7.408191074623925	7.533742532160666	7.232330554384586
2025-01-23 07:20:00	0.0	8.881050914727975	10.811649563317827	5.022693290482804	6.743012766327074
2025-01-23 07:30:00	2.1975228528500392	7.198986481643101	4.171649563317826	8.133027333894482	1.7282507487468188
2025-01-23 07:40:00	1.5159199889574468	2.852978428971664	4.736716469922832	7.9688164361873595	3.7510860941559034
2025-01-23 07:50:00	0.2767499906319072	1.924426776306509	3.930196879858698	8.514823824427394	0.602745356081045
2025-01-23 08:00:00	0.0	2.558401406114811	0.0	5.5334735290842465	0.0
2025-01-23 08:10:00	3.0045349297985524	0.0	1.8530456945377176	4.217668528883908	0.0
2025-01-23 08:20:00	2.842148126562986	0.0	3.7309399622404764	0.0	0.0
2025-01-23 08:30:00	0.1444969526226134	0.0	3.3833660784712905	0.0	0.0
2025-01-23 08:40:00	0.0	0.0	2.380384018619551	0.0	0.0
2025-01-23 08:50:00	0.0	0.0	0.0	0.0	0.0
2025-01-23 09:00:00	0.0	0.0	0.0	0.0	0.0
2025-01-23 09:10:00	0.0	0.0	0.0	0.0	0.0
2025-01-23 09:20:00	0.0	0.0	0.0	0.0	0.0
2025-01-23 09:30:00	0.0	0.0	1.0708532030746136	0.0	0.0
2025-01-23 09:40:00	0.0	0.0	2.032525850206811	0.0	0.0
2025-01-23 09:50:00	0.0	0.0	2.2083382048921845	0.0	0.0
2025-01-23 10:00:00	0.0	0.0	0.0	0.0	0.0
2025-01-23 10:10:00	0.0	0.0	0.0	0.0	0.0
2025-01-23 10:20:00	0.0	0.0	0.0	0.0	0.0
2025-01-23 10:30:00	0.0	0.0	0.0	0.0	0.0
2025-01-23 10:40:00	0.0	0.0	0.0	0.0	0.0
2025-01-23 10:50:00	0.0	0.0	0.0	0.0	0.0
2025-01-23 11:00:00	0.0	0.0	0.0	0.0	0.0
2025-01-23 11:10:00	0.0	0.0	0.0	0.0	0.0
2025-01-23 11:20:00	0.0	0.0	0.0	0.0	0.0
2025-01-23 11:30:00	0.0	0.0	0.0	0.0	0.0
2025-01-23 11:40:00	0.0	0.0	0.0	0.0	0.0
2025-01-23 11:50:00	0.0	0.0	0.0	0.0	0.0
2025-01-23 12:00:00	0.0	0.0	0.0	0.0	0.0
2025-01-23 12:10:00	0.0	0.0	0.0	0.0	0.0
2025-01-23 12:20:00	0.0	0.0	0.0	0.0	0.0
2025-01-23 12:30:00	0.0	0.0	0.0	0.0	0.0
2025-01-23 12:40:00	0.0	0.0	0.0	0.0	0.0
2025-01-23 12:50:00	0.0	0.0	0.0	0.0	0.0
2025-01-23 13:00:00	0.0	0.0	0.0	0.0	0.0
2025-01-23 13:10:00	0.0	0.0	0.0	0.0	0.0
2025-01-23 13:20:00	0.0	0.0	0.0	0.0	0.0
2025-01-23 13:30:00	0.0	0.0	0.0	0.0	0.0
2025-01-23 13:40:00	0.0	0.0	0.0	0.0	0.0
2025-01-23 13:50:00	0.0	0.0	0.0	0.0	0.0
2025-01-23 14:00:00	0.0	0.0	0.0	0.0	0.0
2025-01-23 14:10:00	0.0	0.0	0.0	0.0	0.0
2025-01-23 14:20:00	0.0	0.0	0.0	0.0	0.0
2025-01-23 14:30:00	0.0	0.0	0.0	0.0	0.0
2025-01-23 14:40:00	0.0	0.0	0.0	0.0	0.0
2025-01-23 14:50:00	0.0	0.0	0.0	0.0	0.0
2025-01-23 15:00:00	0.0	0.0	0.0	0.0	0.0
2025-01-23 15:10:00	0.0	0.0	0.0	0.0	0.0
2025-01-23 15:20:00	0.0	0.0	0.0	0.0	0.0
2025-01-23 15:30:00	0.0	0.0	0.0	0.0	0.0
2025-01-23 15:40:00	0.0	0.0	0.0	0.0	0.0
2025-01-23 15:50:00	0.0	0.0	0.0	0.0	0.0
2025-01-23 16:00:00	0.0	0.0	0.0	0.0	0.0
2025-01-23 16:10:00	0.0	0.0	0.0	0.0	0.0
2025-01-23 16:20:00	0.0	0.0	0.0	0.0	0.0
2025-01-23 16:30:00	0.0	0.0	0.0	0.0	0.2755891619703878
2025-01-23 16:40:00	0.0	0.0	0.0	0.0	0.0
2025-01-23 16:50:00	0.0	0.0	0.0	0.0	0.0
2025-01-23 17:00:00	0.0	0.0	0.0	0.0	0.0
2025-01-23 17:10:00	0.0	0.0	0.9278804401543472	0.0	0.0
2025-01-23 17:20:00	0.0	0.0	0.4072414872773443	0.0	0.0
2025-01-23 17:30:00	0.0	0.0	0.1702879261730399	0.0	0.0
2025-01-23 17:40:00	0.0	0.0	2.625068791962717	0.0	0.0
2025-01-23 17:50:00	0.0	0.0	4.627585088964167	0.0	0.0
2025-01-23 18:00:00	0.0	0.0	0.0	0.0	0.0
2025-01-23 18:10:00	0.0	0.0	0.08743617735522931	0.0	0.0
2025-01-23 18:20:00	0.0	0.0	0.0	0.0	0.3878686524369383
2025-01-23 18:30:00	0.0	0.0	1.9719059748885674	0.0	0.0
2025-01-23 18:40:00	0.0	0.0	1.481513944392463	0.0	0.0
2025-01-23 18:50:00	0.0	0.0	0.0	0.0	0.0
2025-01-23 19:00:00	0.0	0.0	0.0	0.0	0.0
2025-01-23 19:10:00	0.0	0.0	0.0	0.0	0.0
2025-01-23 19:20:00	0.0	0.0	0.0	0.0	0.0
2025-01-23 19:30:00	0.0	0.0	0.0	0.0	0.0
2025-01-23 19:40:00	0.0	0.0	2.288906087010038	0.0	0.0
2025-01-23 19:50:00	0.0	0.0	1.677952274824666	0.0	0.0
2025-01-23 20:00:00	0.0	0.0	0.22013169688213163	0.0	0.0
2025-01-23 20:10:00	0.0	0.0	1.526511466392642	0.0	0.0
2025-01-23 20:20:00	0.0	0.0	1.8721221183378054	0.0	0.0
2025-01-23 20:30:00	0.0	0.0	0.0	0.0	0.0
2025-01-23 20:40:00	0.0	0.0	0.0	0.0	0.0
2025-01-23 20:50:00	0.0	0.33156883147542715	0.0	0.0	0.0
2025-01-23 21:00:00	0.0	0.0	0.0	0.0	0.028790148796705037
2025-01-23 21:10:00	0.45619640218795854	0.0	0.0	0.0	1.1657908366369674
2025-01-23 21:20:00	0.02244375284066415	0.0	0.0	0.0	0.0
2025-01-23 21:30:00	0.010152036550381986	0.28636484277262436	0.0	0.0	0.20689378052905522
2025-01-23 21:40:00	0.36746854737790646	0.5839934794728338	0.32847952974996586	0.0	0.26947673225563124
2025-01-23 21:50:00	0.0	0.9410600690496115	1.9601465652420704	0.0	0.09925005731583225
2025-01-23 22:00:00	0.0	2.1352259465524264	3.6384988246940524	0.0	0.24141114665975474
2025-01-23 22:10:00	0.6850185759534354	1.1234717214277563	0.0	0.0	0.39228631570452854
2025-01-23 22:20:00	0.0	0.3368656313325446	0.0	0.0	1.5644215480843422
2025-01-23 22:30:00	0.0	1.0529589708698548	0.0	0.0	0.0
2025-01-23 22:40:00	0.0	0.646577412114018	0.0	0.0	0.0
2025-01-23 22:50:00	0.0	0.0	0.0	0.0	0.0
2025-01-23 23:00:00	0.0	1.2835109886628882	0.0	0.0	0.0
2025-01-23 23:10:00	0.0	0.0	0.0	0.0	0.0
2025-01-23 23:20:00	0.0	0.0	0.0	0.0	0.0
2025-01-23 23:30:00	0.0	0.0	0.0	0.0	0.0
2025-01-23 23:40:00	0.0	0.0	0.0	0.0	0.0
2025-01-23 23:50:00	0.0	0.0	0.0	0.0	0.0
2025-01-24 00:00:00	0.0	0.0	0.0	0.0	0.0
2025-01-24 00:10:00	0.0	0.0	0.0	0.0	0.0
2025-01-24 00:20:00	0.0	0.0	0.0	0.0	0.0
2025-01-24 00:30:00	0.0	0.0	0.0	0.0	0.0
2025-01-24 00:40:00	0.0	0.0	0.0	0.0	0.0
2025-01-24 00:50:00	0.0	0.0	0.0	0.0	0.0
2025-01-24 01:00:00	0.0	0.0	0.0	0.0	0.0
2025-01-24 01:10:00	0.0	0.0	0.0	0.0	0.0
2025-01-24 01:20:00	0.0	0.0	0.0	0.0	0.0
2025-01-24 01:30:00	0.0	0.0	0.0	0.0	0.0
2025-01-24 01:40:00	0.0	0.0	0.0	0.0	0.0
2025-01-24 01:50:00	0.0	0.0	0.0	0.0	0.0
2025-01-24 02:00:00	0.0	0.0	0.0	0.0	0.0
2025-01-24 02:10:00	0.0	0.0	0.0	0.0	0.0
2025-01-24 02:20:00	0.0	0.0	0.0	0.0	0.0
2025-01-24 02:30:00	0.0	0.0	0.0	0.0	0.0
2025-01-24 02:40:00	0.0	0.0	0.0	0.0	0.0
2025-01-24 02:50:00	0.0	0.0	0.0	0.0	0.0
2025-01-24 03:00:00	0.0	0.0	0.0	0.0	0.0
2025-01-24 03:10:00	0.0	0.0	0.0	0.0	0.0
2025-01-24 03:20:00	0.0	0.0	0.0	0.0	0.0
2025-01-24 03:30:00	0.0	0.0	0.0	0.0	0.0
2025-01-24 03:40:00	0.0	0.0	0.727770897263696	0.0	0.0
2025-01-24 03:50:00	0.0	0.016246296104392256	1.2932779493256303	0.0	0.0
2025-01-24 04:00:00	0.0	0.7616281685617212	1.6790869859204536	0.0	0.0
2025-01-24 04:10:00	0.0	1.3140283329995663	1.8941398967833594	0.0	0.0
2025-01-24 04:20:00	0.0	1.767975988334284	2.083997356401761	0.0	0.0
2025-01-24 04:30:00	0.0	2.275730613280388	2.4182205044976732	0.0	0.0
2025-01-24 04:40:00	0.0	1.9960496235194627	2.3553958203115717	0.0	0.0
2025-01-24 04:50:00	0.0	1.9636321762481772	2.3445852540257635	0.0	0.0
2025-01-24 05:00:00	0.0	1.6223069025164834	1.8174248009288139	0.0	0.0
2025-01-24 05:10:00	0.0	1.8428720360403237	2.1650885484619526	0.0	0.14285312804965253
2025-01-24 05:20:00	0.0	2.0602800933387675	2.280584972324364	0.0	0.6968344031325353
2025-01-24 05:30:00	0.0	2.0505220559843864	2.19847730169056	0.0	0.5664105032401946
2025-01-24 05:40:00	0.0	2.0277437985838596	2.1308121997321265	0.0	0.9618049190592182
2025-01-24 05:50:00	0.12877705376283152	1.644825937771443	2.016885634932501	0.0	0.9995698885255268
2025-01-24 06:00:00	4.32054086967394	6.621144710235642	4.496893059792413	0.9330902296185644	2.6749854546021328
2025-01-24 06:10:00	9.00054086967394	12.4	11.136893059792413	5.233090229618565	7.714985454602132
2025-01-24 06:20:00	7.563330069580613	10.020649490336757	9.88442601021895	4.567409865090691	7.68269424880327
2025-01-24 06:30:00	5.749608971222031	5.030940053382409	8.528595804348425	7.012879470251973	8.45676475955329
2025-01-24 06:40:00	7.266531711573139	11.23094005338241	11.318873152259826	6.713984702618799	9.367139947777275
2025-01-24 06:50:00	4.631470542956313	10.185775223384937	8.132989518546896	7.475442890163409	6.842138631971483
2025-01-24 07:00:00	6.549653695072287	8.433541441148911	10.269296727861779	6.137569283664941	10.08
2025-01-24 07:10:00	8.368950725907792	12.119236889035609	8.788607930699404	8.42681614872483	10.08
2025-01-24 07:20:00	8.60317865037968	9.66664792134417	4.75423498136217	8.6	7.064954579829415
2025-01-24 07:30:00	7.598453308152497	9.08429014492547	4.605035646224766	6.106662111903144	5.908926549633358
2025-01-24 07:40:00	7.8450283952289075	9.474132464336632	3.455188692772685	6.673125536950351	8.848333685738217
2025-01-24 07:50:00	4.75460221198409	8.562683343452155	2.657651430156838	5.204761474697939	4.239831297271862
2025-01-24 08:00:00	2.714834197852845	5.757578127941394	2.5098339395953877	3.2064757543936153	0.8785977401915661
2025-01-24 08:10:00	3.444953484426124	4.58297292423304	2.9758285448392607	1.2803815014708955	1.9992540713404385
2025-01-24 08:20:00	1.3470618686162983	0.0	3.4014264802622445	0.0	0.0
2025-01-24 08:30:00	0.0	0.0	2.2287564692795607	0.0	0.0
2025-01-24 08:40:00	0.0	0.0	2.440295799989997	0.0	0.0
2025-01-24 08:50:00	0.0	0.0	0.0	0.0	0.0
2025-01-24 09:00:00	0.0	0.0	1.1446038678102146	0.0	0.0
2025-01-24 09:10:00	0.0	0.0	0.6422445903148968	0.0	0.0
2025-01-24 09:20:00	0.0	0.0	0.8584930018859858	0.0	0.0
2025-01-24 09:30:00	0.0	0.0	0.0	0.0	0.0
2025-01-24 09:40:00	0.0	0.0	1.070902611856087	0.0	0.0
2025-01-24 09:50:00	0.0	0.0	0.0	0.0	0.0
2025-01-24 10:00:00	0.0	0.0	0.0	0.0	0.0
2025-01-24 10:10:00	0.0	0.0	0.0	0.0	0.0
2025-01-24 10:20:00	0.0	0.0	0.0	0.0	0.0
2025-01-24 10:30:00	0.0	0.0	0.0	0.0	0.0
2025-01-24 10:40:00	0.0	0.0	0.0	0.0	0.0
2025-01-24 10:50:00	0.0	0.0	0.0	0.0	0.0
2025-01-24 11:00:00	0.0	0.0	0.0	0.0	0.0
2025-01-24 11:10:00	0.0	0.0	0.0	0.0	0.0
2025-01-24 11:20:00	0.0	0.0	0.0	0.0	0.0
2025-01-24 11:30:00	0.0	0.0	0.0	0.0	0.0
2025-01-24 11:40:00	0.0	0.0	0.0	0.0	0.0
2025-01-24 11:50:00	0.0	0.0	0.0	0.0	0.0
2025-01-24 12:00:00	0.0	0.0	0.0	0.0	0.0
2025-01-24 12:10:00	0.0	0.0	0.0	0.0	0.0
2025-01-24 12:20:00	0.0	0.0	0.0	0.0	0.0
2025-01-24 12:30:00	0.0	0.0	0.0	0.0	0.0
2025-01-24 12:40:00	0.0	0.0	0.0	0.0	0.0
2025-01-24 12:50:00	0.0	0.0	0.0	0.0	0.0
2025-01-24 13:00:00	0.0	0.0	0.0	0.0	0.0
2025-01-24 13:10:00	0.0	0.0	0.0	0.0	0.0
2025-01-24 13:20:00	0.0	0.0	0.0	0.0	0.0
2025-01-24 13:30:00	0.0	0.0	0.0	0.0	0.0
2025-01-24 13:40:00	0.0	0.0	0.0	0.0	0.0
2025-01-24 13:50:00	0.0	0.0	0.0	0.0	0.0
2025-01-24 14:00:00	0.0	0.0	0.0	0.0	0.0
2025-01-24 14:10:00	0.0	0.0	0.0	0.0	0.0
2025-01-24 14:20:00	0.0	0.0	0.0	0.0	0.0
2025-01-24 14:30:00	0.0	0.0	0.0	0.0	0.0
2025-01-24 14:40:00	0.0	0.0	0.0	0.0	0.0
2025-01-24 14:50:00	0.0	0.0	0.0	0.0	0.0
2025-01-24 15:00:00	0.0	0.0	0.0	0.0	0.0
2025-01-24 15:10:00	0.0	0.0	0.0	0.0	0.0
2025-01-24 15:20:00	0.0	0.0	0.0	0.0	0.0
2025-01-24 15:30:00	0.0	0.0	0.0	0.0	0.0
2025-01-24 15:40:00	0.0	0.0	0.0	0.0	0.0
2025-01-24 15:50:00	0.0	0.0	0.0	0.0	0.0
2025-01-24 16:00:00	0.0	0.0	0.0	0.0	0.0
2025-01-24 16:10:00	0.0	0.0	0.0	0.0	0.0
2025-01-24 16:20:00	0.0	0.0	0.0	0.0	0.0
2025-01-24 16:30:00	0.0	0.0	0.0	0.0	0.0
2025-01-24 16:40:00	0.0	0.0	0.0	0.0	0.0
2025-01-24 16:50:00	0.0	0.0	0.0	0.0	0.0
2025-01-24 17:00:00	0.0	0.0	0.0	0.0	0.0
2025-01-24 17:10:00	0.0	0.0	0.0	0.0	0.0
2025-01-24 17:20:00	0.0	0.0	0.0	0.0	0.0
2025-01-24 17:30:00	0.0	0.0	0.0	0.0	0.0
2025-01-24 17:40:00	0.0	0.0	0.0	0.0	0.0
2025-01-24 17:50:00	0.0	0.0	0.0	0.0	0.0
2025-01-24 18:00:00	0.0	0.0	0.0	0.0	0.0
2025-01-24 18:10:00	0.0	0.0	0.0	0.0	0.0
2025-01-24 18:20:00	0.0	0.0	0.08813804850470697	0.0	0.0
2025-01-24 18:30:00	0.0	0.0	0.0	0.0	0.0
2025-01-24 18:40:00	0.0	0.3948764280484575	0.0	0.0	0.0
2025-01-24 18:50:00	0.0	1.7109139750444318	0.0	0.0	0.0
2025-01-24 19:00:00	0.0	0.0	0.0	0.0	0.0
2025-01-24 19:10:00	0.0	1.6121474876508763	0.0	0.0	0.0
2025-01-24 19:20:00	0.0	1.9556811535002945	0.0	0.0	0.0
2025-01-24 19:30:00	0.0	0.0	0.0	0.0	0.0
2025-01-24 19:40:00	0.0	0.0	0.0	0.0	0.0
2025-01-24 19:50:00	0.0	0.0	0.0	0.0	0.0
2025-01-24 20:00:00	0.0	0.0	0.0	0.0	0.0
2025-01-24 20:10:00	0.0	0.0	0.0	0.0	0.0
2025-01-24 20:20:00	0.0	0.0	0.0	0.0	0.0
2025-01-24 20:30:00	0.0	0.0	0.0	0.0	0.0
2025-01-24 20:40:00	0.0	0.0	0.0	0.0	0.0
2025-01-24 20:50:00	0.0	0.14293330216814717	0.0	0.0	0.0
2025-01-24 21:00:00	0.0	0.15701306636482537	0.0	0.0	0.0
2025-01-24 21:10:00	0.0	1.5028054103315882	0.0	0.0	0.0
2025-01-24 21:20:00	0.0	0.1777042352846651	0.0	0.0	0.0
2025-01-24 21:30:00	0.0	0.38675960197296433	0.0	0.0	0.0
2025-01-24 21:40:00	0.0	1.1141517839615689	0.0	0.0	0.0
2025-01-24 21:50:00	0.0	0.0	0.0	0.0	0.0
2025-01-24 22:00:00	0.0	0.0	0.0	0.0	0.0
2025-01-24 22:10:00	0.0	0.0	0.0	0.0	0.0
2025-01-24 22:20:00	0.0	0.0	0.0	0.0	0.0
2025-01-24 22:30:00	0.0	0.0	0.0	0.0	0.0
2025-01-24 22:40:00	0.0	0.0	0.0	0.0	0.0
2025-01-24 22:50:00	0.0	0.0	0.0	0.0	0.0
2025-01-24 23:00:00	0.0	0.0	0.0	0.0	0.0
2025-01-24 23:10:00	0.0	0.0	0.0	0.0	0.0
2025-01-24 23:20:00	0.0	0.0	0.0	0.0	0.0
2025-01-24 23:30:00	0.0	0.0	0.0	0.0	0.0
2025-01-24 23:40:00	0.0	0.0	0.0	0.0	0.0
2025-01-24 23:50:00	0.0	0.0	0.0	0.0	0.0
2025-01-25 00:00:00	0.0	0.0	0.0	0.0	0.0
2025-01-25 00:10:00	0.0	0.0	0.0	0.0	0.0
2025-01-25 00:20:00	0.0	0.0	0.0	0.0	0.0
2025-01-25 00:30:00	0.0	0.0	0.0	0.0	0.0
2025-01-25 00:40:00	0.0	0.0	0.0	0.0	0.0
2025-01-25 00:50:00	0.0	0.0	0.0	0.0	0.0
2025-01-25 01:00:00	0.0	0.0	0.0	0.0	0.0
2025-01-25 01:10:00	0.0	0.0	0.0	0.0	0.0
2025-01-25 01:20:00	0.0	0.0	0.0	0.0	0.0
2025-01-25 01:30:00	0.0	0.0	0.0	0.0	0.0
2025-01-25 01:40:00	0.0	0.0	0.0	0.0	0.0
2025-01-25 01:50:00	0.0	0.0	0.0	0.0	0.0
2025-01-25 02:00:00	0.0	0.0	0.0	0.0	0.0
2025-01-25 02:10:00	0.0	0.0	0.0	0.0	0.0
2025-01-25 02:20:00	0.0	0.0	0.0	0.0	0.0
2025-01-25 02:30:00	0.0	0.0	0.0	0.0	0.0
2025-01-25 02:40:00	0.0	0.0	0.0	0.0	0.0
2025-01-25 02:50:00	0.0	0.0	0.0	0.0	0.0
2025-01-25 03:00:00	0.0	0.0	0.0	0.0	0.0
2025-01-25 03:10:00	0.0	0.0	0.0	0.0	0.0
2025-01-25 03:20:00	0.0	0.0	0.0	0.0	0.0
2025-01-25 03:30:00	0.0	0.0	0.0	0.0	0.0
2025-01-25 03:40:00	0.0	0.0	0.0	0.0	0.0
2025-01-25 03:50:00	0.0	0.0	0.0	0.0	0.0
2025-01-25 04:00:00	0.0	0.0	0.0	0.0	0.0
2025-01-25 04:10:00	0.0	0.0	0.0	0.0	0.0
2025-01-25 04:20:00	0.0	0.0	0.0	0.0	0.0
2025-01-25 04:30:00	0.0	0.0	0.0	0.0	0.0
2025-01-25 04:40:00	0.0	0.0	0.0	0.0	0.0
2025-01-25 04:50:00	0.0	0.0	0.0	0.0	0.0
2025-01-25 05:00:00	0.0	0.0	0.0	0.0	0.0
2025-01-25 05:10:00	0.0	0.0	0.0	0.0	0.0
2025-01-25 05:20:00	0.0	0.0	0.0	0.0	0.0
2025-01-25 05:30:00	0.0	0.0	0.0	0.0	0.0
2025-01-25 05:40:00	0.0	0.0	0.0	0.0	0.0
2025-01-25 05:50:00	0.0	0.0	0.0	0.0	0.0
2025-01-25 06:00:00	0.0	0.0	0.0	0.0	0.0
2025-01-25 06:10:00	0.0	0.0	0.0	0.0	0.0
2025-01-25 06:20:00	0.0	0.0	0.0	0.0	0.0
2025-01-25 06:30:00	0.0	0.0	0.0	0.0	0.0
2025-01-25 06:40:00	0.0	0.0	0.0	0.0	0.0
2025-01-25 06:50:00	0.0	0.0	0.0	0.0	0.0
2025-01-25 07:00:00	0.0	0.0	0.0	0.0	0.0
2025-01-25 07:10:00	0.0	0.0	0.0	0.0	0.0
2025-01-25 07:20:00	0.0	0.0	0.0	0.0	0.0
2025-01-25 07:30:00	0.0	0.0	0.0	0.0	0.0
2025-01-25 07:40:00	0.0	0.0	0.0	0.0	0.0
2025-01-25 07:50:00	0.0	0.0	0.0	0.0	0.0
2025-01-25 08:00:00	0.0	0.5837878698351723	0.0	0.0	0.0
2025-01-25 08:10:00	0.0	1.9608299134219571	0.0	0.0	0.0
2025-01-25 08:20:00	0.0	0.931195977076256	0.0	0.0	0.0
2025-01-25 08:30:00	0.0	0.0	0.0	0.0	0.0
2025-01-25 08:40:00	0.0	0.0	0.0	0.0	0.0
2025-01-25 08:50:00	0.0	0.0	0.0	0.0	0.0
2025-01-25 09:00:00	0.0	0.0	0.0	0.0	0.0
2025-01-25 09:10:00	0.0	0.0	0.0	0.0	0.0
2025-01-25 09:20:00	0.0	0.0	0.0	0.0	0.0
2025-01-25 09:30:00	0.0	0.0	0.0	0.0	0.0
2025-01-25 09:40:00	0.0	0.0	0.0	0.0	0.0
2025-01-25 09:50:00	0.0	0.0	0.0	0.0	0.0
2025-01-25 10:00:00	0.0	0.0	0.0	0.0	0.0
2025-01-25 10:10:00	0.0	0.0	0.0	0.0	0.0
2025-01-25 10:20:00	0.0	0.0	0.0	0.0	0.0
2025-01-25 10:30:00	0.0	0.0	0.0	0.0	0.0
2025-01-25 10:40:00	0.0	0.0	0.0	0.0	0.0
2025-01-25 10:50:00	0.0	0.0	0.0	0.0	0.0
2025-01-25 11:00:00	0.0	0.0	0.0	0.0	0.0
2025-01-25 11:10:00	0.0	0.0	0.0	0.0	0.0
2025-01-25 11:20:00	0.0	0.0	0.0	0.0	0.0
2025-01-25 11:30:00	0.0	0.0	0.0	0.0	0.0
2025-01-25 11:40:00	0.0	0.0	0.0	0.0	0.0
2025-01-25 11:50:00	0.0	0.0	0.0	0.0	0.0
2025-01-25 12:00:00	0.0	0.0	0.0	0.0	0.0
2025-01-25 12:10:00	0.0	0.0	0.0	0.0	0.0
2025-01-25 12:20:00	0.0	0.0	0.0	0.0	0.0
2025-01-25 12:30:00	0.0	0.0	0.0	0.0	0.0
2025-01-25 12:40:00	0.0	0.0	0.0	0.0	0.0
2025-01-25 12:50:00	0.0	0.0	0.0	0.0	0.0
2025-01-25 13:00:00	0.0	0.0	0.0	0.0	0.0
2025-01-25 13:10:00	0.0	0.0	0.0	0.0	0.0
2025-01-25 13:20:00	0.0	0.0	0.0	0.0	0.0
2025-01-25 13:30:00	0.0	0.0	0.0	0.0	0.0
2025-01-25 13:40:00	0.0	0.0	0.0	0.0	0.0
2025-01-25 13:50:00	0.0	0.0	0.0	0.0	0.0
2025-01-25 14:00:00	0.0	0.0	0.0	0.0	0.0
2025-01-25 14:10:00	0.0	0.0	0.0	0.0	0.0
2025-01-25 14:20:00	0.0	0.0	0.0	0.0	0.0
2025-01-25 14:30:00	0.0	0.0	0.0	0.0	0.0
2025-01-25 14:40:00	0.0	0.0	0.0	0.0	0.0
2025-01-25 14:50:00	0.0	0.0	0.0	0.0	0.0
2025-01-25 15:00:00	0.0	0.0	0.0	0.0	0.0
2025-01-25 15:10:00	0.0	0.0	0.0	0.0	0.0
2025-01-25 15:20:00	0.0	0.0	0.0	0.0	0.0
2025-01-25 15:30:00	0.0	0.0	0.0	0.0	0.0
2025-01-25 15:40:00	0.0	0.0	0.0	0.0	0.0
2025-01-25 15:50:00	0.0	0.0	0.0	0.0	0.0
2025-01-25 16:00:00	0.0	0.0	0.0	0.0	0.0
2025-01-25 16:10:00	0.0	0.0	0.0	0.0	0.0
2025-01-25 16:20:00	0.0	0.0	0.0	0.0	0.0
2025-01-25 16:30:00	0.0	0.0	0.0	0.0	0.0
2025-01-25 16:40:00	0.0	0.0	0.0	0.0	0.0
2025-01-25 16:50:00	0.0	0.0	0.0	0.0	0.0
2025-01-25 17:00:00	0.0	0.0	0.0	0.0	0.0
2025-01-25 17:10:00	0.0	0.0	0.0	0.0	0.0
2025-01-25 17:20:00	0.0	0.0	0.0	0.0	0.0
2025-01-25 17:30:00	0.0	0.0	0.0	0.0	0.0
2025-01-25 17:40:00	0.0	0.0	0.0	0.0	0.0
2025-01-25 17:50:00	0.0	0.0	0.0	0.0	0.0
2025-01-25 18:00:00	0.0	0.0	0.0	0.0	0.0
2025-01-25 18:10:00	0.0	0.0	0.0	0.0	0.0
2025-01-25 18:20:00	0.0	0.0	0.0	0.0	0.0
2025-01-25 18:30:00	0.0	0.0	0.0	0.0	0.0
2025-01-25 18:40:00	0.0	0.0	0.0	0.0	0.0
2025-01-25 18:50:00	0.0	0.0	0.0	0.0	0.0
2025-01-25 19:00:00	0.0	0.0	0.0	0.0	0.0
2025-01-25 19:10:00	0.0	0.0	0.0	0.0	0.0
2025-01-25 19:20:00	0.0	0.0	0.0	0.0	0.0
2025-01-25 19:30:00	0.0	0.0	0.0	0.0	0.0
2025-01-25 19:40:00	0.0	0.0	0.0	0.0	0.0
2025-01-25 19:50:00	0.0	0.0	0.0	0.0	0.0
2025-01-25 20:00:00	0.0	0.0	0.0	0.0	0.0
2025-01-25 20:10:00	0.0	0.0	0.0	0.0	0.0
2025-01-25 20:20:00	0.0	0.0	0.0	0.0	0.0
2025-01-25 20:30:00	0.0	0.0	0.0	0.0	0.0
2025-01-25 20:40:00	0.0	0.0	0.0	0.0	0.0
2025-01-25 20:50:00	0.0	0.0	0.0	0.0	0.0
2025-01-25 21:00:00	0.0	0.0	0.0	0.0	0.0
2025-01-25 21:10:00	0.0	0.0	0.0	0.0	0.0
2025-01-25 21:20:00	0.0	0.0	0.0	0.0	0.0
2025-01-25 21:30:00	0.0	0.0	0.0	0.0	0.0
2025-01-25 21:40:00	0.0	0.0	0.0	0.0	0.0
2025-01-25 21:50:00	0.0	0.0	0.0	0.0	0.0
2025-01-25 22:00:00	0.0	0.0	0.0	0.0	0.0
2025-01-25 22:10:00	0.0	0.0	0.0	0.0	0.0
2025-01-25 22:20:00	0.0	0.0	0.0	0.0	0.0
2025-01-25 22:30:00	0.0	0.0	0.0	0.0	0.0
2025-01-25 22:40:00	0.0	0.0	0.0	0.0	0.0
2025-01-25 22:50:00	0.0	0.0	0.0	0.0	0.0
2025-01-25 23:00:00	0.0	0.0	0.0	0.0	0.0
2025-01-25 23:10:00	0.0	0.0	0.0	0.0	0.0
2025-01-25 23:20:00	0.0	0.0	0.0	0.0	0.0
2025-01-25 23:30:00	0.0	0.0	0.0	0.0	0.0
2025-01-25 23:40:00	0.0	0.0	0.0	0.0	0.0
2025-01-25 23:50:00	0.0	0.0	0.0	0.0	0.0
2025-01-26 00:00:00	0.0	0.0	0.0	0.0	0.0
2025-01-26 00:10:00	0.0	0.0	0.0	0.0	0.0
2025-01-26 00:20:00	0.0	0.0	0.0	0.0	0.0
2025-01-26 00:30:00	0.0	0.0	0.0	0.0	0.0
2025-01-26 00:40:00	0.0	0.0	0.0	0.0	0.0
2025-01-26 00:50:00	0.0	0.0	0.0	0.0	0.0
2025-01-26 01:00:00	0.0	0.0	0.0	0.0	0.0
2025-01-26 01:10:00	0.0	0.0	0.0	0.0	0.0
2025-01-26 01:20:00	0.0	0.0	0.0	0.0	0.0
2025-01-26 01:30:00	0.0	0.0	0.0	0.0	0.0
2025-01-26 01:40:00	0.0	0.0	0.0	0.0	0.0
2025-01-26 01:50:00	0.0	0.0	0.0	0.0	0.0
2025-01-26 02:00:00	0.0	0.0	0.0	0.0	0.0
2025-01-26 02:10:00	0.0	0.0	0.0	0.0	0.0
2025-01-26 02:20:00	0.0	0.0	0.0	0.0	0.0
2025-01-26 02:30:00	0.0	0.0	0.0	0.0	0.0
2025-01-26 02:40:00	0.0	0.0	0.0	0.0	0.0
2025-01-26 02:50:00	0.0	0.0	0.0	0.0	0.0
2025-01-26 03:00:00	0.0	0.0	0.0	0.0	0.0
2025-01-26 03:10:00	0.0	0.0	0.0	0.0	0.0
2025-01-26 03:20:00	0.0	0.0	0.0	0.0	0.0
2025-01-26 03:30:00	0.0	0.0	0.0	0.0	0.0
2025-01-26 03:40:00	0.0	0.0	0.0	0.0	0.0
2025-01-26 03:50:00	0.0	0.0	0.0	0.0	0.0
2025-01-26 04:00:00	0.0	0.0	0.0	0.0	0.0
2025-01-26 04:10:00	0.0	0.0	0.0	0.0	0.0
2025-01-26 04:20:00	0.0	0.0	0.0	0.0	0.0
2025-01-26 04:30:00	0.0	0.0	0.0	0.0	0.0
2025-01-26 04:40:00	0.0	0.0	0.0	0.0	0.0
2025-01-26 04:50:00	0.0	0.0	0.0	0.0	0.0
2025-01-26 05:00:00	0.0	0.0	0.0	0.0	0.0
2025-01-26 05:10:00	0.0	0.0	0.0	0.0	0.0
2025-01-26 05:20:00	0.0	0.0	0.0	0.0	0.0
2025-01-26 05:30:00	0.0	0.0	0.0	0.0	0.0
2025-01-26 05:40:00	0.0	0.0	0.11630814786966107	0.0	0.0
2025-01-26 05:50:00	0.0	0.0	0.862493633444048	0.0	0.0
2025-01-26 06:00:00	0.0	0.13264269019160516	1.3774941343015024	0.0	0.0
2025-01-26 06:10:00	1.4947263425792277	6.04398705303957	7.793604748105057	0.0	0.0
2025-01-26 06:20:00	1.177229457076774	1.8284058826226979	4.971590385354387	0.0	0.0
2025-01-26 06:30:00	0.9813633131848869	1.6748992326197254	4.183745732463882	0.0	0.0
2025-01-26 06:40:00	0.9147859874585521	2.4490586387476303	3.5155772783037778	0.0	0.0
2025-01-26 06:50:00	1.9724120287410658	5.109567677682804	5.108570460626928	0.0	0.0
2025-01-26 07:00:00	6.08021124594866	6.668273452799159	6.222692341940252	0.0	0.30741865152733006
2025-01-26 07:10:00	7.096364493716827	10.624234189440926	8.067541320077897	2.6836941766457807	1.447127293564789
2025-01-26 07:20:00	6.894143222126523	7.942684093565422	6.6010986842886075	1.6419271879759159	2.355486798000547
2025-01-26 07:30:00	5.1673096200589095	8.261848491575478	9.875752547936326	4.248614136725414	3.2925733086183104
2025-01-26 07:40:00	5.917519135202219	10.597606409073975	4.3769106890481595	8.548614136725414	5.798807771114039
2025-01-26 07:50:00	1.8549404083774619	8.83364960874359	5.459595159092038	8.6	8.34740411566764
2025-01-26 08:00:00	1.9163946126185547	7.846334868300815	2.8800302243751315	8.6	8.149097276580578
2025-01-26 08:10:00	2.129335942543023	8.841104490264502	8.601829988615235	8.265688300112808	10.064956596019657
2025-01-26 08:20:00	3.6212426691438666	11.711428468495988	10.783394067543263	8.279080611969112	8.290168285700345
2025-01-26 08:30:00	6.084336527337179	8.348100010339696	8.786519673488346	4.612424329919401	8.887982666684897
2025-01-26 08:40:00	5.422664971282435	5.47122945364892	8.884324988618001	4.59993972702159	7.8083153042096445
2025-01-26 08:50:00	3.6917470508962356	7.101409496881425	7.319229743253138	3.3548911006885778	4.795706008103879
2025-01-26 09:00:00	2.6375020764023875	5.7030595441804515	5.66473620863118	1.0260086042790324	3.853324263439025
2025-01-26 09:10:00	1.3056499396620713	5.075356865534005	3.3288121603319123	1.529098122022766	1.358293709943453
2025-01-26 09:20:00	1.0160326115744485	4.250751474133593	2.3087818053467415	0.0	1.0524215421989205
2025-01-26 09:30:00	0.0	3.9217845357658963	2.232374119140122	0.7022894894103622	1.789561185303126
2025-01-26 09:40:00	0.0	3.598808310999145	2.848137702198252	3.885644530659869	1.6204249125077361
2025-01-26 09:50:00	0.29387725608844245	0.3684798718405176	0.5463228610709284	3.445184173312531	0.0
2025-01-26 10:00:00	0.0	0.0	0.9025697199683205	1.7911472975584382	0.0
2025-01-26 10:10:00	0.0	0.0	0.1877874449007524	0.31881232824761174	0.0
2025-01-26 10:20:00	0.0	0.0	0.0	0.0	0.0
2025-01-26 10:30:00	0.0	0.0	0.0	0.0	0.0
2025-01-26 10:40:00	0.0	0.0	0.0	0.0	0.0
2025-01-26 10:50:00	0.0	0.0	0.0	0.0	0.0
2025-01-26 11:00:00	0.0	0.0	0.0	0.0	0.0
2025-01-26 11:10:00	0.0	0.0	0.0	0.0	0.0
2025-01-26 11:20:00	0.0	0.0	0.0	0.0	0.0
2025-01-26 11:30:00	0.0	0.0	0.0	0.0	0.0
2025-01-26 11:40:00	0.0	0.0	0.0	0.0	0.0
2025-01-26 11:50:00	0.0	0.0	0.0	0.0	0.0
2025-01-26 12:00:00	0.0	0.0	0.0	0.0	0.0
2025-01-26 12:10:00	0.0	0.0	0.0	0.0	0.0
2025-01-26 12:20:00	0.0	0.0	0.0	0.0	0.0
2025-01-26 12:30:00	0.0	0.0	0.0	0.0	0.0
2025-01-26 12:40:00	0.0	0.0	0.0	0.0	0.0
2025-01-26 12:50:00	0.0	0.0	0.0	0.0	0.0
2025-01-26 13:00:00	0.0	0.0	0.0	0.0	0.0
2025-01-26 13:10:00	0.0	0.0	0.0	0.0	0.0
2025-01-26 13:20:00	0.0	0.0	0.0	0.0	0.0
2025-01-26 13:30:00	0.0	0.0	0.0	0.0	0.0
2025-01-26 13:40:00	0.0	0.0	0.0	0.0	0.0
2025-01-26 13:50:00	0.0	0.0	0.0	0.0	0.0
2025-01-26 14:00:00	0.0	0.0	0.0	0.0	0.0
2025-01-26 14:10:00	0.0	0.0	0.0	0.0	0.0
2025-01-26 14:20:00	0.0	0.0	0.0	0.0	0.0
2025-01-26 14:30:00	0.0	0.0	0.0	0.0	0.0
2025-01-26 14:40:00	0.0	0.0	0.0	0.0	0.0
2025-01-26 14:50:00	0.0	0.0	0.0	0.0	0.0
2025-01-26 15:00:00	0.0	0.0	0.0	0.0	0.0
2025-01-26 15:10:00	0.0	0.0	0.0	0.0	0.0
2025-01-26 15:20:00	0.0	0.0	0.0	0.0	0.0
2025-01-26 15:30:00	0.0	0.0	0.0	0.0	0.0
2025-01-26 15:40:00	0.0	0.0	0.0	0.0	0.0
2025-01-26 15:50:00	0.0	0.0	0.0	0.0	0.0
2025-01-26 16:00:00	0.0	0.0	0.0	0.0	0.0
2025-01-26 16:10:00	0.0	0.0	0.0	0.0	0.0
2025-01-26 16:20:00	0.0	0.0	0.0	0.0	0.0
2025-01-26 16:30:00	0.0	0.0	0.0	0.0	0.0
2025-01-26 16:40:00	0.0	0.0	0.0	0.0	0.0
2025-01-26 16:50:00	0.0	0.0	0.0	0.0	0.0
2025-01-26 17:00:00	0.0	0.0	0.0	0.0	0.0
2025-01-26 17:10:00	0.0	0.0	0.0	0.0	0.0
2025-01-26 17:20:00	0.0	0.0	0.0	0.0	0.0
2025-01-26 17:30:00	0.0	0.0	0.0	0.0	0.0
2025-01-26 17:40:00	0.0	0.0	0.0	0.0	0.0
2025-01-26 17:50:00	0.0	0.0	0.0	0.0	0.0
2025-01-26 18:00:00	0.0	0.0	0.0	0.0	0.0
2025-01-26 18:10:00	0.0	0.0	0.0	0.0	0.0
2025-01-26 18:20:00	0.0	0.0	0.0	0.0	0.0
2025-01-26 18:30:00	0.0	0.0	0.0	0.0	0.0
2025-01-26 18:40:00	0.0	0.0	0.0	0.0	0.0
2025-01-26 18:50:00	0.0	0.0	0.0	0.0	0.0
2025-01-26 19:00:00	0.0	0.0	0.0	0.0	0.0
2025-01-26 19:10:00	0.0	0.0	0.0	0.0	0.0
2025-01-26 19:20:00	0.0	0.0	0.0	0.0	0.0
2025-01-26 19:30:00	0.0	0.0	0.0	0.0	0.0
2025-01-26 19:40:00	0.0	0.0	0.0	0.0	0.0
2025-01-26 19:50:00	0.0	0.0	0.0	0.0	0.0
2025-01-26 20:00:00	0.0	0.0	0.0	0.0	0.0
2025-01-26 20:10:00	0.0	0.0	0.0	0.0	0.0
2025-01-26 20:20:00	0.0	0.0	0.0	0.0	0.0
2025-01-26 20:30:00	0.0	0.0	0.0	0.0	0.0
2025-01-26 20:40:00	0.0	0.0	0.0	0.0	0.0
2025-01-26 20:50:00	0.0	0.0	0.0	0.0	0.0
2025-01-26 21:00:00	0.0	0.0	0.0	0.0	0.0
2025-01-26 21:10:00	0.0	0.0	0.0	0.0	0.0
2025-01-26 21:20:00	0.0	0.0	0.0	0.0	0.0
2025-01-26 21:30:00	0.0	0.0	0.0	0.0	0.0
2025-01-26 21:40:00	0.0	0.0	0.0	0.0	0.0
2025-01-26 21:50:00	0.0	0.0	0.0	0.0	0.0
2025-01-26 22:00:00	0.0	0.0	0.0	0.0	0.0
2025-01-26 22:10:00	0.0	0.0	0.0	0.0	0.0
2025-01-26 22:20:00	0.0	0.0	0.0	0.0	0.0
2025-01-26 22:30:00	0.0	0.0	0.0	0.0	0.0
2025-01-26 22:40:00	0.0	0.0	0.0	0.0	0.0
2025-01-26 22:50:00	0.0	0.0	0.0	0.0	0.0
2025-01-26 23:00:00	0.0	0.0	0.0	0.0	0.0
2025-01-26 23:10:00	0.0	0.0	0.0	0.0	0.0
2025-01-26 23:20:00	0.0	0.0	0.0	0.0	0.0
2025-01-26 23:30:00	0.0	0.0	0.0	0.0	0.0
2025-01-26 23:40:00	0.0	0.0	0.0	0.0	0.0
2025-01-26 23:50:00	0.0	0.0	0.0	0.0	0.0
2025-01-27 00:00:00	0.0	0.0	0.0	0.0	0.0
2025-01-27 00:10:00	0.0	0.0	0.0	0.0	0.0
2025-01-27 00:20:00	0.0	0.0	0.0	0.0	0.0
2025-01-27 00:30:00	0.0	0.0	0.0	0.0	0.0
2025-01-27 00:40:00	0.0	0.0	0.0	0.0	0.0
2025-01-27 00:50:00	0.0	0.0	0.0	0.0	0.0
2025-01-27 01:00:00	0.0	0.0	0.0	0.0	0.0
2025-01-27 01:10:00	0.0	0.0	0.0	0.0	0.0
2025-01-27 01:20:00	0.0	0.0	0.0	0.0	0.0
2025-01-27 01:30:00	0.0	0.0	0.0	0.0	0.0
2025-01-27 01:40:00	0.0	0.0	0.0	0.0	0.0
2025-01-27 01:50:00	0.0	0.0	0.0	0.0	0.0
2025-01-27 02:00:00	0.0	0.0	0.0	0.0	0.0
2025-01-27 02:10:00	0.0	0.0	0.0	0.0	0.0
2025-01-27 02:20:00	0.0	0.0	0.0	0.0	0.0
2025-01-27 02:30:00	0.0	0.0	0.0	0.0	0.0
2025-01-27 02:40:00	0.0	0.0	0.0	0.0	0.0
2025-01-27 02:50:00	0.0	0.0	0.0	0.0	0.0
2025-01-27 03:00:00	0.0	0.0	0.0	0.0	0.0
2025-01-27 03:10:00	0.0	0.0	0.0	0.0	0.0
2025-01-27 03:20:00	0.0	0.0	0.0	0.0	0.0
2025-01-27 03:30:00	0.0	0.0	0.0	0.0	0.0
2025-01-27 03:40:00	0.0	0.0	0.0	0.0	0.0
2025-01-27 03:50:00	0.0	0.0	0.0	0.0	0.0
2025-01-27 04:00:00	0.0	0.0	0.0	0.0	0.0
2025-01-27 04:10:00	0.0	0.0	0.0	0.0	0.0
2025-01-27 04:20:00	0.0	0.0	0.0	0.0	0.0
2025-01-27 04:30:00	0.0	0.0	0.0	0.0	0.0
2025-01-27 04:40:00	0.0	0.0	0.0	0.0	0.0
2025-01-27 04:50:00	0.0	0.0	0.0	0.0	0.0
2025-01-27 05:00:00	0.0	0.0	0.0	0.0	0.0
2025-01-27 05:10:00	0.0	0.0	0.0	0.0	0.0
2025-01-27 05:20:00	0.0	0.0	0.0	0.0	0.0
2025-01-27 05:30:00	0.0	0.0	0.0	0.0	0.0
2025-01-27 05:40:00	0.0	0.0	0.0	0.0	0.0
2025-01-27 05:50:00	0.0	0.0	0.0	0.0	0.0
2025-01-27 06:00:00	0.0	0.0	0.0	0.0	0.0
2025-01-27 06:10:00	0.0	0.0	0.0	0.0	0.0
2025-01-27 06:20:00	0.30420545095981416	0.0	0.0	0.0	0.0
2025-01-27 06:30:00	2.344013088464837	0.0	0.0	0.0	0.0
2025-01-27 06:40:00	2.553006607009997	0.0	0.0	0.0	0.0
2025-01-27 06:50:00	2.021870891399066	0.0	0.0	0.0	0.0
2025-01-27 07:00:00	0.9733292559485371	0.0	0.0	0.0	0.0
2025-01-27 07:10:00	3.5428511153689115	5.798069075179976	2.231668407145954	3.786523472287111	0.0
2025-01-27 07:20:00	2.4784188194644927	8.536293527946508	0.0	1.2388335431916466	1.2131587856249535
2025-01-27 07:30:00	0.0	6.632705939375538	0.0	1.4817091748981293	2.090885684108211
2025-01-27 07:40:00	0.0	4.868881986738166	0.0	0.6690178085538828	0.6296629838738227
2025-01-27 07:50:00	0.0	1.5523014298628888	0.0	0.6962861840154656	0.49071865039015466
2025-01-27 08:00:00	0.6756741660133495	0.0	0.0	0.6964290374693294	0.0
2025-01-27 08:10:00	0.0	0.0	0.0	0.0	0.0
2025-01-27 08:20:00	0.0	0.0	0.0	0.0	0.0
2025-01-27 08:30:00	0.0	0.0	0.0	0.0	0.0
2025-01-27 08:40:00	0.0	0.0	0.0	0.0	0.0
2025-01-27 08:50:00	0.0	0.0	0.0	0.0	0.0
2025-01-27 09:00:00	0.0	0.0	0.0	0.0	0.0
2025-01-27 09:10:00	0.0	0.0	0.0	0.0	0.0
2025-01-27 09:20:00	0.0	0.0	0.0	0.0	0.0
2025-01-27 09:30:00	0.0	0.0	0.0	0.0	0.0
2025-01-27 09:40:00	0.0	0.0	0.0	0.0	0.0
2025-01-27 09:50:00	0.0	0.0	0.0	0.0	0.0
2025-01-27 10:00:00	0.0	0.0	0.0	0.0	0.0
2025-01-27 10:10:00	0.0	0.0	0.0	0.0	0.0
2025-01-27 10:20:00	0.0	0.0	0.0	0.0	0.0
2025-01-27 10:30:00	0.0	0.0	0.0	0.0	0.0
2025-01-27 10:40:00	0.0	0.0	0.0	0.0	0.0
2025-01-27 10:50:00	0.0	0.0	0.0	0.0	0.0
2025-01-27 11:00:00	0.0	0.0	0.0	0.0	0.0
2025-01-27 11:10:00	0.0	0.0	0.0	0.0	0.0
2025-01-27 11:20:00	0.0	0.0	0.0	0.0	0.0
2025-01-27 11:30:00	0.0	0.0	0.0	0.0	0.0
2025-01-27 11:40:00	0.0	0.0	0.0	0.0	0.0
2025-01-27 11:50:00	0.0	0.0	0.0	0.0	0.0
2025-01-27 12:00:00	0.0	0.0	0.0	0.0	0.0
2025-01-27 12:10:00	0.0	0.0	0.0	0.0	0.0
2025-01-27 12:20:00	0.0	0.0	0.0	0.0	0.0
2025-01-27 12:30:00	0.0	0.0	0.0	0.0	0.0
2025-01-27 12:40:00	0.0	0.0	0.0	0.0	0.0
2025-01-27 12:50:00	0.0	0.0	0.0	0.0	0.0
2025-01-27 13:00:00	0.0	0.0	0.0	0.0	0.0
2025-01-27 13:10:00	0.0	0.0	0.0	0.0	0.0
2025-01-27 13:20:00	0.0	0.0	0.0	0.0	0.0
2025-01-27 13:30:00	0.0	0.0	0.0	0.0	0.0
2025-01-27 13:40:00	0.0	0.0	0.0	0.0	0.0
2025-01-27 13:50:00	0.0	0.0	0.0	0.0	0.0
2025-01-27 14:00:00	0.0	0.0	0.0	0.0	0.0
2025-01-27 14:10:00	0.0	0.0	0.0	0.0	0.0
2025-01-27 14:20:00	0.0	0.0	0.0	0.0	0.0
2025-01-27 14:30:00	0.0	0.0	0.0	0.0	0.0
2025-01-27 14:40:00	0.0	0.0	0.0	0.0	0.0
2025-01-27 14:50:00	0.0	0.0	0.0	0.0	0.0
2025-01-27 15:00:00	0.0	0.0	0.0	0.0	0.0
2025-01-27 15:10:00	0.0	0.0	0.0	0.0	0.0
2025-01-27 15:20:00	0.0	0.0	0.0	0.0	0.0
2025-01-27 15:30:00	0.0	0.0	0.0	0.0	0.0
2025-01-27 15:40:00	0.0	0.0	0.0	0.0	0.0
2025-01-27 15:50:00	0.0	0.0	0.0	0.0	0.0
2025-01-27 16:00:00	0.0	0.0	0.0	0.0	0.0
2025-01-27 16:10:00	0.0	0.0	0.0	0.0	0.0
2025-01-27 16:20:00	0.0	0.0	0.0	0.0	0.0
2025-01-27 16:30:00	0.0	0.0	0.0	0.0	0.0
2025-01-27 16:40:00	0.0	0.0	0.0	0.0	0.0
2025-01-27 16:50:00	0.0	0.0	0.0	0.0	0.0
2025-01-27 17:00:00	0.0	0.0	0.0	0.0	0.0
2025-01-27 17:10:00	0.0	0.0	0.0	0.0	0.0
2025-01-27 17:20:00	0.0	0.0	0.0	0.0	0.0
2025-01-27 17:30:00	0.0	0.0	0.0	0.0	0.0
2025-01-27 17:40:00	0.0	0.0	0.0	0.0	0.0
2025-01-27 17:50:00	0.0	0.0	0.0	0.0	0.0
2025-01-27 18:00:00	0.0	0.0	0.0	0.0	0.0
2025-01-27 18:10:00	0.0	0.0	0.0	0.0	0.0
2025-01-27 18:20:00	0.0	0.0	0.0	0.7832152579168986	0.0
2025-01-27 18:30:00	0.0	0.0	0.0	0.0	0.0
2025-01-27 18:40:00	0.0	0.0	0.0	0.0	0.0
2025-01-27 18:50:00	0.0	0.0	0.0	0.0	0.0
2025-01-27 19:00:00	0.0	0.0	0.0	0.0	0.0
2025-01-27 19:10:00	0.0	0.0	0.0	0.0	0.0
2025-01-27 19:20:00	0.0	0.0	0.0	0.0	0.0
2025-01-27 19:30:00	0.0	0.0	0.0	0.0	0.0
2025-01-27 19:40:00	0.0	0.0	0.0	0.0	0.0
2025-01-27 19:50:00	0.0	0.0	0.0	0.0	0.0
2025-01-27 20:00:00	0.0	0.0	0.0	0.0	0.0
2025-01-27 20:10:00	0.0	0.0	0.0	0.0	0.0
2025-01-27 20:20:00	0.0	0.0	0.0	0.0	0.0
2025-01-27 20:30:00	0.0	0.0	0.0	0.0	0.0
2025-01-27 20:40:00	0.0	0.0	0.0	0.0	0.0
2025-01-27 20:50:00	0.0	0.0	0.0	0.0	0.0
2025-01-27 21:00:00	0.0	0.5520799681318053	0.0	0.0	0.0
2025-01-27 21:10:00	0.0	0.3956610127001084	0.0	0.0	0.0
2025-01-27 21:20:00	0.0	0.11918074984445631	0.0	0.0	0.0
2025-01-27 21:30:00	0.0	0.26157979683888666	0.0	0.0	0.0
2025-01-27 21:40:00	0.0	0.5319268548332764	0.0	0.0	0.0
2025-01-27 21:50:00	0.0	0.0	0.0	0.0	0.0
2025-01-27 22:00:00	0.0	0.6833192770949053	0.0	0.0	0.0
2025-01-27 22:10:00	0.0	0.0	0.0	0.0	0.0
2025-01-27 22:20:00	0.0	0.0	0.0	0.0	0.0
2025-01-27 22:30:00	0.0	0.0	0.0	0.0	0.0
2025-01-27 22:40:00	0.0	0.0	0.0	0.0	0.0
2025-01-27 22:50:00	0.0	0.0	0.0	0.0	0.0
2025-01-27 23:00:00	0.0	0.0	0.0	0.0	0.0
2025-01-27 23:10:00	0.0	0.0	0.0	0.0	0.0
2025-01-27 23:20:00	0.0	0.0	0.0	0.0	0.0
2025-01-27 23:30:00	0.0	0.0	0.0	0.0	0.0
2025-01-27 23:40:00	0.0	0.0	0.0	0.0	0.0
2025-01-27 23:50:00	0.0	0.0	0.0	0.0	0.0
2025-01-28 00:00:00	0.0	0.0	0.0	0.0	0.0
2025-01-28 00:10:00	0.0	0.0	0.0	0.0	0.0
2025-01-28 00:20:00	0.0	0.0	0.0	0.0	0.0
2025-01-28 00:30:00	0.0	0.0	0.0	0.0	0.0
2025-01-28 00:40:00	0.0	0.0	0.0	0.0	0.0
2025-01-28 00:50:00	0.0	0.0	0.0	0.0	0.0
2025-01-28 01:00:00	0.0	0.0	0.0	0.0	0.0
2025-01-28 01:10:00	0.0	0.0	0.0	0.0	0.0
2025-01-28 01:20:00	0.0	0.0	0.0	0.0	0.0
2025-01-28 01:30:00	0.0	0.0	0.0	0.0	0.0
2025-01-28 01:40:00	0.0	0.0	0.0	0.0	0.0
2025-01-28 01:50:00	0.0	0.0	0.0	0.0	0.0
2025-01-28 02:00:00	0.0	0.0	0.0	0.0	0.0
2025-01-28 02:10:00	0.0	0.0	0.0	0.0	0.0
2025-01-28 02:20:00	0.0	0.0	0.0	0.0	0.0
2025-01-28 02:30:00	0.0	0.0	0.0	0.0	0.0
2025-01-28 02:40:00	0.0	0.0	0.0	0.0	0.0
2025-01-28 02:50:00	0.0	0.0	0.0	0.0	0.0
2025-01-28 03:00:00	0.0	0.0	0.0	0.0	0.0
2025-01-28 03:10:00	0.0	0.0	0.0	0.0	0.0
2025-01-28 03:20:00	0.0	0.0	0.0	0.0	0.0
2025-01-28 03:30:00	0.0	0.0	0.0	0.0	0.0
2025-01-28 03:40:00	0.0	0.0	0.0	0.0	0.0
2025-01-28 03:50:00	0.0	0.0	0.0	0.0	0.0
2025-01-28 04:00:00	0.0	0.0	0.0	0.0	0.0
2025-01-28 04:10:00	0.0	0.0	0.0	0.0	0.0
2025-01-28 04:20:00	0.0	0.0	0.0	0.0	0.0
2025-01-28 04:30:00	0.0	0.0	0.0	0.0	0.0
2025-01-28 04:40:00	0.0	0.0	0.0	0.0	0.0
2025-01-28 04:50:00	0.0	0.0	0.0	0.0	0.0
2025-01-28 05:00:00	0.0	0.0	0.0	0.0	0.0
2025-01-28 05:10:00	0.0	0.0	0.0	0.0	0.0
2025-01-28 05:20:00	0.0	0.0	0.0	0.0	0.0
2025-01-28 05:30:00	0.0	0.0	0.0	0.0	0.0
2025-01-28 05:40:00	0.0	0.23810446663164117	0.0	0.0	0.0
2025-01-28 05:50:00	0.0	2.8416051071829713	0.0	0.0	0.0
2025-01-28 06:00:00	0.0	9.041605107182972	2.5016334727524905	0.0	0.0
2025-01-28 06:10:00	2.0135506398574683	12.4	9.141633472752492	2.610344929472058	2.9526894300966973
2025-01-28 06:20:00	3.652672277985606	10.002529555562852	6.897590300187081	1.9914643024643972	2.191783697437808
2025-01-28 06:30:00	3.6758603739214495	7.102865576692395	7.4570883453652135	3.0400370720567755	4.159193139637451
2025-01-28 06:40:00	3.295307907733969	8.044560084674078	9.432255546470573	3.273431450050714	6.308171097823118
2025-01-28 06:50:00	4.79544848369186	8.687306493329706	7.615432684150851	7.149665987307408	5.622451372158778
2025-01-28 07:00:00	5.633992745609869	9.09086201455026	7.0835355661693455	8.6	6.100900158393895
2025-01-28 07:10:00	9.224975522084	8.554052990870515	7.611924673615873	8.6	7.190485412717601
2025-01-28 07:20:00	8.904426370871828	6.359270018220463	6.910621512171307	4.3	7.771454388984343
2025-01-28 07:30:00	6.688264480396565	5.735316079271765	9.510038129956063	5.279842677985894	5.3707681329810155
2025-01-28 07:40:00	3.4453051738825273	6.529182516899771	8.136964552304217	5.691576499038565	6.525855906080775
2025-01-28 07:50:00	0.9415037949360978	4.357184897976196	6.048699061828853	5.703289114276648	2.739196830896586
2025-01-28 08:00:00	3.149472704415882	2.637204127625702	5.430688578491005	6.0014122682955	3.758409958770522
2025-01-28 08:10:00	2.65241831443498	3.860220336678024	7.328985617449508	3.8279797007630365	3.0816980159847054
2025-01-28 08:20:00	3.126173968710632	4.005658822113811	3.2179145812021823	0.0	3.070875539226046
2025-01-28 08:30:00	0.0	0.6764306301212152	1.0906884381788968	0.0	0.791836772193106
2025-01-28 08:40:00	0.0	0.0	0.29090882054942035	0.0	0.0
2025-01-28 08:50:00	0.0	0.0	0.908255685818665	0.0	0.0
2025-01-28 09:00:00	0.0	0.0	0.14353143092581377	0.0	0.0
2025-01-28 09:10:00	0.0	0.0	3.362161594821386	0.0	0.0
2025-01-28 09:20:00	0.0	0.0	0.7111706118843133	0.0	0.0
2025-01-28 09:30:00	0.0	0.0	0.9486265919036209	0.0	0.0
2025-01-28 09:40:00	0.0	0.0	1.8523762964765695	0.0	0.0
2025-01-28 09:50:00	0.0	0.0	1.4304159162426746	0.0	0.0
2025-01-28 10:00:00	0.0	0.0	0.0	0.0	0.0
2025-01-28 10:10:00	0.0	0.0	0.0	0.0	0.0
2025-01-28 10:20:00	0.0	0.0	0.0	0.0	0.0
2025-01-28 10:30:00	0.0	0.0	0.0	0.0	0.0
2025-01-28 10:40:00	0.0	0.0	0.0	0.0	0.0
2025-01-28 10:50:00	0.0	0.0	0.0	0.0	0.0
2025-01-28 11:00:00	0.0	0.0	0.0	0.0	0.0
2025-01-28 11:10:00	0.0	0.0	0.0	0.0	0.0
2025-01-28 11:20:00	0.0	0.0	0.0	0.0	0.0
2025-01-28 11:30:00	0.0	0.0	0.0	0.0	0.0
2025-01-28 11:40:00	0.0	0.0	0.0	0.0	0.0
2025-01-28 11:50:00	0.0	0.0	0.0	0.0	0.0
2025-01-28 12:00:00	0.0	0.0	0.0	0.0	0.0
2025-01-28 12:10:00	0.0	0.0	0.0	0.0	0.0
2025-01-28 12:20:00	0.0	0.0	0.0	0.0	0.0
2025-01-28 12:30:00	0.0	0.0	0.0	0.0	0.0
2025-01-28 12:40:00	0.0	0.0	0.0	0.0	0.0
2025-01-28 12:50:00	0.0	0.0	0.0	0.0	0.0
2025-01-28 13:00:00	0.0	0.0	0.0	0.0	0.0
2025-01-28 13:10:00	0.0	0.0	0.0	0.0	0.0
2025-01-28 13:20:00	0.0	0.0	0.0	0.0	0.0
2025-01-28 13:30:00	0.0	0.0	0.0	0.0	0.0
2025-01-28 13:40:00	0.0	0.0	0.0	0.0	0.0
2025-01-28 13:50:00	0.0	0.0	0.0	0.0	0.0
2025-01-28 14:00:00	0.0	0.0	0.0	0.0	0.0
2025-01-28 14:10:00	0.0	0.0	0.0	0.0	0.0
2025-01-28 14:20:00	0.0	0.0	0.0	0.0	0.0
2025-01-28 14:30:00	0.0	0.0	0.0	0.0	0.0
2025-01-28 14:40:00	0.0	0.0	0.0	0.0	0.0
2025-01-28 14:50:00	0.0	0.0	0.0	0.0	0.0
2025-01-28 15:00:00	0.0	0.0	0.0	0.0	0.0
2025-01-28 15:10:00	0.0	0.0	0.0	0.0	0.0
2025-01-28 15:20:00	0.0	0.0	0.0	0.0	0.0
2025-01-28 15:30:00	0.0	0.0	0.0	0.0	0.0
2025-01-28 15:40:00	0.0	0.0	0.0	0.0	0.0
2025-01-28 15:50:00	0.0	0.0	0.0	0.0	0.0
2025-01-28 16:00:00	0.0	0.0	0.0	0.0	0.0
2025-01-28 16:10:00	0.0	0.0	0.0	0.0	0.0
2025-01-28 16:20:00	0.0	0.0	0.0	0.0	0.0
2025-01-28 16:30:00	0.0	0.0	0.0	0.0	2.8683892576098877
2025-01-28 16:40:00	0.0	0.0	0.0	0.0	2.822297695979731
2025-01-28 16:50:00	0.0	0.6203372246435462	0.0	0.0	2.189182886660274
2025-01-28 17:00:00	0.0	0.0	0.0	0.0	1.2815008339937697
2025-01-28 17:10:00	0.0	1.834979941174796	0.0	0.0	1.8845390886713114
2025-01-28 17:20:00	0.0	2.176420022187405	4.729399172672152	0.0	1.5656062605931156
2025-01-28 17:30:00	0.0	0.0	5.682046108864759	0.0	1.3471652863185293
2025-01-28 17:40:00	0.0	1.7828839766494409	2.8859084021136105	0.0	2.665719946255035
2025-01-28 17:50:00	0.9569556349617558	0.742080381450022	3.7759089564032737	0.0	0.0
2025-01-28 18:00:00	0.2200217831875537	1.977739267294659	1.5492955967737907	0.07058271502485078	0.0
2025-01-28 18:10:00	0.8801391591547088	3.2122514949896925	1.8022152357696979	0.0	0.0
2025-01-28 18:20:00	0.0	1.1846863053756511	1.0496767846701927	0.0	1.1437385352951366
2025-01-28 18:30:00	0.0	0.0	0.0	0.0	0.6625909032917575
2025-01-28 18:40:00	0.6065901110008352	0.0	1.0691640017356145	0.0	1.3825684444328559
2025-01-28 18:50:00	0.0	0.0	0.2979932398416412	0.0	2.564018506454147
2025-01-28 19:00:00	0.0	0.0	0.0	0.0	0.6663159721840289
2025-01-28 19:10:00	0.0	0.525750082917419	2.1260612172109554	0.0	0.0
2025-01-28 19:20:00	0.7141548944210833	1.287595768747084	1.5214453438171902	0.0	0.7167848324358048
2025-01-28 19:30:00	0.6547044403595582	2.3268539001550996	2.037481122525365	0.0	0.16625777284219148
2025-01-28 19:40:00	0.5764690715583305	1.7502909330028595	4.111051038973312	0.12906730842992403	0.7821855562821817
2025-01-28 19:50:00	1.215613857220272	0.38039084746731366	3.1690071501523893	0.4599817819539458	0.8097403848600058
2025-01-28 20:00:00	3.2785616475305313	0.0	0.7769709778218155	0.0	0.8495795204871626
2025-01-28 20:10:00	2.85780618219348	0.0	1.20946392863377	0.0	0.26190807552856427
2025-01-28 20:20:00	2.2525252265179887	0.0	1.2958961403966236	0.0	0.0
2025-01-28 20:30:00	0.8472482269579289	0.0	0.19697033508439865	0.0	0.0
2025-01-28 20:40:00	1.0209762209442206	1.0133235783416266	1.453743749017282	0.0	0.0
2025-01-28 20:50:00	0.0	0.8507768338459972	0.9947807997878941	0.0	0.0
2025-01-28 21:00:00	0.0	0.9905182143153008	1.8613740224113589	0.0	0.0
2025-01-28 21:10:00	0.0	1.7469363267649691	0.0	0.0	0.0
2025-01-28 21:20:00	0.0	2.664573017992986	0.0	0.0	0.0
2025-01-28 21:30:00	0.0	3.8326650347162934	0.0	0.0	0.0
2025-01-28 21:40:00	0.5429385525980569	0.6112453463869869	0.0	0.6053294164847358	0.0
2025-01-28 21:50:00	1.3467185996207083	0.9955503667179317	0.0	1.6612794703692229	0.0
2025-01-28 22:00:00	0.0	1.4295410088300995	0.0	0.0	0.0
2025-01-28 22:10:00	0.0	0.10846617592704536	0.0	0.0	0.0
2025-01-28 22:20:00	0.0	0.0	0.0	0.0	0.0
2025-01-28 22:30:00	0.0	2.84560280421454	0.16269438907495026	0.0	0.0
2025-01-28 22:40:00	0.0	2.511783700002173	0.0	0.0	0.0
2025-01-28 22:50:00	0.0	1.9634204179457246	0.0	0.0	0.0
2025-01-28 23:00:00	0.0	0.9254743230367449	0.0	0.0	0.0
2025-01-28 23:10:00	0.0	0.0	0.0	0.0	0.0
2025-01-28 23:20:00	0.0	0.0	0.0	0.0	0.0
2025-01-28 23:30:00	0.0	0.0	0.0	0.0	0.0
2025-01-28 23:40:00	0.0	0.0	0.0	0.0	0.0
2025-01-28 23:50:00	0.0	0.0	0.0	0.0	0.0
2025-01-29 00:00:00	0.0	0.0	0.0	0.0	0.0
2025-01-29 00:10:00	0.0	0.0	0.0	0.0	0.0
2025-01-29 00:20:00	0.0	0.0	0.0	0.0	0.0
2025-01-29 00:30:00	0.0	0.0	0.0	0.0	0.0
2025-01-29 00:40:00	0.0	0.0	0.0	0.0	0.0
2025-01-29 00:50:00	0.0	0.0	0.0	0.0	0.0
2025-01-29 01:00:00	0.0	0.0	0.0	0.0	0.0
2025-01-29 01:10:00	0.0	0.0	0.0	0.0	0.0
2025-01-29 01:20:00	0.0	0.0	0.0	0.0	0.0
2025-01-29 01:30:00	0.0	0.0	0.0	0.0	0.0
2025-01-29 01:40:00	0.0	0.0	0.0	0.0	0.0
2025-01-29 01:50:00	0.0	0.0	0.0	0.0	0.0
2025-01-29 02:00:00	0.0	0.0	0.0	0.0	0.0
2025-01-29 02:10:00	0.0	0.0	0.0	0.0	0.0
2025-01-29 02:20:00	0.0	0.0	0.0	0.0	0.0
2025-01-29 02:30:00	0.0	0.0	0.0	0.0	0.0
2025-01-29 02:40:00	0.0	0.0	0.0	0.0	0.0
2025-01-29 02:50:00	0.0	0.0	0.0	0.0	0.0
2025-01-29 03:00:00	0.0	0.0	0.0	0.0	0.0
2025-01-29 03:10:00	0.0	0.0	0.0	0.0	0.0
2025-01-29 03:20:00	0.0	0.0	0.0	0.0	0.0
2025-01-29 03:30:00	0.0	0.0	0.0	0.0	0.0
2025-01-29 03:40:00	0.0	0.0	0.0	0.0	0.0
2025-01-29 03:50:00	0.0	0.0	0.0	0.0	0.0
2025-01-29 04:00:00	0.0	0.0	0.0	0.0	0.0
2025-01-29 04:10:00	0.0	0.0	0.0	0.0	0.0
2025-01-29 04:20:00	0.0	0.0	0.14762913339386416	0.0	0.0
2025-01-29 04:30:00	0.0	0.0	0.9399022096713477	0.0	0.0
2025-01-29 04:40:00	0.0	0.0	1.1398371571174366	0.0	0.0
2025-01-29 04:50:00	0.0	0.0	1.187652298471686	0.0	0.0
2025-01-29 05:00:00	0.0	0.36364888911629784	1.1545718653025643	0.0	0.0
2025-01-29 05:10:00	0.0	1.0788303931070429	1.717680776397796	0.0	0.0
2025-01-29 05:20:00	0.0	1.1481982199604737	1.8397593189373276	0.0	0.0
2025-01-29 05:30:00	0.0	1.0040951223142462	1.5329772056475268	0.0	0.0
2025-01-29 05:40:00	0.0	0.6353619488112098	1.6238326574045285	0.0	0.0
2025-01-29 05:50:00	0.0	0.7523295433023375	1.8045671477335088	0.0	0.0
2025-01-29 06:00:00	2.3233178095525746	4.304584473671164	2.471331026979499	3.422116230787793	0.9804938907685545
2025-01-29 06:10:00	7.003317809552574	10.504584473671166	9.1113310269795	7.722116230787794	6.020493890768555
2025-01-29 06:20:00	6.314252864201915	12.4	8.138699745912268	8.6	8.680735536837473
2025-01-29 06:30:00	4.159035700437447	10.268172417584951	8.460615191574169	8.6	6.088418880285317
2025-01-29 06:40:00	4.332633810876801	11.021008951917189	6.519782151893892	8.6	4.426591732564843
2025-01-29 06:50:00	3.4985369070520513	9.348856078115736	8.134352070964217	8.6	4.460485181236602
2025-01-29 07:00:00	2.392983619411945	9.50649046015935	7.769814811917297	8.6	4.584321567487134
2025-01-29 07:10:00	7.072983619411945	12.4	8.023545126797869	7.7796592687704225	7.803876615780119
2025-01-29 07:20:00	9.36	11.429651569225614	9.657670913160766	4.163408050439823	6.423640657281364
2025-01-29 07:30:00	9.36	9.460639750889705	10.583537194320895	2.339643279328614	6.782486847494347
2025-01-29 07:40:00	9.36	8.647982772637699	13.213938157884233	2.8219691336898642	3.9201402727924526
2025-01-29 07:50:00	7.356436849843319	2.483676436672728	9.6143237201849	1.605802783689853	3.556966635257925
2025-01-29 08:00:00	3.9340488941164873	0.0	7.353757894081728	2.4792513790672954	4.677837014717334
2025-01-29 08:10:00	0.9251805944507967	2.0483477941263804	3.398388629158027	0.0	3.569330680766776
2025-01-29 08:20:00	0.0	0.0	3.2462361431760125	0.0	2.610866709637107
2025-01-29 08:30:00	0.0	0.0	3.6550188656789824	0.0	2.205640165429578
2025-01-29 08:40:00	0.0	0.0	0.24523347447897315	0.0	0.0
2025-01-29 08:50:00	0.0	0.0	0.0	0.0	0.0
2025-01-29 09:00:00	0.0	0.0	0.0	0.0	0.0
2025-01-29 09:10:00	0.0	0.0	0.0	0.0	0.0
2025-01-29 09:20:00	0.0	0.0	0.0	0.0	0.0
2025-01-29 09:30:00	0.0	0.0	0.0	0.0	0.0
2025-01-29 09:40:00	0.0	0.0	0.0	0.0	0.0
2025-01-29 09:50:00	0.0	0.0	0.0	0.0	0.0
2025-01-29 10:00:00	0.0	0.0	0.0	0.0	0.0
2025-01-29 10:10:00	0.0	0.0	0.0	0.0	0.0
2025-01-29 10:20:00	0.0	0.0	0.0	0.0	0.0
2025-01-29 10:30:00	0.0	0.0	0.0	0.0	0.0
2025-01-29 10:40:00	0.0	0.0	0.0	0.0	0.0
2025-01-29 10:50:00	0.0	0.0	0.0	0.0	0.0
2025-01-29 11:00:00	0.0	0.0	0.0	0.0	0.0
2025-01-29 11:10:00	0.0	0.0	0.0	0.0	0.0
2025-01-29 11:20:00	0.0	0.0	0.0	0.0	0.0
2025-01-29 11:30:00	0.0	0.0	0.0	0.0	0.0
2025-01-29 11:40:00	0.0	0.0	0.0	0.0	0.0
2025-01-29 11:50:00	0.0	0.0	0.0	0.0	0.0
2025-01-29 12:00:00	0.0	0.0	0.0	0.0	0.0
2025-01-29 12:10:00	0.0	0.0	0.0	0.0	0.0
2025-01-29 12:20:00	0.0	0.0	0.0	0.0	0.0
2025-01-29 12:30:00	0.0	0.0	0.0	0.0	0.0
2025-01-29 12:40:00	0.0	0.0	0.0	0.0	0.0
2025-01-29 12:50:00	0.0	0.0	0.0	0.0	0.0
2025-01-29 13:00:00	0.0	0.0	0.0	0.0	0.0
2025-01-29 13:10:00	0.0	0.0	0.0	0.0	0.0
2025-01-29 13:20:00	0.0	0.0	0.0	0.0	0.0
2025-01-29 13:30:00	0.0	0.0	0.0	0.0	0.0
2025-01-29 13:40:00	0.0	0.0	0.0	0.0	0.0
2025-01-29 13:50:00	0.0	0.0	0.0	0.0	0.0
2025-01-29 14:00:00	0.0	0.0	0.0	0.0	0.0
2025-01-29 14:10:00	0.0	0.0	0.0	0.0	0.0
2025-01-29 14:20:00	0.0	0.0	0.0	0.0	0.0
2025-01-29 14:30:00	0.0	0.0	0.0	0.0	0.0
2025-01-29 14:40:00	0.0	0.0	0.0	0.0	0.0
2025-01-29 14:50:00	0.0	0.0	0.0	0.0	0.0
2025-01-29 15:00:00	0.0	0.0	0.0	0.0	0.0
2025-01-29 15:10:00	0.0	0.0	0.0	0.0	0.0
2025-01-29 15:20:00	0.0	0.0	0.0	0.0	0.0
2025-01-29 15:30:00	0.0	0.0	0.0	0.0	0.0
2025-01-29 15:40:00	0.0	0.0	0.0	0.0	0.0
2025-01-29 15:50:00	0.0	0.0	0.0	0.0	0.0
2025-01-29 16:00:00	0.0	0.0	0.0	0.0	0.0
2025-01-29 16:10:00	0.0	0.0	0.0	0.0	0.0
2025-01-29 16:20:00	0.0	0.0	0.0	0.0	0.0
2025-01-29 16:30:00	0.0	0.0	0.0	0.0	0.0
2025-01-29 16:40:00	0.0	0.0	0.0	0.0	0.0
2025-01-29 16:50:00	0.0	0.0	0.0	0.0	0.0
2025-01-29 17:00:00	0.0	0.0	0.0	0.0	0.0
2025-01-29 17:10:00	0.0	0.0	0.0	0.0	0.0
2025-01-29 17:20:00	0.0	0.0	0.0	0.0	0.0
2025-01-29 17:30:00	0.0	0.0	0.0	0.0	0.0
2025-01-29 17:40:00	0.0	0.0	0.0	0.0	0.0
2025-01-29 17:50:00	0.0	0.0	0.0	0.0	0.0
2025-01-29 18:00:00	0.0	0.0	0.0	0.0	0.0
2025-01-29 18:10:00	0.0	0.0	0.0	0.0	0.0
2025-01-29 18:20:00	0.0	0.0	0.0	0.0	0.0
2025-01-29 18:30:00	0.0	0.0	0.0	0.0	0.0
2025-01-29 18:40:00	0.0	0.0	0.0	0.0	0.0
2025-01-29 18:50:00	0.0	0.0	0.0	0.0	0.0
2025-01-29 19:00:00	0.0	0.0	0.0	0.0	0.0
2025-01-29 19:10:00	0.0	0.0	0.0	0.0	0.0
2025-01-29 19:20:00	0.0	0.0	0.0	0.0	0.0
2025-01-29 19:30:00	0.0	0.0	0.0	0.0	0.0
2025-01-29 19:40:00	0.0	0.0	0.0	0.0	0.0
2025-01-29 19:50:00	0.0	0.0	0.0	0.0	0.0
2025-01-29 20:00:00	0.0	0.0	0.0	0.0	0.0
2025-01-29 20:10:00	0.0	0.0	0.0	0.0	0.0
2025-01-29 20:20:00	0.0	0.0	0.0	0.0	0.0
2025-01-29 20:30:00	0.0	0.1067811226262166	0.0	0.0	0.0
2025-01-29 20:40:00	0.0	0.9590338605353376	0.0	0.0	0.0
2025-01-29 20:50:00	0.0	0.9287668483087226	0.0	0.0	0.0
2025-01-29 21:00:00	0.0	0.12475257425609013	0.0	0.0	0.0
2025-01-29 21:10:00	0.0	2.0159294622525543	0.0	0.0	0.0
2025-01-29 21:20:00	0.0	0.7943967135402883	0.5882210581489631	0.0	0.0
2025-01-29 21:30:00	0.0	1.178591744228025	0.8181233899905824	0.0	0.0
2025-01-29 21:40:00	0.0	1.3449251884105704	0.0	0.0	0.0
2025-01-29 21:50:00	0.0	1.131505582204812	0.0	0.0	0.0
2025-01-29 22:00:00	0.0	0.5025472898828739	0.0	0.0	0.0
2025-01-29 22:10:00	0.0	0.0	0.0	0.0	0.0
2025-01-29 22:20:00	0.0	0.0	0.0	0.0	0.0
2025-01-29 22:30:00	0.0	0.0	0.0	0.0	0.0
2025-01-29 22:40:00	0.0	0.28886267265697335	0.0	0.0	0.0
2025-01-29 22:50:00	0.0	0.0	0.0	0.0	0.0
2025-01-29 23:00:00	0.0	0.0	0.0	0.0	0.0
2025-01-29 23:10:00	0.0	0.0	0.0	0.0	0.0
2025-01-29 23:20:00	0.0	0.0	0.0	0.0	0.0
2025-01-29 23:30:00	0.0	0.0	0.0	0.0	0.0
2025-01-29 23:40:00	0.0	0.0	0.0	0.0	0.0
2025-01-29 23:50:00	0.0	0.0	0.0	0.0	0.0
2025-01-30 00:00:00	0.0	0.0	0.0	0.0	0.0
2025-01-30 00:10:00	0.0	0.0	0.0	0.0	0.0
2025-01-30 00:20:00	0.0	0.0	0.0	0.0	0.0
2025-01-30 00:30:00	0.0	0.0	0.0	0.0	0.0
2025-01-30 00:40:00	0.0	0.0	0.0	0.0	0.0
2025-01-30 00:50:00	0.0	0.0	0.0	0.0	0.0
2025-01-30 01:00:00	0.0	0.0	0.0	0.0	0.0
2025-01-30 01:10:00	0.0	0.0	0.0	0.0	0.0
2025-01-30 01:20:00	0.0	0.0	0.0	0.0	0.0
2025-01-30 01:30:00	0.0	0.0	0.0	0.0	0.0
2025-01-30 01:40:00	0.0	0.0	0.0	0.0	0.0
2025-01-30 01:50:00	0.0	0.0	0.0	0.0	0.0
2025-01-30 02:00:00	0.0	0.0	0.0	0.0	0.0
2025-01-30 02:10:00	0.0	0.0	0.0	0.0	0.0
2025-01-30 02:20:00	0.0	0.0	0.0	0.0	0.0
2025-01-30 02:30:00	0.0	0.0	0.0	0.0	0.0
2025-01-30 02:40:00	0.0	0.0	0.0	0.0	0.0
2025-01-30 02:50:00	0.0	0.0	0.0	0.0	0.0
2025-01-30 03:00:00	0.0	0.0	0.0	0.0	0.0
2025-01-30 03:10:00	0.0	0.0	0.0	0.0	0.0
2025-01-30 03:20:00	0.0	0.0	0.0	0.0	0.0
2025-01-30 03:30:00	0.0	0.0	0.0	0.0	0.0
2025-01-30 03:40:00	0.0	0.0	0.0	0.0	0.0
2025-01-30 03:50:00	0.0	0.0	0.0	0.0	0.0
2025-01-30 04:00:00	0.0	0.0	0.0	0.0	0.0
2025-01-30 04:10:00	0.0	0.0	0.0	0.0	0.0
2025-01-30 04:20:00	0.0	0.0	0.0	0.0	0.0
2025-01-30 04:30:00	0.0	0.0	0.0	0.0	0.0
2025-01-30 04:40:00	0.0	0.0	0.0	0.0	0.0
2025-01-30 04:50:00	0.0	0.0	0.0	0.0	0.0
2025-01-30 05:00:00	0.0	0.0	0.0	0.0	0.0
2025-01-30 05:10:00	0.0	0.0	0.0	0.0	0.0
2025-01-30 05:20:00	0.0	0.0	0.0	0.0	0.0
2025-01-30 05:30:00	0.0	0.0	0.0	0.0	0.0
2025-01-30 05:40:00	0.0	0.0	0.0	0.0	0.0
2025-01-30 05:50:00	0.0	0.0	0.0	0.0	0.0
2025-01-30 06:00:00	0.0	0.0	0.0	0.0	0.0
2025-01-30 06:10:00	0.46464281285655373	5.744471638815203	1.7919289064249537	0.0	0.0
2025-01-30 06:20:00	2.002021642944022	3.662933080151017	2.5041163572372254	0.0	0.0
2025-01-30 06:30:00	3.1153372444957803	0.8465810384238465	3.9687510440482594	0.0	0.0
2025-01-30 06:40:00	3.248886680074129	2.562889476310419	2.140696348903081	2.2589851404412484	0.0
2025-01-30 06:50:00	0.6673240950330913	1.8577986567463034	0.49617179973482345	3.2163655512141336	1.3228633079054533
2025-01-30 07:00:00	2.3657749360747355	3.224567392529195	1.051005490743259	4.236699671328424	0.6679739173792477
2025-01-30 07:10:00	7.045774936074736	6.3653418262869295	5.7358107687343605	5.676731450812415	1.9377034150715273
2025-01-30 07:20:00	6.73045223275393	5.750437784842747	5.884872862206671	3.3047691010113542	2.8605045915453253
2025-01-30 07:30:00	5.072507377639644	5.468416691489129	4.734133277306979	2.5139174990288944	5.59357549363771
2025-01-30 07:40:00	2.0368158580165274	3.424290158659398	5.710754157689255	0.7525823065845193	7.034555885770847
2025-01-30 07:50:00	2.9248612059714407	4.655468962856722	4.495584759045706	1.3308154268283299	1.994555885770847
2025-01-30 08:00:00	0.5983383692671375	5.7820734045929925	6.174504307783913	2.147585689605585	2.7040095794936185
2025-01-30 08:10:00	0.0	2.480230108824589	7.1528657657943855	1.445530080851535	3.04219484485356
2025-01-30 08:20:00	0.0	0.0	6.770886139749075	0.0	1.4023545565254754
2025-01-30 08:30:00	0.0	0.0	4.164717186296484	0.0	0.0
2025-01-30 08:40:00	0.0	0.0	1.1169823673232915	0.0	0.0
2025-01-30 08:50:00	0.0	0.0	0.8409761807082528	0.0	0.0
2025-01-30 09:00:00	0.0	0.0	0.0	0.0	0.0
2025-01-30 09:10:00	0.0	0.0	0.0	0.0	0.0
2025-01-30 09:20:00	0.0	0.0	2.5258809114107517	0.0	0.0
2025-01-30 09:30:00	0.0	0.0	0.0	0.0	0.0
2025-01-30 09:40:00	0.0	0.8122941990423181	0.0	0.0	0.0
2025-01-30 09:50:00	0.0	0.9178809678482868	0.0	0.0	0.0
2025-01-30 10:00:00	0.0	0.1523251714317466	0.0	0.0	0.0
2025-01-30 10:10:00	0.0	1.4509435535084287	0.0	0.0	0.0
2025-01-30 10:20:00	0.0	0.0	0.0	0.0	0.0
2025-01-30 10:30:00	0.0	0.5017839063750181	0.0	0.0	0.0
2025-01-30 10:40:00	0.0	0.0	0.0	0.0	0.0
2025-01-30 10:50:00	0.0	0.0	0.0	0.0	0.0
2025-01-30 11:00:00	0.0	0.0	0.0	0.0	0.0
2025-01-30 11:10:00	0.0	0.0	0.0	0.0	0.0
2025-01-30 11:20:00	0.0	0.0	0.0	0.0	0.0
2025-01-30 11:30:00	0.0	0.0	0.0	0.0	0.0
2025-01-30 11:40:00	0.0	0.0	0.0	0.0	0.0
2025-01-30 11:50:00	0.0	0.0	0.0	0.0	0.0
2025-01-30 12:00:00	0.0	0.0	0.0	0.0	0.0
2025-01-30 12:10:00	0.0	0.0	0.0	0.0	0.0
2025-01-30 12:20:00	0.0	0.0	0.0	0.0	0.0
2025-01-30 12:30:00	0.0	0.0	0.0	0.0	0.0
2025-01-30 12:40:00	0.0	0.0	0.0	0.0	0.0
2025-01-30 12:50:00	0.0	0.0	0.0	0.0	0.0
2025-01-30 13:00:00	0.0	0.0	0.0	0.0	0.0
2025-01-30 13:10:00	0.0	0.0	0.0	0.0	0.0
2025-01-30 13:20:00	0.0	0.0	0.0	0.0	0.0
2025-01-30 13:30:00	0.0	0.0	0.0	0.0	0.0
2025-01-30 13:40:00	0.0	0.0	0.0	0.0	0.0
2025-01-30 13:50:00	0.0	0.0	0.0	0.0	0.0
2025-01-30 14:00:00	0.0	0.0	0.0	0.0	0.0
2025-01-30 14:10:00	0.0	0.0	0.0	0.0	0.0
2025-01-30 14:20:00	0.0	0.0	0.0	0.0	0.0
2025-01-30 14:30:00	0.0	0.0	0.0	0.0	0.0
2025-01-30 14:40:00	0.0	0.0	0.0	0.0	0.0
2025-01-30 14:50:00	0.0	0.0	0.0	0.0	0.0
2025-01-30 15:00:00	0.0	0.0	0.0	0.0	0.0
2025-01-30 15:10:00	0.0	0.0	0.0	0.0	0.0
2025-01-30 15:20:00	0.0	0.0	0.0	0.0	0.0
2025-01-30 15:30:00	0.0	0.0	0.0	0.0	0.0
2025-01-30 15:40:00	0.0	0.0	0.0	0.0	0.0
2025-01-30 15:50:00	0.0	0.0	0.0	0.0	0.0
2025-01-30 16:00:00	0.0	0.0	0.0	0.0	0.0
2025-01-30 16:10:00	0.0	0.0	0.0	0.0	0.0
2025-01-30 16:20:00	0.0	0.0	0.0	0.0	0.0
2025-01-30 16:30:00	0.0	0.0	0.0	0.0	0.0
2025-01-30 16:40:00	0.0	0.0	0.0	0.0	0.0
2025-01-30 16:50:00	0.0	0.0	0.0	0.0	0.0
2025-01-30 17:00:00	0.0	0.0	0.0	0.0	0.0
2025-01-30 17:10:00	0.0	0.0	0.0	0.0	0.0
2025-01-30 17:20:00	0.0	0.0	0.0	0.0	0.0
2025-01-30 17:30:00	0.0	0.0	0.0	0.0	0.0
2025-01-30 17:40:00	0.0	0.0	0.0	0.0	0.0
2025-01-30 17:50:00	0.0	0.0	0.0	0.0	0.0
2025-01-30 18:00:00	0.0	0.0	0.0	0.0	0.0
2025-01-30 18:10:00	0.0	0.0	0.0	0.0	0.0
2025-01-30 18:20:00	0.0	0.0	0.0	0.0	0.0
2025-01-30 18:30:00	0.0	0.0	0.0	0.15112172342615585	0.0
2025-01-30 18:40:00	0.0	0.0	0.0	0.6723500006112673	0.0
2025-01-30 18:50:00	0.0	0.0	0.0	0.3043000287668165	0.0
2025-01-30 19:00:00	0.9813664259266048	0.0	0.0	0.0	0.0
2025-01-30 19:10:00	1.6415231771066439	0.6049958798589412	0.0	0.0	0.0
2025-01-30 19:20:00	1.0607851759024953	0.0	0.0	0.6309905170118969	0.0
2025-01-30 19:30:00	0.5045670376350379	0.0	0.0	0.14623342618031598	0.0
2025-01-30 19:40:00	1.1494323601268237	0.0	0.0	0.0	0.0
2025-01-30 19:50:00	1.647455052767214	0.0	0.0	0.0	0.0
2025-01-30 20:00:00	0.06651849961979532	0.4861434549428711	0.0	0.0	0.0
2025-01-30 20:10:00	0.0	0.0	0.0	0.0	0.0
2025-01-30 20:20:00	0.0	0.0	0.0	0.0	0.0
2025-01-30 20:30:00	0.0	0.0	0.0	0.0	0.0
2025-01-30 20:40:00	0.0	0.0	0.0	0.0	0.0
2025-01-30 20:50:00	0.0	0.1567860581331152	0.0	0.0	0.0
2025-01-30 21:00:00	0.0	0.18901408076713722	0.0	0.0	0.0
2025-01-30 21:10:00	0.0	0.0	0.13841130170824106	0.0	0.0
2025-01-30 21:20:00	0.0	0.0	0.08593993435834946	0.0	0.0
2025-01-30 21:30:00	0.0	0.8827254378604309	0.0	0.0	0.0
2025-01-30 21:40:00	0.0	0.9171427887753014	0.0	0.0	0.0
2025-01-30 21:50:00	0.0	2.6546261579698918	0.0	0.0	0.0
2025-01-30 22:00:00	0.0	1.1860587609041562	0.0	0.0	0.0
2025-01-30 22:10:00	0.0	0.0	0.0	0.0	0.0
2025-01-30 22:20:00	0.0	0.0	0.0	0.0	0.0
2025-01-30 22:30:00	0.0	0.0	0.0	0.0	0.0
2025-01-30 22:40:00	0.0	0.0	0.0	0.0	0.0
2025-01-30 22:50:00	0.0	0.0	0.0	0.0	0.0
2025-01-30 23:00:00	0.0	0.0	0.0	0.0	0.0
2025-01-30 23:10:00	0.0	0.0	0.0	0.0	0.0
2025-01-30 23:20:00	0.0	0.0	0.0	0.0	0.0
2025-01-30 23:30:00	0.0	0.0	0.0	0.0	0.0
2025-01-30 23:40:00	0.0	0.0	0.0	0.0	0.0
2025-01-30 23:50:00	0.0	0.0	0.0	0.0	0.0
2025-01-31 00:00:00	0.0	0.0	0.0	0.0	0.0
2025-01-31 00:10:00	0.0	0.0	0.0	0.0	0.0
2025-01-31 00:20:00	0.0	0.0	0.0	0.0	0.0
2025-01-31 00:30:00	0.0	0.0	0.0	0.0	0.0
2025-01-31 00:40:00	0.0	0.0	0.0	0.0	0.0
2025-01-31 00:50:00	0.0	0.0	0.0	0.0	0.0
2025-01-31 01:00:00	0.0	0.0	0.0	0.0	0.0
2025-01-31 01:10:00	0.0	0.0	0.0	0.0	0.0
2025-01-31 01:20:00	0.0	0.0	0.0	0.0	0.0
2025-01-31 01:30:00	0.0	0.0	0.0	0.0	0.0
2025-01-31 01:40:00	0.0	0.0	0.0	0.0	0.0
2025-01-31 01:50:00	0.0	0.0	0.0	0.0	0.0
2025-01-31 02:00:00	0.0	0.0	0.0	0.0	0.0
2025-01-31 02:10:00	0.0	0.0	0.0	0.0	0.0
2025-01-31 02:20:00	0.0	0.0	0.0	0.0	0.0
2025-01-31 02:30:00	0.0	0.0	0.0	0.0	0.0
2025-01-31 02:40:00	0.0	0.0	0.0	0.0	0.0
2025-01-31 02:50:00	0.0	0.0	0.0	0.0	0.0
2025-01-31 03:00:00	0.0	0.0	0.0	0.0	0.0
2025-01-31 03:10:00	0.0	0.0	0.0	0.0	0.0
2025-01-31 03:20:00	0.0	0.0	0.0	0.0	0.0
2025-01-31 03:30:00	0.0	0.0	0.0	0.0	0.0
2025-01-31 03:40:00	0.0	0.0	0.0	0.0	0.0
2025-01-31 03:50:00	0.0	0.0	0.0	0.0	0.0
2025-01-31 04:00:00	0.0	0.0	0.0	0.0	0.0
2025-01-31 04:10:00	0.0	0.0	0.0	0.0	0.0
2025-01-31 04:20:00	0.0	0.0	0.0	0.0	0.0
2025-01-31 04:30:00	0.0	0.0	0.0	0.0	0.0
2025-01-31 04:40:00	0.0	0.0	0.0	0.0	0.0
2025-01-31 04:50:00	0.0	0.0	0.0	0.0	0.0
2025-01-31 05:00:00	0.0	0.0	0.0	0.0	0.0
2025-01-31 05:10:00	0.0	0.0	0.0	0.0	0.0
2025-01-31 05:20:00	0.0	0.0	0.0	0.0	0.0
2025-01-31 05:30:00	0.0	0.0	0.0	0.0	0.0
2025-01-31 05:40:00	0.0	0.0	0.0	0.0	0.0
2025-01-31 05:50:00	0.0	0.0	0.0	0.0	0.0
2025-01-31 06:00:00	0.0	1.6584299792393953	0.0	0.0	0.0
2025-01-31 06:10:00	2.043292151585212	7.8584299792393955	5.1029920055879465	0.0	2.310755245566184
2025-01-31 06:20:00	3.21057260065238	5.973829733231602	4.747824449238368	0.0	4.312569993690693
2025-01-31 06:30:00	3.4256989944456997	5.2307803753868285	2.5204779342469203	0.0	3.0297167841705486
2025-01-31 06:40:00	5.058657520623227	8.96179198620405	5.507020393387698	1.0561855252170789	7.428425871572518
2025-01-31 06:50:00	4.634470562091617	7.969654533983858	12.147020393387699	3.096319674346651	5.9703651616800535
2025-01-31 07:00:00	2.748804864269427	5.863365833732558	13.280000000000001	4.833208445421233	5.6008950377513695
2025-01-31 07:10:00	7.428804864269427	12.063365833732558	13.280000000000001	4.858482323672067	4.584971266707491
2025-01-31 07:20:00	9.36	11.373383881594483	11.897651518234753	4.581729244434066	6.516161081558902
2025-01-31 07:30:00	9.36	9.29816074777096	5.969194802028785	3.9628346099072966	7.360693631734666
2025-01-31 07:40:00	6.5453775240602345	6.756490993867745	3.5504626076205663	3.9662426191058664	7.860636913543331
2025-01-31 07:50:00	3.531599776231822	4.06780370021747	3.086415669782602	4.535758002038479	2.8206369135433316
2025-01-31 08:00:00	2.039209030651269	1.3648385298008405	3.1516788888649905	4.00226073205013	0.0
2025-01-31 08:10:00	1.3861657014875801	4.510982389375085	6.214128876419994	4.182853654796788	0.9453613216260011
2025-01-31 08:20:00	2.495426011169676	2.1102690752576243	4.374493604589193	0.5759818298446612	0.0
2025-01-31 08:30:00	0.0	0.0	1.464308446041888	0.0	0.0
2025-01-31 08:40:00	0.0	0.0	0.0	0.0	0.0
2025-01-31 08:50:00	0.0	0.0	0.0	0.0	0.0
2025-01-31 09:00:00	0.0	0.0	0.0	0.0	0.0
2025-01-31 09:10:00	0.0	0.0	0.0	0.0	0.0
2025-01-31 09:20:00	0.0	0.0	0.0	0.0	0.0
2025-01-31 09:30:00	0.0	0.0	0.0	0.0	0.0
2025-01-31 09:40:00	0.0	0.0	0.0	0.0	0.0
2025-01-31 09:50:00	0.0	0.0	0.0	0.0	0.0
2025-01-31 10:00:00	0.0	0.0	0.0	0.0	0.0
2025-01-31 10:10:00	0.0	0.0	0.0	0.0	0.0
2025-01-31 10:20:00	0.0	0.0	0.0	0.0	0.0
2025-01-31 10:30:00	0.0	0.0	0.0	0.0	0.0
2025-01-31 10:40:00	0.0	0.0	0.0	0.0	0.0
2025-01-31 10:50:00	0.0	0.0	0.0	0.0	0.0
2025-01-31 11:00:00	0.0	0.0	0.0	0.0	0.0
2025-01-31 11:10:00	0.0	0.0	0.0	0.0	0.0
2025-01-31 11:20:00	0.0	0.0	0.0	0.0	0.0
2025-01-31 11:30:00	0.0	0.0	0.0	0.0	0.0
2025-01-31 11:40:00	0.0	0.0	0.0	0.0	0.0
2025-01-31 11:50:00	0.0	0.0	0.0	0.0	0.0
2025-01-31 12:00:00	0.0	0.0	0.0	0.0	0.0
2025-01-31 12:10:00	0.0	0.0	0.0	0.0	0.0
2025-01-31 12:20:00	0.0	0.0	0.0	0.0	0.0
2025-01-31 12:30:00	0.0	0.0	0.0	0.0	0.0
2025-01-31 12:40:00	0.0	0.04298374545144804	0.0	0.0	0.0
2025-01-31 12:50:00	0.0	1.8351658169792526	0.014501711628581316	0.0	0.0
2025-01-31 13:00:00	0.0	0.0	0.0	0.0	0.0
2025-01-31 13:10:00	0.0	0.0	0.570534936497042	0.0	0.0
2025-01-31 13:20:00	0.0	0.0	0.9985814228913679	0.96000603859514	0.0
2025-01-31 13:30:00	0.0	0.0	0.0	0.0	0.0
2025-01-31 13:40:00	0.0	0.0	0.0	0.0	0.0
2025-01-31 13:50:00	0.0	0.3303994752055205	0.0	0.0	0.0
2025-01-31 14:00:00	0.0	0.0	0.0	0.0	0.0
2025-01-31 14:10:00	0.0	0.0	0.0	0.0	0.0
2025-01-31 14:20:00	0.0	0.0	0.0	0.0	0.0
2025-01-31 14:30:00	0.0	1.0002037198844416	0.0	0.0	0.0
2025-01-31 14:40:00	0.0	0.3383221498497314	0.0	0.35079172550917254	0.0
2025-01-31 14:50:00	0.0	3.4055419021458206	0.3135644103332852	2.512459296670489	0.0
2025-01-31 15:00:00	0.0	2.4526771764542783	0.5291373055139647	0.0	0.0
2025-01-31 15:10:00	0.0	2.398913731727295	0.0	2.4259080669897033	0.0
2025-01-31 15:20:00	0.0	3.303731990569371	1.662189378735401	1.247083557762822	0.0
2025-01-31 15:30:00	0.0	6.568735375035745	2.315961706782742	1.2491051038515684	0.0
2025-01-31 15:40:00	0.0	4.3178809921439685	2.9610501422671636	5.549105103851568	0.0
2025-01-31 15:50:00	0.0	5.79499810654109	3.097161747834899	3.926661295429641	0.0
2025-01-31 16:00:00	0.0	8.09016229257755	4.417118113871624	1.683354422910572	0.0
2025-01-31 16:10:00	0.0	8.257161617106034	6.505808900162387	2.8503369477578397	0.0
2025-01-31 16:20:00	0.0	6.957008986370375	6.85036248384443	0.4317749702883831	0.44239197830196164
2025-01-31 16:30:00	0.0	4.7749170572668245	6.321449345628376	0.029408297853605294	0.18053441706257156
2025-01-31 16:40:00	0.0	5.685881321374048	4.6056596116337	0.0	0.0
2025-01-31 16:50:00	0.0	5.13763495993127	2.2715271695438255	0.8511960839244929	0.0
2025-01-31 17:00:00	1.9683037576365667	5.086719032301923	1.0927375447738406	1.5656658740977214	0.0
2025-01-31 17:10:00	0.0	3.7179031409836045	5.926152977575911	0.8675541748335811	0.0
2025-01-31 17:20:00	0.0	1.7553805099022548	1.3969150478181809	5.167554174833581	0.031827065927486235
2025-01-31 17:30:00	2.1429579932795035	2.0019029439079272	0.0	5.050334210780853	1.6301084481152508
2025-01-31 17:40:00	1.6211402408170235	1.2292735998080564	0.48271954317045024	2.515298613737411	0.18878836195902973
2025-01-31 17:50:00	2.177594242916691	0.8325994774256181	5.529829768957209	2.4093497012011214	0.6040367762622403
2025-01-31 18:00:00	3.386098722838092	2.1790736454004165	1.2987983217073416	3.3527375629218845	0.5423850607878206
2025-01-31 18:10:00	2.9945601025715396	1.6701354097503167	2.1946786931276896	2.324906728842759	2.0286136813145963
2025-01-31 18:20:00	1.0951205482066697	4.443527821206816	3.4305283624163074	2.3635890501677994	2.2193114092681605
2025-01-31 18:30:00	0.6709113476513233	2.4472612057856717	2.995876418609326	0.0	0.6167490495895457
2025-01-31 18:40:00	1.0390078179522078	2.2538625416313085	4.127934030737637	0.21126163239189455	1.3010981150970633
2025-01-31 18:50:00	1.2683188297165602	1.246422143625995	3.5922697770650296	0.0	0.9340071906147345
2025-01-31 19:00:00	1.8844304255921	0.6204949118830176	3.13401114253078	0.0	0.9006682165311446
2025-01-31 19:10:00	2.664148652105113	2.279793004334651	5.973742128528347	0.0	1.0603005369670326
2025-01-31 19:20:00	2.256759445130206	3.1160008534918333	5.259707410418142	0.0	1.3733021023440275
2025-01-31 19:30:00	1.41407583574174	3.105401652367141	4.474790426714797	1.905062954470154	0.5934857334630915
2025-01-31 19:40:00	1.3264396678535657	2.7770435859911675	5.400271742135739	1.4039809610231548	0.0
2025-01-31 19:50:00	1.191485072127181	2.2101309559718696	4.2498599518457905	0.49424750612610735	0.7019385626018558
2025-01-31 20:00:00	1.833844330001792	1.1880459340050353	2.872110550178016	0.8252245711149485	1.044631215705233
2025-01-31 20:10:00	1.903064395397723	4.963198054443684	2.827497023790175	1.9836968248438784	1.3470378738646174
2025-01-31 20:20:00	2.70477557343939	6.543629197898885	0.0	1.2293209063406847	1.784044500692109
2025-01-31 20:30:00	2.232174325517334	4.649708207587487	0.0	1.4290284019898687	0.12386989719603586
2025-01-31 20:40:00	2.2321401503998737	4.319715225203371	2.2346763207926954	0.5185044744350854	1.811949173841455
2025-01-31 20:50:00	2.894634115050126	2.1876386262113185	1.6646976984366497	1.3430422687097485	0.47987747788956814
2025-01-31 21:00:00	2.2616951932650777	2.4410844865669876	1.1078479474674086	1.223445271566964	2.052359731732191
2025-01-31 21:10:00	1.4106839012320544	1.0736370554422434	0.9923235458898403	0.0	2.052002704411849
2025-01-31 21:20:00	1.1333559182728512	1.052674086971711	1.1480669277103484	0.0	2.0121474564822885
2025-01-31 21:30:00	0.8439584715588044	1.4078179808756106	2.594473448007049	0.0	3.1264867230624653
2025-01-31 21:40:00	0.4891916047039205	1.8719362014367142	0.4505787202869814	0.3945496161821618	3.8843072732747284
2025-01-31 21:50:00	0.06622723939533862	1.3040571951071038	1.710339187251017	0.4088232565766478	2.3227087330430076
2025-01-31 22:00:00	0.0	1.3986201401567433	0.0	0.521827535497222	0.9936307576110125
2025-01-31 22:10:00	0.0	3.514715871147467	0.0	0.0	0.9380983677342454
2025-01-31 22:20:00	0.0	3.2703933340728626	0.0	0.0	0.9869949338095426
2025-01-31 22:30:00	0.0	2.2101323630069842	0.0	0.0	0.0
2025-01-31 22:40:00	0.0	0.5388811125395606	0.0	0.0	0.0
2025-01-31 22:50:00	0.0	0.0	0.0	0.0	0.0
2025-01-31 23:00:00	0.0	0.0	0.0	0.0	0.0
2025-01-31 23:10:00	0.0	0.0	0.0	0.0	0.0
2025-01-31 23:20:00	0.0	0.0	0.0	0.0	0.0
2025-01-31 23:30:00	0.0	0.0	0.0	0.0	0.0
2025-01-31 23:40:00	0.0	0.0	0.0	0.0	0.0
2025-01-31 23:50:00	0.0	0.0	0.0	0.0	0.0
