date	HL_CI4	HL_CI4	HL_CI4	HL_CE2	HL_CE2	HL_CE2	HL_CK3	HL_CK3	HL_CK3	HL_CJ1	HL_CJ1	HL_CJ1	HL_CL1	HL_CL1	HL_CL1	HL_CL21	HL_CL21	HL_CL21	HL_CL3	HL_CL3	HL_CL3
2018-01-01 00:00:00	0	0	0	0	0	0	0	0	0	0	0	0	0	0	0	0	0	0	0	0	0
2018-01-01 00:10:00	0	0	0	0	0	0	0	0	0	0	0	0	0	0	0	0	0	0	0	0	0
2018-01-01 00:20:00	0	0	0	0	0	0	0	0	0	0	0	0	0	0	0	0	0	0	0	0	0
2018-01-01 00:30:00	0	0	0	0	0	0	0	0	0	0	0	0	0	0	0	0	0	0	0	0	0
2018-01-01 00:40:00	0	0	0	0	0	0	0	0	0	0	0	0	0	0	0	0	0	0	0	0	0
2018-01-01 00:50:00	0	0	0	0	0	0	0	0	0	0	0	0	0	0	0	0	0	0	0	0	0
2018-01-01 01:00:00	0	0	0	0	0	0	0	0	0	0	0	0	0	0	0	0	0	0	0	0	0
2018-01-01 01:10:00	0	0	0	0	0	0	0	0	0	0	0	0	0	0	0	0	0	0	0	0	0
2018-01-01 01:20:00	0	0	0	0	0	0	0	0	0	0	0	0	0	0	0	0	0	0	0	0	0
2018-01-01 01:30:00	0	0	0	0	0	0	0	0	0	0	0	0	0	0	0	0	0	0	0	0	0
2018-01-01 01:40:00	0	0	0	0	0	0	0	0	0	0	0	0	0	0	0	0	0	0	0	0	0
2018-01-01 01:50:00	0	0	0	0	0	0	0	0	0	0	0	0	0	0	0	0	0	0	0	0	0
2018-01-01 02:00:00	0	0	0	0	0	0	0	0	0	0	0	0	0	0	0	0	0	0	0	0	0
2018-01-01 02:10:00	0	0	0	0	0	0	0	0	0	0	0	0	0	0	0	0	0	0	0	0	0
2018-01-01 02:20:00	0	0	0	0	0	0	0	0	0	0	0	0	0	0	0	0	0	0	0	0	0
2018-01-01 02:30:00	0	0	0	0	0	0	0	0	0	0	0	0	0	0	0	0	0	0	0	0	0
2018-01-01 02:40:00	0	0	0	0	0	0	0	0	0	0	0	0	0	0	0	0	0	0	0	0	0
2018-01-01 02:50:00	0	0	0	0	0	0	0	0	0	0	0	0	0	0	0	0	0	0	0	0	0
2018-01-01 03:00:00	0	0	0	0	0	0	0	0	0	0	0	0	0	0	0	0	0	0	0	0	0
2018-01-01 03:10:00	0	0	0	0	0	0	0	0	0	0	0	0	0	0	0	0	0	0	0	0	0
2018-01-01 03:20:00	0	0	0	0	0	0	0	0	0	0	0	0	0	0	0	0	0	0	0	0	0
2018-01-01 03:30:00	0	0	0	0	0	0	0	0	0	0	0	0	0	0	0	0	0	0	0	0	0
2018-01-01 03:40:00	0	0	0	0	0	0	0	0	0	0	0	0	0	0	0	0	0	0	0	0	0
2018-01-01 03:50:00	0	0	0	0	0	0	0	0	0	0	0	0	0	0	0	0	0	0	0	0	0
2018-01-01 04:00:00	0	0	0	0	0	0	0	0	0	0	0	0	0	0	0	0	0	0	0	0	0
2018-01-01 04:10:00	0	0	0	0	0	0	0	0	0	0	0	0	0	0	0	0	0	0	0	0	0
2018-01-01 04:20:00	0	0	0	0	0	0	0	0	0	0	0	0	0	0	0	0	0	0	0	0	0
2018-01-01 04:30:00	0	0	0	0	0	0	0	0	0	0	0	0	0	0	0	0	0	0	0	0	0
2018-01-01 04:40:00	0	0	0	0	0	0	0	0	0	0	0	0	0	0	0	0	0	0	0	0	0
2018-01-01 04:50:00	0	0	0	0	0	0	0	0	0	0	0	0	0	0	0	0	0	0	0	0	0
2018-01-01 05:00:00	0	0	0	0	0	0	0	0	0	0	0	0	0	0	0	0	0	0	0	0	0
2018-01-01 05:10:00	0	0	0	0	0	0	0	0	0	0	0	0	0	0	0	0	0	0	0	0	0
2018-01-01 05:20:00	0	0	0	0	0	0	0	0	0	0	0	0	0	0	0	0	0	0	0	0	0
2018-01-01 05:30:00	0	0	0	0	0	0	0	0	0	0	0	0	0	0	0	0	0	0	0	0	0
2018-01-01 05:40:00	0	0	0	0	0	0	0	0	0	0	0	0	0	0	0	0	0	0	0	0	0
2018-01-01 05:50:00	0	0	0	0	0	0	0	0	0	0	0	0	0	0	0	0	0	0	0	0	0
2018-01-01 06:00:00	0	0	0	0	0	0	0	0	0	0	0	0	0	0	0	0	0	0	0	0	0
2018-01-01 06:10:00	0	0	0	0	0	0	0	0	0	0	0	0	0	0	0	0	0	0	0	0	0
2018-01-01 06:20:00	0	0	0	0	0	0	0	0	0	0	0	0	0	0	0	0	0	0	0	0	0
2018-01-01 06:30:00	0	0	0	0	0	0	0	0	0	0	0	0	0	0	0	0	0	0	0	0	0
2018-01-01 06:40:00	0	0	0	0	0	0	0	0	0	0	0	0	0	0	0	0	0	0	0	0	0
2018-01-01 06:50:00	0	0	0	0	0	0	0	0	0	0	0	0	0	0	0	0	0	0	0	0	0
2018-01-01 07:00:00	0	0	0	0	0	0	0	0	0	0	0	0	0	0	0	0	0	0	0	0	0
2018-01-01 07:10:00	0	0	0	0	0	0	0	0	0	0	0	0	0	0	0	0	0	0	0	0	0
2018-01-01 07:20:00	0	0	0	0	0	0	0	0	0	0	0	0	0	0	0	0	0	0	0	0	0
2018-01-01 07:30:00	0	0	0	0	0	0	0	0	0	0	0	0	0	0	0	0	0	0	0	0	0
2018-01-01 07:40:00	0	0	0	0	0	0	0	0	0	0	0	0	0	0	0	0	0	0	0	0	0
2018-01-01 07:50:00	0	0	0	0	0	0	0	0	0	0	0	0	0	0	0	0	0	0	0	0	0
2018-01-01 08:00:00	0	0	0	0	0	0	0	0	0	0	0	0	0	0	0	0	0	0	0	0	0
2018-01-01 08:10:00	0	0	0	0	0	0	0	0	0	0	0	0	0	0	0	0	0	0	0	0	0
2018-01-01 08:20:00	0	0	0	0	0	0	0	0	0	0	0	0	0	0	0	0	0	0	0	0	0
2018-01-01 08:30:00	0	0	0	0	0	0	0	0	0	0	0	0	0	0	0	0	0	0	0	0	0
2018-01-01 08:40:00	0	0	0	0	0	0	0	0	0	0	0	0	0	0	0	0	0	0	0	0	0
2018-01-01 08:50:00	0	0	0	0	0	0	0	0	0	0	0	0	0	0	0	0	0	0	0	0	0
2018-01-01 09:00:00	0	0	0	0	0	0	0	0	0	0	0	0	0	0	0	0	0	0	0	0	0
2018-01-01 09:10:00	0	0	0	0	0	0	0	0	0	0	0	0	0	0	0	0	0	0	0	0	0
2018-01-01 09:20:00	0	0	0	0	0	0	0	0	0	0	0	0	0	0	0	0	0	0	0	0	0
2018-01-01 09:30:00	0	0	0	0	0	0	0	0	0	0	0	0	0	0	0	0	0	0	0	0	0
2018-01-01 09:40:00	0	0	0	0	0	0	0	0	0	0	0	0	0	0	0	0	0	0	0	0	0
2018-01-01 09:50:00	0	0	0	0	0	0	0	0	0	0	0	0	0	0	0	0	0	0	0	0	0
2018-01-01 10:00:00	0	0	0	0	0	0	0	0	0	0	0	0	0	0	0	0	0	0	0	0	0
2018-01-01 10:10:00	0	0	0	0	0	0	0	0	0	0	0	0	0	0	0	0	0	0	0	0	0
2018-01-01 10:20:00	0	0	0	0	0	0	0	0	0	0	0	0	0	0	0	0	0	0	0	0	0
2018-01-01 10:30:00	0	0	0	0	0	0	0	0	0	0	0	0	0	0	0	0	0	0	0	0	0
2018-01-01 10:40:00	0	0	0	0	0	0	0	0	0	0	0	0	0	0	0	0	0	0	0	0	0
2018-01-01 10:50:00	0	0	0	0	0	0	0	0	0	0	0	0	0	0	0	0	0	0	0	0	0
2018-01-01 11:00:00	0	0	0	0	0	0	0	0	0	0	0	0	0	0	0	0	0	0	0	0	0
2018-01-01 11:10:00	0	0	0	0	0	0	0	0	0	0	0	0	0	0	0	0	0	0	0	0	0
2018-01-01 11:20:00	0	0	0	0	0	0	0	0	0	0	0	0	0	0	0	0	0	0	0	0	0
2018-01-01 11:30:00	0	0	0	0	0	0	0	0	0	0	0	0	0	0	0	0	0	0	0	0	0
2018-01-01 11:40:00	0	0	0	0	0	0	0	0	0	0	0	0	0	0	0	0	0	0	0	0	0
2018-01-01 11:50:00	0	0	-50.0	0	0	-50.0	0	0	-50.0	0	0	-50.0	0	0	-50.0	0	0	-50.0	0	0	-50.0
2018-01-01 12:00:00	0	43.82418735672312	48.115659502146435	0	44.30130661845607	48.19906851734593	0	28.932906327441138	31.753936547539723	0	44.49742141566851	48.23126098016587	0	44.332556115287375	48.49459330872205	0	45.18906419498377	47.91375258619919	0	46.328095152877346	48.16180243503829
2018-01-01 12:10:00	0	42.9204243561966	47.10982313170478	0	43.38794431140257	47.165946105563656	0	31.134163425302265	31.49001564284039	0	43.61424149507979	47.228460988256145	0	47.27447337320537	48.168561774591545	0	43.913575444646995	46.4485165395622	0	45.503442193033436	47.22036849879343
2018-01-01 12:20:00	0	42.09175987928851	46.25299872885278	0	42.5441381029636	46.29387698648308	0	30.9562745330258	31.303134472208754	0	42.80057621025059	46.38745714720369	0	43.32292413702247	47.385705893658105	0	42.640815511986865	45.146661856086546	0	44.741047422254454	46.42979236004326
2018-01-01 12:30:00	0	41.27086788572961	45.40404277152157	0	41.70949290355628	45.43110027358069	0	30.780749706693623	31.118620148331914	0	41.995700859634184	45.55536108404283	0	42.59255692798335	46.6282847842045	0	41.39480731312083	43.87187241980203	0	43.99223448450201	45.65311096427586
2018-01-01 12:40:00	0	40.457769154797255	44.563089124034214	0	40.884006485894844	44.57775027464273	0	30.60761279490852	30.93656458689469	0	41.199618692467865	44.73231513791076	0	41.868385860715286	45.87721949436172	0	40.1749673202795	42.62377954976473	0	43.256846412654724	44.890281915328224
2018-01-01 12:50:00	0	39.65238420034615	43.73006913324184	0	40.06758516671211	43.73373048661466	0	30.436839675572816	30.756943162679825	0	40.41224055036719	43.91822734168891	0	41.15035916694841	45.132483314163856	0	38.98075223888128	41.401837933909746	0	42.53466316976467	44.1410779956492
2018-01-01 13:00:00	0	38.88084233618942	42.9116779547585	0	39.28754218674209	42.90908019514006	0	30.29580977531745	30.589623856469764	0	39.66087139042194	43.12314308960007	0	44.18906994726074	44.9468522039924	0	37.83845248935165	40.21990823919971	0	41.86043797833661	43.42173999861659
2018-01-01 13:10:00	0	38.06809003074618	42.09696496754292	0	38.46579698975972	42.08515118394088	0	30.106111484473423	30.416441222882007	0	38.86745675121538	42.328381698359884	0	40.23785804910319	44.191730333492494	0	36.68021282319313	39.05401438059388	0	41.14061335229463	42.7027065950148
2018-01-01 13:20:00	0	37.259622885432066	41.28673830337118	0	37.64975396012325	41.26709497879585	0	29.915624670865384	30.242449831998023	0	38.07939690089099	41.539135191563	0	39.50439988609269	43.458697494438915	0	35.5426017148487	37.909237028274916	0	40.427787076506	41.990897629905945
2018-01-01 13:30:00	0	36.45547150408619	40.48095905902984	0	36.83935130531481	40.45484383393499	0	29.724352694464194	30.067649891980075	0	37.296633715207314	40.755339771378864	0	38.7737741112823	42.728580701722656	0	34.425253306455375	36.78514541300098	0	39.72183962239324	41.28618538702223
2018-01-01 13:40:00	0	35.65562020041652	39.67959175963324	0	36.03453142749692	39.64833857702101	0	29.532303189780155	29.892049425337696	0	36.51911360464206	39.976940305943636	0	38.04599451188953	42.00138115638496	0	33.32777280732189	35.68132248596062	0	39.02265797149797	40.58845373684527
2018-01-01 13:50:00	0	34.86004983729555	38.882603323282794	0	35.23523735441083	38.847520619961756	0	29.33948409048384	29.71565640218408	0	35.74678342789211	39.203882192100956	0	37.32105876702103	41.277082129718075	0	32.2497706864771	34.597361143931344	0	38.33013119112524	39.89758840282656
2018-01-01 14:00:00	0	34.12259788563367	38.11813007712392	0	34.494969105762834	38.0794007818416	0	29.19979457829293	29.565524778761272	0	35.03309406168553	38.463167929284374	0	36.64944343545841	40.57751958889212	0	31.237124540805294	33.55986820512683	0	37.7069899483191	39.247812801887406
2018-01-01 14:10:00	0	50.0	40.13553368039386	0	50.0	40.04252657474483	0	29.03624605121426	29.400899956463206	0	50.0	40.36600478158325	0	35.95950604517703	39.87005675021853	0	30.23405358449573	32.538910944666	0	37.0666377791145	38.59112931873619
2018-01-01 14:20:00	0	38.98719803088817	39.6342965738519	0	38.813825095306	39.46239687730382	0	28.873683683260676	29.237304286461324	0	39.13287417610894	39.78946541204994	0	35.274102896588	39.16727992781686	0	29.250719242910243	31.538107633566398	0	36.43562074010948	37.94409216254573
2018-01-01 14:30:00	0	34.723953760803724	38.74860466429547	0	34.97780073046597	38.587458038303495	0	28.71208752235461	29.074703510120315	0	35.490869590734775	38.945404469279616	0	34.59320258445864	38.46914148534723	0	28.286726090455094	30.557043300057664	0	35.81377781097562	37.30652072125277
2018-01-01 14:40:00	0	38.020041801543265	38.646613043825454	0	34.21343312621191	37.8045584654015	0	28.551448070273388	28.913087797878077	0	34.75300385849402	38.189807694699475	0	33.91677310254097	37.77560753612892	0	27.341680912513624	29.595316194886514	0	36.33334675808455	36.97139787771658
2018-01-01 14:50:00	0	33.763597893292435	37.76762712954783	0	33.45616117435583	37.028885608275225	0	28.39175583719031	28.75244737850177	0	34.02190901315955	37.441105346542194	0	33.2447825096659	37.08664453014285	0	26.415198654423627	28.652532860208886	0	34.82925844378717	36.29874427199536
2018-01-01 15:00:00	0	33.006033128358744	37.001292664136926	0	32.705036657044765	36.265515136822266	0	28.23232652825079	28.598136444550832	0	33.29661846393406	36.704362178328445	0	32.576974551937234	36.40735911874124	0	25.501316930118417	27.726955420047354	0	34.225031204563535	35.685831291312
2018-01-01 15:10:00	0	32.24975248860136	36.22274993510426	0	31.961275385313073	35.50000466727928	0	28.07396390944373	28.435069404236643	0	32.57837573292612	35.96514821935073	0	31.91414763033633	35.723773239012885	0	24.609967430980532	26.817136716739093	0	33.631213381223645	35.07311654974754
2018-01-01 15:20:00	0	31.50004563770523	35.4509691735247	0	31.22510384139191	34.742314993527884	0	27.917178356382813	28.273636096473602	0	31.867407485385456	35.233430420727764	0	31.256340999433704	35.04534688693326	0	23.736814162667113	25.92588323218861	0	33.04712494261027	34.47045012266631
2018-01-01 15:30:00	0	30.756825181518234	34.68586473965243	0	30.496438722172154	33.99235118628468	0	27.761948164741185	28.113804228399125	0	31.16363415094468	34.50911760990159	0	30.603491030692453	34.37203128474029	0	22.88147231896352	25.052809947327525	0	32.47260221581902	33.87765383502874
2018-01-01 15:40:00	0	30.020032671407606	33.927378666916184	0	29.775203497394262	33.250034484738535	0	27.608257993591454	27.95555795318237	0	30.466983076347788	33.79213488214676	0	29.95555782815091	33.7037877428656	0	22.043577107693544	24.197545669123755	0	31.907488585261774	33.294566029229145
2018-01-01 15:50:00	0	29.28961064392428	33.17545323132428	0	29.061322457236162	32.515286917299605	0	27.45609242378994	27.798881529283484	0	29.77738216186782	33.08240805828757	0	29.312502176630495	33.040577575594455	0	21.222771055879388	23.3597265474721	0	31.35163016373876	32.72102773541292
2018-01-01 16:00:00	0	28.550928946414352	32.43778879132512	0	28.33725433283793	31.78749248983523	0	27.288249756707028	27.643745384108392	0	29.077278508774604	32.379312082881505	0	28.658801356455825	32.3835709916382	0	20.396415351713472	22.52885796251408	0	30.778117884142087	32.14814920934384
2018-01-01 16:10:00	0	27.845749562062537	31.689934447156975	0	27.654349937073487	31.0627806762877	0	27.155899993535346	27.48532271932359	0	28.41803564631192	31.67900970862906	0	28.044825801818885	31.72712200729047	0	19.61802365581185	21.71802212483187	0	30.253965284761975	31.58363018688831
2018-01-01 16:20:00	0	31.21105890982974	31.633387025319845	0	30.54662065866114	30.948547894667648	0	27.027542536978718	27.33101783971273	0	27.768147498991848	30.988341538122604	0	31.163415396354928	31.623578792272603	0	18.85843959523361	20.926370998066524	0	29.743196326425437	31.032925881473044
2018-01-01 16:30:00	0	31.088317855448608	31.48504003990902	0	30.37870901144279	30.753811764771328	0	26.90313363120525	27.180778412574305	0	27.127515332746132	30.30719950407149	0	31.070427359209596	31.504413907574097	0	18.117270609805043	20.153513215236607	0	29.245589326218024	30.49580230685937
2018-01-01 16:40:00	0	30.969359996382188	31.34065229563311	0	30.215241672822494	30.563726606384023	0	26.782633983221192	27.034564123630098	0	29.867387838783312	30.20498854523975	0	30.98080622725057	31.388727823233275	0	17.39414196972138	19.399066241561428	0	29.893317088223487	30.265174957069735
2018-01-01 16:50:00	0	26.792380044140767	30.51778405687626	0	26.49059552520886	29.777574117278668	0	26.66600469349303	26.89233502303026	0	26.342759506735412	29.455840115514583	0	27.16925392054288	30.73108105670455	0	16.688687432415655	18.662655595932783	0	28.52124619862699	29.700998196357382
2018-01-01 17:00:00	0	26.079712959771765	29.796322020932642	0	25.801053793079138	29.075023619873356	0	26.51443591966431	26.743445243338815	0	25.68571651463894	28.78677706101479	0	26.54413428296357	30.092591199998882	0	15.959488224796182	17.922910012078873	0	28.005956369666773	29.17701556717074
2018-01-01 17:10:00	0	25.372653721849886	29.06458630506188	0	25.123850306934603	28.374285654206794	0	26.369556930191766	26.59047958578331	0	25.040674642323836	28.11917426479188	0	25.927825882362704	29.45285249631966	0	15.249365133015973	17.19514025743637	0	28.638921052551183	28.950789514613433
2018-01-01 17:20:00	0	28.734116995170965	29.022126270165167	0	28.01972998650505	28.281872731566864	0	26.226765258861853	26.4396690911674	0	27.774153825215645	28.02846669746259	0	29.04212290577844	29.363994242708902	0	14.554469069498575	16.48290518802599	0	27.24869486133295	28.387518928979944
2018-01-01 17:30:00	0	28.605583741836856	28.885857073470966	0	24.287830417256227	27.50628385924429	0	26.08603669146165	26.290982738731454	0	24.24116520948097	27.288797443042093	0	28.94290127310982	29.257505732858544	0	13.874484804191693	15.78588339257889	0	26.7640209499192	27.88342201291347
2018-01-01 17:40:00	0	24.41719505159195	28.06928415167591	0	23.62805445991836	26.823565093570238	0	25.947350682491344	26.144399472479567	0	23.612737320324094	26.638373567184857	0	25.119854612693207	28.60710924216824	0	13.2091098222639	15.103766252073344	0	26.2884218605172	27.388645175812982
2018-01-01 17:50:00	0	23.72731258450184	27.355258688255017	0	22.9756025887549	26.14830766588851	0	25.810686799593636	25.999898404052914	0	22.99126709828138	25.99503585298622	0	24.51703671226543	27.981239485194973	0	15.368424703751122	15.254715881135848	0	25.82177283437975	26.90310313636993
2018-01-01 18:00:00	0	23.044343900759777	26.65128387497202	0	22.330161759911576	25.482133561122104	0	25.67581440867448	25.859135121673447	0	22.376437661157542	25.36040328636721	0	23.919370306365458	27.362338061375066	0	15.179895309654793	15.060105983549242	0	25.36229138875163	26.426968897109745
2018-01-01 18:10:00	0	22.31092173882881	25.943646686827915	0	21.636442370699662	24.815661975163856	0	25.48725730471205	25.713172354894226	0	21.712980214462	24.72504957210034	0	23.27077100675961	26.743601879694584	0	12.132728320027743	14.035081405250207	0	24.839413632297823	25.939002171446013
2018-01-01 18:20:00	0	21.570577444330894	25.228850947335342	0	20.936392122552256	24.142668945203326	0	25.287180926664238	25.555343283394848	0	21.042835526786043	24.08280798447055	0	22.61372774479966	26.11612706151632	0	11.436595493737066	13.360212961041302	0	25.433424830876707	25.72817814628474
2018-01-01 18:30:00	0	20.823345272555336	24.506963081744953	0	20.230079353090176	23.463230462936416	0	25.07570446556102	25.385776138324367	0	20.36607527115805	23.4337577412821	0	21.948285174609065	25.479988853027958	0	10.740813146435572	12.68513672634398	0	23.979660219714983	25.15493795554569
2018-01-01 18:40:00	0	20.06928566919701	23.77804477716173	0	19.51756810502226	22.777412250122516	0	24.852941199325663	25.204587393901768	0	19.682766233396308	22.777967706149095	0	24.999774576948425	25.38064703089616	0	10.04529108268509	12.0103256799047	0	23.407267980162935	24.61592237245973
2018-01-01 18:50:00	0	19.30846119479001	23.042157717463784	0	18.79892154865486	22.085279366965203	0	24.6190026689386	25.011892300148943	0	18.992974887605268	22.115506107830697	0	21.098924740207266	24.704308873155668	0	12.160403426459807	12.154239144622574	0	22.8201666319779	24.061686422059005
2018-01-01 19:00:00	0	18.535570654145324	22.296778187686908	0	18.068829813618635	21.384280338008093	0	24.368598649650558	24.80519867934155	0	18.29139944410749	21.44382538923672	0	20.39981596519663	24.036576524935484	0	11.91097705297026	11.9362539056696	0	22.212238357176705	23.48913271527642
2018-01-01 19:10:00	0	17.810308608145696	21.55007862475625	0	17.387065601367276	20.682581582962648	0	24.16168746646498	24.592147382713904	0	17.637806959950687	20.77115131359386	0	19.7471168963288	23.363331706574108	0	11.704201979373805	11.725146998789834	0	21.66069545021803	22.920044743634257
2018-01-01 19:20:00	0	17.091258931229977	20.809849132650992	0	16.712258826069537	19.988050122735576	0	23.956835991512804	24.381222921609037	0	16.990834811520767	20.105297065580572	0	22.824533793534997	23.240564222480067	0	11.50159875993799	11.518337498436294	0	22.250579320779053	22.653423464457354
2018-01-01 19:30:00	0	16.378426509961315	20.076023788202395	0	16.04433328584655	19.30060088506211	0	23.75401665750628	24.172390982179984	0	16.35041046790603	19.44618162008198	0	18.96275538746478	22.55436598754051	0	8.492750600150824	10.497283034202772	0	50.0	29.603843354138355
2018-01-01 19:40:00	0	15.671760745639972	19.348547204014462	0	15.3832186522848	18.620161661563635	0	23.553209528519435	23.965630839988968	0	15.716467512166794	18.793736781460233	0	18.320818151031077	21.892318597526863	0	7.84807444520769	9.839805443066629	0	26.273378162682192	27.678329364312425
2018-01-01 19:50:00	0	19.032918533790184	19.309635804392855	0	18.294372002866993	18.547203054225925	0	23.354394437886615	23.76092191613197	0	18.460282737812218	18.717396370085755	0	17.683707909903283	21.235238293015097	0	7.216634176820506	9.195272798196935	0	26.788328132061554	27.3355065106636
2018-01-01 20:00:00	0	14.847048551894574	18.49642644470373	0	14.582336611134384	17.792743567889232	0	23.16296849390873	23.560729907678976	0	14.942267561987244	17.993820994587594	0	17.056453335052677	20.585104231235487	0	6.603060713481405	8.566676765548678	0	25.28673242884543	26.658070115964392
2018-01-01 20:10:00	0	18.1942190595612	18.461272840270937	0	17.48066774288931	17.724766305359594	0	22.946746170045678	23.35645007884616	0	14.301597201290612	17.352606232687165	0	16.40662612624613	19.934068098339186	0	5.981085551137637	7.9452199800561125	0	24.661061970080485	26.032176409472292
2018-01-01 20:20:00	0	18.048801967111118	18.329573370005022	0	17.313991545175725	17.571247117826246	0	22.73064242810577	23.152296659378287	0	17.03667396902808	17.28535578277143	0	50.0	24.298951465686645	0	8.179988910300626	8.152944245593755	0	24.041980902793227	25.413043048833217
2018-01-01 20:30:00	0	13.841007221299183	17.51498393358336	0	13.58150594650969	16.816971608699575	0	22.514654194486095	22.948261931865936	0	13.502587960799998	16.56637010896045	0	19.770778970325924	23.441851573898322	0	8.029048470521372	8.01171680641255	0	23.42940289882009	24.80061981482168
2018-01-01 20:40:00	0	13.129215913153036	16.80037605051853	0	12.918417723718173	16.152683383938474	0	22.298780045038818	22.744344716048047	0	12.870394715868745	15.933883955383926	0	19.094640871938154	22.763770976481112	0	5.068531255857051	7.053406787909989	0	22.82322148721479	24.194796707137982
2018-01-01 20:50:00	0	12.42152679091667	16.089921708285964	0	12.260006501900987	15.493132132274694	0	22.08301881338614	22.540543833798992	0	12.242518304087854	15.305766042283965	0	18.421531784513625	22.088708942012815	0	4.469005041721683	6.455425548236759	0	22.22333202874461	23.59546564371558
2018-01-01 21:00:00	0	15.72608006761807	16.040502488723256	0	15.118014767393053	15.413124574353683	0	21.81330851201389	22.31115786067697	0	14.936567069888364	15.225791913566228	0	17.700969265517475	21.39626132950547	0	50.0	19.2853623019571	0	22.69787054685218	23.261581968470598
2018-01-01 21:10:00	0	11.548240763789282	15.234633957558966	0	11.415781889948102	14.668085656148845	0	21.614868037382465	22.103064632445466	0	11.43170609484643	14.515087504730088	0	20.77979215057187	21.27071316887206	0	10.651255161728319	12.788246358788571	0	21.225231399948395	22.613273545186427
2018-01-01 21:20:00	0	14.930626565262022	15.21362069768217	0	14.350885431598568	14.616119237834146	0	21.419030057943054	21.897635204287816	0	10.831109974341443	13.893306885975052	0	20.645415903349917	21.127819072164115	0	9.934220184609865	12.062593783398826	0	21.792033692683468	22.318687115751356
2018-01-01 21:30:00	0	10.761092176983858	14.416234819100225	0	10.657860258918678	13.88045361013666	0	21.225782032609946	21.694872010646925	0	10.237314506252408	13.278344053995882	0	16.787508392722955	20.44131577552324	0	12.044346372816051	12.163231785350542	0	20.336781300703873	21.688151342058294
2018-01-01 21:40:00	0	10.089994312447129	13.72139134078343	0	10.036662398196725	13.23727981763003	0	21.035226684985698	21.49476953118061	0	9.650256481840028	12.670262276355396	0	16.15012030785271	19.779635958794803	0	8.999022152087809	11.101327311302763	0	20.92060341846702	21.411081839786497
2018-01-01 21:50:00	0	9.425348635086575	13.033107576311021	0	9.42244095942289	12.601194487685719	0	20.847291297162744	21.297309314714983	0	9.069833011895039	12.068993266466407	0	15.518242811089278	19.12361361174625	0	11.129675706132574	11.223477858373888	0	19.48208541805834	20.79778341017027
2018-01-01 22:00:00	0	12.844952794066282	13.041357619986549	0	12.39684305608593	12.580520056443833	0	20.678130991082185	21.11015193239725	0	11.883443354562901	12.051690011069077	0	18.632273462638793	19.02477524713343	0	8.11891085822592	10.190390874173778	0	18.96925286209253	20.25475748188066
2018-01-01 22:10:00	0	8.694304873936167	12.267389500815678	0	8.725216700564552	11.870648023280802	0	20.493661816623607	20.920161982596145	0	8.412322532852423	11.379371148221324	0	14.789865828217215	18.358483140201923	0	7.4608934373128895	9.519252508353722	0	18.44638196452365	19.71519775944509
2018-01-01 22:20:00	0	12.102880716134056	12.277358050527042	0	11.689913789246498	11.85289188456739	0	20.31095761164329	20.732059793391617	0	11.21576607240689	11.36449117317931	0	17.89235676452866	18.261590005381343	0	50.0	21.43768725628093	0	17.932002576957856	19.184474274282863
2018-01-01 22:30:00	0	12.020305650707366	12.192277888313075	0	11.590946877907461	11.750979850665312	0	20.130054922921428	20.545819442654953	0	11.12266852792203	11.26862658747186	0	17.78071666132031	18.146444442262645	0	13.103427300069347	15.270056893029677	0	17.426033110392908	18.662436052127894
2018-01-01 22:40:00	0	11.938508286253947	12.108069149846045	0	11.49303375582757	11.650231214565872	0	19.950940445248065	20.361422255341814	0	11.030556470702681	11.17385246942964	0	17.66992293618442	18.032185206899207	0	15.152841321379341	15.32047211802673	0	16.92834170125743	18.14894075634441
2018-01-01 22:50:00	0	7.795711327913647	11.342318232493977	0	7.830590055834592	10.94996359052512	0	19.773600180694714	20.178850286305774	0	7.568031972030532	10.510531998808057	0	13.834698906993495	17.37339173634949	0	20.199254194397327	16.575172438630226	0	16.43879704919771	17.643849251392123
2018-01-01 23:00:00	0	7.134275928445954	10.670398689702736	0	7.222725903094339	10.333316180751824	0	19.581801342327118	19.990400830479587	0	6.992534259663628	9.927209068307329	0	13.20395165098687	16.73236972283827	0	15.412204338533453	15.589996683365436	0	18.92302748537813	17.909530673281576
2018-01-01 23:10:00	0	50.0	17.316657133654523	0	50.0	17.03075267300926	0	19.387187957553092	19.804689616798626	0	50.0	16.712518423967325	0	50.0	21.57585041723619	0	12.281461733739294	14.456322088533211	0	16.051365049200005	17.269351056416195
2018-01-01 23:20:00	0	11.872672330337137	15.576417918897	0	12.04708959948018	15.326690329516088	0	19.19290617587378	19.61929810754102	0	11.91223121081094	15.01841730854804	0	17.032349005628067	20.711259661314514	0	50.0	24.893796613532025	0	15.547851602414815	16.765605449416846
2018-01-01 23:30:00	0	11.169150334856171	14.86735522217257	0	11.388863798273732	14.664602392745513	0	18.99893986836928	19.434227230114665	0	11.285447284708578	14.388729853795114	0	16.368848503674684	20.042367393263145	0	19.740058725959152	20.033602268546602	0	15.049631562934053	16.26720257779496
2018-01-01 23:40:00	0	48.78066037027739	20.59685139578703	0	48.932002573026324	20.43968866852653	0	18.805285392332788	19.249474293791472	0	49.82004207340174	20.376898539327627	0	48.57420596216647	24.188440028064313	0	16.514880762330645	18.809619765661616	0	14.556680733170154	15.774233257592947
2018-01-01 23:50:00	0	50.0	24.807285046192263	0	50.0	24.64684791137975	0	50.0	24.17370719298907	0	50.0	24.576467540224336	0	23.24533727744024	23.86822623512801	0	50.0	27.947358191620665	0	50.0	24.587980314100747
2018-01-02 00:00:00	22.0	19.274648756996186	23.224433167146643	22.0	19.56582527381664	23.09361473205339	22.0	19.978374481386876	22.908266537347934	22.0	19.680697468414976	23.042005485204868	22.0	19.390072521799745	23.172576113394317	22.0	20.36586635742497	22.7341759843453	22.0	21.019542318590716	22.44049548005345
2018-01-02 00:10:00	22.0	20.316971618059803	22.756143186089076	22.0	20.558735456435958	22.647524650007036	22.0	20.82508535264607	22.52786020388366	22.0	20.631252536505276	22.614944512584586	22.0	20.372894338787994	22.731018485472063	22.0	21.24775299483595	22.337966045798336	21.98051137616545	21.590537622896566	22.155716975460173
2018-01-02 00:20:00	22.0	21.004557976657424	22.447227575704638	22.0	21.212798280088876	22.353670337931085	22.0	21.382309945927517	22.277512922844164	22.0	21.257644819435736	22.33352189271728	22.0	21.016214061954265	22.441990783759678	21.915395618325384	21.67270862327081	22.024428905958594	21.652715391352235	21.269819780090753	21.824740955832034
2018-01-02 00:30:00	22.0	21.457020795350907	22.243947178900314	21.999145454858358	21.64044653653733	22.16030004135041	21.919350358214505	21.557072122895576	22.082113043647652	21.979999302773617	21.622311157035135	22.140699774047423	22.0	21.43728701207528	22.252813081531396	21.486481265186356	21.249996058313823	21.592728242187057	21.330347750169338	20.95438337071097	21.499259282969476
2018-01-02 00:40:00	21.91657484079605	21.558885214903945	22.077275977066414	21.792254321637625	21.437662528720857	21.95156367787559	21.71950298261712	21.36124137153857	21.880461097739367	21.775126408823922	21.421498459185152	21.93400273402395	21.933842698242486	21.55193319132941	22.105425230333868	21.066428649195068	20.83588017995288	21.17000839624591	21.013263261162674	20.644116639128253	21.179111743525965
2018-01-02 00:50:00	21.745559790812372	21.391300300940806	21.904719851479307	21.58749508605346	21.236956386083918	21.74498348748905	21.521649240236993	21.16735803905849	21.68082354801284	21.572347471463072	21.22272746260223	21.729423127617938	21.787446381682656	21.40865488064383	21.95762807055518	20.6549484970365	20.430215246722504	20.75591560949641	20.701374351455343	20.338932679436017	20.864210464971272
2018-01-02 01:00:00	21.57612406985806	21.22518387499558	21.733792853057146	21.384895672406955	21.038273354123184	21.54062454004169	21.325836589584927	20.975380777414642	21.48328775157448	21.371692764049396	21.025943842187203	21.527029236190373	21.642215266053878	21.266453173553792	21.81103591630754	20.251715943291384	20.03251452325987	20.350197740696846	20.39457584870204	20.038638562468243	20.554489701937513
2018-01-02 01:10:00	21.40797870464191	21.06040304708744	21.564135884122905	21.184175542099037	20.841521661243647	21.3381214885703	21.131774508435175	20.785208242148805	21.287478193288464	21.17288075263556	20.831056526945424	21.326453955481853	21.49794950187189	21.12525391663973	21.665392445961704	20.0	19.923650739355928	20.034301841738642	20.092637304639833	19.743185582286866	20.249637353812908
2018-01-02 01:20:00	21.241290311004537	20.897047413552116	21.39595016348316	20.985500304542537	20.646771348337914	21.137682879069253	20.939635810804113	20.59691759880677	21.09361065967248	20.976078984331014	20.638136765120738	21.12790809730954	21.354771596915775	20.98511658228723	21.520848487545994	20.0	20.255374901153388	19.885266348757174	20.0	19.870803273166757	20.058044906258417
2018-01-02 01:30:00	21.076045936394344	20.735105164589434	21.229222225176258	20.788848760247234	20.454002697967848	20.93928684619884	20.749400962480486	20.410490593866015	20.901665041133363	20.781266833780776	20.447165472778952	20.93137034379609	21.212673055477545	20.846033664028788	21.377395100911052	20.0	20.474957850398184	19.786613139676177	20.0	20.089213692403305	19.959918486021706
2018-01-02 01:40:00	20.91223288511437	20.574564221119594	21.06393909647434	20.594200459860385	20.2631966126823	20.742912333230244	20.561051269146706	20.225909879056605	20.71162203860748	20.588424207324024	20.258123651974177	20.736820109002934	21.07164582432698	20.707998116177492	21.23502378016226	20.0	20.62021642893724	19.721352039173123	20.0	20.210355279399774	19.905492555631987
2018-01-02 01:50:00	20.749838547826748	20.415412432766438	20.90008796183935	20.4015352553586	20.074334092827513	20.548538676205894	20.374568257828017	20.0431580398807	20.523462703572463	20.39753145321172	20.070992824356686	20.544237214001658	20.931682090916603	20.57100310149488	21.09372627456984	20.0	20.716308025426454	19.678180452344634	20.0	20.27753450678765	19.875310583907
2018-01-02 02:00:00	20.588850856337526	20.257638699434324	20.737656318134615	20.210833637485155	19.88739709947358	20.35614570528746	20.18993402502093	19.86221851947075	20.337168527514486	20.208569530168738	19.885755402092478	20.35360196452184	20.792774443525897	20.435042392571063	20.953494640331698	20.0	20.779874631913522	19.64962154218378	20.0	20.314788850788236	19.858573125008192
2018-01-02 02:10:00	20.429258155517854	20.10123249927902	20.576632001074437	20.022076549695452	19.702368012052087	20.165713718781596	20.007131538432876	19.683076238047526	20.15272160092485	20.0215200852202	19.702394778596698	20.164895222978583	20.654915845034804	20.300110237277238	20.814321263012847	20.0	20.82192527534044	19.63072922412241	20.0	20.33544830460608	19.849291341408872
2018-01-02 02:20:00	20.271048791103965	19.94618286645276	20.417003047106682	20.0	19.905780845793604	20.042330344643453	20.0	19.917401039562602	20.03710967787766	20.0	19.904511670512868	20.042900553827547	20.518098766427116	20.166199217178885	20.67619856391546	20.0	20.84974265793075	19.618231559480385	20.0	20.346905036525648	19.844144114024715
2018-01-02 02:30:00	20.114210352334634	19.79247676491744	20.25875732639164	20.0	20.083496856024734	19.962486919757005	20.0	20.085615856720988	19.961534904951435	20.0	20.080256267069995	19.963942836533764	20.382314976029946	20.03330013866505	20.539118743541717	20.0	20.868144439951553	19.60996409219568	20.0	20.353258384849067	19.841289711154772
2018-01-02 02:40:00	20.0	19.73700014114543	20.118159356876692	20.0	20.200242868168537	19.910035812851817	20.0	20.19602638326509	19.911930175634517	20.0	20.195729308931696	19.91206364381329	20.247553253130885	19.90139683818606	20.403072801874217	20.0	20.880317604714286	19.604494989186335	20.0	20.356781643942632	19.839706797648965
2018-01-02 02:50:00	20.0	19.92903236134884	20.03188401156791	20.0	20.276933675035384	19.87558052281019	20.0	20.26849545944861	19.87937160517525	20.0	20.271598398314353	19.877977531192098	20.113787530525425	19.770438697651848	20.26804570181645	20.0	20.88837040852284	19.600877062837565	20.0	20.35873547269697	19.838828990527453
2018-01-02 03:00:00	20.0	20.05541724564405	19.97510239688456	20.0	20.32731210053831	19.85294673743931	20.0	20.316061278357516	19.85800145465096	20.0	20.32144656240037	19.855581979211422	20.0	19.686630173947986	20.140789342139314	20.0	20.893697507140374	19.598483728676065	20.0	20.359818971440568	19.83834220123685
2018-01-02 03:10:00	20.0	20.138584595070874	19.937737355837722	20.0	20.3604058422715	19.83807853463165	20.0	20.34728158979984	19.84397493791601	20.0	20.354198233503638	19.84086746030996	20.0	19.868893794634086	20.058902787918022	20.0	20.897221494605592	19.59690048793082	20.0	20.360419827336894	19.83807225148633
2018-01-02 03:20:00	20.0	20.193312738200085	19.913149349504312	20.0	20.3821452223925	19.828311566751196	20.0	20.36777336033805	19.834768490282897	20.0	20.37571701919454	19.83119960007201	20.0	19.988194343788198	20.005303990471976	20.0	20.899552686225366	19.59585314097121	20.0	20.360753032899165	19.837922550436616
2018-01-02 03:30:00	20.0	20.229326506454658	19.89696925072327	20.0	20.396425887657085	19.821895615690295	20.0	20.381223343390737	19.82872574427372	20.0	20.38985547753931	19.824847539076536	20.0	20.066280310002824	19.97022188970888	20.0	20.90109481837589	19.595160298990542	20.0	20.360937812556752	19.837839533489003
2018-01-02 03:40:00	20.0	20.253025309844265	19.88632196224388	20.0	20.405806900329186	19.81768095782312	20.0	20.39005137724822	19.824759526163838	20.0	20.3991448494972	19.820674053124442	20.0	20.117390036061835	19.9472595490157	20.0	20.9021149711379	19.594701969488767	20.0	20.361040282400264	19.837793496312933
2018-01-02 03:50:00	20.0	20.26862027003088	19.879315530855692	20.0	20.411969316233765	19.814912336184832	20.0	20.395845747507842	19.822156258366036	20.0	20.40524823285533	19.817931953354847	20.0	20.15084296267925	19.932229973289036	20.0	20.902789823586463	19.59439877491043	20.0	20.361097107209808	19.837767966326034
2018-01-02 04:00:00	20.0	20.278882508981248	19.874704959733062	20.0	20.416017426081652	19.813093620166214	20.0	20.399648941655805	19.82044757693724	20.0	20.409258330479428	19.816130315291847	20.0	20.172738957542666	19.922392642263446	20.0	20.903236252635452	19.594198205337694	20.0	20.361128619495364	19.83775380863252
2018-01-02 04:10:00	20.0	20.28563555913424	19.87167098067882	20.0	20.418676641816884	19.811898900053286	20.0	20.4021452070098	19.819326066415876	20.0	20.411893079439096	19.814946587498373	20.0	20.187070576314	19.915953799047337	20.0	20.90353157481468	19.594065524358623	20.0	20.361146094681814	19.8377459574618
2018-01-02 04:20:00	20.0	20.29007939313475	19.869674475548155	20.0	20.42042348876331	19.811114084758515	20.0	20.40378365629082	19.81858995152151	20.0	20.41362418494642	19.814168844444357	20.0	20.19645107251381	19.91173937321844	20.0	20.903726936630296	19.593977753108128	20.0	20.36115578557338	19.837741603582984
2018-01-02 04:30:00	20.0	20.29300365108881	19.86836067849633	20.0	20.42157099786295	19.810598537192007	20.0	20.40485906922394	19.818106794986342	20.0	20.4147615708313	19.813657844988832	20.0	20.20259090293771	19.908980898680163	20.0	20.903856172568794	19.593919690585032	20.0	20.36116115967225	19.837739189132762
2018-01-02 04:40:00	20.0	20.294927954422615	19.867496136418826	20.0	20.422324800098764	19.810259872419394	20.0	20.40556492749525	19.81778967025575	20.0	20.415508865924163	19.813322103715226	20.0	20.206609615469578	19.907175390151355	20.0	20.903941664852702	19.593881281008205	20.0	20.36116413988705	19.83773785019568
2018-01-02 04:50:00	20.0	20.296194239195852	19.866927225868533	20.0	20.422819975092036	19.810037402494885	20.0	20.40602822478668	19.81758152219728	20.0	20.415999860197616	19.813101512085126	20.0	20.20923998948607	19.90599362791206	20.0	20.9039982197916	19.593855872267543	20.0	20.361165792569697	19.83773710768608
2018-01-02 05:00:00	20.0	20.29702751589335	19.866552855178348	20.0	20.423145257059023	19.80989126132131	20.0	20.406332314699398	19.817444902091566	20.0	20.416322457493738	19.812956577068025	20.0	20.210961652185997	19.90522012727876	20.0	20.90403563206986	19.59383906385267	20.0	20.36116670906744	19.837736695926232
2018-01-02 05:10:00	20.0	20.297575852309667	19.866306501136236	20.0	20.423358935777625	19.809795260737587	20.0	20.40653190722198	19.817355230088673	20.0	20.416534413154274	19.812861350611843	20.0	20.212088534687595	19.904713846734563	20.0	20.904060381076608	19.593827944733697	20.0	20.36116721731271	19.83773646758415
2018-01-02 05:20:00	20.0	20.297936684223487	19.866144388247417	20.0	20.423499301981117	19.809732197660658	20.0	20.406662911814305	19.81729637295298	20.0	20.41667367409207	19.81279878410356	20.0	20.21282611480262	19.904382470161146	20.0	20.904076753063624	19.593820589203297	20.0	20.36116749916089	19.83773634095671
2018-01-02 05:30:00	20.0	20.298174129095162	19.866037710116668	20.0	20.42359150896929	19.80969077133264	20.0	20.406748898017703	19.8172577414703	20.0	20.416765172515763	19.812757676116103	20.0	20.213308884235644	19.904165573749207	20.0	20.90408758347646	19.593815723365648	20.0	20.361167655460246	19.837736270735256
2018-01-02 05:40:00	20.0	20.298330379318397	19.865967510741008	20.0	20.42365208002175	19.809663558251103	20.0	20.406805335941097	19.81723238530182	20.0	20.416825289599913	19.81273066699134	20.0	20.21362487204588	19.904023608211276	20.0	20.904094748021684	19.593812504511995	20.0	20.36116774213627	19.837736231793855
2018-01-02 05:50:00	20.0	20.298433199531313	19.865921316152598	20.0	20.423691869331297	19.809645681894636	20.0	20.406842379549076	19.81721574252142	20.0	20.416864788245633	19.812712921222975	20.0	20.213831696027132	19.903930687292164	20.0	20.904099487518614	19.593810375172794	20.0	20.361167790202597	19.83773621019884
2018-01-02 06:00:00	20.0	20.29850086021028	19.86589091787654	20.0	20.42371800705041	19.80963393886141	20.0	20.4068666934998	19.8172048188624	20.0	20.416890739986677	19.81270126174511	20.0	20.21396706884164	19.903869867621875	20.0	20.904102622795232	19.593808966570258	20.0	20.361167816857797	19.83773619822331
2018-01-02 06:10:00	20.0	20.304688116089032	19.863111136249856	20.0	20.429843336604563	19.806881979206644	20.0	20.413464490730192	19.814240591121205	20.0	20.422975454513914	19.80996754942128	20.0	20.222148184028562	19.900194294132103	20.0	20.903513903216215	19.594073463772425	20.0	20.362028605014398	19.83734946731238
2018-01-02 06:20:00	20.0	20.302760923689082	19.863976976313598	20.0	20.42788998608423	19.807759571469404	20.0	20.411721076833906	19.815023864031133	20.0	20.42100358614269	19.81085346129821	20.0	20.22106717992167	19.900679962643892	20.0	20.89884007793877	19.596173298317364	20.0	20.354089486410555	19.84091631769961
2018-01-02 06:30:00	20.0	20.29551008952023	19.867234597461927	20.0	20.42064691028016	19.81101370697558	20.0	20.40452148648716	19.818258462592723	20.0	20.413755534925258	19.814109832135024	20.0	20.21393897560707	19.903882489220017	20.0	20.891467758375263	19.59948549986039	20.0	20.34128152972055	19.846670617082076
2018-01-02 06:40:00	20.0	20.28475602329087	19.872066134463523	20.0	20.40992897583654	19.81582901085605	20.0	20.39374064922543	19.823102027159585	20.0	20.403040858477603	19.818923672278174	20.0	20.20285266872319	19.90886329376205	20.0	20.88231032413834	19.603599709445092	20.0	20.325773539172953	19.853637975154186
2018-01-02 06:50:00	20.0	20.271696653375585	19.87793338761387	20.0	20.396928389866893	19.82166985382792	20.0	20.38060922752109	19.82900165140356	20.0	20.390048505429437	19.824760816401266	20.0	20.18917566720347	19.91500803357526	20.0	20.87197199906119	19.6082444641899	20.0	20.30876823769297	19.861278038137947
2018-01-02 07:00:00	20.0	20.257120293278508	19.884482187077772	20.0	20.382428332950727	19.82818437215257	20.0	20.36593497076053	19.835594433426422	20.0	20.375559660326445	19.83127029753449	20.0	20.17380296202069	19.92191461126607	20.0	20.86085249004451	19.613240185632176	20.0	20.29093260588336	19.869291148081395
2018-01-02 07:10:00	20.0	20.23381430216751	19.894952994678366	20.0	20.35925540543557	19.83859539755793	20.0	20.341964023864698	19.846363989278167	20.0	20.352450685401678	19.841652590616633	20.0	20.147134974808715	19.933895880883046	20.0	20.849959796424862	19.61813400450477	20.0	20.27155312052492	19.877997873387358
2018-01-02 07:20:00	20.0	20.220045258950517	19.901139086558462	20.0	20.345596000307385	19.844732231745958	20.0	20.32781993020136	19.85271858208344	20.0	20.338828514239207	19.84777269650122	20.0	20.131359500031234	19.94098341302945	20.0	20.843865963883225	19.620871813327827	20.0	20.262994020825612	19.881843266005887
2018-01-02 07:30:00	20.0	20.21253177645807	19.904514709127533	20.0	20.33816442736743	19.848071054371154	20.0	20.320102304272666	19.85618592126879	20.0	20.331417766242215	19.851102162992625	20.0	20.122694453310295	19.94487640503451	20.0	20.84094178403109	19.62218557529038	20.0	20.26042133121272	19.882999112063857
2018-01-02 07:40:00	20.0	20.209134783157893	19.906040894523265	20.0	20.33482396770584	19.849571840595928	20.0	20.316602790117358	19.857758166758863	20.0	20.328088132621463	19.852598085343978	20.0	20.118683425112323	19.946678461181424	20.0	20.840114401065897	19.622557298071843	20.0	20.2611684318618	19.882663458149054
2018-01-02 07:50:00	20.0	20.208446639339904	19.90635006058642	20.0	20.334170973081463	19.849865214992384	20.0	20.31587187756081	19.858086547762532	20.0	20.32743990795489	19.852889316715913	20.0	20.117718598354962	19.94711193407241	20.0	20.84067409321389	19.622305842179266	20.0	20.26375652733108	19.881500690619376
2018-01-02 08:00:00	20.0	20.20954104875996	19.9058583693977	20.0	20.33528338167721	19.849365437217486	20.0	20.3169581636651	19.857598506179443	20.0	20.328553445993666	19.852389031510086	20.0	20.11874760743396	19.946649625645616	20.0	20.842151364641605	19.62164214052334	20.0	20.267365548843475	19.879879246171775
2018-01-02 08:10:00	20.0	20.214985740310368	19.903412203628672	20.0	20.340714882536457	19.84692519770101	20.0	20.322641587194063	19.85504508401425	20.0	20.333962958239805	19.849958670935735	20.0	20.125267424913627	19.943720432285186	20.0	20.843930051093015	19.620843020523427	20.0	20.271985954512907	19.877803411740587
2018-01-02 08:20:00	20.0	20.217013073442985	19.90250137280098	20.0	20.342732612519747	19.846018681331707	20.0	20.324796292403267	19.854077028050703	20.0	20.33596882724487	19.84905748341172	20.0	20.1278665062989	19.94255272905412	20.0	20.843997656804454	19.620812646942927	20.0	20.272368650502703	19.877631475861108
2018-01-02 08:30:00	20.0	20.216799926411017	19.902597134510994	20.0	20.3425167153748	19.84611567859973	20.0	20.324644541372543	19.854145206050006	20.0	20.335747313383447	19.84915700413207	20.0	20.12790717654425	19.942534456914906	20.0	20.842935358183144	19.621289911540906	20.0	20.270407092906833	19.878512755360703
2018-01-02 08:40:00	20.0	20.215112423362093	19.903355288054712	20.0	20.34083352858326	19.84687189295535	20.0	20.322978908902826	19.854893533681334	20.0	20.33406233245632	19.849914024548603	20.0	20.126273278521783	19.943268527040942	20.0	20.84112560202967	19.622102990392467	20.0	20.267145518498932	19.87997810038454
2018-01-02 08:50:00	20.0	20.21245472237775	19.904549327627386	20.0	20.338186474494176	19.848061149140293	20.0	20.320319625546972	19.856088284174543	20.0	20.331415811535848	19.851103041194037	20.0	20.12354332314688	19.94449502873112	20.0	20.83882138704364	19.62313821741517	20.0	20.263163017737085	19.881767339857262
2018-01-02 09:00:00	20.0	20.21129485457915	19.905070427652845	20.0	20.335953953900454	19.849064165638925	20.0	20.31812608373933	19.857073788464927	20.0	20.329182992219515	19.852106191901377	20.0	20.12118143360749	19.945556167509686	20.0	20.83623633937325	19.6242996156439	20.0	20.25920313644857	19.88354641695789
2018-01-02 09:10:00	20.0	20.204164928447323	19.908273727799028	20.0	20.329641544959618	19.851900175452922	20.0	20.3116119800477	19.86000041476117	20.0	20.32288355963714	19.854936371757226	20.0	20.114177191007794	19.948703001141432	20.0	20.833049690939912	19.62573129827337	20.0	20.25324098253275	19.88622506581863
2018-01-02 09:20:00	20.0	20.199481512634094	19.910377871135402	20.0	20.32550179480932	19.853760063201605	20.0	20.30734386408593	19.861917974106312	20.0	20.318751566428663	19.85679277450307	20.0	20.109598384605246	19.950760146046925	20.0	20.830943210805632	19.626677687898916	20.0	20.249939192959793	19.88770847852531
2018-01-02 09:30:00	20.0	20.19639958710864	19.911762504342498	20.0	20.32278237048114	19.85498183355195	20.0	20.304542431513564	19.863176588740284	20.0	20.31603671868618	19.85801248870621	20.0	20.106601405562948	19.95210661489201	20.0	20.82954972837896	19.62730374522104	20.0	20.248108175014984	19.888531109775883
2018-01-02 09:40:00	20.0	20.194371530892656	19.91267366003374	20.0	20.320995972339503	19.855784418224278	20.0	20.302703682625605	19.86400269331313	20.0	20.314252985999524	19.858813875855283	20.0	20.10463978832529	19.95298792118719	20.0	20.82862791052874	19.627717895269694	20.0	20.247092781201385	19.888987301199386
2018-01-02 09:50:00	20.0	20.19303697169879	19.913273244599097	20.0	20.31982248193884	19.856311638549215	20.0	20.301496800997896	19.864544915493703	20.0	20.31308102255069	19.859340410158396	20.0	20.103355848015635	19.95356476393501	20.0	20.8280181086868	19.62799186421318	20.0	20.246529692999385	19.889240282855354
2018-01-02 10:00:00	20.0	20.191083021160555	19.914151106435114	20.0	20.310104948037274	19.860677487113684	20.0	20.29195311855079	19.86883265688298	20.0	20.30338870318327	19.863694930453896	20.0	20.096845179772366	19.956489846768942	20.0	20.81702904319448	19.632928980593782	20.0	20.234369168848037	19.894703706749432
2018-01-02 10:10:00	20.0	20.180072353465807	19.919097928153043	20.0	20.303481567225113	19.863653208927843	20.0	20.285335432992376	19.87180581995996	20.0	20.296813334484575	19.86664908160838	20.0	20.091626654294547	19.958834401693753	20.0	20.807680335479787	19.637129124639515	20.0	20.227875044477102	19.897621356829127
2018-01-02 10:20:00	20.0	20.17283966503146	19.922347396869924	20.0	20.299130987473745	19.865607817221935	20.0	20.28099236707326	19.87375705247434	20.0	20.292493423707715	19.868589911087845	20.0	20.08821196207518	19.960368538777818	20.0	20.801498156003472	19.639906625563654	20.0	20.224273415291332	19.899239480086507
2018-01-02 10:30:00	20.0	20.16808018699027	19.924485713091336	20.0	20.296273076608617	19.866891806161348	20.0	20.278141749326817	19.875037764795202	20.0	20.289655116971048	19.869865092375328	20.0	20.085976936656547	19.961372680632568	20.0	20.79740851026384	19.641744002635086	20.0	20.222276125444047	19.900136813206302
2018-01-02 10:40:00	20.0	20.16494821880944	19.92589282923054	20.0	20.294395705410352	19.867735262786653	20.0	20.27627071639977	19.875878373791416	20.0	20.28779026736233	19.870702923358962	20.0	20.08451404162249	19.96202992332903	20.0	20.79470312248081	19.642959466711517	20.0	20.221168524619813	19.900634430967912
2018-01-02 10:50:00	20.0	20.1628872313085	19.92681878013677	20.0	20.29316245399537	19.868289332262954	20.0	20.27504264426677	19.87643011634392	20.0	20.28656500723795	19.871253402545275	20.0	20.08355653041703	19.96246010952279	20.0	20.792913450824663	19.643763522093273	20.0	20.22055430250899	19.900910385829288
2018-01-02 11:00:00	20.0	20.177545988259048	19.92023296179667	20.0	20.29459293529792	19.867646652257456	20.0	20.277157348154486	19.875480031988573	20.0	20.287999267774584	19.87060902462301	20.0	20.087650991060695	19.96062056923361	20.0	20.785034609876263	19.647303291215017	20.0	20.215623018950957	19.903125890036524
2018-01-02 11:10:00	20.0	20.153815319515836	19.93089456659434	20.0	20.280285240820536	19.87407474687773	20.0	20.262462768629145	19.88208194452895	20.0	20.27373478272896	19.87701770631018	20.0	20.074247244757082	19.966642542210597	20.0	20.774499843111098	19.652036302370377	20.0	20.202104329297953	19.90919950422845
2018-01-02 11:20:00	20.0	20.139792839342824	19.937194521454686	20.0	20.272451714159892	19.877594157406428	20.0	20.254409890090713	19.885699904451997	20.0	20.2659260142194	19.88052599361158	20.0	20.067153093857396	19.969829769426394	20.0	20.76864466425455	19.654666889972596	20.0	20.196796901337326	19.911584000848446
2018-01-02 11:30:00	20.0	20.13211254166911	19.940645089974765	20.0	20.268847170410744	19.879213590105323	20.0	20.25069028646328	19.887371030719407	20.0	20.262334829935913	19.882139424231692	20.0	20.064170244439524	19.97116989017935	20.0	20.765878352975065	19.65590972547497	20.0	20.19602742502049	19.911929707599487
2018-01-02 11:40:00	20.0	20.128605771641883	19.942220595349312	20.0	20.268020695013842	19.879584905138707	20.0	20.24981491203946	19.887764314880826	20.0	20.261514756117027	19.882507863193798	20.0	20.0638783915095	19.971301012510235	20.0	20.765155401221172	19.65623452988614	20.0	20.197774498509993	19.911144790524492
2018-01-02 11:50:00	20.0	20.127845386841113	19.942562217506165	20.0	20.269019142735825	19.879136327176667	20.0	20.250806378717886	19.887318873329647	20.0	20.26251538248789	19.882058306418486	20.0	20.065347881131856	19.970640807027713	20.0	20.76578417576442	19.655952036975407	20.0	20.200917129975625	19.909732883634128
2018-01-02 12:00:00	20.0	20.123328139999806	19.944591705217476	20.0	20.25435131420108	19.88572622115604	20.0	20.236354638351756	19.893811684218775	20.0	20.247890500014893	19.888628905790405	20.0	20.056551536008087	19.974592788170277	20.0	20.74956468472991	19.663239054686564	20.0	20.184307221973953	19.917195306069665
2018-01-02 12:10:00	20.0	20.112986734487798	19.949237843925772	20.0	20.250653962444996	19.887387350205877	20.0	20.232912690963648	19.895358066378655	20.0	20.244262011506358	19.89025909627975	20.0	20.05604369902117	19.97482094681658	20.0	20.73744953844946	19.66868209142126	20.0	20.180435694241478	19.918934688094403
2018-01-02 12:20:00	20.0	20.10619133770797	19.95229084827612	20.0	20.248216703067012	19.88848235079599	20.0	20.230644607227276	19.896377060521075	20.0	20.241869419333266	19.891334028995203	20.0	20.055705823066855	19.974972746158365	20.0	20.729436561061256	19.672282124740597	20.0	20.17828229469051	19.919902157457877
2018-01-02 12:30:00	20.0	20.101719618470767	19.954299881556608	20.0	20.246615669429413	19.8892016557636	20.0	20.22915593803876	19.89704588291012	20.0	20.24029742753485	19.89204028617999	20.0	20.05548467807588	19.975072101154304	20.0	20.724135797233387	19.674663627329934	20.0	20.17708812878806	19.92043866677637
2018-01-02 12:40:00	20.0	20.098777006628875	19.955621924558045	20.0	20.24556394385483	19.889674170152183	20.0	20.22817883319375	19.897484872043385	20.0	20.239264582247575	19.892504318120658	20.0	20.05533993153908	19.975137132207074	20.0	20.72062922438017	19.676239044119058	20.0	20.17642590078735	19.920736189501326
2018-01-02 12:50:00	20.0	20.09684062287071	19.95649189407257	20.0	20.244873061015134	19.88998456679031	20.0	20.22753749939939	19.897773007516207	20.0	20.23858597223791	19.892809200878617	20.0	20.055245190261363	19.975179697128965	20.0	20.718309548654112	19.677281217271343	20.0	20.176058660425834	19.92090118154782
2018-01-02 13:00:00	20.0	20.07843878145107	19.964759388043717	20.0	20.221975173782262	19.900272023373198	20.0	20.204493011312174	19.90812632825103	20.0	20.21575259225056	19.903067675945394	20.016723751693277	20.078623315792413	19.988913802605254	20.0	20.69879805412799	19.686047251043945	20.0	20.153071778378372	19.93122862130827
2018-01-02 13:10:00	20.0	20.074901509240295	19.966348597297838	20.0	20.22051462190795	19.900928213345708	20.0	20.20346595556409	19.908587759094374	20.0	20.21436820544813	19.903689646827644	20.010652017137467	20.057048615536026	19.989807168581592	20.0	20.6860461078176	19.69177638634281	20.0	20.15080839552194	19.932245503461168
2018-01-02 13:20:00	20.0	20.07101316201642	19.96809553590566	20.0	20.217992278021587	19.902061440309147	20.0	20.201202671213913	19.90960459699084	20.0	20.2118974606466	19.904799691593546	20.00206254519696	20.033005766981937	19.988160518018205	20.0	20.67650205313342	19.69606429496904	20.0	20.147364185657057	19.933792902096116
2018-01-02 13:30:00	20.0	20.066907216156324	19.969940236219614	20.0	20.2147940105968	19.903498343065216	20.0	20.198151148114412	19.910975571136987	20.0	20.20873470187921	19.906220641184696	20.0	20.02848959555878	19.987200326633015	20.0	20.669081424404236	19.69939820062998	20.0	20.143280421549854	19.935627636695003
2018-01-02 13:40:00	20.0	20.062658061194007	19.97184927685487	20.0	20.211151694682982	19.905134745867073	20.0	20.194582219946838	19.91257900263257	20.0	20.20511723790202	19.907845878623725	20.0	20.028171366243118	19.987343299224108	20.0	20.663065488741474	19.702101012304553	20.0	20.138841971698785	19.937621722859973
2018-01-02 13:50:00	20.0	20.0583146672463	19.973800656744416	20.0	20.20721768108125	19.90690220125336	20.0	20.19067368758619	19.914335009925033	20.0	20.20120101870081	19.909605339424274	20.0	20.026302619280848	19.988182881192664	20.0	20.65797878943095	19.7043863409803	20.0	20.13420682969006	19.939704177965346
2018-01-02 14:00:00	20.0	20.050704855978143	19.977219557459094	20.0	20.2015205005848	19.90946180408509	20.0	20.184865348705728	19.916944553480022	20.0	20.19552031878226	19.912157537938405	20.0	20.021790741516504	19.990209956709982	20.0	20.65343740775593	19.70642667187778	20.0	20.128828997119662	19.9421203056419
2018-01-02 14:10:00	20.0	20.047407549261475	19.978700956128904	20.0	20.197244144126948	19.911383065682095	20.0	20.180493940032846	19.918908519695385	20.0	20.19126488684864	19.914069398662207	20.0	20.017641522968564	19.992074098376442	20.0	20.65026248092416	19.70785308828045	20.0	20.125504993251745	19.94361369868401
2018-01-02 14:20:00	20.0	20.04523549139779	19.979676808212588	20.0	20.19443574657253	19.912644809510894	20.0	20.177625540395105	19.920197220981905	20.0	20.188469689538433	19.915325211946502	20.0	20.014926973497378	19.993293678573643	20.0	20.648162374788654	19.708796614225392	20.0	20.123662067929672	19.94444167962581
2018-01-02 14:30:00	20.0	20.043806172325276	19.980318966056757	20.0	20.192590896373723	19.91347365525239	20.0	20.175742831383566	19.9210430757552	20.0	20.186633159610064	19.916150319595474	20.0	20.01315021112993	19.994091934130033	20.0	20.646773106716555	19.70942077814184	20.0	20.122640067157313	19.9449008393931
2018-01-02 14:40:00	20.0	20.042865609302474	19.98074153784961	20.0	20.191379005895946	19.91401812778588	20.0	20.174507093213194	19.921598262469423	20.0	20.185426504113277	19.916692440180995	20.0	20.011987262279213	19.994614418396303	20.0	20.645854074349657	19.70983367674146	20.0	20.122073313282094	19.94515546794574
2018-01-02 14:50:00	20.0	20.0422466720661	19.98101961110074	20.0	20.19058290953403	19.91437579426732	20.0	20.173696001951637	19.92196266578984	20.0	20.184633695094846	19.91704862973999	20.0	20.011226074369915	19.99495640137004	20.0	20.64524611357645	19.710106818538115	20.0	20.121759018063543	19.94529667304392
2018-01-02 15:00:00	20.0	20.024749224464916	19.988880783211407	20.0	20.181678349484056	19.918376393710066	20.0	20.16422015176826	19.926219931814266	20.0	20.17574911426033	19.92104025301347	20.0	20.002044084886517	19.999081643021995	20.0	20.644473836092242	19.710453783784644	20.0	20.11820544598218	19.946893205428303
2018-01-02 15:10:00	20.0	20.03908145247316	19.982441666280174	20.0	20.189627320865384	19.914805116712653	20.0	20.17244956373948	19.92252265976922	20.0	20.183701642422463	19.91746737804208	20.0	20.00967341474838	19.995653973084067	20.0	20.648141784127112	19.708805865102313	20.0	20.1271931458674	19.942855253305957
2018-01-02 15:20:00	20.0	20.048478526012772	19.97821979266093	20.0	20.19482938140304	19.912467959079795	20.0	20.17782969147972	19.920105500929417	20.0	20.188906927510185	19.915128771698317	20.0	20.01465281385578	19.993416851745963	20.0	20.650563807622333	19.707717709618947	20.0	20.132164094568846	19.940621928527037
2018-01-02 15:30:00	20.0	20.054662313023044	19.975441569511396	20.0	20.19824666660704	19.91093265703162	20.0	20.181361033039142	19.91851895617082	20.0	20.192326984981573	19.913592224138707	20.0	20.01791200766782	19.991952576265184	20.0	20.652166035794043	19.70699786797659	20.0	20.134920766380425	19.939383423800102
2018-01-02 15:40:00	20.0	20.05873155229071	19.973613360565047	20.0	20.20049149674677	19.909924110157245	20.0	20.183678870500483	19.917477608905585	20.0	20.194574065747634	19.912582666113376	20.0	20.020045256179326	19.990994160267256	20.0	20.653225946096164	19.706521676391574	20.0	20.136449487745825	19.938696606954778
2018-01-02 15:50:00	20.0	20.06140931406253	19.97241030817481	20.0	20.20196613586659	19.909261591132402	20.0	20.18520021034077	19.916794108397625	20.0	20.196050465516734	19.911919356072193	20.0	20.021441536826256	19.99036684577371	20.0	20.653927100821566	19.70620666484829	20.0	20.137297245188076	19.938315730422747
2018-01-02 16:00:00	20.0	20.034841353956967	19.984346638077312	20.0	20.187626109798057	19.915704211540007	20.0	20.169996517545034	19.92362475298701	20.0	20.181745221095255	19.918346349942713	20.0	20.007100837328586	19.996809768736437	20.0	20.65201504632369	19.70706570382559	20.0	20.13022263255893	19.941494179574978
2018-01-02 16:10:00	20.0	20.05672288209924	19.974515806593097	20.0	20.19933399107895	19.910444148935543	20.0	20.182075964948908	19.91819775487803	20.0	20.193476403952403	19.91307581851414	20.0	20.01793742907512	19.99194115505321	20.0	20.657462173828016	19.704618443642488	20.0	20.14418088148907	19.93522308222955
2018-01-02 16:20:00	20.0	20.072619146104504	19.967374006822624	20.0	20.208538410265778	19.90630883017045	20.0	20.19154020442565	19.913945705258044	20.0	20.202695499732332	19.908933905917362	20.0	20.026671457002244	19.988017171491745	20.0	20.66216668197725	19.70250482403921	20.0	20.154076323946327	19.930777303734263
2018-01-02 16:30:00	20.0	20.084626983059067	19.961979181524192	20.0	20.216126234111986	19.902899807862735	20.0	20.1993182393538	19.910451225797566	20.0	20.21029219969287	19.905520895790165	20.0	20.034048698882074	19.984702758473272	20.0	20.66638584867574	19.700609256392056	20.0	20.161737681909678	19.927335244359423
2018-01-02 16:40:00	20.0	20.094075975594404	19.95773398197933	20.0	20.222652069759857	19.899967910687604	20.0	20.20598946859233	19.907454006864313	20.0	20.216822896805194	19.902586814478834	20.0	20.040537859136265	19.981787338648925	20.0	20.670283944714253	19.69885793788201	20.0	20.168160098424515	19.92444981085276
2018-01-02 16:50:00	20.0	20.101841121533948	19.954245293223885	20.0	20.228480280793306	19.897349439063877	20.0	20.211934233793254	19.90478317032477	20.0	20.222653197925837	19.899967403830424	20.0	20.046445740671487	19.97913307303165	20.0	20.673969645209194	19.69720204345674	20.0	20.173895455888662	19.921873056050025
2018-01-02 17:00:00	20.0	20.087492721821388	19.960691675703437	20.0	20.224863317226795	19.898974451680715	20.0	20.207682292269112	19.906693462893585	20.0	20.219053521807748	19.901584649622606	20.0	20.042109952471293	19.981081035846234	20.0	20.678805125581615	19.695029581260435	20.0	20.177007151257232	19.920475047985885
2018-01-02 17:10:00	20.0	20.11484640401543	19.948402340224952	20.0	20.2428980402216	19.890871894972907	20.0	20.22627845955998	19.898338663096247	20.0	20.237072780838727	19.893489040492746	20.0	20.060161041483592	19.97297112628998	20.0	20.688656601205448	19.69060355598016	20.0	20.194763645680958	19.91249749252015
2018-01-02 17:20:00	20.0	20.132797731301487	19.940337251154403	20.0	20.254716056402415	19.88556235147138	20.0	20.238452678557284	19.89286908644528	20.0	20.248882757847372	19.888183108793214	20.0	20.07195424796905	19.967672729173326	20.0	20.695166559725653	19.687678792007315	20.0	20.20459124323616	19.908082195067813
2018-01-02 17:30:00	20.0	20.144610663479646	19.935029991770023	20.0	20.262479407583427	19.88207446905672	20.0	20.246443418150605	19.889279044019297	20.0	20.256642311703114	19.88469693242324	20.0	20.07967330947259	19.96420474501956	20.0	20.699473053251225	19.68574399056829	20.0	20.210041194146974	19.905633666397737
2018-01-02 17:40:00	20.0	20.152384161207934	19.93153755076166	20.0	20.267579188998525	19.87978326291371	20.0	20.25168823471211	19.88692267715833	20.0	20.261740573135093	19.88240640917119	20.0	20.084725687241196	19.961934836167003	20.0	20.70232189698832	19.684464075266117	20.0	20.21306348291097	19.904275826518262
2018-01-02 17:50:00	20.0	20.157499509936653	19.92923935060817	20.0	20.27092925911315	19.878278158949165	20.0	20.255130732218916	19.885376047843664	20.0	20.265090285040984	19.880901466141005	20.0	20.088032633458184	19.960449106707195	20.0	20.704206472133407	19.68361738208499	20.0	20.214739503411884	19.90352283180046
2018-01-02 18:00:00	20.0	20.15572634734134	19.930035988875627	20.0	20.270709211511377	19.87837702091518	20.0	20.25480503928092	19.88552237365639	20.0	20.26487699615146	19.880997291584126	20.0	20.08763544817932	19.960627552267265	20.0	20.705359075604232	19.683099545743026	20.0	20.214684887151606	19.903547369540583
2018-01-02 18:10:00	20.0	20.154918358258527	19.93039899846356	20.0	20.26717792125663	19.879963542623834	20.0	20.25082432004552	19.887310812733162	20.0	20.261394247721874	19.882562004646697	20.0	20.081632198899673	19.96332466426247	20.0	20.70789691481711	19.681959357111154	20.0	20.21680684793628	19.902594024840226
2018-01-02 18:20:00	20.0	20.16161620216986	19.927389822213538	20.0	20.27206628486983	19.877767321290367	20.0	20.255536000183017	19.88519397093226	20.0	20.26630510353093	19.880355678123784	20.0	20.08546603460858	19.961602216335276	20.0	20.7147454286821	19.67888248856312	20.0	20.22813755372167	19.897503417893162
2018-01-02 18:30:00	20.0	20.17324414461973	19.92216567415635	20.0	20.282470457531314	19.873092982848252	20.0	20.26593666182993	19.880521209902486	20.0	20.27671569270594	19.87567845690023	20.0	20.09572446618401	19.956993355772404	20.0	20.72444197171764	19.674526070677587	20.0	20.244565348726315	19.89012281434035
2018-01-02 18:40:00	20.0	20.188116357011957	19.91548395554535	20.0	20.2964980185974	19.86679074526784	20.0	20.280071371798716	19.87417083295999	20.0	20.290739800547982	19.8693777707683	20.0	20.11018801123775	19.95049524132797	20.0	20.73602255447708	19.669323200162474	20.0	20.263819767521234	19.88147227836003
2018-01-02 18:50:00	20.0	20.205123456361456	19.907843084823114	20.0	20.31290579649002	19.859419134910276	20.0	20.296656971069353	19.866719331838407	20.0	20.30713809574957	19.86201042075019	20.0	20.127403944329107	19.942760546750687	20.0	20.7488494722788	19.663560382019675	20.0	20.284641697464945	19.87211749824039
2018-01-02 19:00:00	20.0	20.22604905545162	19.89844172871014	20.0	20.333434829736557	19.85019594606039	20.0	20.31744963289279	19.857377701164108	20.0	20.32764654686683	19.852796478943887	20.0	20.148513597299928	19.9332764997638	20.0	20.764302197430073	19.65661785332852	20.0	20.30874396012076	19.86128894545299
2018-01-02 19:10:00	20.0	20.252543675326727	19.88653834876625	20.0	20.35976948842969	19.838364432734487	20.0	20.344566325056554	19.84519483946735	20.0	20.353909849780994	19.840997024011436	20.0	20.178204181856678	19.919937251629605	20.0	20.778905789975354	19.650056818996582	20.0	20.331836546389717	19.850914015390128
2018-01-02 19:20:00	20.0	20.269961593393713	19.878712907315865	20.0	20.37705054302276	19.83060048067093	20.0	20.362344788497744	19.837207413863332	20.0	20.37114730102864	19.833252661856697	20.0	20.1976210571742	19.911213727936225	20.0	20.788561777501922	19.645718621702038	20.0	20.344630891372763	19.84516583141224
2018-01-02 19:30:00	20.0	20.28142347248234	19.873563367435466	20.0	20.388402573063	19.82550029326155	20.0	20.374013921887858	19.831964759731544	20.0	20.382472852825774	19.82816437046958	20.0	20.210330052484625	19.90550388946343	20.0	20.794949437759104	19.642848803325627	20.0	20.351726052018613	19.841978150542364
2018-01-02 19:40:00	20.0	20.28896595920025	19.870174713982493	20.0	20.395859773589688	19.822149956793034	20.0	20.3816730950651	19.828523681927273	20.0	20.3899140820092	19.8248212095321	20.0	20.21864850427987	19.901766614019188	20.0	20.799175020307207	19.640950353195315	20.0	20.3556606969065	19.840210411534763
2018-01-02 19:50:00	20.0	20.293929290751006	19.867944811401728	20.0	20.40075844279443	19.819949105411204	20.0	20.386700283642945	19.826265089957523	20.0	20.394803194083718	19.822624651933403	20.0	20.224093202206866	19.89932044538532	20.0	20.801970339277506	19.639694485252136	20.0	20.357842667299344	19.83923010599594
2018-01-02 20:00:00	20.0	20.29448040936028	19.867697207388865	20.0	20.401220189655064	19.819741653923092	20.0	20.387191916472908	19.826044211439715	20.0	20.395265739981774	19.822416841457464	20.0	20.22541274764378	19.898727606131054	20.0	20.801996607834283	19.639682683436774	20.0	20.356569654725917	19.839802039181105
2018-01-02 20:10:00	20.0	20.298645796874165	19.865825801404366	20.0	20.40514593267605	19.81797791430497	20.0	20.391338006823542	19.824181475195218	20.0	20.399186257984727	19.82065544931121	20.0	20.230250315003303	19.896554206302866	20.0	20.802176553379276	19.639601838336844	20.0	20.357776291373767	19.839259927063956
2018-01-02 20:20:00	20.0	20.299832501621434	19.86529264419907	20.0	20.406176055718465	19.817515105401853	20.0	20.39248535532754	19.82366599978039	20.0	20.4002153302795	19.82019311248312	20.0	20.231750260703723	19.89588031765485	20.0	20.801187231106972	19.640046316459184	20.0	20.35626672453085	19.83993813825425
2018-01-02 20:30:00	20.0	20.29906618428898	19.86563693169626	20.0	20.405311400130813	19.81790357385428	20.0	20.391672419143916	19.82403123197882	20.0	20.39935203662599	19.820580969052088	20.0	20.231071514911424	19.896185261416605	20.0	20.79942575209621	19.640837705579962	20.0	20.35325581073069	19.84129086764273
2018-01-02 20:40:00	20.0	20.297014671142893	19.866558626008267	20.0	20.40320204464221	19.818851255305677	20.0	20.38957281401732	19.824974532832805	20.0	20.397245390719227	19.82152743315513	20.0	20.228966738876057	19.897130885432496	20.0	20.797153472367544	19.64185858487835	20.0	20.349412313500125	19.843017656253565
2018-01-02 20:50:00	20.0	20.29411743484535	19.86786028289557	20.0	20.400275039757485	19.820166286485772	20.0	20.386628689149084	19.826297255599698	20.0	20.394321824559125	19.82284091940097	20.0	20.225928579841035	19.898495855433737	20.0	20.7945432863086	19.643031277165697	20.0	20.34510710426814	19.84495188069112
2018-01-02 21:00:00	20.0	20.290663671477123	19.869411973684194	20.0	20.3968109179628	19.8217226310602	20.0	20.383130253090663	19.82786901672739	20.0	20.390861517825947	19.824395549962254	20.0	20.222279490175616	19.900135301515306	20.0	20.79170956750093	19.644304397209723	20.0	20.3405458515407	19.84700113916287
2018-01-02 21:10:00	20.0	20.28525504738543	19.871841935232638	20.0	20.391414264568965	19.824147214469022	20.0	20.377565789136046	19.83036899328671	20.0	20.385479332497844	19.826813633225605	20.0	20.216137636779347	19.902894684925222	20.0	20.788880768136156	19.645575307069265	20.0	20.335619994792303	19.849214205238237
2018-01-02 21:20:00	20.0	20.28170005868352	19.87343910406973	20.0	20.387873624137068	19.825737936981906	20.0	20.37391831554466	19.832007713306027	20.0	20.38194753027259	19.828400384949994	20.0	20.212121514000494	19.904699029941806	20.0	20.78701045934547	19.64641559072885	20.0	20.332891233282183	19.85044017055438
2018-01-02 21:30:00	20.0	20.279360693525735	19.874490123198587	20.0	20.385547754646694	19.826782892839894	20.0	20.37152424589374	19.833083309815855	20.0	20.379627023039003	19.829442931678127	20.0	20.209492826413907	19.905880034509693	20.0	20.78577320633672	19.646971458022634	20.0	20.331377985833722	19.851120035350064
2018-01-02 21:40:00	20.0	20.277821274727827	19.87518174613678	20.0	20.384019880177206	19.827469329195754	20.0	20.36995286991688	19.833789290327204	20.0	20.37810237963561	19.830127916395597	20.0	20.20777226456254	19.90665304055886	20.0	20.784954735237445	19.64733917692231	20.0	20.330538809324626	19.851497056680238
2018-01-02 21:50:00	20.0	20.276808260475264	19.875636868482133	20.0	20.38301621233688	19.827920252428363	20.0	20.368921478671815	19.834252669002524	20.0	20.377100642822068	19.83057797206545	20.0	20.206646100652	19.9071589982578	20.0	20.784413297927063	19.647582431366097	20.0	20.330073441140552	19.851706135139747
2018-01-02 22:00:00	20.0	20.27614164663566	19.875936361656446	20.0	20.382356898267684	19.828216465995684	20.0	20.36824451280522	19.83455681308751	20.0	20.3764424714482	19.83087367224791	20.0	20.205908989601546	19.907490164092057	20.0	20.784055124790196	19.64774334973194	20.0	20.329815369633216	19.851822080309713
2018-01-02 22:10:00	20.0	20.275702981522823	19.876133443083955	20.0	20.381923791791195	19.82841105006483	20.0	20.367800178235896	19.834756441662144	20.0	20.376010032955968	19.83106795620819	20.0	20.205426526351534	19.907706922943515	20.0	20.783818185086396	19.647849800903217	20.0	20.32967225520204	19.85188637809763
2018-01-02 22:20:00	20.0	20.275414318027398	19.87626313248045	20.0	20.38163928213362	19.828538873244323	20.0	20.36750853397554	19.834887470242876	20.0	20.375725907791818	19.831195606644254	20.0	20.20511073840111	19.907848798689354	20.0	20.78366144406517	19.64792022078231	20.0	20.32959289060806	19.851922034654347
2018-01-02 22:30:00	20.0	20.2752243630681	19.876348474563613	20.0	20.38145238641741	19.82862284088494	20.0	20.367317109808898	19.834973472404698	20.0	20.375539228968453	19.831279476840262	20.0	20.20490404487669	19.90794166099743	20.0	20.783557756302645	19.64796680513939	20.0	20.32954887870294	19.851941808118962
2018-01-02 22:40:00	20.0	20.27509936324243	19.876404633905583	20.0	20.38132961375281	19.828677999618307	20.0	20.36719146628864	19.835029920942787	20.0	20.37541657533729	19.83133458209484	20.0	20.204768757216183	19.90800244241012	20.0	20.783489164481498	19.64799762175469	20.0	20.32952447175141	19.851952773560956
2018-01-02 22:50:00	20.0	20.275017107130694	19.876441589549984	20.0	20.381248963818692	19.82871423364668	20.0	20.367108998675047	19.83506697160977	20.0	20.37533598819329	19.831370787913162	20.0	20.20468020702499	19.90804222582935	20.0	20.783443789426524	19.648018007648957	20.0	20.32951093679346	19.851958854484092
2018-01-02 23:00:00	20.0	20.27496297851182	19.876465908204835	20.0	20.381195984502195	19.828738035948295	20.0	20.367054870079404	19.83509129025419	20.0	20.375283040003143	19.831394576230473	20.0	20.204622248033562	19.908068265376226	20.0	20.783413772792134	19.648031493383243	20.0	20.329503430936533	19.851962226680683
2018-01-02 23:10:00	20.0	20.276198268958463	19.875910922641854	20.0	20.382424939067967	19.828185896940486	20.0	20.368381101638587	19.834495447089914	20.0	20.376503630173257	19.83084619513955	20.0	20.206258624588724	19.907333081706515	20.0	20.783271682946875	19.648095330849955	20.0	20.329677359546945	19.851884084841224
2018-01-02 23:20:00	20.0	20.275770037683564	19.87610331640304	20.0	20.381995601448484	19.82837878775503	20.0	20.36799490815202	19.83466895430852	20.0	20.376070480680543	19.83104079853483	20.0	20.205998137040027	19.90745011234434	20.0	20.782291265149972	19.648535808410884	20.0	20.328032473642363	19.85262309155198
2018-01-02 23:30:00	20.0	20.27425045315989	19.87678602829049	20.0	20.380480484498122	19.829059492471863	20.0	20.366488610561756	19.835345696704138	20.0	20.374554345440718	19.831721960744026	20.0	20.20449923189661	19.90812353349573	20.0	20.780757080244836	19.64922507989	20.0	20.32538127111163	19.853814211529553
2018-01-02 23:40:00	20.0	20.27201270083071	19.87779139527896	20.0	20.378252110148416	19.830060646165208	20.0	20.364247115154075	19.836352745365566	20.0	20.372326649866284	19.832722809480366	20.0	20.20218973720134	19.909161132561717	20.0	20.778856565041156	19.650078934546727	20.0	20.32217201035255	19.855256053319863
2018-01-02 23:50:00	20.0	20.26930235795265	19.87900908555751	20.0	20.37555519364572	19.831272304304104	20.0	20.36152306359208	19.837576594618056	20.0	20.36963143781318	19.83393370185205	20.0	20.19934968555582	19.91043709779376	20.0	20.776713713915825	19.65104166476246	20.0	20.31865327620629	19.85683693387833
2018-01-03 00:00:00	20.0	20.266281026765544	19.880366495221285	20.0	20.37255048913898	19.832622244010032	20.0	20.358482280465267	19.83894274355908	20.0	20.366629053397645	19.83528259919816	20.0	20.19616236727161	19.911869081370725	20.0	20.77441055204522	19.652076418646352	20.0	20.314962922431086	19.85849491890777
2018-01-03 00:10:00	20.0	20.26178413981565	19.882386835735	20.0	20.36807984030022	19.834630796386865	20.0	20.35387184704095	19.84101409770625	20.0	20.362169468994807	19.837286180596532	20.0	20.19107343925374	19.914155411349768	20.0	20.77212357411128	19.65310390148624	20.0	20.310999305418296	19.860275674377284
2018-01-03 00:20:00	20.0	20.25882828849519	19.883714826907962	20.0	20.365146607311186	19.835948625700777	20.0	20.350849597040693	19.84237192017013	20.0	20.35924295221852	19.838600992481535	20.0	20.18774570635318	19.915650479754373	20.0	20.77061149125298	19.65378324306026	20.0	20.308803579405694	19.861262159977148
2018-01-03 00:30:00	20.0	20.256883186680653	19.884588713230436	20.0	20.363219747860132	19.836814316178785	20.0	20.348865901729837	19.843263145599643	20.0	20.357320137103518	19.839464865939	20.0	20.185567593237884	19.916629052313414	20.0	20.76961121308585	19.654232643396213	20.0	20.307585929299744	19.861809220169675
2018-01-03 00:40:00	20.0	20.255603212800665	19.88516377395913	20.0	20.361953984938193	19.83738299227415	20.0	20.347563879812224	19.843848111968427	20.0	20.35605678944418	19.840032456916383	20.0	20.18414194708884	19.917269560003565	20.0	20.76894950625205	19.654529931973713	20.0	20.306910677300245	19.86211259425641
2018-01-03 00:50:00	20.0	20.25476092622794	19.885542192564262	20.0	20.361122499391666	19.83775655824433	20.0	20.346709282296317	19.844232061577024	20.0	20.355226731834737	19.84040538134961	20.0	20.183208815135025	19.917688793200206	20.0	20.768511772080796	19.654726595152106	20.0	20.306536214010016	19.8622808313868
2018-01-03 01:00:00	20.0	20.25420665970608	19.88579121085669	20.0	20.3605762926715	19.83800195546643	20.0	20.346148357088936	19.844484071452797	20.0	20.35468135888883	19.84065040397748	20.0	20.18259804980303	19.91796319501603	20.0	20.768222200937014	19.654856692332643	20.0	20.306328554120263	19.862374127859006
2018-01-03 01:10:00	20.0	20.253841924724867	19.885955077297528	20.0	20.36021748693836	19.838163158042192	20.0	20.3457801871815	19.84464948112136	20.0	20.35432303237386	19.840811391252323	20.0	20.18219828395087	19.9181427999641	20.0	20.768030643017166	19.654942754586493	20.0	20.306213395622947	19.862425865734615
2018-01-03 01:20:00	20.0	20.253601910938606	19.88606290957831	20.0	20.359981785784544	19.83826905276347	20.0	20.345538534499568	19.844758049717584	20.0	20.354087601019714	19.840917164759258	20.0	20.181936624147916	19.91826035726688	20.0	20.76790392308168	19.654999686731422	20.0	20.30614953408706	19.862454557149288
2018-01-03 01:30:00	20.0	20.253443969911316	19.886133868590573	20.0	20.3598269526011	19.838338615498063	20.0	20.345379922897948	19.844829310002375	20.0	20.353932915502032	19.84098666115126	20.0	20.18176535926323	19.918337302359998	20.0	20.76782009495251	19.655037348644527	20.0	20.30611411945539	19.862470468070764
2018-01-03 01:40:00	20.0	20.253340036847828	19.886180563155328	20.0	20.359725241963258	19.83838431158173	20.0	20.345275816293533	19.844876082534796	20.0	20.353831282439664	19.84103232238218	20.0	20.181653260804076	19.91838766543585	20.0	20.76776464073205	19.65506226285951	20.0	20.306094480151145	19.862479291526295
2018-01-03 01:50:00	20.0	20.253271643714857	19.886211290504924	20.0	20.35965842777251	19.838414329551487	20.0	20.345207484689965	19.84490678224074	20.0	20.353764506445163	19.841062323191302	20.0	20.181579888702373	19.918420629713427	20.0	20.767727956499723	19.65507874418128	20.0	20.3060835891082	19.86248418460356
2018-01-03 02:00:00	20.0	20.253226637626444	19.886231510631603	20.0	20.359614537220068	19.838434048495337	20.0	20.345162634432132	19.84492693235658	20.0	20.35372063259766	19.841082034630038	20.0	20.181531864266244	19.91844220590937	20.0	20.76770368904287	19.65508964695175	20.0	20.30607754944332	19.862486898076185
2018-01-03 02:10:00	20.0	20.253197021378305	19.886244816482215	20.0	20.359585705312192	19.838447001961196	20.0	20.3451331964339	19.844940158123904	20.0	20.353691806153172	19.841094985641327	20.0	20.181500430704684	19.918456328234125	20.0	20.76768763556634	19.655096859383235	20.0	20.30607420012668	19.86248840284163
2018-01-03 02:20:00	20.0	20.253177532411794	19.886253572394704	20.0	20.359566765497895	19.838455511153125	20.0	20.34511387445488	19.84494883901303	20.0	20.3536728663077	19.841103494847264	20.0	20.181479856412242	19.91846557175682	20.0	20.76767701582527	19.655101630571252	20.0	20.306072342751715	19.862489237314442
2018-01-03 02:30:00	20.0	20.253164707701004	19.886259334221293	20.0	20.35955432384584	19.83846110088086	20.0	20.345101192244957	19.84495453681749	20.0	20.35366042225678	19.84110908565275	20.0	20.181466389866223	19.918471621944164	20.0	20.767669990624192	19.655104786821013	20.0	20.306071312738148	19.86248970007416
2018-01-03 02:40:00	20.0	20.25315626840249	19.88626312579019	20.0	20.35954615086683	19.838464772798964	20.0	20.345092868126102	19.844958276639005	20.0	20.353652246138864	19.84111275898109	20.0	20.181457575571965	19.91847558198941	20.0	20.76766534329336	19.655106874752256	20.0	20.306070741540605	19.862489956699143
2018-01-03 02:50:00	20.0	20.25315071492368	19.886265620831395	20.0	20.359540781998938	19.83846718489903	20.0	20.345087404492084	19.84496073131516	20.0	20.353646874182203	19.841115172468864	20.0	20.181451806328575	19.91847817396832	20.0	20.76766226897796	19.655108255966425	20.0	20.306070424781108	19.86249009901138
2018-01-03 03:00:00	20.0	20.253147060457994	19.886267262692787	20.0	20.359537255164682	19.83846876941877	20.0	20.34508381837114	19.844962342470936	20.0	20.353643344644304	19.84111675820328	20.0	20.181448030170625	19.918479870503052	20.0	20.767660235248147	19.65510916967112	20.0	20.306070249121017	19.862490177931132
2018-01-03 03:10:00	20.0	20.25314465563753	19.886268343119376	20.0	20.359534938370864	19.838469810297156	20.0	20.345081464578254	19.844963399972094	20.0	20.353641025631283	19.8411178000787	20.0	20.181445558551808	19.918480980940494	20.0	20.76765888988947	19.65510977410763	20.0	20.30607015170815	19.862490221696333
2018-01-03 03:20:00	20.0	20.253143073145868	19.88626905409389	20.0	20.35953341645821	19.838470494055013	20.0	20.34507991963837	19.844964094075515	20.0	20.353639501969315	19.84111848462248	20.0	20.18144394079658	19.91848170775806	20.0	20.767657999904024	19.65511017395616	20.0	20.306070097687464	19.862490245966498
2018-01-03 03:30:00	20.0	20.25314203178751	19.886269521950545	20.0	20.359532416706667	19.83847094321875	20.0	20.345078905598776	19.844964549658528	20.0	20.353638500877505	19.84111893438837	20.0	20.181442881922873	19.918482183483928	20.0	20.767657411158318	19.6551104384651	20.0	20.30607006773014	19.862490259425588
2018-01-03 03:40:00	20.0	20.25314134652182	19.886269829823533	20.0	20.359531759965236	19.838471238276494	20.0	20.345078240021884	19.844964848685827	20.0	20.353637843130084	19.84111922989808	20.0	20.18144218885566	19.91848249486195	20.0	20.767657021689576	19.65511061344381	20.0	20.30607005111722	19.86249026688936
2018-01-03 03:50:00	20.0	20.253140895582867	19.88627003241929	20.0	20.35953132854875	19.838471432101286	20.0	20.345077803162592	19.84496504495593	20.0	20.35363741096997	19.84111942405697	20.0	20.181441735220385	19.9184826986691	20.0	20.767656764047125	19.655110729196217	20.0	20.30607004190442	19.862490271028452
2018-01-03 04:00:00	20.0	20.253160703795967	19.886261133077173	20.0	20.359550867391473	19.838462653780642	20.0	20.34509844646169	19.844955770430253	20.0	20.353657046476478	19.841110602307666	20.0	20.18145661385889	19.918476014063398	20.0	20.767658747243882	19.655109838194775	20.0	20.306077222343358	19.862487045034147
2018-01-03 04:10:00	20.0	20.253143332715265	19.88626893747575	20.0	20.3595310696887	19.83847154840073	20.0	20.345078181575524	19.84496487494433	20.0	20.353637104580127	19.84111956171038	20.0	20.181442516778656	19.918482347534226	20.0	20.76763574218361	19.65512017380156	20.0	20.306057902941617	19.862495724765363
2018-01-03 04:20:00	20.0	20.253131941969563	19.88627405505715	20.0	20.359518110974257	19.838477370431857	20.0	20.345064930432194	19.84497082835655	20.0	20.353624049231477	19.841125427156868	20.0	20.18143331467781	19.918486481811417	20.0	20.767620549461387	19.655126999517343	20.0	20.30604721739357	19.862500525518836
2018-01-03 04:30:00	20.0	20.253124446238232	19.88627742270456	20.0	20.359509598268392	19.838481194980865	20.0	20.345056232813555	19.84497473598232	20.0	20.3536154714052	19.841129280962882	20.0	20.181427291576416	19.91848918784248	20.0	20.767610499102044	19.655131514896176	20.0	20.306041291652885	19.862503187808127
2018-01-03 04:40:00	20.0	20.25311951367379	19.886279638784238	20.0	20.359504006232505	19.838483707344814	20.0	20.345050524028753	19.844977300798675	20.0	20.353609835514177	19.84113181302986	20.0	20.181423349260218	19.918490959028016	20.0	20.76760385056013	19.655134501922255	20.0	20.30603800551341	19.862504664189633
2018-01-03 04:50:00	20.0	20.253116267800667	19.886281097075063	20.0	20.359500332798262	19.838485357728317	20.0	20.34504677700014	19.844978984246307	20.0	20.353606132563492	19.841133476674376	20.0	20.181420768885367	19.918492118326864	20.0	20.767599452398006	19.655136477908144	20.0	20.306036183173614	19.862505482922003
2018-01-03 05:00:00	20.0	20.253295390510775	19.886200621654577	20.0	20.359676629569922	19.838406151932354	20.0	20.34523301491815	19.844895312138213	20.0	20.353783285856576	19.84105388606444	20.0	20.181555897017418	19.91843140858638	20.0	20.76761595927045	19.655129061777046	20.0	20.306099954775693	19.862476831912375
2018-01-03 05:10:00	20.0	20.253139134348775	19.886270823698375	20.0	20.35949823418381	19.838486300584087	20.0	20.345050396868793	19.84497735792851	20.0	20.353603580664895	19.84113462317954	20.0	20.181429449753942	19.918488218226493	20.0	20.76740764598096	19.65522265180566	20.0	20.305925243464607	19.86255532539996
2018-01-03 05:20:00	20.0	20.25303667322943	19.886316856954892	20.0	20.359381464519306	19.838538762317413	20.0	20.344930983690023	19.845031007327663	20.0	20.35348593334776	19.841187479220572	20.0	20.18134691035075	19.918525301146765	20.0	20.767270073235355	19.655284459850783	20.0	20.305828609970426	19.86259874044807
2018-01-03 05:30:00	20.0	20.252969248237033	19.88634714934278	20.0	20.35930475739905	19.83857322493666	20.0	20.344852604782403	19.845066221039787	20.0	20.353408634907385	19.84122220750538	20.0	20.181292885388014	19.918549573231473	20.0	20.767179065497285	19.65532534738528	20.0	20.30577502124436	19.86262281654239
2018-01-03 05:40:00	20.0	20.25292487924007	19.886367083239968	20.0	20.35925436814407	19.83859586358745	20.0	20.3448011598668	19.845089333972876	20.0	20.353357847503915	19.841245025034475	20.0	20.181257524290054	19.918565460101572	20.0	20.767118861812868	19.655352395417403	20.0	20.305745303441125	19.862636168019208
2018-01-03 05:50:00	20.0	20.252895682233927	19.88638020073548	20.0	20.35922126721349	19.838610735020026	20.0	20.34476739339214	19.84510450441801	20.0	20.353324478649395	19.841260016838678	20.0	20.181234379299536	19.918575858575576	20.0	20.76707903570899	19.65537028830466	20.0	20.305728823335965	19.86264357212442
2018-01-03 06:00:00	20.0	20.252876469152163	19.88638883269975	20.0	20.359199523061783	19.838620504131665	20.0	20.34474523037008	19.845114461717785	20.0	20.353302554306758	19.84126986690566	20.0	20.181219230149114	19.91858266471562	20.0	20.76705268983721	19.65538212485575	20.0	20.305719684239634	19.862647678095236
2018-01-03 06:10:00	20.0	20.259006557864797	19.883634734872338	20.0	20.36529339883629	19.83588267588515	20.0	20.35131252193032	19.842163939422605	20.0	20.359355812843212	19.838550286983484	20.0	20.18930182394999	19.914951354457255	20.0	20.766444467814697	19.65565538402528	20.0	20.306575389498736	19.86226323080492
2018-01-03 06:20:00	20.0	20.257041740510907	19.884517478900896	20.0	20.363319380158213	19.836769553841965	20.0	20.349549078417496	19.842956211145758	20.0	20.357363270921784	19.83944548697717	20.0	20.18815632834065	19.915465997412173	20.0	20.761757741295323	19.657761014780363	20.0	20.298633451848136	19.865831347720402
2018-01-03 06:30:00	20.0	20.249766158593406	19.88778621860296	20.0	20.356062739274986	19.840029783803992	20.0	20.342336354373284	19.84619671035402	20.0	20.350101648512208	19.842707955016255	20.0	20.180985922805224	19.918687483957076	20.0	20.75437688705503	19.661077050743394	20.0	20.285823935700996	19.871586347728545
2018-01-03 06:40:00	20.0	20.238995811460274	19.892625070213498	20.0	20.345335897845775	19.84484908937364	20.0	20.331546901224073	19.851044145826858	20.0	20.33937805934841	19.847525799423178	20.0	20.169871997957326	19.9236806965699	20.0	20.745213802049236	19.665193799079326	20.0	20.270315075703	19.878554096423294
2018-01-03 06:50:00	20.0	20.225925727692406	19.89849713683385	20.0	20.332329459646555	19.85069256160807	20.0	20.31840982349537	19.856946311183243	20.0	20.326379849151255	19.853365575018998	20.0	20.156176919498765	19.92983355790635	20.0	20.73487173089156	19.669840236845825	20.0	20.253309282729173	19.886194380223124
2018-01-03 07:00:00	20.0	20.243430149740174	19.890632831276157	20.0	20.350414841601303	19.84256724507768	20.0	20.336915741625454	19.848632058110308	20.0	20.344396501389493	19.84527113705689	20.0	20.16735112278587	19.924813263675915	20.0	20.745571795671417	19.66503296136502	20.0	20.265093836615094	19.880899870506262
2018-01-03 07:10:00	20.0	20.215410211457904	19.903221499200075	20.0	20.324933616653762	19.854015331648313	20.0	20.310096352555767	19.860681348851767	20.0	20.318879957103462	19.856735091736123	20.0	20.13607055182819	19.938866853526463	20.0	20.74592419196714	19.66487463839158	20.0	20.24243103302536	19.8910817098002
2018-01-03 07:20:00	20.0	20.19857335447264	19.910785884222438	20.0	20.30979163870136	19.8608182492791	20.0	20.294119006744005	19.86785957668023	20.0	20.303709982249398	19.863550587685047	20.0	20.117298945582984	19.947300473723587	20.0	20.747272588133814	19.664268837215246	20.0	20.23207489526542	19.895734467344518
2018-01-03 07:30:00	20.0	20.189041040371766	19.915068518093843	20.0	20.30138609419721	19.864594653331693	20.0	20.285198035169792	19.871867549416482	20.0	20.2952822171163	19.86733697491876	20.0	20.106672797756435	19.952074540138412	20.0	20.749271595301348	19.663370732545776	20.0	20.22850561239112	19.897338058201086
2018-01-03 07:40:00	20.0	20.184315547983875	19.91719156539855	20.0	20.29740581928483	19.866382892785076	20.0	20.28090868163145	19.873794650281525	20.0	20.291284363675782	19.869133111971745	20.0	20.101378157984087	19.954453291340485	20.0	20.751701004720836	19.662279258748615	20.0	20.228700043881116	19.897250704922975
2018-01-03 07:50:00	20.0	20.182753181236627	19.917893498284993	20.0	20.296332521847848	19.866865098879956	20.0	20.27965934318177	19.87435594726616	20.0	20.290197093181142	19.86962159581717	20.0	20.099573161485868	19.955264231796203	20.0	20.7544151347226	19.661059867008692	20.0	20.230981653125106	19.896225634103214
2018-01-03 08:00:00	20.0	20.177925330258315	19.9200625327825	20.0	20.291738263040124	19.868929186170384	20.0	20.274875740052337	19.876505102295322	20.0	20.285604924058383	19.871684744263625	20.0	20.095626545713994	19.957037349027043	20.0	20.7536807096565	19.661389826096357	20.0	20.229484322607696	19.896898347813934
2018-01-03 08:10:00	20.0	20.18377548610275	19.917434201895865	20.0	20.297371711570275	19.866398216540894	20.0	20.28080915384143	19.873839365665443	20.0	20.291224761121978	19.869159889930703	20.0	20.102553202855102	19.953925372630316	20.0	20.7545266148027	19.66100978175531	20.0	20.234556710449603	19.894619448928438
2018-01-03 08:20:00	20.0	20.186063934333546	19.91640605848783	20.0	20.299516474776738	19.865434627274226	20.0	20.283121882842273	19.872800313505646	20.0	20.293363145499164	19.868199166514867	20.0	20.105414746839276	19.952639751420037	20.0	20.7539766070931	19.66125688666832	20.0	20.235186099885418	19.89433667976162
2018-01-03 08:30:00	20.0	20.186022625826443	19.916424617382326	20.0	20.299384039083566	19.865494127368258	20.0	20.28307386659769	19.872821886021327	20.0	20.29322871111163	19.868259564573034	20.0	20.105627215371076	19.95254429454343	20.0	20.75250574558934	19.661917708503346	20.0	20.233361355252732	19.89515649256761
2018-01-03 08:40:00	20.0	20.184448203292614	19.917131966636653	20.0	20.29775568089477	19.866225708583514	20.0	20.281476324262353	19.873539622432855	20.0	20.29160094642161	19.86899087914391	20.0	20.10410576700543	19.953227843809156	20.0	20.750425716161384	19.662852214478225	20.0	20.23017565164572	19.89658775070989
2018-01-03 08:50:00	20.0	20.181864915823393	19.918292574050362	20.0	20.295144644857007	19.867398782745404	20.0	20.278861733670915	19.87471429356814	20.0	20.28899201918369	19.870163005873998	20.0	20.10144941445756	19.954421277562545	20.0	20.747942708641908	19.663967768581173	20.0	20.226235224466034	19.898358087558737
2018-01-03 09:00:00	20.0	20.182692000864556	19.917920985118826	20.0	20.29378798759137	19.868008295429966	20.0	20.27760903901354	19.87527709841421	20.0	20.287632904370632	19.870773622674065	20.0	20.100071503471824	19.955040339019902	20.0	20.745264405879762	19.66517106402504	20.0	20.222650216278968	19.899968743410902
2018-01-03 09:10:00	20.0	20.17393866166521	19.92185364475911	20.0	20.286647975855576	19.871216126789523	20.0	20.270239839712115	19.878587898100356	20.0	20.28050768968151	19.873974806085123	20.0	20.092241478241	19.958558176442452	20.0	20.741733543947973	19.666757393298738	20.0	20.215755962455358	19.90306616179542
2018-01-03 09:20:00	20.0	20.16819084575815	19.924435996833303	20.0	20.281966569592228	19.87331936728465	20.0	20.265412648844585	19.880756636026348	20.0	20.275835140661133	19.87607406723921	20.0	20.087123706918934	19.960857465007436	20.0	20.73939965460638	19.667805952278293	20.0	20.21193864593871	19.90478118805652
2018-01-03 09:30:00	20.0	20.16440848249626	19.926135319458204	20.0	20.278891321468958	19.874701000499453	20.0	20.262244252832666	19.882180118292574	20.0	20.272765123976402	19.87745335009756	20.0	20.08377395255221	19.962362427114222	20.0	20.73785573279353	19.668499598310156	20.0	20.209821734952605	19.9057322640068
2018-01-03 09:40:00	20.0	20.161919500547665	19.927253557724967	20.0	20.276871178066887	19.87560860115836	20.0	20.260164640023717	19.88311443709079	20.0	20.270748031584038	19.878359580012976	20.0	20.081581430011937	19.9633474734729	20.0	20.736834394078574	19.668958460631366	20.0	20.208647795880132	19.906259685908925
2018-01-03 09:50:00	20.0	20.16028162740713	19.927989413773602	20.0	20.275544137373302	19.876204807846783	20.0	20.258799662456536	19.88372768788185	20.0	20.26942274179743	19.878955000062028	20.0	20.080146353113626	19.963992218166347	20.0	20.73615875573743	19.669262008291877	20.0	20.20799678458761	19.906552169243238
2018-01-03 10:00:00	20.0	20.158624612039734	19.928733869953156	20.0	20.2589379011051	19.883665580662935	20.0	20.242572090494082	19.891018336154843	20.0	20.252860502313524	19.886396006206972	20.0	20.069511617330548	19.96877014293846	20.0	20.716332250876363	19.67816956844685	20.0	20.186184408994745	19.91635193219076
2018-01-03 10:10:00	20.0	20.137598589327396	19.938180343925367	20.0	20.24649015466736	19.889258046453804	20.0	20.230121088945765	19.896612264386697	20.0	20.240500495877974	19.89194905257657	20.0	20.059696577957926	19.97317979830877	20.0	20.699094161319746	19.685914217378087	20.0	20.173668722173083	19.92197492192223
2018-01-03 10:20:00	20.0	20.12378883639497	19.944384725677615	20.0	20.23831536425411	19.8929307783786	20.0	20.221951385074327	19.90028271105357	20.0	20.232381716387952	19.895596620173535	20.0	20.05327529561982	19.976064722257775	20.0	20.687695119448183	19.69103552604502	20.0	20.166728610732193	19.925092943004376
2018-01-03 10:30:00	20.0	20.114701295519748	19.948467533896917	20.0	20.232945302955013	19.895343414614416	20.0	20.216589098824326	19.9026918541514	20.0	20.22704742939755	19.89799318389386	20.0	20.049072353350503	19.977953000668627	20.0	20.680154387948456	19.694423390921713	20.0	20.162879947391385	19.926822052621258
2018-01-03 10:40:00	20.0	20.108721240642442	19.95115422521861	20.0	20.229417684498063	19.896928286674793	20.0	20.21306949846127	19.904273123879733	20.0	20.223542641332834	19.899567798821487	20.0	20.046321390275395	19.979188940600913	20.0	20.67516602159763	19.696664541021356	20.0	20.16074565786589	19.927780936321117
2018-01-03 10:50:00	20.0	20.104786066418484	19.952922202043865	20.0	20.22710037538375	19.897969396566722	20.0	20.21075936689443	19.905311009076414	20.0	20.22123988945297	19.90060236850664	20.0	20.04452079503464	19.979997903680086	20.0	20.671866103164533	19.698147113071006	20.0	20.15956208024915	19.928312688583716
2018-01-03 11:00:00	20.0	20.12918427822508	19.941960686594527	20.0	20.22606716723935	19.898433591530143	20.0	20.210959867604913	19.905220929047054	20.0	20.220221101478348	19.901060084843067	20.0	20.049310813606862	19.977845866350535	20.0	20.654403649348648	19.705992563336114	20.0	20.146750705415418	19.93406852365395
2018-01-03 11:10:00	20.0	20.085808072106843	19.96144854731432	20.0	20.200550827058578	19.909897454509917	20.0	20.184876960461736	19.916939336604138	20.0	20.194790331813266	19.912485503098388	20.0	20.026183801454422	19.988236263114672	20.0	20.63312221141484	19.715553789074495	20.0	20.12158174770611	19.945376316247987
2018-01-03 11:20:00	20.0	20.058892438357713	19.97354107841899	20.0	20.18536797207062	19.91671873718566	20.0	20.16936421051419	19.923908832957395	20.0	20.179658694066802	19.919283775129415	20.0	20.012736107702803	19.99427798059729	20.0	20.620162499713313	19.721376268244736	20.0	20.109822398379066	19.950659502177523
2018-01-03 11:30:00	20.0	20.042727727165115	19.980803484896825	20.0	20.17693557970311	19.92050720332179	20.0	20.16074818746047	19.927779799836593	20.0	20.17125612234939	19.92305884358216	20.011641602109524	20.033918401414468	20.001633185030485	20.0	20.612696355034792	19.72473062310031	20.0	20.105474957201178	19.952612700387874
2018-01-03 11:40:00	20.014268856966183	20.067140313691112	19.990515014089766	20.0	20.172937655392644	19.9223033722149	20.0	20.15665897674136	19.929616981464022	20.0	20.16727480874824	19.924847549692828	20.0284001346917	20.065957299721667	20.0115266257652	20.0	20.608864345787115	19.72645225044347	20.0	20.105237849382934	19.952719227088828
2018-01-03 11:50:00	20.033037445589603	20.100270618611958	20.00283123742014	20.0	20.171852756301778	19.92279079064702	20.0	20.155540996192386	19.930119262580256	20.0	20.166198397694995	19.925331154658757	20.047604942254306	20.100390720444906	20.023889592632443	20.0	20.607436402291935	19.727093790274644	20.0	20.10728014344791	19.95180167468282
2018-01-03 12:00:00	20.104313400989213	20.240461633580594	20.043145354462652	20.0	20.138208589312004	19.93790628596127	20.002399394278203	20.12792195539103	19.94600520015505	20.0	20.132648106775672	19.94040447376745	20.12073739406269	20.238809083922092	20.067690692821515	20.0	20.57210076680202	19.742969220712148	20.05914327408398	20.19026363652366	20.000234125741507
2018-01-03 12:10:00	20.154004534438435	20.291663140784024	20.092157914196207	20.00035760555715	20.126924304966664	19.943494305822433	20.013514157189228	20.14137786753882	19.956068142394493	20.00438610607494	20.130957901909888	19.947520516641852	20.159515821689496	20.279442555427096	20.10563569493783	20.0	20.54514812642423	19.755078377983324	20.09813206790196	20.231156581782763	20.038367431230874
2018-01-03 12:20:00	20.20389108283234	20.34307316518641	20.141360002354418	20.0081657750218	20.13710335507188	19.950237297028288	20.025160347932193	20.155350487666595	19.966669125732672	20.01347201015478	20.142386824572277	19.955553760199088	20.198642635498004	20.320414443604918	20.143933562290556	20.0	20.52732207669534	19.763087182933987	20.137634398732096	20.272545394905045	20.077022212045684
2018-01-03 12:30:00	20.25397905131167	20.394685762288873	20.190762992756675	20.01652788466059	20.147825755938058	19.957538985970707	20.03732471903511	20.169830924610174	19.97779294551588	20.023099697077154	20.154347066172114	19.964133487773616	20.238109862377765	20.361719530835472	20.182575083795314	20.0	20.515529705965402	19.76838520456628	20.1776301291444	20.314416946453512	20.116175182237406
2018-01-03 12:40:00	20.30426769914526	20.44649983346045	20.24036630546742	20.025439015460176	20.159086324373106	19.965394572325387	20.050002121525587	20.184814090064677	19.989434425515277	20.033264115226576	20.166833415773837	19.97325471932853	20.27791495678011	20.403355344594118	20.22155768109556	20.0	20.507728765073544	19.77188997511189	20.218111213886164	20.356763407019024	20.15581819958009
2018-01-03 12:50:00	20.354756386769974	20.498514613190594	20.290169357508546	20.034893569387823	20.17087957360114	19.973798408074586	20.063187502872623	20.200295089414936	20.001588442252164	20.043959843679232	20.17984058373225	19.982911974959762	20.318055369283694	20.445319378518022	20.26087878542478	20.0	20.502568252380584	19.774208466321767	20.25906971237016	20.399577023855933	20.195943239093936
2018-01-03 13:00:00	20.458366811163696	20.646033383029632	20.374052844093512	20.103427881373346	20.281048633874377	20.023627253438093	20.13508021217085	20.3143287038504	20.054548281126408	20.113700861077835	20.291148803680016	20.033977872372503	20.40839591661955	20.578828980762154	20.331824539975756	20.0	20.466832376368675	19.790263714964794	20.37962438940653	20.56414287002071	20.296724782174067
2018-01-03 13:10:00	20.519916205517028	20.69163325577371	20.442767965546636	20.123885090365036	20.286341739782813	20.05089732033676	20.15867683726307	20.322491987640483	20.085078726223948	20.135267064947097	20.29754745567343	20.062358483606275	20.45340574729791	20.60725695425525	20.384284190548954	20.0	20.443182145797245	19.800889180873696	20.44262890348968	20.60981323134417	20.367517104018816
2018-01-03 13:20:00	20.578381632076653	20.73418404288074	20.5083834475125	20.141576770600224	20.28891213364711	20.075382621984957	20.17948632215369	20.327912440627536	20.11280212399877	20.154059209459252	20.30121478421396	20.08794583529408	20.495517653576048	20.632842285870694	20.433821079646563	20.0	20.42642874440982	19.808416071352106	20.49999413178146	20.6499518806789	20.432621809813043
2018-01-03 13:30:00	20.633785869293614	20.773735253499808	20.570910058998095	20.156506668363594	20.288775395543396	20.09708158803643	20.197511210038837	20.33060408585105	20.13771586003626	20.170080601107017	20.30216612460901	20.11073782967857	20.534739910408085	20.655599176000564	20.48044082006942	20.0	20.414238930309942	19.81389265449843	20.551785799716075	20.68463685255191	20.492099094818812
2018-01-03 13:40:00	20.68615625652166	20.810314607207744	20.630374968532266	20.168702959640992	20.285959092514332	20.11602266806021	20.212779173963355	20.330594060015173	20.15984784834587	20.183359272042885	20.300428864964104	20.13076278826668	20.57109428827224	20.675548909111157	20.52416540064894	20.0	20.405068042903665	19.81801290826067	20.598095126558075	20.713957228282638	20.546041138826737
2018-01-03 13:50:00	20.73551940267004	20.84394814804213	20.686805038807194	20.17819350200155	20.280490518271762	20.132233972952605	20.225317543589664	20.327909129720837	20.17922567155972	20.193922982827107	20.29603023899692	20.14804870831604	20.604602363993216	20.692712570583183	20.56501661900353	20.0	20.397894251536165	19.821235915976498	20.639011864472423	20.73800081212316	20.59453856915107
2018-01-03 14:00:00	20.80332049396385	20.93631573433487	20.743569009159472	20.218390347398493	20.33927520486546	20.164079759261156	20.267753020916174	20.389148094449922	20.213213205270577	20.23519412665946	20.355869946707514	20.180977453884253	20.6623224032691	20.768326401508688	20.61469741855275	20.0	20.37113122629689	19.83325988383763	20.728988961321676	20.84703274147752	20.675954799222666
2018-01-03 14:10:00	20.88767749248113	21.016473286127137	20.82981271562568	20.257401801873076	20.374983942878586	20.2045750428706	20.309494139093406	20.42748628825467	20.256483173528196	20.275206117161048	20.39256361694811	20.22248028392339	20.720377693085055	20.82247490790641	20.674507929904436	20.0	20.34536755771905	19.8448348653726	20.81373041996821	20.927214956880405	20.762744613529392
2018-01-03 14:20:00	20.970639110194014	21.095274070727243	20.914643693142835	20.295369385233165	20.40967544331906	20.244014489571384	20.350174585668682	20.46479161412431	20.298679978681378	20.314167227486465	20.42823319113991	20.262920200337817	20.777351027177907	20.875568997954957	20.733224112770813	20.0	20.328332752490674	19.852488183663606	20.89593568765745	21.004920431450273	20.8469715274027
2018-01-03 14:30:00	21.05225893739613	21.172763536982302	20.998119189755982	20.33231572222887	20.443365893088995	20.282423616480102	20.389817923831355	20.50108057493415	20.339830355944585	20.352100060089985	20.462894793019544	20.302322716310044	20.83326025803002	20.927621509402442	20.79086607263082	20.0	20.31706377997003	19.857551055375776	20.975654918214044	21.08019332468632	20.928688387769967
2018-01-03 14:40:00	21.13255013685126	21.248955520326376	21.080252066014623	20.36825118838424	20.476065443873267	20.31981289968627	20.428434439160707	20.53636330064117	20.379944660814417	20.389014993471868	20.49655859108138	20.34069830469079	20.888113397136678	20.978640299888127	20.84744189010341	20.0	20.309609063691106	19.860900275732984	21.05292878097186	21.153073381467692	21.007936279299827
2018-01-03 14:50:00	21.211525592873755	21.323862951867824	21.161055185209733	20.403186107547626	20.507784245824013	20.356192741075645	20.46603431231557	20.57064976171361	20.419033168383123	20.424922319612026	20.529234664581708	20.378057353031437	20.94191838619966	21.02863312127444	20.902959592180565	20.0	20.304677576390958	19.86311587147653	21.12779729714955	21.223599737700567	21.084755620959953
2018-01-03 15:00:00	21.364470206797012	21.5056272852687	21.30105180922277	20.50897325534118	20.64527060836727	20.447738212677294	20.574767426159113	20.711461855479186	20.51335398689939	20.53162041621687	20.667557183640724	20.47054737578007	21.057514828197277	21.178482419284933	21.00316706988255	20.0	20.264702718909398	19.881075590055204	21.28628046664349	21.41539172937118	21.228273957302036
2018-01-03 15:10:00	21.452580334518615	21.592007287545158	21.389939239680587	20.559462310758658	20.694786326079267	20.49866456474507	20.627342784372313	20.76300872303537	20.566391420625152	20.582911370136493	20.71786077099371	20.522281929171655	21.122179782403215	21.241792712187916	21.068440640036187	20.0	20.247440145236293	19.88883123909674	21.3831923287193	21.510249159865083	21.326108824871184
2018-01-03 15:20:00	21.539994402435433	21.677688850657347	21.478131679321223	20.609486252144006	20.743821437690087	20.549132762985636	20.6794484421419	20.814070041662575	20.618966274241316	20.633733491958065	20.767679799796298	20.573554715972776	21.186387654844744	21.304641510907146	21.13325911081671	20.0	20.23601077072129	19.893966175473047	21.478565571207973	21.603574593915525	21.422402097237907
2018-01-03 15:30:00	21.62665480984435	21.76263226900295	21.565563487613673	20.659000238339775	20.792356706849006	20.59908646263274	20.73103733322435	20.86462502010663	20.67101967679899	20.684041411377265	20.816994801442206	20.624308728884316	21.250112006954737	21.367017025212434	21.197589462520142	20.0	20.228449945441753	19.897363067989943	21.572377346455095	21.69537204981387	21.51711885654028
2018-01-03 15:40:00	21.712567940758873	21.84684330170532	21.652241329319168	20.70800954577346	20.840397272960786	20.648531001674826	20.782114640403343	20.914678655357804	20.722556894554245	20.733840409896292	20.86581092181663	20.67454931033788	21.3133565138692	21.42892284568066	21.261435408272746	20.0	20.223448258184757	19.899610202844535	21.664653309540572	21.785666656109527	21.61028499441538
2018-01-03 15:50:00	21.79774023916575	21.93032823564191	21.7381717190098	20.756519314648354	20.887948169617502	20.69747156821294	20.832685448199253	20.96423595032457	20.773583048693666	20.7831356449884	20.914133231019875	20.724281657061212	21.376124789353398	21.490362512317418	21.324800594978257	20.0	20.220139508882927	19.90109674238593	21.75541861081506	21.874483037596463	21.70192589733356
2018-01-03 16:00:00	21.87930402457703	21.963747560105944	21.8413656245568	20.782909619046308	20.87747526118656	20.740423605910834	20.862396158863554	20.956509188100966	20.82011349355399	20.810271902368758	20.904392019341223	20.767986052714463	21.422648050895916	21.499889281297612	21.387945469121235	20.0	20.234642076893007	19.894581095888654	21.797628409104387	21.876501429835074	21.76219270413842
2018-01-03 16:10:00	21.93357444075833	22.03170926645946	21.889484881385357	20.81202978314057	20.920805166019086	20.76315968358646	20.893866440252005	21.00233545196197	20.845133985715634	20.840176618155784	20.948474293610893	20.791521140777398	21.471799697133676	21.563644966065432	21.43053588065709	20.0	20.258596210058503	19.883819094031693	21.848545858992505	21.942332133318686	21.806409996614086
2018-01-03 16:20:00	21.99000249897779	22.10176401136171	21.939790805008215	20.843462369188778	20.966387924962767	20.78823494558017	20.927632981389664	21.050397204095965	20.8724780407535	20.872387388113122	20.994803152059774	20.81738900141245	21.52317349366149	21.629566466837552	21.475373752089638	20.0	20.275535486742186	19.876208694362212	21.90328579448176	22.011891300329715	21.854492016492095
2018-01-03 16:30:00	22.0	22.05997369101448	21.97305529823987	20.87715593310687	21.01418699009927	20.815591255327682	20.963642801073195	21.100657337454955	20.90208554559733	20.906852871287093	21.043342233769565	20.845531563505105	21.576732923952466	21.697627334859426	21.522418043689925	20.0	20.28784829460471	19.87067685314861	21.961763890884217	22.085108351267564	21.90634826375547
2018-01-03 16:40:00	22.0	22.014008394652564	21.99370637341697	20.913087480735044	21.064179813757512	20.84520541807278	21.00187367243568	21.15309399409871	20.93393410763055	20.94355029369491	21.094069185988488	20.875925863823873	21.632461560943305	21.767811499414293	21.57165216829692	20.0	20.297100557122533	19.86652003955365	22.0	22.112971138564394	21.949244850789903
2018-01-03 16:50:00	22.0	21.985306444628172	22.006601452413427	20.95123417394067	21.116343969218974	20.877054410844625	21.042303579634844	21.207685618909156	20.968001504018858	20.98245710534024	21.14696194937335	20.90854913193406	21.690343065660663	21.840102958672013	21.623059635467165	20.0	20.304328188630087	19.86327284278938	22.0	22.06967310967731	21.968697588405846
2018-01-03 17:00:00	22.0	21.911472324882418	22.0397733033137	20.972534002109736	21.112364105401497	20.90971178179025	21.06739351557295	21.20706900955488	21.00464075740716	21.00446491429977	21.143652931146853	20.94193116760035	21.73741685671726	21.8628524632023	21.68106172916601	20.0	20.32660604603174	19.853263950333567	22.0	22.05606520382337	21.97481128523878
2018-01-03 17:10:00	22.0	21.97038041220173	22.013307351039806	20.970472934458222	21.11289180352061	20.906487645459173	21.06779680322455	21.210047606215294	21.003887022170744	21.00315667369333	21.144915716608857	20.939467828325483	21.760845552474123	21.88847324278207	21.703505575669105	20.0	20.359913083588303	19.838299918967575	22.0	22.087819222888957	21.960544986818007
2018-01-03 17:20:00	22.0	22.009002128558382	21.995955565430293	20.96911225198683	21.1140835948577	20.903980199392674	21.068877941655458	21.21366688100145	21.003827838471032	21.002541192281896	21.146834939290336	20.937713566814338	21.78476410514426	21.91455879497122	21.726450548845186	20.0	20.381926902028653	19.828409652711766	22.0	22.105381094459386	21.9526548706052
2018-01-03 17:30:00	22.0	22.034417418910643	21.98453710164884	20.96839963232198	21.115910662960083	20.902126560586023	21.07058198059069	21.217896629072488	21.004397138519153	21.00256602176456	21.149381860111525	20.936605282797082	21.809137604228123	21.94108968466132	21.749854785482768	20.0	20.39648963211264	19.82186697687693	22.0	22.11512020044444	21.94827933023511
2018-01-03 17:40:00	22.0	22.051142003125996	21.977023158015854	20.96832853629382	21.118366563421688	20.900920147294343	21.072902823572946	21.222730839403603	21.005588787475112	21.00322474166467	21.15255013606582	20.93613652099169	21.833962650894172	21.968062558496975	21.773714866319004	20.0	20.406123254052428	19.817538827889493	22.0	22.120521084063263	21.94585284629042
2018-01-03 17:50:00	22.0	22.06214765041668	21.972078591841782	20.968892429441812	21.121444901173817	20.900354362431784	21.075834341096105	21.22816348105355	21.007396611550007	21.004510950533003	21.156333516037243	20.93630081240791	21.85923584723154	21.995474095940757	21.798027358681022	20.0	20.41249614370689	19.814675645580966	22.0	22.123516178715203	21.944507224055485
2018-01-03 18:00:00	21.9880055205192	22.074542839284355	21.949126435276884	20.90481137453027	21.01648493982306	20.85463919302191	21.014449813674215	21.125281335836085	20.96465594139859	20.941170649167148	21.052142948027942	20.891313529389112	21.82930561813896	21.921981132190613	21.787668792985322	20.0	20.452656752474702	19.79663247352586	21.929874940750732	22.027061123438614	21.886211583311248
2018-01-03 18:10:00	21.95567842852584	22.010836784441693	21.930897138186836	20.860609225561685	20.940998874526095	20.824492136896513	20.97349472588597	21.0525530804861	20.937975754978666	20.897768740025537	20.977478368504084	20.861957167810537	21.816978637268726	21.875883193792593	21.790514271294235	20.0	20.479424284132797	19.78460648104179	21.862456519851808	21.926275961116815	21.833784017254484
2018-01-03 18:20:00	21.9103557085497	21.934438517865097	21.89953589566887	20.803485481260942	20.85286398889165	20.781300934354388	20.919579445566455	20.9671415608479	20.898210958990735	20.84143398015811	20.89015364866568	20.819545433437323	21.791309944574017	21.816736486388585	21.779886425787762	20.0	20.502303010693755	19.77432763287672	21.77210408936661	21.80306560106761	21.758193844979203
2018-01-03 18:30:00	21.852156017327243	21.845422649464926	21.855181153613216	20.733607391030056	20.75222678063396	20.7252421580196	20.852870130440646	20.869192599180117	20.84553684738378	20.772333155957185	20.79031476220004	20.764254463297355	21.752423326378622	21.744651602289412	21.755914970534647	20.0	20.52260394077705	19.76520692515814	21.659225476630894	21.65781247318932	21.65986030426407
2018-01-03 18:40:00	21.78115266199169	21.74380800433336	21.797930696591813	20.651104948759507	20.639214774855425	20.656446910948297	20.77349346804781	20.75883010256491	20.780081356887955	20.690595408436497	20.67808840323018	20.69621449773209	21.7004183221501	21.659726020439624	21.71870037074466	20.0	20.54119959971432	19.756852353751537	21.524189587898356	21.490877843548986	21.539155733910388
2018-01-03 18:50:00	21.697374997320285	21.62952914225308	21.72785646843743	20.556106842985695	20.51395410708882	20.575045028678495	20.681575167707106	20.63617739759708	20.701971267321756	20.59634856777364	20.553599836696584	20.615554519416957	21.635393713651112	21.56205641964821	21.668342352985746	20.0	20.55866717922648	19.749004600637377	21.36735920248533	21.302616697051693	21.396446415071456
2018-01-03 19:00:00	21.563238926188742	21.44393633573913	21.616838640738568	20.41068542594945	20.317438172035438	20.452579119736907	20.539166203282225	20.441914579173407	20.582858961939813	20.451687251021	20.357895210762724	20.49382570389066	21.5245062554973	21.396153064079307	21.5821721820764	20.0	20.5954226048303	19.732491293482035	21.14138361627608	21.02299414169056	21.19457309036523
2018-01-03 19:10:00	21.463226025346977	21.345908942889057	21.515933700074445	20.298292205157736	20.207261392253336	20.33919010660754	20.429662121794305	20.334599754379546	20.472371301357455	20.340129067165044	20.24853344012761	20.38128072568911	21.442320760701197	21.315705656485825	21.499205807522593	20.0	20.620922106330756	19.721034995706475	20.956242699907524	20.84181969549275	21.007650136673583
2018-01-03 19:20:00	21.364067428885356	21.24872417146742	21.415888312652832	20.187035199243827	20.098203627696904	20.226945035735927	20.321235131951525	20.22834610912363	20.36296788133797	20.22968987512973	20.14027406595643	20.2698621951931	21.36075216365276	21.235863584418972	21.41686152533751	20.0	20.637789395372884	19.713456938310735	20.774121065840344	20.66360837705448	20.82377169413544
2018-01-03 19:30:00	21.265766266133088	21.152379679326085	21.316708066002896	20.07691245927227	19.990257795772095	20.115844264612928	20.213883481816755	20.123146093571933	20.254649554796313	20.12036813062369	20.03311013268362	20.159570999263433	21.279797890502927	21.15662289645359	21.335137380583063	20.0	20.648947518882302	19.70844386832824	20.59498168588243	20.488315667761455	20.642904099820843
2018-01-03 19:40:00	21.16831513746364	21.056868289920764	21.21838546027276	20.0	19.95869719791743	20.01855633137043	20.10759655904514	20.018989461112177	20.147405545072996	20.012152480867762	19.92703045696475	20.050395708998103	21.199453316660055	21.07797905074711	21.254028711490513	20.0	20.656328889128705	19.70512760053638	20.418775544412956	20.315893256403566	20.46499802163457
2018-01-03 19:50:00	21.071706702147758	20.962182825951444	21.120913081308423	20.0	20.091486780722605	19.958897243443474	20.002363814145145	19.915865889836837	20.04122520042859	20.0	20.044662800595557	19.979934104080264	21.119713817183996	20.999927455020796	21.173530878445728	20.0	20.661211845181175	19.702933808686716	20.245454599584598	20.146294098155078	20.290004969792065
2018-01-03 20:00:00	20.94503948905118	20.820062383708947	21.001188623335366	20.0	20.203388503912002	19.908622556213455	20.0	20.079999726181963	19.96405809403419	20.0	20.170803525611277	19.923262184145663	21.013627063261783	20.87698413945168	21.075017362364868	20.0	20.680832056604384	19.694118931090784	20.035936907571873	19.921877598670825	20.087180944904226
2018-01-03 20:10:00	20.832394729644793	20.697398987623114	20.893044990553086	20.0	20.260336115943147	19.883037397184967	20.0	20.175379047673417	19.921206514813395	20.0	20.237071973606927	19.893489403162107	20.918101399371153	20.770515112858885	20.984408281717247	20.0	20.69100169137296	19.68954996474548	20.0	20.04286356661179	19.980742455580213
2018-01-03 20:20:00	20.718776945707173	20.573787970154584	20.7839169202308	20.0	20.296225376904225	19.866913236463326	20.0	20.23643980789571	19.89377341964106	20.0	20.27909459632336	19.874609674115597	20.821349804935057	20.662849748276138	20.89255997531805	20.0	20.69662392462435	19.687024033864418	20.0	20.165094535813648	19.925827092605466
2018-01-03 20:30:00	20.604209509013423	20.449246203328975	20.673830704320928	20.0	20.318259842769763	19.857013693828083	20.0	20.274951758818	19.87647094893684	20.0	20.305165301352446	19.862896748667744	20.72338943268332	20.55400114802638	20.799491415645132	20.0	20.69923614388622	19.685850428109084	20.0	20.230712892973013	19.89634638141792
2018-01-03 20:40:00	20.488700606590083	20.323781710776267	20.56279460326006	20.0	20.331193047608444	19.85120312353824	20.0	20.298663545360064	19.865817827446932	20.0	20.320755131547422	19.855892622058406	20.62422939611667	20.443978277973354	20.705211782528885	20.0	20.699857169125814	19.685571416769562	20.0	20.264928048836634	19.880974354870503
2018-01-03 20:50:00	20.372258386068324	20.19740248601849	20.450816833916804	20.0	20.338147583720676	19.84807862180666	20.0	20.31266105629818	19.859529090648643	20.0	20.329458700806615	19.851982322826018	20.523878739818084	20.33279000536514	20.60973020022448	20.0	20.699160972107357	19.685884200937274	20.0	20.281728431629194	19.87342635680428
2018-01-03 21:00:00	20.254890908013213	20.07011641300861	20.337905536203685	20.0	20.341174700243688	19.846718612933998	20.0	20.320282478193416	19.856104973565277	20.0	20.333637783251223	19.850104764046556	20.422346422845365	20.220445082229098	20.5130557208034	20.0	20.697593401202134	19.686588471923677	20.0	20.28887137597952	19.870217207893262
2018-01-03 21:10:00	20.14857351414013	19.968441398061902	20.22950243585644	20.0	20.3400421762348	19.84722742806843	20.0	20.32201667374042	19.855325842232567	20.0	20.33327491336961	19.850267792544095	20.331832020296396	20.134518984853173	20.42047990578538	20.0	20.695602187180853	19.687483075324543	20.0	20.29043613119508	19.869514201926847
2018-01-03 21:20:00	20.043803755290718	19.868284540993116	20.122660213888196	20.0	20.339302665677085	19.847559671942186	20.0	20.32315976813048	19.854812278086314	20.0	20.333040957276733	19.850372903252484	20.242631994713783	20.04988048505099	20.329230499055033	20.0	20.694285959241142	19.688074424109054	20.0	20.291306765030157	19.869123047595153
2018-01-03 21:30:00	20.0	19.909169266756372	20.040808010587718	20.0	20.338816870777816	19.847777927621568	20.0	20.32391004553066	19.8544751969355	20.0	20.33288723444831	19.85044196713192	20.154738821893112	19.96652110263353	20.23930040590829	20.0	20.693415242055806	19.68846561588797	20.0	20.29178957535726	19.86890613281051
2018-01-03 21:40:00	20.0	20.023733572480104	19.98933709062488	20.0	20.338497749446017	19.847921300973532	20.0	20.324402499658888	19.854253949428617	20.0	20.332786233779665	19.850487344243923	20.068142737380267	19.884431422459706	20.150679704953273	20.0	20.692839241907063	19.688724398563494	20.0	20.292057319948995	19.868785841762048
2018-01-03 21:50:00	20.0	20.09912973977597	19.955463450245578	20.0	20.338288116887945	19.848015483717013	20.0	20.324725728191943	19.854108730812314	20.0	20.332719873200134	19.850517158417336	20.0	19.845366437257816	20.069473049927648	20.0	20.692458204094084	19.688895589464977	20.0	20.29220579888823	19.868719133832826
2018-01-03 22:00:00	20.0	20.162106904002528	19.927169361969877	20.0	20.35172214810986	19.84197990447238	20.0	20.33875697679135	19.84780483651403	20.0	20.34621467011431	19.844454278644296	20.0	19.972859091511026	20.012193741495047	20.0	20.70129788834053	19.68492413712237	20.0	20.304627418540026	19.863138406163177
2018-01-03 22:10:00	20.0	20.192799721217273	19.913379835395137	20.0	20.350677996761387	19.842449015947786	20.0	20.33771760691416	19.848271799792187	20.0	20.34519102283798	19.844914178145256	20.0	20.047156022643733	19.978813960841222	20.0	20.7058255332084	19.682889977833906	20.0	20.3033120421315	19.863729372375705
2018-01-03 22:20:00	20.0	20.21301139628841	19.904299227754482	20.0	20.350006158409812	19.842750856366607	20.0	20.33705055621946	19.848571489234736	20.0	20.344532643317784	19.845209971842735	20.0	20.095795391228716	19.956961490897246	20.0	20.708822070495238	19.681543707458662	20.0	20.302592492723168	19.86405264819684
2018-01-03 22:30:00	20.0	20.2263116779368	19.89832373889796	20.0	20.349564804175483	19.84294914595015	20.0	20.336612706741647	19.84876820421752	20.0	20.34410004727922	19.8454043265847	20.0	20.127631458740407	19.942658330131124	20.0	20.710804349096215	19.680653118521988	20.0	20.302193451663207	19.864231927513636
2018-01-03 22:40:00	20.0	20.235063933414295	19.8943915661472	20.0	20.349274876267827	19.843079403415906	20.0	20.33632531878793	19.848897320544552	20.0	20.34381581834697	19.84553202364122	20.0	20.148469219241903	19.9332964377319	20.0	20.712115673133358	19.680063972940083	20.0	20.301972161797757	19.864331347598114
2018-01-03 22:50:00	20.0	20.240823358496257	19.891803998356757	20.0	20.349084421088087	19.84316497023579	20.0	20.336136688106205	19.848982067662423	20.0	20.343629071157714	19.845615924552334	20.0	20.16210822356738	19.927168769121906	20.0	20.71298314490427	19.679674239245905	20.0	20.30184944458227	19.864386481419558
2018-01-03 23:00:00	20.0	20.231250647745377	19.896104781447733	20.0	20.335387568640403	19.849318628581855	20.0	20.32219378296349	19.855246271422196	20.0	20.32996797315644	19.851753519306527	20.0	20.159974717168318	19.928127300982354	20.0	20.704465247808024	19.68350112055002	20.0	20.289442110773447	19.86996079081193
2018-01-03 23:10:00	20.0	20.236971606769643	19.893534495509293	20.0	20.337522832375594	19.84835930719358	20.0	20.324652902274142	19.854141449702922	20.0	20.332137738406075	19.850778697237857	20.0	20.169405851914497	19.923890124502183	20.0	20.70002824296219	19.68549455750974	20.0	20.29094350258227	19.86928625246304
2018-01-03 23:20:00	20.0	20.239480913174862	19.892407125964915	20.0	20.337674780007685	19.848291040866116	20.0	20.324995136966585	19.853987692087475	20.0	20.33231403404106	19.850699491952568	20.0	20.174237721044193	19.921719284748267	20.0	20.69620524284218	19.687212137273804	20.0	20.290024866830723	19.869698972873152
2018-01-03 23:30:00	20.0	20.23989439719585	19.892221357781573	20.0	20.336541533997007	19.848800180378163	20.0	20.32396697640864	19.854449619294666	20.0	20.331198344958583	19.851200743569336	20.0	20.176071943946805	19.92089521358912	20.0	20.69279062348165	19.688746241624187	20.0	20.287776421914494	19.870709143777546
2018-01-03 23:40:00	20.0	20.238928702176853	19.892655220761128	20.0	20.33456401319672	19.849688631752205	20.0	20.32203931281972	19.85531567105201	20.0	20.329233755387314	19.852083385260777	20.0	20.17594409287286	19.92095265392669	20.0	20.68964615552317	19.690158973605534	20.0	20.28479051159287	19.87205063971915
2018-01-03 23:50:00	20.0	20.237055437287374	19.893496832523066	20.0	20.33203188361963	19.850826255185385	20.0	20.319521248650403	19.856446975244026	20.0	20.326711412004382	19.85321661199803	20.0	20.174531999515597	19.9215870726814	20.0	20.686680399081737	19.69149141490531	20.0	20.2813956363052	19.87357587354404
2018-01-04 00:00:00	20.0	20.261348954035267	19.88258235398416	20.0	20.35631696796109	19.839915565118936	20.0	20.344294041597337	19.84531716971714	20.0	20.35093764954219	19.84233236035061	20.0	20.194429841670047	19.912647462438095	20.0	20.7020204993531	19.684599485797886	20.0	20.302466323840903	19.86410933276713
2018-01-04 00:10:00	20.0	20.253269485967277	19.88621225992775	20.0	20.34997239604602	19.842766024964835	20.0	20.337376562219713	19.84842502277086	20.0	20.344524761076904	19.845213513139356	20.0	20.18609860040418	19.916390483876384	20.0	20.7087182344663	19.68159035842819	20.0	20.29578163155126	19.867112600317547
2018-01-04 00:20:00	20.0	20.247984696371464	19.888586585688184	20.0	20.34583639575573	19.844624227993805	20.0	20.332870447742852	19.850449508985093	20.0	20.340343323299873	19.847092130111648	20.0	20.18066784716382	19.918830387506112	20.0	20.7131525835373	19.679598114642666	20.0	20.29209676673259	19.868768119294053
2018-01-04 00:30:00	20.0	20.244506997268733	19.8901490302126	20.0	20.343119390856423	19.845844911354362	20.0	20.32991275347359	19.85177832814955	20.0	20.337595944502738	19.848326459716155	20.0	20.17711321684948	19.9204273953285	20.0	20.71608600502478	19.67828020064104	20.0	20.290053283844035	19.869686205809202
2018-01-04 00:40:00	20.0	20.242218496766238	19.891177197105026	20.0	20.341334576600737	19.846646784425758	20.0	20.32797143455439	19.85265051491035	20.0	20.33579083243736	19.84913745209336	20.0	20.17478659417607	19.921472689573072	20.0	20.71802653175724	19.67740836979023	20.0	20.28892006246751	19.870195334253722
2018-01-04 00:50:00	20.0	20.240712548573548	19.891853782524926	20.0	20.340162123049623	19.84717353891974	20.0	20.326697226016062	19.853222985413073	20.0	20.334604818447588	19.849670298958337	20.0	20.173263742953125	19.92215686910802	20.0	20.719310235448507	19.676831633349217	20.0	20.28829163013166	19.87047767341911
2018-01-04 01:00:00	20.0	20.212957549356105	19.904323419854506	20.0	20.312210390121216	19.85973156385859	20.0	20.298182507294165	19.86603394599828	20.0	20.30671052624411	19.86220251719468	20.0	20.150116472318754	19.93255636750897	20.0	20.701971799595558	19.684621365399096	20.0	20.263250773576306	19.881727913320795
2018-01-04 01:10:00	20.0	20.216250497168748	19.902843979532882	20.0	20.313649488758273	19.859085012297015	20.0	20.300029359888157	19.86520420062996	20.0	20.30822647445555	19.861521439012726	20.0	20.153318136173816	19.931117938820464	20.0	20.69318874627313	19.6885673748628	20.0	20.265816679106095	19.88057511518422
2018-01-04 01:20:00	20.0	20.218388829324002	19.901883279579074	20.0	20.31456660425935	19.858672974897978	20.0	20.301211156546685	19.864673248508012	20.0	20.309194025746667	19.861086742055853	20.0	20.15539454169166	19.93018506097911	20.0	20.68737571051963	19.691179028607124	20.0	20.267219758591636	19.87994474613999
2018-01-04 01:30:00	20.0	20.21979599792	19.901251073398264	20.0	20.315169102741507	19.85840228717411	20.0	20.301986888788676	19.86432473112393	20.0	20.30982977788672	19.860801114282786	20.0	20.156753638226114	19.92957445239117	20.0	20.683530251955737	19.692906698396698	20.0	20.267997866443288	19.879595161453018
2018-01-04 01:40:00	20.0	20.220721985949606	19.900835049790757	20.0	20.31556488725057	19.8582244709454	20.0	20.302496050449406	19.86409597733433	20.0	20.310247486751194	19.86061344798135	20.0	20.157643212087915	19.929174788772098	20.0	20.68098638955225	19.694049593099713	20.0	20.268429369541046	19.879401297742433
2018-01-04 01:50:00	20.0	20.221331332889342	19.90056128522363	20.0	20.31582488027136	19.858107662486784	20.0	20.302830245183905	19.863945831873902	20.0	20.31052193446314	19.86049014538613	20.0	20.158225467765885	19.928913195641417	20.0	20.679303564003007	19.69480564515807	20.0	20.26866866147906	19.87929378977028
2018-01-04 02:00:00	20.0	20.221732313983107	19.900381134297447	20.0	20.3159956711166	19.85803093036791	20.0	20.303049598150047	19.863847281990555	20.0	20.310702255143166	19.860409131747275	20.0	20.158606573471886	19.92874197423727	20.0	20.678190334834117	19.69530579159627	20.0	20.268801361874306	19.879234170752127
2018-01-04 02:10:00	20.0	20.221996179815623	19.900262585879936	20.0	20.31610786456215	19.857980524617012	20.0	20.303193573260177	19.863782597520796	20.0	20.310820731436706	19.860355903267575	20.0	20.158856019831056	19.928629904133878	20.0	20.677453907232948	19.6956366503736	20.0	20.268874951461296	19.879201108763766
2018-01-04 02:20:00	20.0	20.222169816873965	19.900184575027637	20.0	20.31618156505352	19.857947412802048	20.0	20.303288073155816	19.86374014104594	20.0	20.31089857404524	19.860320930501416	20.0	20.159019290769553	19.92855655052383	20.0	20.67696674284041	19.695855521332568	20.0	20.268915760889996	19.879182774092904
2018-01-04 02:30:00	20.0	20.222284078837117	19.900133239942747	20.0	20.31622997931163	19.857925661468695	20.0	20.30335009936463	19.863712274198498	20.0	20.31094971905947	19.860297952306617	20.0	20.159126157028602	19.928508538146573	20.0	20.676644471995388	19.696000309683228	20.0	20.268938391937905	19.879172606520655
2018-01-04 02:40:00	20.0	20.222359268985716	19.90009945886149	20.0	20.316261782904018	19.8579113728982	20.0	20.303390811055916	19.863693983438644	20.0	20.31098332292405	19.860282854918182	20.0	20.159196104549387	19.92847711244883	20.0	20.67643128215814	19.6960960906246	20.0	20.268950942084917	19.879166968048807
2018-01-04 02:50:00	20.0	20.222408747904947	19.900077229202125	20.0	20.316282674858815	19.857901986657634	20.0	20.303417532692595	19.86368197806565	20.0	20.31100540170785	19.860272935464593	20.0	20.159241887528065	19.928456543284494	20.0	20.67629025200474	19.696159451997865	20.0	20.268957901824024	19.879163841209493
2018-01-04 03:00:00	20.0	20.2222344294502	19.90015554618904	20.0	20.31609243131129	19.85798745839638	20.0	20.303219704968846	19.863770857187912	20.0	20.310814940253998	19.860358505103278	20.0	20.159115698206683	19.92851323703758	20.0	20.67617479726699	19.696211322967	20.0	20.268887823025214	19.879195325887217
2018-01-04 03:10:00	20.0	20.222432592947758	19.90006651621188	20.0	20.31630324629741	19.857892744417107	20.0	20.303437803039817	19.863672871098057	20.0	20.311027750797656	19.86026289456917	20.0	20.159278370878052	19.92844015221421	20.0	20.67634863232233	19.696133223159528	20.0	20.26908872835217	19.87910506407366
2018-01-04 03:20:00	20.0	20.222562579513	19.900008116450685	20.0	20.31644125294745	19.85783074142941	20.0	20.303580439902987	19.863608787869676	20.0	20.311167088973537	19.860200293359718	20.0	20.159384589071394	19.92839243099691	20.0	20.676463364148372	19.696081676976814	20.0	20.269199851922988	19.879055138991117
2018-01-04 03:30:00	20.0	20.222648117806433	19.89996968620291	20.0	20.31653191097125	19.857790011012916	20.0	20.303674062198148	19.863566725679092	20.0	20.311258639197238	19.860159162099794	20.0	20.15945411268707	19.92836119574929	20.0	20.67653926227501	19.69604757781847	20.0	20.269261476349165	19.879027452654718
2018-01-04 03:40:00	20.0	20.222704406334667	19.899944397153995	20.0	20.316591464733552	19.857763254974785	20.0	20.30373551239112	19.863539117621382	20.0	20.311318790548697	19.860132137579573	20.0	20.159499618210386	19.928340751238814	20.0	20.676589470701234	19.696025020409586	20.0	20.269295650451987	19.87901209907229
2018-01-04 03:50:00	20.0	20.222741447036896	19.899927755679077	20.0	20.316630585933318	19.857745678783576	20.0	20.303775846013146	19.863520996718737	20.0	20.311358311862794	19.860114381626865	20.0	20.159529403091877	19.928327369625386	20.0	20.67662268477631	19.69601009814398	20.0	20.269314601854617	19.879003584674013
2018-01-04 04:00:00	20.0	20.19312157299855	19.91323523531949	20.0	20.286555621635745	19.871257619265098	20.0	20.273143906845224	19.87728317228693	20.0	20.281355776937332	19.873593781375984	20.0	20.13502946953416	19.939334586151325	20.0	20.65661642479376	19.704998417846284	20.0	20.242090667401843	19.89123462768903
2018-01-04 04:10:00	20.0	20.197651340931007	19.911200122190415	20.0	20.2889108912862	19.87019945463953	20.0	20.27600021930764	19.875999901470486	20.0	20.28380387062123	19.87249391319916	20.0	20.13942267658688	19.937360826460967	20.0	20.64658373146768	19.70950585977539	20.0	20.245327426666826	19.889780431497513
2018-01-04 04:20:00	20.0	20.200600274067117	19.909875239187237	20.0	20.29042652748817	19.869518516635747	20.0	20.27784101689441	19.875172876467733	20.0	20.285380523511726	19.871785561900534	20.0	20.142276801361277	19.93607853851885	20.0	20.63994347533461	19.712489163255462	20.0	20.247100246622413	19.888983947169642
2018-01-04 04:30:00	20.0	20.20254086510332	19.909003379446332	20.0	20.291422203225128	19.86907118405827	20.0	20.279049299281905	19.874630024960304	20.0	20.286416480174275	19.87132013209562	20.0	20.144144944591304	19.935239227792316	20.0	20.635550786542815	19.71446269010395	20.0	20.248083399752012	19.888542240691123
2018-01-04 04:40:00	20.0	20.203817873124425	19.908429651204965	20.0	20.292076268652153	19.868777328576567	20.0	20.27984237150168	19.874273717151418	20.0	20.287097136500346	19.871014329978106	20.0	20.14536770727618	19.934689870644036	20.0	20.632644915118053	19.715768226541165	20.0	20.24862861232507	19.888297290114824
2018-01-04 04:50:00	20.0	20.204658209664917	19.908052108701266	20.0	20.292505928238178	19.868584293110384	20.0	20.280362915053082	19.87403984975876	20.0	20.287544349299395	19.870813408285777	20.0	20.14616804666584	19.93433029787477	20.0	20.630722609867984	19.716631870928875	20.0	20.248930962750986	19.888161451517675
2018-01-04 05:00:00	20.0	20.20786886787318	19.906609639071466	20.0	20.295487864332326	19.867244582691274	20.0	20.283452922400365	19.872651585588244	20.0	20.290531132087118	19.869471520366655	20.0	20.148892811820566	19.933106128022647	20.0	20.631267715149246	19.716386968556137	20.0	20.251561175268886	19.88697976183572
2018-01-04 05:10:00	20.0	20.20785425072424	19.906616206196354	20.0	20.295497036226042	19.8672404619854	20.0	20.283456299639745	19.8726500682778	20.0	20.290539796680047	19.86946762757853	20.0	20.14886323051464	19.933119418174584	20.0	20.63138229310745	19.71633549150245	20.0	20.251396233323923	19.887053866187802
2018-01-04 05:20:00	20.0	20.20784745569445	19.906619259035825	20.0	20.29550584352323	19.867236505083767	20.0	20.283461512700736	19.872647726177938	20.0	20.290548295032494	19.86946380947816	20.0	20.148845765656848	19.933127264704897	20.0	20.631458349184207	19.716301321381007	20.0	20.251306724572185	19.88709408026467
2018-01-04 05:30:00	20.0	20.207842980469607	19.906621269644088	20.0	20.295511625120138	19.86723390755472	20.0	20.28346492992849	19.872646190901698	20.0	20.29055387469074	19.869461302675173	20.0	20.14883433233386	19.933132401415225	20.0	20.631508661867848	19.716278717131836	20.0	20.251257084670765	19.88711638224937
2018-01-04 05:40:00	20.0	20.207840035548045	19.90662259272479	20.0	20.29551542309206	19.867232201219508	20.0	20.283467172878176	19.872645183199666	20.0	20.29055754070883	19.86945965562357	20.0	20.14882684884123	19.933135763564085	20.0	20.631541944941134	19.716263763867026	20.0	20.25122955661368	19.88712874992719
2018-01-04 05:50:00	20.0	20.207838097639215	19.90662346337948	20.0	20.295517918002954	19.867231080317513	20.0	20.28346864506811	19.872644521780998	20.0	20.290559949399032	19.869458573458406	20.0	20.148821950642947	19.933137964203894	20.0	20.63156396250964	19.716253871915956	20.0	20.251214290789544	19.887135608485856
2018-01-04 06:00:00	20.0	20.207836822396228	19.906624036314735	20.0	20.29551955692514	19.867230343990155	20.0	20.28346961135961	19.872644087650038	20.0	20.29056153198485	19.86945786244159	20.0	20.14881874460727	19.933139404596737	20.0	20.631578527670676	19.716247328147954	20.0	20.251205825049084	19.88713941193447
2018-01-04 06:10:00	20.0	20.213978715096896	19.903864635246318	20.0	20.301628793149735	19.864485614671857	20.0	20.29005208411823	19.86968674481645	20.0	20.296630235284166	19.866731343567984	20.0	20.1569091555622	19.929504582283652	20.0	20.630997369251308	19.71650842830738	20.0	20.252061903704593	19.88675479688634
2018-01-04 06:20:00	20.0	20.212021658911357	19.90474389237316	20.0	20.29966485850762	19.865367962119766	20.0	20.28829859777897	19.87047454302685	20.0	20.29464783473484	19.867621987293045	20.0	20.15576877012683	19.930016929363312	20.0	20.62632854600349	19.718606015563648	20.0	20.244120172791106	19.890322820919938
2018-01-04 06:30:00	20.0	20.204751196021473	19.908010332222233	20.0	20.29241485430221	19.868625210385964	20.0	20.281092422766175	19.873712099916645	20.0	20.28739288796731	19.87088145613063	20.0	20.148601720327832	19.93323690825851	20.0	20.61895953497109	19.72191673066516	20.0	20.23131077530758	19.896077767615438
2018-01-04 06:40:00	20.0	20.193984221970748	19.91284766838995	20.0	20.281692376674588	19.87344255540707	20.0	20.270307272907836	19.878557602026923	20.0	20.2766736890285	19.87569732811763	20.0	20.137489996163243	19.938229132158547	20.0	20.6098042794239	19.726029961418245	20.0	20.215801976262686	19.90304548892546
2018-01-04 06:50:00	20.0	20.180916357622863	19.918718737879583	20.0	20.26868880382737	19.879284740309444	20.0	20.25717301876297	19.884458498816638	20.0	20.263678362055	19.8815358083521	20.0	20.123796358010367	19.94438134640114	20.0	20.599467379320444	19.730674075957477	20.0	20.198796207346373	19.91068576191685
2018-01-04 07:00:00	20.0	20.179663700137503	19.91928152602518	20.0	20.26772557981452	19.87971749312681	20.0	20.25628121124663	19.884859165961664	20.0	20.262692854343737	19.88197857268615	20.0	20.119448232888345	19.946334851890747	20.0	20.59743696350028	19.731586291760742	20.0	20.19328763187679	19.913160629156806
2018-01-04 07:10:00	20.0	20.154426503179035	19.930619976832606	20.0	20.243630231899047	19.89054293929173	20.0	20.231163753817352	19.896143820748723	20.0	20.238620392327352	19.89279373678047	20.0	20.090882510053174	19.959168727367416	20.0	20.591277290187573	19.734353681220075	20.0	20.172579018955165	19.92246449873029
2018-01-04 07:20:00	20.0	20.1394008289737	19.937370642055292	20.0	20.22937888518398	19.896945718250677	20.0	20.216282214142886	19.902829729877837	20.0	20.224379298712744	19.899191909273984	20.0	20.073874441722147	19.966810033429184	20.0	20.588315793617927	19.735684208664406	20.0	20.16329267700437	19.926636623374847
2018-01-04 07:30:00	20.0	20.13106035888788	19.94111780977501	20.0	20.221558395611254	19.900459271536974	20.0	20.20808048399181	19.906514565163107	20.0	20.216561831955012	19.90270410448398	20.0	20.06440257302567	19.97106551066963	20.0	20.58746370447565	19.736067031322534	20.0	20.160316642197394	19.927973682491025
2018-01-04 07:40:00	20.0	20.127119139957763	19.942888502337816	20.0	20.217962425680202	19.902074852230633	20.0	20.20426319128189	19.90822958072843	20.0	20.21296494253153	19.904320098282938	20.00203060912173	20.064803857962676	19.973828135004783	20.0	20.588007046228817	19.735822921259516	20.0	20.16084004842535	19.927738528968323
2018-01-04 07:50:00	20.0	20.126072852576346	19.943358573480193	20.0	20.21714156791605	19.902443643400034	20.0	20.2033236825654	19.908651678847427	20.0	20.212141105375498	19.904690228019703	20.01069290801484	20.08357073876511	19.977950694199507	20.0	20.589473499425374	19.735164079968307	20.0	20.163304086787136	19.926631497240564
2018-01-04 08:00:00	20.0	20.113602284129634	19.94896129263741	20.0	20.204604898522376	19.90807606008415	20.0	20.190488732966717	19.914418105478724	20.0	20.19963395630704	19.91030938194901	20.035462141760704	20.128691410140977	19.993576528430435	20.0	20.582462442409298	19.738313975149445	20.0	20.154516973237303	19.9305793308644
2018-01-04 08:10:00	20.0	20.12081938554564	19.94571882678384	20.0	20.210885057297784	19.90525453947491	20.0	20.197227543493756	19.91139052393759	20.0	20.20592982495656	19.907480803280386	20.029572741418264	20.10724010178214	19.99467870995044	20.0	20.57990550538603	19.739462743957	20.0	20.160428169347906	19.927923576090073
2018-01-04 08:20:00	20.0	20.123998845966913	19.944290373551095	20.0	20.21344626264256	19.904103853015663	20.0	20.20005987395663	19.910118027642675	20.0	20.20850392774734	19.90632432231641	20.02117196513812	20.08335456855771	19.993234853456855	20.0	20.5771036411605	19.740721552522093	20.0	20.161516824444394	19.927434470177158
2018-01-04 08:30:00	20.0	20.124543889133328	19.94404549908502	20.0	20.213587411775784	19.90404043818769	20.0	20.20035292863722	19.90998636539487	20.0	20.208655795833444	19.906256091727005	20.010261770872006	20.0570220034129	19.989253550455086	20.0	20.5741431236948	19.742051640079147	20.0	20.159946782677444	19.92813985126086
2018-01-04 08:40:00	20.0	20.123355320650102	19.944579493620967	20.0	20.212138777969393	19.90469127366592	20.0	20.19897925803213	19.910603521753686	20.0	20.207216145804413	19.90690289101541	20.0	20.035894665432455	19.983873411182522	20.0	20.571077649660676	19.743428882036508	20.0	20.156902327688123	19.92950764987925
2018-01-04 08:50:00	20.0	20.121025946890878	19.94562602386062	20.0	20.209645805844907	19.905811304620407	20.0	20.19651161076502	19.91171217487369	20.0	20.20473081773499	19.90801948768428	20.0	20.04178985252395	19.98122484886605	20.0	20.56794274428839	19.74483731778348	20.0	20.153040229327726	19.931242795519424
2018-01-04 09:00:00	20.0	20.094359652592747	19.957606532893116	20.0	20.180830582237544	19.9187572746469	20.0	20.167296748814504	19.924837692561596	20.0	20.175985235507707	19.92093416955451	20.0	20.023445842966076	19.989466360406542	20.0	20.546640818106997	19.754407748386715	20.0	20.12465645322144	19.943994926813552
2018-01-04 09:10:00	20.0	20.09042719766058	19.95937328800757	20.0	20.176037385085486	19.92091074003406	20.0	20.16275140260365	19.926879804627347	20.0	20.17129105557202	19.923043148945904	20.0	20.023512193118737	19.989436550917667	20.0	20.533530218219905	19.760298017901206	20.0	20.120948277991396	19.945660918583574
2018-01-04 09:20:00	20.0	20.08782135951649	19.960544026883895	20.0	20.172868521703727	19.92233443227804	20.0	20.159746341922947	19.92822990435345	20.0	20.168186439896377	19.92443797627844	20.0	20.02354298281879	19.989422717864016	20.0	20.524856192037518	19.76419504415706	20.0	20.118877351723643	19.94659133473285
2018-01-04 09:30:00	20.0	20.086106608033774	19.961314422477585	20.0	20.170786903605343	19.9232696520034	20.0	20.15777396114053	19.929116046444104	20.0	20.166146637071417	19.925354409431684	20.0	20.02356314895348	19.989413657716547	20.0	20.51911810834748	19.76677302378592	20.0	20.117728925643075	19.947107294276297
2018-01-04 09:40:00	20.0	20.084978213352493	19.961821382406853	20.0	20.169419475133193	19.923884003925668	20.0	20.156479361877317	19.929697677997147	20.0	20.164806421123654	19.9259565354372	20.0	20.02357634836002	19.989407727548393	20.0	20.51532222278743	19.768478421646233	20.0	20.117092059571377	19.947393422511407
2018-01-04 09:50:00	20.0	20.08423567162927	19.962154988108587	20.0	20.16852120250009	19.924287575688364	20.0	20.15562963387034	19.93007943985535	20.0	20.16392585624305	19.926352151542975	20.0	20.02358498782015	19.989403846051825	20.0	20.512811149760417	19.769606584890248	20.0	20.116738881960227	19.94755209651062
2018-01-04 10:00:00	20.0	20.11344308917899	19.949032815006547	20.0	20.182390177506125	19.918056586917533	20.0	20.170502583340063	19.923397390093594	20.0	20.17777397037454	19.920130535049115	20.0	20.03862742042894	19.982645651691353	20.0	20.51177500451196	19.77007209942216	20.0	20.122381092734866	19.945017190220568
2018-01-04 10:10:00	20.0	20.08775195200307	19.96057520996964	20.0	20.167697171046388	19.92465779271829	20.0	20.155334944139533	19.930211836690933	20.0	20.163086003585292	19.926729476650085	20.002503621950826	20.030946768558348	19.989724816953252	20.0	20.504032687396787	19.773550531749272	20.0	20.10657827618453	19.952117006351877
2018-01-04 10:20:00	20.0	20.07090550697279	19.9681439026644	20.0	20.158079225684517	19.928978898605504	20.0	20.14541636709444	19.934668008986552	20.0	20.153469711838273	19.931049839608885	20.009531554274552	20.03782589541363	19.99681960390772	20.0	20.49891841115836	19.775848250059283	20.0	20.097837610434585	19.956043972123595
2018-01-04 10:30:00	20.0	20.05981959934749	19.97312452782939	20.0	20.15176108559955	19.93181748328136	20.0	20.138906117257804	19.9375929038407	20.0	20.147151449637683	19.933888479148283	20.016506497652465	20.04465318318106	20.003860885313532	20.0	20.495535181375867	19.777368251845623	20.0	20.092990397224273	19.958221705594895
2018-01-04 10:40:00	20.0	20.052524501318935	19.976402035639325	20.0	20.147610657898117	19.933682168190696	20.0	20.1346330248459	19.939512698982274	20.0	20.143000148140786	19.935753556632402	20.023428922559738	20.051429080430303	20.01084914148745	20.0	20.493297090099517	19.77837377111471	20.0	20.090302347788594	19.959429379979035
2018-01-04 10:50:00	20.0	20.04772395112424	19.978558804567385	20.0	20.144884214647128	19.93490709197013	20.0	20.13182832155974	19.940772783067352	20.0	20.14027260948138	19.936978972551852	20.030299217099618	20.05815395078139	20.017784771532448	20.0	20.491816536633788	19.779038947309452	20.0	20.088811674788612	19.960099102631197
2018-01-04 11:00:00	20.009306292113564	20.077850249803426	19.97851118068769	20.0	20.134519608814806	19.939563654010737	20.0	20.122167215976955	19.945113279778447	20.0	20.12993189083561	19.941624802668063	20.05924805567547	20.11586674926715	20.033810671598054	20.0	20.473454968983628	19.787288347268216	20.0	20.07080517369455	19.968188979934332
2018-01-04 11:10:00	20.046791625674036	20.129266836182246	20.00973754559064	20.0	20.115298263100055	19.948199331070985	20.0	20.102603981884855	19.953902558863312	20.0	20.11079970602711	19.950220421929853	20.095219885828346	20.166707859904285	20.063102100373932	20.0	20.455052959245148	19.79555591686087	20.027314093676562	20.108588446248714	19.990799529477478
2018-01-04 11:20:00	20.086458620831408	20.18283443015836	20.043159344177283	20.0	20.10423291380256	19.953170719885808	20.001224226740586	20.094250226884753	19.95942993682074	20.0	20.099788614952192	19.955167433862062	20.133483865612757	20.219797013898074	20.094705494644003	20.0	20.44399436440976	19.800524271062272	20.061362671850144	20.1579001843587	20.0179907459405
2018-01-04 11:30:00	20.12831754535092	20.238542010987764	20.07879640861553	20.006013251353924	20.11261376588871	19.958120266562933	20.016611891984585	20.124300943077863	19.96822985453688	20.009299804915088	20.115895354886465	19.961409050580126	20.174032215192188	20.27512216872517	20.12861498969187	20.0	20.43778583053412	19.803313612368726	20.099487669773822	20.21120100153554	20.049297622170734
2018-01-04 11:40:00	20.172346828414955	20.29636777930618	20.116627270768177	20.02045384504857	20.141540111625613	19.96605276876033	20.034424126591436	20.156728181442624	19.9794759280351	20.024824436227103	20.145867207994787	19.970442901085104	20.216847736549422	20.332666519125254	20.16481321104434	20.0	20.43478574437231	19.804661477166057	20.141622892734553	20.268426031265022	20.084653366728105
2018-01-04 11:50:00	20.218530704963264	20.35630345646753	20.156632802113506	20.037328038366486	20.172852264554344	19.97644034254295	20.054637874295896	20.191508797416084	19.993145140720152	20.042772232537526	20.178214607784362	19.981921310325177	20.26191336359502	20.392413365069196	20.203282928150102	20.0	20.433908128488444	19.80505576836027	20.187702662320458	20.329510939913796	20.12399169702489
2018-01-04 12:00:00	20.293861918309734	20.47095718148394	20.21429737978218	20.088160694601417	20.261170690662397	20.010431565936337	20.108494283388087	20.283304170201646	20.029956508153	20.094660012267447	20.26752944925024	20.016994033333155	20.335844912536334	20.50509315983561	20.259805844909124	20.0	20.41658817138077	19.812837198365166	20.281900147716872	20.46338553335	20.200363235330975
2018-01-04 12:10:00	20.3502855068104	20.52869657933698	20.27012980755933	20.114439548769692	20.28946126627232	20.035806603225033	20.137735177149498	20.314524478013894	20.05830809994955	20.121938462963715	20.296797757532254	20.043378490041626	20.386461715026435	20.557314732954595	20.309701663493485	20.0	20.404918737166774	19.818079987649718	20.347373215395	20.530194616683602	20.265236064091425
2018-01-04 12:20:00	20.406843553406034	20.586581316880938	20.326091804598462	20.14109588415683	20.31811629465311	20.061564975093283	20.167330867890286	20.346086859972964	20.08702020478068	20.149586339489687	20.326422529378178	20.070138196206457	20.43733839382911	20.609787816726637	20.359861116875138	20.0	20.397199327016523	19.821548128441854	20.41292713865819	20.59707569646595	20.330193728628615
2018-01-04 12:30:00	20.463530084663955	20.64459813879691	20.382180669038988	20.16811473868224	20.347126654373767	20.08768909540055	20.197266738816243	20.3779826249024	20.11607554361811	20.17758864276898	20.3563947172675	20.097255478863858	20.48846703106441	20.66250750695209	20.410274933201833	20.0	20.392092736143006	19.823842393906773	20.478548012636846	20.664022200762894	20.39521902956573
2018-01-04 12:40:00	20.520344064307142	20.702744020273585	20.438396258003365	20.195492445047513	20.37648876740269	20.114175256743017	20.227539425316053	20.410208450927946	20.145470732649834	20.205941802173363	20.386710817205817	20.12472673744864	20.53984573061343	20.715471944664287	20.46094119966304	20.0	20.38871459343167	19.825360110197373	20.544234760976494	20.7310331129514	20.4603108637124
2018-01-04 12:50:00	20.577283847804427	20.761015188999032	20.494737882919893	20.22322533672536	20.406199029613557	20.141019764558198	20.25814556868816	20.44276102236856	20.175202393846245	20.234642263386373	20.41736734500322	20.152548386138225	20.59147261918237	20.768679317911122	20.51185801540567	20.0	20.3864798641453	19.82636411900718	20.609986272746642	20.798107334494333	20.525468114570145
2018-01-04 13:00:00	20.6397559480332	20.820140629860376	20.558713554748536	20.253575191441854	20.43559313288884	20.17179901484973	20.291570549117466	20.475156116181836	20.209090076958116	20.265942584523977	20.4476852592228	20.18429007849986	20.64580146426436	20.82196875654067	20.566653840198192	20.0	20.384723888460822	19.827153035619048	20.67515739937186	20.86152502449262	20.591427017071226
2018-01-04 13:10:00	20.677575299021115	20.84252732401827	20.603466418225295	20.26461854365829	20.43165273452598	20.189574197036574	20.305406007165526	20.473748335008693	20.22977394683019	20.27793010108269	20.444688416927836	20.20300969831168	20.68085747616754	20.840651237566306	20.609066076118815	20.0	20.386544395286116	19.82633512675551	20.716978093707283	20.886458893474092	20.640834545985967
2018-01-04 13:20:00	20.712531724051942	20.86207965475073	20.64534352330321	20.27298067740547	20.425078027611683	20.204647085283842	20.316539543401507	20.469686756868587	20.24773427358296	20.287228601872684	20.439049504506706	20.219019210834208	20.713085307298623	20.856561733239886	20.648624884049653	20.0	20.38663736316407	19.82629335857846	20.753492075542084	20.9061940543712	20.68488683867683
2018-01-04 13:30:00	20.744639793018937	20.878839488376897	20.684347176263913	20.27867615758912	20.4158894166377	20.217029620915124	20.324984496063728	20.46299048609065	20.262981804892217	20.29385241398643	20.43078873743205	20.232330297655782	20.742497948245536	20.86971666689869	20.6853417123289	20.0	20.385591851124623	19.826763081378786	20.78477396034706	20.920809655127556	20.72365647428626
2018-01-04 13:40:00	20.773926826956178	20.892837527323735	20.72050317896496	20.281732186668783	20.40411354858151	20.22674925595437	20.33076755168156	20.453685669177798	20.27554346990789	20.29782862049498	20.419932649609265	20.24297028857406	20.769116609438473	20.880136788333047	20.719237978340907	20.0	20.383793200308418	19.827571170875927	20.81090940499738	20.930389402767027	20.757229985709564
2018-01-04 13:50:00	20.80041965338272	20.904102340909184	20.753837576378068	20.282175664388216	20.389776778307596	20.233833134946178	20.333915125739026	20.441798217266342	20.28544591070501	20.29918401107846	20.40650749914927	20.250966212090123	20.79296232363338	20.88784266654139	20.750334923196448	20.0	20.38149632853127	19.828603098775808	20.83198267467612	20.935015726590205	20.785692462946603
2018-01-04 14:00:00	20.860334547568662	20.966529535743817	20.812623755779818	20.31536045895216	20.426447663354242	20.265451714945424	20.36987035955788	20.481235875317914	20.319836577114966	20.333247716261848	20.444028418930994	20.28347667593224	20.844821320918822	20.943334192414035	20.800561914884746	20.0	20.360582506646345	19.837999163680628	20.8912364887251	20.997539021390274	20.843477379846536
2018-01-04 14:10:00	20.897896620063793	21.000904895801476	20.851617539659905	20.329552852851386	20.4378433114611	20.280900617823836	20.386496581496274	20.4949785122095	20.337758322770046	20.348255176025418	20.456226593319386	20.299746278400594	20.879886183008306	20.974988666756794	20.837158980164787	20.0	20.349606067445503	19.842930607379557	20.928804119701155	21.03157513165684	20.88263163606889
2018-01-04 14:20:00	20.93454326617163	21.03437234120132	20.889692522317695	20.342985349827412	20.44848470329535	20.295587089573697	20.40234422112194	20.507948721111664	20.354898721126556	20.3624959206384	20.467663708195722	20.31524662477931	20.914062979203592	21.005768765365445	20.872861828898998	20.0	20.342341835364476	19.84619424787973	20.964634957759227	21.06390198671783	20.920036727357537
2018-01-04 14:30:00	20.970264668603434	21.06693841387716	20.92683153666885	20.35564665494216	20.45837017684236	20.309495507421776	20.41740099156282	20.520143910038602	20.371241129638914	20.375958433450286	20.478337977881854	20.329961826531754	20.947347330802476	21.035675320617557	20.90766374117542	20.0	20.33753635645606	19.848353231157425	20.998739001503797	21.09453920271966	20.955698331392323
2018-01-04 14:40:00	21.005070297098865	21.09861248882521	20.963044095018894	20.36754465068022	20.467507429082335	20.322633837195216	20.43167475689157	20.531571762175737	20.386793493647954	20.388650605914187	20.488257104154293	20.343899860328055	20.979745969112173	21.064714913085957	20.9415715160225	20.0	20.334357404750598	19.84978145583669	21.03114452136296	21.123514374389156	20.98964502217728
2018-01-04 14:50:00	21.038969215624828	21.129403120339717	20.998339490318138	20.378687119061766	20.475904090723876	20.335009928894728	20.4451733034516	20.542239946339844	20.401563652298915	20.40058024307846	20.497428757162574	20.357068591823275	21.011265564214327	21.092894071673296	20.974591886950154	20.0	20.332254443916355	19.850726264327434	21.061879311684848	21.15085468197219	21.021904869961546
2018-01-04 15:00:00	21.113375167560367	21.213894733981412	21.068214202936424	20.426513994731977	20.5364961645231	20.37710171555046	20.495635589662086	20.605590863649205	20.446235394102654	20.449152925552056	20.558722196865556	20.39992615148368	21.07500406624265	21.170548132588387	21.032078471217748	20.0	20.312344240910644	19.859671427996666	21.13352766652398	21.23587503101841	21.08754551725837
2018-01-04 15:10:00	21.148266624723774	21.248107916369378	21.103410392245316	20.443473385007216	20.553135598332933	20.394204854382615	20.51463387070872	20.624224069155865	20.465397694594788	20.46680126998574	20.57603767209029	20.41772404585181	21.11010182044465	21.204911911780684	21.067505982308173	20.0	20.30560182185003	19.86270063076303	21.17140215035168	21.27295239452433	21.125778127607433
2018-01-04 15:20:00	21.18290208902512	21.28206014958404	21.138352815440676	20.460290558313055	20.569620344914657	20.41117137882538	20.53347585189658	20.64268839434987	20.484409347316113	20.484302030664576	20.593193018601145	20.43537999260612	21.144954172241743	21.239026553450127	21.10268976909015	20.0	20.301134722469346	19.8647075884558	21.208685726254917	21.309435464233726	21.163421351220954
2018-01-04 15:30:00	21.21724006805466	21.315721504364262	21.172994785074984	20.47693626877736	20.58593702855783	20.42796491293396	20.552130938797156	20.660969597391222	20.50323241102301	20.501625702779496	20.61017478352169	20.452857275199673	21.179544070398894	21.27288430350383	21.137608603351747	20.0	20.29817962367648	19.866035241536657	21.24535887547033	21.345321184388343	21.200448272912965
2018-01-04 15:40:00	21.251283205865835	21.349094339800892	21.207339073228333	20.493412317297953	20.602087403838	20.444587278417643	20.570601056204918	20.6790695683054	20.521868826130788	20.518774129737867	20.626984759615375	20.470157759792908	21.21387350694166	21.30648709691392	21.172264502751222	20.0	20.296224746591143	19.86691351964746	21.28143165870928	21.38061942955342	21.236869037025684
2018-01-04 15:50:00	21.285034224003898	21.382181404179548	21.241388389432224	20.509720440503266	20.61807318322313	20.461040222759557	20.58888800493274	20.696990015180887	20.540320435111113	20.535749080118524	20.643624675805853	20.487283232780747	21.247944448630577	21.33983686968645	21.206659447866343	20.0	20.2949315429887	19.8674945241645	21.316913901724682	21.41533981164136	21.272693565385303
2018-01-04 16:00:00	21.316428936638896	21.39512276764541	21.281073737201176	20.51685516424768	20.610984548693544	20.474565150945914	20.598457197399334	20.69209168874275	20.55638952737548	20.543532874463637	20.637172827512103	20.501462750630274	21.275047649026437	21.352381469209305	21.240303468944276	20.0	20.300787402470633	19.864863630774067	21.33309053178094	21.415949377022763	21.295864094063596
2018-01-04 16:10:00	21.34590373514131	21.438702918136556	21.304211348578228	20.533214620727314	20.64179590985367	20.484431722714028	20.616913284071043	20.725153984518318	20.56828340415995	20.560550101992114	20.66861181936784	20.512000634765336	21.311348553673923	21.403551727622624	21.269923939291168	20.0	20.3101041747827	19.86067783451792	21.362780024507725	21.46099877489047	21.318652759843012
2018-01-04 16:20:00	21.377688275471023	21.484541776016652	21.329681630298346	20.551996291138526	20.67497783230067	20.496743714674373	20.63777288343444	20.760567502751446	20.58260428634999	20.579983375493654	20.702415380732244	20.52497769198066	21.349954145194136	21.45697529541831	21.30187217915139	20.0	20.31736989350326	19.857413526107234	21.396622891938026	21.51010957760451	21.34563612011685
2018-01-04 16:30:00	21.411740240783082	21.532605858988543	21.35743829637193	20.57316792593684	20.710502488165695	20.51146689073257	20.66100378014741	20.798304817069962	20.59931780703728	20.60180066336592	20.738555909096664	20.540359900791238	21.390841544845415	21.512632373328906	21.336123926251382	20.0	20.32328338190649	19.854756741462307	21.434546087376642	21.563213095905244	21.376739170501473
2018-01-04 16:40:00	21.448040902486532	21.582876954407485	21.3874623864061	20.59670517415121	20.748345997440715	20.528576688325487	20.686582475328937	20.83834289030809	20.618400259903517	20.625977860561584	20.77700976980468	20.558122944814684	21.433993576180743	21.570506145173916	21.372661842285254	20.0	20.328302328981643	19.852501852196657	21.47648282007097	21.620243972773117	21.411894476103328
2018-01-04 16:50:00	21.486571732770518	21.635337103165856	21.419735117085658	20.62258392787572	20.788484734371366	20.548048782928404	20.71448565456878	20.880658825963653	20.639828142782683	20.652491099498302	20.81775357353125	20.57824274159944	21.479393187746204	21.630579922600443	21.411468712666764	20.0	20.332729513087838	19.850512827453297	21.522367387442763	21.681137919805053	21.451035698990143
2018-01-04 17:00:00	21.55159191649417	21.71284639462982	21.47914425240424	20.668922434078613	20.85114228871708	20.587055542864228	20.763265811365716	20.945930937402036	20.681198870682735	20.699431205036685	20.880963911881864	20.617873032396098	21.543730061038758	21.712744014971392	21.467796255648732	20.0	20.328989850905863	19.852192965535053	21.58825342151576	21.764324304201377	21.50914911190338
2018-01-04 17:10:00	21.5767421717083	21.73997993493029	21.503403466492628	20.686479296951926	20.870891813321656	20.603627296843783	20.78265642995229	20.967507361602685	20.699607460660086	20.7175680378755	20.901279616839783	20.635030951674153	21.580327996016553	21.751249180095478	21.50353731911153	20.0	20.334194151537744	19.849854801483048	21.62348717788101	21.80155097150743	21.543487502483636
2018-01-04 17:20:00	21.602344723203533	21.767554328806504	21.528120117787708	20.704519751752127	20.89110126086814	20.620693276642037	20.802518087082753	20.98953077303911	20.718497894841494	20.73618406566785	20.922050784126125	20.652678728389496	21.61730359690992	21.790115431520196	21.539663497302403	20.0	20.33762880425565	19.84831169663877	21.659310853010258	21.839340183543626	21.57842811030686
2018-01-04 17:30:00	21.628351559009978	21.795532426342408	21.553241314266423	20.723010541894	20.911752148592804	20.638213588159758	20.822816458528152	21.011982217609944	20.73782894357836	20.75524588869307	20.943258970113217	20.67077624341735	21.654635845590274	21.82933078525719	21.576149713276152	20.0	20.339900927723722	19.847290887544418	21.695688257549936	21.877671186128847	21.613927811376804
2018-01-04 17:40:00	21.65476059774801	21.82391146916304	21.57876527870647	20.741947120760432	20.932840003252434	20.65618365181475	20.84354725504235	21.034857445124857	20.757596300077747	20.774749037992837	20.964899767193533	20.689319000236004	21.69232207465585	21.8688926213172	21.61299327832974	20.0	20.341403998304266	19.846615594964753	21.732610372255294	21.9165351740157	21.64997749030497
2018-01-04 17:50:00	21.68156977407042	21.852689057481175	21.604690096016313	20.761324975344255	20.954360446582605	20.674598894063262	20.86470612741438	21.058152100422078	20.777795617802223	20.794689044389735	20.98696878968313	20.70830249215647	21.73035961736379	21.908798329413365	21.650191500356	20.0	20.342398319790785	19.846168870818634	21.770068278430166	21.955923431551483	21.686568137172767
2018-01-04 18:00:00	21.67741238396469	21.828649325637773	21.60946535219852	20.74779552740233	20.92218800488796	20.6694452838943	20.853051416756966	21.027558763344146	20.774649565391712	20.781733420453573	20.955381285779968	20.703717712843165	21.740151318909284	21.898425286405896	21.669042724816595	20.0	20.36111292260866	19.837760860856978	21.764327399515405	21.929790167848132	21.68998905432244
2018-01-04 18:10:00	21.673665698893483	21.792956681886483	21.620071199287928	20.73615651209458	20.87862593662592	20.672148509768906	20.84382659100114	20.985929317168143	20.779983337215963	20.77068109341706	20.91243235832447	20.70699574251664	21.751331276761448	21.87533888625177	21.695617713077386	20.0	20.372996287978552	19.832421957574855	21.749360100014147	21.880334691504007	21.69051644296798
2018-01-04 18:20:00	21.656678568197158	21.74433705413534	21.61729577016696	20.711273022360306	20.82209400299031	20.661483886135233	20.821336091721996	20.931312800285404	20.771926266135537	20.746377860985973	20.856506942216352	20.696899578114355	21.74899710446077	21.83903280571959	21.70854628215607	20.0	20.38602952219171	19.826566446551553	21.710608528735065	21.807617202038212	21.66702492188872
2018-01-04 18:30:00	21.626572159634943	21.682863595523198	21.601281804380797	20.673306528962122	20.752737575528627	20.637620116736585	20.78573983322267	20.863853250313785	20.750645399457095	20.708984485176533	20.787749662367805	20.673597231655823	21.733269292310926	21.789616526017745	21.707953868471623	20.0	20.39981742364302	19.8203718821314	21.64848586991067	21.712030127245153	21.61993700067344
2018-01-04 18:40:00	21.583459516520055	21.608645151581186	21.572144231202735	20.622390355302233	20.670687411006405	20.600691678101803	20.737167710092113	20.783677908654784	20.716271823781348	20.65863337556584	20.706290400496837	20.637222248422937	21.70424870050836	21.72718882743648	21.69394226667109	20.0	20.414104563763804	19.813953022077133	21.563374832126964	21.593948250507946	21.549638948506527
2018-01-04 18:50:00	21.52745357902498	21.521792265425816	21.52999706774344	20.5586565284354	20.576072978392936	20.550831746570424	20.675748382134184	20.690912831359594	20.66893536871407	20.59545562698151	20.61225767453945	20.587906880977215	21.662035419491858	21.651847680732676	21.666612519514103	20.0	20.42872196344755	19.80738578453806	21.455651777782823	21.45373987721075	21.456510747605062
2018-01-04 19:00:00	21.451814542484207	21.411693280451907	21.469840037020457	20.475329034418664	20.45826747212223	20.482994374001123	20.594700370623055	20.57487268929092	20.603608459337494	20.512678563588878	20.49503344005828	20.520606082856244	21.600749523988696	21.553583180463825	21.62194020006509	20.0	20.44719682754624	19.79908548327633	21.317009600917327	21.278951704202495	21.334108076252978
2018-01-04 19:10:00	21.386673611505447	21.347945972372557	21.404072985608632	20.402481404426386	20.386863194626176	20.409498281293143	20.5237671754314	20.505364443928094	20.5320350692952	20.440413659223235	20.42419813283836	20.447698895714993	21.54764597917429	21.501606896631444	21.568330204664555	20.0	20.46331762766695	19.791842804961227	21.193583208122114	21.158175909833645	21.209490834889394
2018-01-04 19:20:00	21.32208806421535	21.284687003637877	21.3388914392574	20.330384420173132	20.316191236887953	20.33676106773604	20.45354675689592	20.436551451026155	20.46118232909828	20.368887950952153	20.35408404414468	20.375538981546814	21.49495061677567	21.450026849313325	21.51513375867905	20.0	20.47397783403073	19.787053436884747	21.072182845804246	21.039381800603408	21.08691954727129
2018-01-04 19:30:00	21.25806887915273	21.22197996763299	21.274282737951452	20.259022341356168	20.246239750084655	20.264765244681055	20.384022646188168	20.368420744630917	20.39103219616317	20.29808583769317	20.284679346799365	20.304109043746905	21.442652062224187	21.398835263613876	21.462337870295485	20.0	20.481029845699872	19.783885141787017	20.952770163830213	20.92253310512576	20.966354929335118
2018-01-04 19:40:00	21.19461245572289	21.159824174378105	21.210241973428523	20.188387625646804	20.1770012183376	20.193503257916156	20.31518794588999	20.300965575050377	20.32157770670199	20.2279999700003	20.21597674890723	20.233401707013126	21.390747329067707	21.348029185034186	21.409939538705956	20.0	20.485694937164652	19.78178923112893	20.83531247962792	20.807597498547345	20.847764137794552
2018-01-04 19:50:00	21.13171401336961	21.098215163796247	21.14676422114895	20.118472892297756	20.108468462598967	20.122967636075472	20.247035872365373	20.23417938766559	20.25281197418702	20.15862312778509	20.147969211181458	20.163409670027306	21.339233460674667	21.29760572496253	21.35793577671925	20.0	20.488781018047273	19.780402731022242	20.71977776184331	20.69454357954945	20.731114858236207
2018-01-04 20:00:00	21.076220430030244	21.047869343870794	21.08895787453666	20.05617747969776	20.051389136923756	20.058328764132455	20.18646853505985	20.17886566939526	20.189884315285965	20.09685054046094	20.09139481327104	20.099301664270897	21.294086768075957	21.257669083057262	21.31044833670754	20.0	20.48718355255127	19.78112043291175	20.614811809587216	20.596156029318227	20.62319339202691
2018-01-04 20:10:00	21.006018741691534	20.96687245246681	21.023606204966413	20.0	20.01199258604018	19.994612026561658	20.11144532458661	20.092937792748902	20.119760302658626	20.020745417795585	20.004564302708275	20.028015194139158	21.234478343520568	21.186362812014274	21.25609546637122	20.0	20.48652786156695	19.7814150187163	20.49360219354754	20.46429358560714	20.506769828999026
2018-01-04 20:20:00	20.93452175514265	20.884613571699003	20.95694427234197	20.0	20.096691844955654	19.956558736324272	20.03522905700318	20.00583681920047	20.048434265291355	20.0	20.049107292393156	19.97793730341757	21.173385969180448	21.113601763141315	21.20024554000962	20.0	20.484985491185018	19.78210796772847	20.370890310696755	20.330956748340636	20.38883147639298
2018-01-04 20:30:00	20.861728742053764	20.801085219302564	20.888974382710096	20.0	20.150799991564657	19.93224927915211	20.0	20.017442100798974	19.992163693843942	20.0	20.11821770077406	19.94688769965223	21.110816184770194	21.039394553757074	21.142904163921013	20.0	20.482858157183315	19.783063726482858	20.24669321014092	20.19616649531462	20.269393618251286
2018-01-04 20:40:00	20.787650708452382	20.716297631199105	20.819707888087912	20.0	20.18480268685845	19.916972705904175	20.0	20.094572406983993	19.957510947586904	20.0	20.1620898362688	19.927177030082134	21.046780127327555	20.96375210240032	21.08408257330936	20.0	20.480343852600576	19.784193341585247	20.121035245282552	20.059946722740854	20.148480813380996
2018-01-04 20:50:00	20.7122987847727	20.630261672353598	20.74915603817838	20.0	20.205597969333034	19.907629897835886	20.0	20.1436372333806	19.935467329930447	20.0	20.18937585923272	19.914918092228778	20.98128884247285	20.88668522962885	21.023791914910007	20.0	20.477573556756557	19.785437967254296	20.0	19.9347224847129	20.029327579331888
2018-01-04 21:00:00	20.62889179927186	20.53227520862541	20.672299253040556	20.0	20.223037219629575	19.899794872340337	20.0	20.179688531227256	19.919270370028325	20.0	20.211070408027883	19.905171265958487	20.908413732035946	20.79809489523254	20.95797726741139	20.0	20.47825880842057	19.78513010056467	20.0	20.060837888632843	19.972667035541768
2018-01-04 21:10:00	20.561234090070972	20.468563594866538	20.60286866038021	20.0	20.227603426578153	19.897743388059094	20.0	20.196168913452002	19.911866140333153	20.0	20.218439784303097	19.901860386762376	20.850701648671166	20.744275639393763	20.898516232549415	20.0	20.477363197821404	19.785532476341103	20.0	20.125254540783022	19.94372622080763
2018-01-04 21:20:00	20.494814163018578	20.40608132358393	20.534679641605155	20.0	20.23061285374153	19.896391326579895	20.0	20.206996708696636	19.907001478701506	20.0	20.223291614893014	19.89968057881618	20.794054654935227	20.691501026824973	20.840129473361575	20.0	20.476772155769126	19.785798016973285	20.0	20.16098392638435	19.927673888146167
2018-01-04 21:30:00	20.429628264677802	20.344816649056728	20.46773203401481	20.0	20.232589755614804	19.89550315327451	20.0	20.214103678787424	19.903808492138978	20.0	20.22647941508007	19.89824837873214	20.738469306557157	20.639765563776983	20.782814466356946	20.0	20.476381164338658	19.785973679789873	20.0	20.180797898944437	19.918771958445255
2018-01-04 21:40:00	20.36559417718989	20.28458835936949	20.40198809534109	20.0	20.233888397750427	19.894919705358504	20.0	20.218768445269692	19.90171272748752	20.0	20.22857390609098	19.897307375524342	20.683937584267895	20.589061381276498	20.726563124742295	20.0	20.476122513188397	19.786089885379123	20.0	20.19178587599795	19.91383533107339
2018-01-04 21:50:00	20.30274332866786	20.22551548665384	20.337439895369812	20.0	20.23474148580352	19.894536433914364	20.0	20.221830234745248	19.900337140911557	20.0	20.229950056506265	19.89668910504791	20.63045159246867	20.539380821562194	20.67136744606433	20.0	20.475951408625143	19.78616675844378	20.0	20.197879335512585	19.91109768984217
2018-01-04 22:00:00	20.237671638678332	20.16223854251961	20.271561870285872	20.0	20.237962127925503	19.89308947875811	20.0	20.226546575091973	19.89821820539346	20.0	20.233507541440723	19.895090814715036	20.575033591391183	20.485661255031584	20.615186380190423	20.0	20.477650689927493	19.785403313220986	20.0	20.203706748698156	19.90847957667184
2018-01-04 22:10:00	20.174432852228197	20.100257432326128	20.207758040879853	20.0	20.238193047792347	19.89298573215127	20.0	20.227684711820963	19.897706868602178	20.0	20.233956534783456	19.8948890930683	20.52101011620724	20.432780557944284	20.560649482963058	20.0	20.478577175796822	19.78498706594636	20.0	20.205361208095567	19.907736268826625
2018-01-04 22:20:00	20.11173918584502	20.038811645611084	20.144503732906646	20.0	20.238347435485043	19.892916369564695	20.0	20.228434647202278	19.897369941112014	20.0	20.23425425510097	19.89475533466478	20.46739246609192	20.380297808339083	20.506521950009855	20.0	20.47919027986055	19.784711613395988	20.0	20.206280608356035	19.907323204941488
2018-01-04 22:30:00	20.049587558206316	19.977897073290613	20.081796326791636	20.0	20.23844885009893	19.892870806477298	20.0	20.228926874231714	19.897148795635026	20.0	20.23444986336261	19.894667452692158	20.414178565361368	20.32821027226739	20.452802001389095	20.0	20.479595864153364	19.784529394365883	20.0	20.206790465880026	19.907094138517664
2018-01-04 22:40:00	20.0	19.94574725188206	20.02437442306748	20.0	20.23851547014717	19.892840875730986	20.0	20.229249954829463	19.89700364348241	20.0	20.234578384514855	19.894609711304916	20.361365375240652	20.276514975897715	20.399486569148348	20.0	20.479864168864246	19.78440885166969	20.0	20.20707321093206	19.906967108131973
2018-01-04 22:50:00	20.0	20.023816688008104	19.98929974886592	20.0	20.238559233370772	19.89282121399284	20.0	20.229462013624097	19.896908370690618	20.0	20.234662827194914	19.89457177328924	20.308949877198145	20.225208959158234	20.346572608491442	20.0	20.48004165950944	19.784329109495758	20.0	20.207230009174577	19.906896662544757
2018-01-04 23:00:00	20.0	20.067126148301433	19.969841875400803	20.0	20.230390968449523	19.896491014174853	20.0	20.221252759341873	19.90059658638263	20.0	20.226541035875897	19.89822069402677	20.26590488274923	20.18944954773925	20.30025438108705	20.0	20.474698162685566	19.78672981096735	20.0	20.19989383004175	19.910192627082697
2018-01-04 23:10:00	20.0	20.10342937294508	19.95353173099569	20.0	20.232299233680198	19.89563367762194	20.0	20.22346772695635	19.899601456005115	20.0	20.228483669228396	19.897347916723476	20.20821262881039	20.122611557732576	20.246671081033757	20.0	20.471899275470648	19.787987282034926	20.0	20.20098936404982	19.909700430644286
2018-01-04 23:20:00	20.0	20.12606899552299	19.94336030635924	20.0	20.2323075436278	19.89562994416722	20.0	20.223655610591518	19.89951704451685	20.0	20.22851625660525	19.897333276017932	20.14941015756666	20.05468430097856	20.191968151106238	20.0	20.46916040710386	19.78921778811276	20.0	20.19984952766057	19.910212531051048
2018-01-04 23:30:00	20.0	20.139729288527707	19.93722307327016	20.0	20.231079938274117	19.89618147700728	20.0	20.22252613657328	19.900024489365627	20.0	20.227306143737877	19.897876949914867	20.0895005155617	19.985673290836083	20.136147529568863	20.0	20.466462961344764	19.790429684033512	20.0	20.197478412926323	19.91127781448238
2018-01-04 23:40:00	20.0	20.14748069581729	19.93374055695165	20.0	20.229040434231226	19.897097775925104	20.0	20.220531976956295	19.900920416150065	20.0	20.225279516777785	19.898787463476648	20.028492071878546	19.915586760559304	20.07921764652922	20.0	20.46379291605051	19.791629269600495	20.0	20.194424474776643	19.912649873651077
2018-01-04 23:50:00	20.0	20.15134374519834	19.932004984041328	20.0	20.226467587550015	19.898253692549993	20.0	20.217970267549482	19.902071329071976	20.0	20.222716412950025	19.899939002877524	20.0	19.926197671051188	20.03315756807845	20.0	20.46114099682198	19.79282071157273	20.0	20.19099187175511	19.91419205761727
2018-01-05 00:00:00	20.0	20.16606504130572	19.925391068398877	20.0	20.23716964203103	19.893445523145477	20.0	20.22891164230691	19.89715563896356	20.0	20.233393005331553	19.895142272966982	20.0	20.002291013395837	19.998970704126506	20.0	20.467598629947492	19.789919456110546	20.0	20.199707958883106	19.910276134414836
2018-01-05 00:10:00	20.0	20.16241220583939	19.927032197376505	20.0	20.23174586728725	19.895882291508627	20.0	20.223138293314285	19.899749462424023	20.0	20.227942086449048	19.897591236522892	20.0	20.039877219758424	19.982084147644766	20.0	20.46972148201728	19.78896571097774	20.0	20.194357619551642	19.91267991005651
2018-01-05 00:20:00	20.0	20.160026187958458	19.928104176424462	20.0	20.228200752610388	19.897475024189536	20.0	20.219368075559682	19.901443328371737	20.0	20.224378584014328	19.899192230370375	20.0	20.06449150902395	19.971025553916775	20.0	20.47112807935558	19.78833376144894	20.0	20.191402872732287	19.914007405004334
2018-01-05 00:30:00	20.0	20.158456039473638	19.928809605453875	20.0	20.22587191418615	19.89852131391637	20.0	20.216893408366104	19.902555135371756	20.0	20.22203721858192	19.90024414817334	20.0	20.08060240433147	19.963787325590207	20.0	20.472058578099016	19.787915711288843	20.0	20.189764282560688	19.91474358319737
2018-01-05 00:40:00	20.0	20.157422799458764	19.929273814735918	20.0	20.224342082433306	19.899208629631413	20.0	20.21526912364415	19.90328488647872	20.0	20.220498863647112	19.900935293144048	20.0	20.091147545874712	19.959049653302664	20.0	20.472674127504785	19.787639160106544	20.0	20.188855591076727	19.915151835893067
2018-01-05 00:50:00	20.0	20.15674287334277	19.92957928878803	20.0	20.223337124243287	19.899660132586348	20.0	20.2142030001131	19.903763869514407	20.0	20.219488113283255	19.901389398379987	20.0	20.09804970791455	19.955948681951433	20.0	20.473081329633803	19.787456214222498	20.0	20.188351669935436	19.915378235246397
2018-01-05 01:00:00	20.0	20.169709809310675	19.923753563932884	20.0	20.236299626424998	19.8938363997221	20.0	20.227376101525724	19.897845519604385	20.0	20.23241359159361	19.89558229942896	20.0	20.11366709735928	19.948932173650178	20.0	20.48244798474327	19.78324800685448	20.0	20.2004299590305	19.90995175753702
2018-01-05 01:10:00	20.0	20.167415182831608	19.92478448307565	20.0	20.23486186403314	19.894482350941633	20.0	20.225686575955027	19.898604581817306	20.0	20.230931482603175	19.896248174482633	20.0	20.114674666712634	19.948479497563888	20.0	20.48726178857715	19.78108528339288	20.0	20.198864311082676	19.910655164586043
2018-01-05 01:20:00	20.0	20.16591959383884	19.92545641436226	20.0	20.23393161311929	19.894900289758002	20.0	20.224592951112175	19.89909592051482	20.0	20.229972033899838	19.89667923114645	20.0	20.1153438132242	19.94817886652246	20.0	20.49044770861298	19.77965392801446	20.0	20.19800606623323	19.911040752851733
2018-01-05 01:30:00	20.0	20.164935398938233	19.925898588882824	20.0	20.233320504001348	19.89517484602838	20.0	20.22387511160402	19.899418428119937	20.0	20.229341623722416	19.89696245890732	20.0	20.115781782693002	19.94798209763068	20.0	20.49255527635461	19.778707049753727	20.0	20.19753010870587	19.91125458884229
2018-01-05 01:40:00	20.0	20.164287747255127	19.926189562827407	20.0	20.23291906187913	19.895355204083288	20.0	20.22340394708604	19.89963011072946	20.0	20.22892742340638	19.897148548904383	20.0	20.11606844890479	19.947853305564514	20.0	20.493949487447274	19.778080665059925	20.0	20.19726616328191	19.911373173018273
2018-01-05 01:50:00	20.0	20.163861558581644	19.9263810388981	20.0	20.23265535154583	19.89547368263883	20.0	20.223094691303423	19.899769051733248	20.0	20.228655280093605	19.89727081618983	20.0	20.116256081878742	19.947769006692155	20.0	20.49487179448882	19.777666295229665	20.0	20.197119790577002	19.9114389346683
2018-01-05 02:00:00	20.0	20.16358110414894	19.926507040164967	20.0	20.23248211825506	19.895551512088304	20.0	20.222891706708005	19.899860247710897	20.0	20.228476472932456	19.897351149841942	20.0	20.116378894165482	19.947713830157532	20.0	20.495481924678803	19.7773921787675	20.0	20.19703861861189	19.911475403232338
2018-01-05 02:10:00	20.0	20.16339655046713	19.926589955587232	20.0	20.232368320010416	19.8956026388359	20.0	20.22275847477401	19.899920105536317	20.0	20.22835899071116	19.89740393170948	20.0	20.116459279064863	19.947677715202744	20.0	20.495885541730352	19.777210843570423	20.0	20.196993604154326	19.91149562711907
2018-01-05 02:20:00	20.0	20.163275104494122	19.926644518270756	20.0	20.23229356509218	19.895636224378876	20.0	20.22267102602869	19.899959394103057	20.0	20.22828180100458	19.89743861114287	20.0	20.11651189376828	19.9476540767128	20.0	20.496152544948632	19.777090885602792	20.0	20.196968641085057	19.911506842411058
2018-01-05 02:30:00	20.0	20.163195186693414	19.92668042336962	20.0	20.232244458027136	19.895658286973315	20.0	20.222613627754534	19.89998518173347	20.0	20.22823108481321	19.897461396678125	20.0	20.116546331915803	19.94763860450159	20.0	20.496329174549146	19.777011530275026	20.0	20.19695479764753	19.91151306192647
2018-01-05 02:40:00	20.0	20.163142596601634	19.92670405080216	20.0	20.23221219922873	19.895672780056657	20.0	20.222575953550315	19.900002107825227	20.0	20.22819776259723	19.897476367528782	20.0	20.11656887287718	19.947628477403	20.0	20.49644601964181	19.776959034653682	20.0	20.19694712067649	19.911516511000414
2018-01-05 02:50:00	20.0	20.163107989571266	19.92671959888827	20.0	20.232191008182753	19.895682300671517	20.0	20.222551225530836	19.900013217515138	20.0	20.228175868798967	19.89748620387293	20.0	20.116583626718164	19.94762184886575	20.0	20.496523315721525	19.776924307429464	20.0	20.19694286336061	19.911518423707548
2018-01-05 03:00:00	20.0	20.163085216335688	19.926729830341934	20.0	20.232177087626138	19.895688554834635	20.0	20.222534994930125	19.90002050952415	20.0	20.228161483849107	19.89749266667649	20.0	20.116593283618467	19.947617510258368	20.0	20.49657444909647	19.776901334463908	20.0	20.196940502437613	19.911519484412086
2018-01-05 03:10:00	20.0	20.163070230355846	19.92673656317346	20.0	20.232167943108365	19.89569266324117	20.0	20.222524341736058	19.90002529574177	20.0	20.228152032460905	19.89749691295235	20.0	20.11659960439441	19.947614670489465	20.0	20.496608275159133	19.77688613724735	20.0	20.19693919317191	19.911520072632907
2018-01-05 03:20:00	20.0	20.163060368797527	19.926740993728647	20.0	20.232161936006232	19.895695362084158	20.0	20.222517349355027	19.900028437246295	20.0	20.228145822586114	19.897499702896095	20.0	20.116603741561498	19.94761281176222	20.0	20.496630651982823	19.77687608389178	20.0	20.19693846710984	19.911520398834707
2018-01-05 03:30:00	20.0	20.163053879376466	19.926743909265642	20.0	20.232157989895885	19.895697134974313	20.0	20.22251275980237	19.900030499219223	20.0	20.228141742493158	19.897501535981338	20.0	20.11660644948086	19.947611595160772	20.0	20.49664545483597	19.776869433334568	20.0	20.196938064467243	19.911520579732105
2018-01-05 03:40:00	20.0	20.163049608998094	19.926745827841437	20.0	20.232155397666475	19.895698299599122	20.0	20.222509747381967	19.900031852625496	20.0	20.228139061736776	19.89750274037913	20.0	20.116608221907704	19.947610798853056	20.0	20.49665524730982	19.77686503381733	20.0	20.196937841179064	19.911520680049982
2018-01-05 03:50:00	20.0	20.16304679886579	19.926747090364646	20.0	20.232153694811558	19.89569906464988	20.0	20.222507770135312	19.900032740953698	20.0	20.228137300391285	19.89750353170826	20.0	20.116609382022812	19.947610277641925	20.0	20.496661725286934	19.776862123421807	20.0	20.196937717353144	19.911520735681925
2018-01-05 04:00:00	20.0	20.162980107876063	19.92677705298322	20.0	20.23208864743701	19.895728288832643	20.0	20.222438970660477	19.900063650862684	20.0	20.22807190080645	19.89753291413043	20.0	20.116561197057734	19.94763192595957	20.0	20.496659065464332	19.776863318414573	20.0	20.196914474337724	19.9115311781961
2018-01-05 04:10:00	20.0	20.16303428593223	19.926752712117406	20.0	20.232151161939065	19.895700202607085	20.0	20.222502868486806	19.90003494314361	20.0	20.22813485361748	19.89750463098345	20.0	20.116606533332448	19.94761155748832	20.0	20.49673572493039	19.776828877205187	20.0	20.196976734774193	19.911503206115945
2018-01-05 04:20:00	20.0	20.16306980754733	19.92673675313091	20.0	20.232192077751733	19.895681820140524	20.0	20.222544647119452	19.900016173033286	20.0	20.22817606335156	19.897486116465238	20.0	20.116636126924504	19.947598261816527	20.0	20.496786354176308	19.776806130732382	20.0	20.197011170815543	19.911487734850994
2018-01-05 04:30:00	20.0	20.163093182801585	19.926726251205086	20.0	20.232218955871215	19.895669744463657	20.0	20.22257206938184	19.90000385288642	20.0	20.228203139730464	19.8974739517153	20.0	20.11665549704159	19.947589559300155	20.0	20.49681984683372	19.776791083306588	20.0	20.19703026766407	19.91147915510745
2018-01-05 04:40:00	20.0	20.163108564941446	19.926719340388626	20.0	20.232236612309364	19.895661811861007	20.0	20.22259006838869	19.89999576637609	20.0	20.22822092980754	19.897465959071972	20.0	20.116668175454958	19.947583863201395	20.0	20.49684200310198	19.77678112904114	20.0	20.19704085794991	19.911474397152944
2018-01-05 04:50:00	20.0	20.163118687194142	19.926714792709877	20.0	20.232248210956083	19.895656600874805	20.0	20.22260188230286	19.899990458675532	20.0	20.228232618477243	19.89746070764066	20.0	20.116676473916275	19.947580134907177	20.0	20.496856660052558	19.77677454403436	20.0	20.19704673086423	19.911471758597227
2018-01-05 05:00:00	20.0	20.163190189942863	19.926682668286535	20.0	20.232319758952077	19.89562445612298	20.0	20.222677138221467	19.89995664804543	20.0	20.228304540644565	19.897428394782878	20.0	20.11673084984825	19.947555705140644	20.0	20.49687330118247	19.77676706758469	20.0	20.197073162076045	19.911459883704964
2018-01-05 05:10:00	20.0	20.163139178275316	19.926705586571956	20.0	20.232261514755706	19.895650623805405	20.0	20.22261747817608	19.89998345183394	20.0	20.228245873384793	19.89745475253727	20.0	20.116689565775467	19.947574253057397	20.0	20.49680589071264	19.776797353447947	20.0	20.197012669673374	19.91148706145109
2018-01-05 05:20:00	20.0	20.163105740306932	19.926720609427317	20.0	20.232223404136068	19.895667745967852	20.0	20.222578481070617	19.900000972272622	20.0	20.22820747939705	19.897472002010023	20.0	20.11666262448865	19.947586357113792	20.0	20.49676137991905	19.776817351050866	20.0	20.196979214106317	19.9115020922131
2018-01-05 05:30:00	20.0	20.163083736201894	19.92673049532958	20.0	20.23219836876989	19.89567899374106	20.0	20.222552884505593	19.90001247217865	20.0	20.228182253057646	19.8974833355828	20.0	20.11664499039797	19.947594279676274	20.0	20.496731934779056	19.776830580026804	20.0	20.19696066098724	19.911510427672397
2018-01-05 05:40:00	20.0	20.163069256350404	19.926737000770107	20.0	20.232181922850867	19.89568638248729	20.0	20.222536083822757	19.900020020311516	20.0	20.22816567851812	19.89749078211505	20.0	20.11663344827432	19.947599465268055	20.0	20.4967124560502	19.77683933133977	20.0	20.1969503722308	19.911515050157174
2018-01-05 05:50:00	20.0	20.16305972785099	19.926741281690134	20.0	20.23217111940365	19.895691236209956	20.0	20.222525056446894	19.900024974639805	20.0	20.22815478849747	19.897495674733022	20.0	20.116625893554268	19.94760285941765	20.0	20.49669957036247	19.77684512056179	20.0	20.196944666531923	19.911517613587105
2018-01-05 06:00:00	20.0	20.162837578963284	19.926841087712145	20.0	20.23195118364351	19.895790047928283	20.0	20.222293084185342	19.900129194061662	20.0	20.22793375053675	19.89759498164291	20.0	20.116457997772034	19.947678290856047	20.0	20.496667923486484	19.77685933872347	20.0	20.196864347721284	19.911553698849858
2018-01-05 06:10:00	20.0	20.16916061183392	19.924000304828237	20.0	20.238265258147997	19.89295328981757	20.0	20.22908574387951	19.89707741941646	20.0	20.234208834039414	19.89477574122867	20.0	20.12469655462736	19.943976910239886	20.0	20.496317276048096	19.777016875978394	20.0	20.197930777729123	19.9110745781217
2018-01-05 06:20:00	20.0	20.167322315171297	19.924826206227387	20.0	20.236435376483005	19.89377541056561	20.0	20.227469671845284	19.897803480765166	20.0	20.232361518927352	19.89560569439496	20.0	20.12365286150467	19.944445815845732	20.0	20.491800665600234	19.77904607777381	20.0	20.19010539561089	19.91459032950815
2018-01-05 06:30:00	20.0	20.16013001398795	19.92805752994744	20.0	20.229273445153247	19.89699308985869	20.0	20.22035370432839	19.901000509649567	20.0	20.225195340273117	19.89882528190628	20.0	20.1165491108222	19.94763735600742	20.0	20.484532347415147	19.782311554059863	20.0	20.177360524305236	19.920316286181706
2018-01-05 06:40:00	20.0	20.149414478691376	19.93287175595025	20.0	20.21860882717341	19.901784439965574	20.0	20.20962776799216	19.905819408583238	20.0	20.214534468827548	19.903614948787624	20.0	20.105478822138622	19.95261096396671	20.0	20.475443698012572	19.786394860313194	20.0	20.1618875041042	19.927267932938694
2018-01-05 06:50:00	20.0	20.13638046351462	19.938727617841256	20.0	20.20564326158537	19.907609549142805	20.0	20.196532378641404	19.911702844378503	20.0	20.201577463736207	19.909436211944602	20.0	20.091812304840005	19.958750993477672	20.0	20.465150851765877	19.791019182539973	20.0	20.144901567381808	19.93489929581397
2018-01-05 07:00:00	20.0	20.124482140087704	19.94407324140987	20.0	20.193869521306873	19.912899200572273	20.0	20.184633938915407	19.917048520197426	20.0	20.189808432314024	19.91472374780095	20.010408951994613	20.103974911640133	19.968372071574166	20.0	20.455878549915298	19.79518499931342	20.0	20.12954049854527	19.941800645581107
2018-01-05 07:10:00	20.0	20.10080544379564	19.954710597715	20.0	20.170531839526237	19.923384246009952	20.0	20.160453921004553	19.9279120065052	20.0	20.166526667838593	19.92518367097107	20.039592161175914	20.142823783582372	19.993212736616492	20.0	20.445957315732233	19.79964236539567	20.000362592270747	20.110647517201592	19.95081429266414
2018-01-05 07:20:00	20.014610393128848	20.121099748576295	19.966767349377097	20.0	20.1567669995521	19.929568449476594	20.0	20.14617561201693	19.934326898948914	20.0	20.152793784795954	19.93135351697573	20.06984553189107	20.182725446379507	20.019131367410758	20.0	20.440506357015202	19.802091346848243	20.01851638334127	20.138935861363656	19.96441487872252
2018-01-05 07:30:00	20.032170587611702	20.147999373866504	19.980131567700127	20.0	20.149266088700035	19.932938423917374	20.0	20.13836981006804	19.93783385344769	20.0	20.14531021807032	19.93471569912783	20.101173423576043	20.223678817682366	20.046134768252912	20.0	20.43800741689545	19.80321405907596	20.038724079997966	20.16923517439128	19.980088660777785
2018-01-05 07:40:00	20.050896074917436	20.176077343476933	19.994655215129836	20.0	20.145880035685863	19.93445969411215	20.0	20.134812372783223	19.939432122372757	20.0	20.14193269517566	19.936233136950065	20.133555046624632	20.265645128692174	20.074210227145016	20.0	20.437461319830582	19.80345940703264	20.0609551477822	20.20151465817161	19.99780522282464
2018-01-05 07:50:00	20.07079815743832	20.205361297882405	20.010342253760538	20.0	20.14519706400181	19.93476653646296	20.007126569911016	20.15091889108749	19.94252422271579	20.000627278309977	20.14272353820848	19.936786929659924	20.16693449651599	20.30850628924021	20.103329778045687	20.0	20.43820707955327	19.80312435556303	20.08517625553497	20.235741373746208	20.01753105749804
2018-01-05 08:00:00	20.095288373946563	20.241195856401607	20.029735736901547	20.007528208486022	20.16124930416742	19.93846510752772	20.019283203224504	20.17471451926799	19.94945174239337	20.010595122458927	20.164203178353723	19.941582807491702	20.20432938950363	20.357439603999737	20.13554074241118	20.0	20.437990284360634	19.803221756301745	20.115695508137613	20.278303208126392	20.042639874809325
2018-01-05 08:10:00	20.098168736409484	20.229393631068582	20.039212624316267	20.0	20.14576280521361	19.934512362875047	20.00987216268281	20.15052483470383	19.946680382499448	20.0	20.140237316372577	19.936994828876088	20.219841987491982	20.35694747855254	20.158243868319843	20.0	20.438898784410675	19.8028135896126	20.120174555437167	20.266697370775056	20.054345464488257
2018-01-05 08:20:00	20.098526637825834	20.215142031922035	20.046134214391316	20.0	20.149060099155964	19.933030969944426	20.0	20.128675041378344	19.942189474163357	20.0	20.14406643567771	19.93527449991291	20.232678564638878	20.353859245049367	20.178235070541415	20.0	20.438390478757224	19.80304195881922	20.119954981541696	20.250488084120306	20.061309674586088
2018-01-05 08:30:00	20.09636118634836	20.198415592094893	20.05051065623035	20.0	20.14968611018875	19.932749718610854	20.0	20.132684161571	19.94038827523622	20.0	20.145044794663935	19.934834947324898	20.242844283479226	20.348160459563204	20.19552832031106	20.0	20.43694720647821	19.8036903854953	20.11510447624347	20.229747088170853	20.063598375232615
2018-01-05 08:40:00	20.091685322099277	20.17921541370114	20.05236020848105	20.0	20.148555987922506	19.933257454701486	20.0	20.13375105150059	19.93990894787655	20.0	20.144148177847015	19.935237775170183	20.25035571132913	20.339860870356734	20.210143248577594	20.0	20.43488542685482	19.80461669228262	20.105698913721675	20.20454876755408	20.06128810982596
2018-01-05 08:50:00	20.08451781670484	20.157560425444817	20.05170157219847	20.0	20.14627225007634	19.934283481849757	20.0	20.132885302081952	19.94029790776028	20.0	20.142019642267748	19.936194073763772	20.255232068002403	20.328979106073405	20.222099340753115	20.0	20.432414488417923	19.805726824044125	20.091813006153924	20.174966411439883	20.054454229866028
2018-01-05 09:00:00	20.073965280813795	20.133464161154958	20.047233899790957	20.0	20.144278394299178	19.935179272126454	20.0	20.131868972787256	19.94075451947239	20.0	20.140127156105624	19.937044321169942	20.257080660425366	20.31561736386501	20.23078156177857	20.0	20.429719142907874	19.806937776374724	20.07363431520069	20.141727901370796	20.043041544602527
2018-01-05 09:10:00	20.074851361137398	20.13443620193914	20.048081360197486	20.0	20.138122759713628	19.937944847085177	20.0	20.12612754334148	19.943334002266873	20.0	20.13405132727949	19.93977404136719	20.26952243966281	20.327831590780804	20.24332557466777	20.0	20.426459521929253	19.80840224377092	20.06729961096444	20.135526174652526	20.036647096843705
2018-01-05 09:20:00	20.07572246548115	20.13535845384791	20.04892948520043	20.0	20.134086003757762	19.939758462079844	20.0	20.122366593019017	19.945023704585665	20.0	20.130066257071775	19.941564435228628	20.281865403223332	20.339935299469577	20.255776029547484	20.0	20.424304760074172	19.80937032518407	20.061063896403297	20.129424962365754	20.03035095372451
2018-01-05 09:30:00	20.076622701721433	20.136335974697168	20.049794999370015	20.0	20.131434218342587	19.94094984393304	20.0	20.119898026326265	19.946132770780956	20.0	20.127447923763405	19.942740787874417	20.2941292143617	20.35197397747577	20.268140987455375	20.0	20.422879326987854	19.81001073715039	20.05492965962921	20.123422115754817	20.02415768658727
2018-01-05 09:40:00	20.07752212403501	20.137289682916713	20.050670032363517	20.0	20.129692240464266	19.941732471675472	20.0	20.118277745969532	19.946860722825278	20.0	20.125727591944422	19.9435136905757	20.306301985766584	20.363913543613453	20.280418532241182	20.0	20.421936365650055	19.810434386447078	20.04889590632909	20.117517799840535	20.018065780258727
2018-01-05 09:50:00	20.07841887224443	20.138223066292905	20.051550321295117	20.0	20.12854792202343	19.942246585757587	20.0	20.117214250918494	19.947338524949654	20.0	20.12459727687635	19.94402151328743	20.31838351729763	20.375755968059142	20.292607488694628	20.0	20.421312572015054	19.81071464155845	20.04296092006224	20.111710167728166	20.012073576907984
2018-01-05 10:00:00	20.082937869547585	20.15432027832144	20.050867511982524	20.0	20.126721573451444	19.94306711917399	20.0	20.1157699676016	19.94798740586015	20.0	20.12278300868606	19.944836619285972	20.336373129321256	20.40285785626799	20.30650317953359	20.0	20.415739859600425	19.813218323947638	20.050909547678803	20.129669891190062	20.015524465811428
2018-01-05 10:10:00	20.093345169591103	20.16454825462482	20.061355377764365	20.0	20.119806709718286	19.946173797083087	20.0	20.108781386629566	19.95112720310846	20.0	20.115898728591365	19.94792955671982	20.35416946164843	20.42028392260645	20.324465863247006	20.0	20.409514574047584	19.816015191369925	20.057513169058293	20.13612968815989	20.022192703954676
2018-01-05 10:20:00	20.103651435494406	20.174674501876666	20.07174252161252	20.0	20.115272453472304	19.948210926700845	20.0	20.104203282881027	19.953184032328817	20.0	20.1113837163698	19.949958040471536	20.371827789269474	20.437573290296434	20.34228995547475	20.0	20.405399070841632	19.817864185563902	20.064005027681628	20.142482097506047	20.02874721370254
2018-01-05 10:30:00	20.113868730687877	20.18470511835516	20.0820436869533	20.0	20.112293853705758	19.949549138190164	20.0	20.10119836238707	19.95453406907248	20.0	20.108417190926275	19.951290827265005	20.389351861625624	20.454727703939085	20.359980106383343	20.0	20.402676553865735	19.819087345364668	20.070390567763166	20.148730448275863	20.035194389561813
2018-01-05 10:40:00	20.123996588922196	20.194640871079606	20.092257853460175	20.0	20.110337188441953	19.9504282196855	20.0	20.099226037670014	19.955420185974344	20.0	20.10646808475634	19.952166512645704	20.406742231987998	20.47174826951303	20.37753662092603	20.0	20.400875536941577	19.81989649789581	20.076671637982454	20.15487668201642	20.041536038488935
2018-01-05 10:50:00	20.134039723728062	20.204494233600762	20.102386248278002	20.0	20.109051839859397	19.95100569513563	20.0	20.097931472693855	19.95600180212305	20.0	20.105187456975816	19.952741867155794	20.424001684116064	20.48864132396229	20.394960686503993	20.0	20.399684116650963	19.820431773678553	20.082849872815505	20.160922268287802	20.047773869052584
2018-01-05 11:00:00	20.156000022159336	20.250163686534727	20.113694607729805	20.0	20.102031440247643	19.954159787714826	20.003639392051358	20.100040127261874	19.960328916811857	20.0	20.09818734371133	19.955886845578966	20.456687309033086	20.54113069559781	20.418748975938783	20.0	20.3867162565193	19.826257913737706	20.12069471568699	20.21979096284559	20.076173213340375
2018-01-05 11:10:00	20.196216926732617	20.304195989211536	20.147704594314554	20.015764710218747	20.125531719359355	19.966449097416447	20.025534665346765	20.136463232227484	19.975697193269927	20.01857174669391	20.128307295046326	19.969270268448625	20.497698381603076	20.59689064152669	20.453133743086667	20.0	20.37394255467848	19.831996823260393	20.16673343381204	20.28083155330408	20.115471959837357
2018-01-05 11:20:00	20.238583630519166	20.360341236006278	20.18388093819886	20.037171130937732	20.16128633545821	19.981409227457508	20.049780011385263	20.17519465126261	19.993434303614283	20.040890599051668	20.164939396265588	19.98515853073817	20.540960450434596	20.654854421310773	20.489790695403272	20.0	20.36660504044748	19.835293387625047	20.216645240975332	20.345666165154206	20.158679318518153
2018-01-05 11:30:00	20.283102735368388	20.41858894852505	20.222232117863214	20.060940438834358	20.19935728799499	19.998753158776683	20.07636308836241	20.21621692769259	20.01353020402566	20.06556414473223	20.20387977412057	20.003422340224432	20.58646207573512	20.715005990734237	20.52871046175001	20.0	20.36285808883684	19.836976800667507	20.27037426784532	20.41423600421999	20.20574073411177
2018-01-05 11:40:00	20.32975311586132	20.478917463340814	20.26273724960241	20.087048887848454	20.239721160004617	20.018456997459456	20.105260705547867	20.25950735932836	20.03596148428417	20.092568720710787	20.245105206430672	20.024037835822142	20.634184954494003	20.777326861119295	20.569874822531915	20.0	20.36148639651337	19.837593068233126	20.327858086559896	20.486480078797594	20.256593133525563
2018-01-05 11:50:00	20.378517850826192	20.541315008865503	20.305377098663598	20.115472628504047	20.282354558969352	20.040496688729775	20.13644992800708	20.305043494369606	20.060704992394935	20.121880715456868	20.28859249511034	20.04698122025024	20.684112591847267	20.841802927292683	20.613266209255848	20.0	20.361686001815382	19.837503390488735	20.389035190993635	20.56233813467379	20.311174448180815
2018-01-05 12:00:00	20.419721870325432	20.604453825867623	20.336726354067338	20.142216349305293	20.32839282532933	20.058571845584346	20.16554320174124	20.3536466352249	20.081032963509447	20.14952244827286	20.33550301900611	20.065965959972413	20.73188230098299	20.908699716604993	20.652442592515122	20.0	20.363387684618214	19.83673886633094	20.454978381909747	20.648294429116607	20.368126244758834
2018-01-05 12:10:00	20.47266973742269	20.6586994633318	20.3890911649128	20.171341172243366	20.359461585949514	20.086823305215965	20.197344175004723	20.387363957227464	20.11197296849885	20.179543483418648	20.367448112026317	20.095122563319553	20.78119486292496	20.959620494397996	20.701032622697944	20.0	20.36024408251085	19.838151209306716	20.52185124707114	20.716460827270094	20.434417957416535
2018-01-05 12:20:00	20.525732244533902	20.713077098890366	20.44156281721432	20.20079121785874	20.390855107061988	20.115400195173223	20.22945033703339	20.421386516767356	20.14321814034132	20.209882711042095	20.399711137528374	20.124597475954058	20.83076588583615	21.01080787873287	20.74987745424486	20.0	20.358169026862836	19.839083480684806	20.588759370546605	20.78466702471695	20.500742888238186
2018-01-05 12:30:00	20.578930331462892	20.767589787838638	20.494170285844802	20.23057536627259	20.422576107541957	20.144314163673307	20.261871844637014	20.455718116272653	20.17478149071376	20.240549182161853	20.432294904893734	20.1544025531084	20.88059847550621	21.062253556101965	20.798985323354493	20.0	20.356796317190007	19.839700205320426	20.655712372680775	20.852917060270546	20.56711316521291
2018-01-05 12:40:00	20.632263191659884	20.822236554884633	20.546912840066156	20.26069020572045	20.454621272601468	20.1735617553826	20.294605538694647	20.49035564559351	20.20665983849371	20.271539583575557	20.46519620924778	20.184534432911224	20.93069098312005	21.11395561212401	20.84835470052407	20.0	20.35588823298318	19.840108185181464	20.722709524476016	20.921210280233144	20.633528025512668
2018-01-05 12:50:00	20.68573032987908	20.87701715149958	20.5997898737887	20.29113236450913	20.486987292156485	20.203139570928435	20.327648314762115	20.525296050349983	20.23885005674438	20.302850645472123	20.498411854873893	20.214989812262633	20.98104206728236	21.16591295127806	20.89798413389299	20.0	20.35528751096047	19.84037807478587	20.789750122895096	20.989546025411318	20.699986746402303
2018-01-05 13:00:00	20.768869898487686	20.984896596005555	20.671814425689796	20.354535318759492	20.573998035709565	20.255936127086265	20.393456435099257	20.614990218542786	20.2939267642768	20.36710374151764	20.586229828619306	20.268655789341526	21.05944624797688	21.268796194065658	20.96539047509642	20.0	20.336900856063554	19.84863874582652	20.90076354811101	21.125140302352616	20.799956600553188
2018-01-05 13:10:00	20.82245911222271	21.02281236620528	20.732445331447927	20.384819925003402	20.588920279016417	20.2931226645048	20.42600088986877	20.631918133831178	20.333487345479863	20.398183748671357	20.601950446232145	20.30663639179622	21.10631071608965	21.29905812871759	21.01971405244521	20.0	20.32503171543341	19.853971258283533	20.971448823291475	21.178322400125424	20.87850562210521
2018-01-05 13:20:00	20.873073705891798	21.057808444366664	20.79007693933061	20.412230139327576	20.60101720033322	20.327412764093154	20.455660512421353	20.64601140338896	20.37014054691417	20.426384652550333	20.61484095376165	20.341715879542345	21.150263227284984	21.326465324843213	21.07109996606318	20.0	20.31607145503072	19.857996882522432	21.036359582452	21.225844907195892	20.95122849452359
2018-01-05 13:30:00	20.920732720937828	21.089912140958297	20.844724575711233	20.43677956701381	20.61030990196114	20.35881666290704	20.48244785618329	20.657289946476972	20.403895612718014	20.451719662087054	20.624922136821667	20.373904057496137	21.191320673726576	21.35104399782506	21.119560919421467	20.0	20.309036984268737	19.86115729692274	21.095573388988154	21.267792806722674	21.018199447687138
2018-01-05 13:40:00	20.96546207796915	21.11914784613171	20.896414848794656	20.45849738629556	20.616826965243998	20.387363807347704	20.50639142027771	20.665781675684396	20.43478130552977	20.474217787351453	20.632222415995997	20.403230200569123	21.22950537087482	21.3728149080249	21.165119926647982	20.0	20.30327647424556	19.86374535215054	21.149183517637894	21.304257342884995	21.079512668613845
2018-01-05 13:50:00	21.00728708689269	21.145539192788803	20.945173821924868	20.477412451733766	20.62059666635349	20.41308331183215	20.527519437749543	20.671514315736207	20.46282608677002	20.493907720623174	20.63676991434975	20.429723256775006	21.264839021326647	21.391797959248983	21.20779949849198	20.0	20.298358723960124	19.865954776191828	21.19728168615061	21.335328249169375	21.135260766533477
2018-01-05 14:00:00	21.048163955453564	21.16937162519948	20.99370833571264	20.494347670240096	20.62141531131694	20.43725930975629	20.54673276001782	20.67434641953618	20.489399086900878	20.51160874690114	20.638355657444407	20.454664482744022	21.29821204384669	21.40795638040135	21.24890661727865	20.0	20.293905957793136	19.867955294324823	21.239731467298444	21.359785131444635	21.185794313841456
2018-01-05 14:10:00	21.092338876030254	21.210306871274554	21.039338762224844	20.516610416469597	20.64071217537249	20.460854553774094	20.57122772830867	20.695790349296782	20.515264811632857	20.534627001570474	20.65839679254083	20.47902028388814	21.33717500987763	21.443439800353318	21.289432857634928	20.0	20.291050814381027	19.869238039915768	21.287473975744742	21.403767081416195	21.23522634855901
2018-01-05 14:20:00	21.135538348308845	21.25027753499259	21.08398885863933	20.538011656190648	20.65916480473796	20.483580531480985	20.594845990273853	20.716375459863418	20.54024579379158	20.556777927161775	20.67758797781146	20.50250094788438	21.375208087761322	21.478005118549632	21.329023914508603	20.0	20.2891619633607	19.870086654142295	21.33329384368795	21.445868444631333	21.282716849061217
2018-01-05 14:30:00	21.177771983927173	21.289301309354762	21.127664605836515	20.558560519776925	20.67678192113784	20.505446556846653	20.61759633955306	20.736109994798095	20.564351074153112	20.578070641041805	20.695937901079834	20.52511578508269	21.412321841198374	21.511670032902487	21.36768714637479	20.0	20.287912437052704	19.870648035527044	21.37722341404128	21.486120149334315	21.328298793837156
2018-01-05 14:40:00	21.219048210263917	21.32738664926977	21.170374418826498	20.578265677665648	20.693571996028112	20.5264613897057	20.63948742922241	20.75500251902671	20.58758934539728	20.59851381466432	20.713455046188276	20.54687355122602	21.44852329035666	21.54444174409288	21.40542949230126	20.0	20.287085841358035	19.871019404607257	21.41929361147447	21.52455241362881	21.372003424999328
2018-01-05 14:50:00	21.259375225233	21.364541508565345	21.21212660518514	20.597135738859688	20.70954348595052	20.546633707558	20.660527753081894	20.773061309500697	20.6099691987488	20.618116035147313	20.730147823595285	20.567782912801125	21.48381919502308	21.576326781792357	21.44225781546007	20.0	20.286539025786617	19.871265075371234	21.459534867374302	21.5611950039383	21.413861472686126
2018-01-05 15:00:00	21.30600370721798	21.401756915894524	21.262984149696628	20.61815800623859	20.72383589321623	20.57067953527762	20.683999373222804	20.789661962282985	20.636527775239237	20.639851589841264	20.74513644889607	20.592549696642724	21.521475605601083	21.607120532560362	21.482997450010682	20.0	20.28583032585884	19.87158347678806	21.497127179104673	21.59116966238633	21.454876208354936
2018-01-05 15:10:00	21.33860916275769	21.43373202134911	21.295872805999224	20.632536438977553	20.73793593640423	20.585183041582958	20.700509768948987	20.805847561338513	20.653184094107317	20.654936898329694	20.75992990529933	20.60776612708246	21.55279557818051	21.637792528764603	21.51460854241085	20.0	20.289279153650334	19.87003400343246	21.52802725627235	21.621412022030146	21.48607178180146
2018-01-05 15:20:00	21.37096120612713	21.465456869892506	21.32850663255138	20.646779920054296	20.751897884433994	20.599553008521383	20.716868762560754	20.82187868298302	20.669690392515967	20.669881284498793	20.774579343373567	20.622843026163753	21.583895459302052	21.668253215746603	21.545995597711023	20.0	20.29155649635136	19.869010849465333	21.55843157142216	21.65116356443975	21.516769371660633
2018-01-05 15:30:00	21.403038590555575	21.49691375480279	21.360862792125666	20.66087820172022	20.76571749421948	20.61377649059736	20.733065520893707	20.83775083218192	20.68603298973523	20.684674482255627	20.78908058356126	20.637767393263243	21.614766767768547	21.69849173213977	21.57715120406554	20.0	20.29306302498924	19.86833400326571	21.588338114251655	21.680427969587168	21.546964411129903
2018-01-05 15:40:00	21.43484281705565	21.52810248239168	21.392943547122073	20.67483278841497	20.779396246789766	20.62785500276832	20.749101678454	20.853465609325774	20.702213535598567	20.69931803322347	20.803435120864982	20.652540790949747	21.645410257830967	21.728506855457297	21.608077003824935	20.0	20.294059634722053	19.867886251066906	21.617755041189294	21.709213231302467	21.57666512968918
2018-01-05 15:50:00	21.46637508873448	21.559022796252986	21.42475075637109	20.688645132918072	20.79293555102703	20.64179001753579	20.764978806892294	20.86902452220057	20.71823363044944	20.713813445207453	20.81764442853889	20.667164742551293	21.675826404860608	21.758297384900118	21.638774225422573	20.0	20.294718919211963	19.867590050788827	21.646690361363376	21.737527198303617	21.605879608535147
2018-01-05 16:00:00	21.509224375796375	21.591247191892013	21.4723735453766	20.707082754341947	20.804946698680844	20.663114895291127	20.785936261849773	20.8834167861479	20.7421406639767	20.73290744063749	20.830288917893085	20.689156342160338	21.71123030837792	21.787524118979334	21.676953378977295	20.0	20.29459990741574	19.8676435198567	21.673792035542355	21.75752547798049	21.636172662852765
2018-01-05 16:10:00	21.5399341802436	21.635999994073046	21.496774176928916	20.725070644286983	20.837358063796124	20.674622673203164	20.805995121219148	20.918053517467953	20.755650044643595	20.751540485462485	20.86331563259387	20.701322665736782	21.746936787137525	21.838115952765925	21.7059722344639	20.0	20.300942212689314	19.864794078356972	21.70363657682485	21.80273067936768	21.65911603800125
2018-01-05 16:20:00	21.57293873349381	21.682990822714004	21.523495041235464	20.74547175469987	20.872127411056187	20.68856848880066	20.828449520379216	20.955029884054383	20.77158008162661	20.772580923835477	20.898694629613704	20.715921142978587	21.78495631581705	21.890965880609528	21.737328830185646	20.0	20.306239206058486	19.86241426974184	21.737639570664523	21.85199814307061	21.686261081612514
2018-01-05 16:30:00	21.608188399760095	21.732183890151283	21.552480280888695	20.768246314930053	20.909223310183915	20.704908824308752	20.853259388945894	20.9943145306781	20.78988678903722	20.795989112733615	20.936394662298525	20.732908358581263	21.825262058079687	21.946053614456023	21.77099338782366	20.0	20.310850333415008	19.86034260382804	21.77572028558299	21.90525580159532	21.717523169693393
2018-01-05 16:40:00	21.645664338711832	21.783560820558275	21.583710846867774	20.793370153200012	20.948622048517386	20.723619301680607	20.880401380804166	21.035884543584977	20.81054662651134	20.821741122253016	20.976392256958754	20.752260177675076	21.867836820135366	22.003362340710986	21.80694854277531	20.0	20.31500773574637	19.858474785389312	21.817811961314927	21.962438284445287	21.752834917589695
2018-01-05 16:50:00	21.685347828932663	21.837103335003512	21.61716781895881	20.82081932656034	20.99030015942475	20.744675763969088	20.90985239702793	21.07971733058966	20.833536267456722	20.849813243279872	21.018664172431485	20.773952680907406	21.912663516838894	22.062875335281092	21.845177047683702	20.0	20.31886498661893	19.85674181760599	21.86384894767735	22.023481368926944	21.792130033782605
2018-01-05 17:00:00	21.719210046378485	21.867228391101097	21.6527090509234	20.8370312171772	21.006260096961697	20.76100085089721	20.92841448120844	21.09797309609745	20.852235973069895	20.866637037129397	21.03521306474365	20.79089998124473	21.948868823618486	22.09904319133587	21.88139918015125	20.0	20.33119469238111	19.851202384582404	21.891008513133293	22.050134098093046	21.819517308296298
2018-01-05 17:10:00	21.739346488046372	21.889388058518836	21.67193650710947	20.84805080663527	21.01959174345786	20.77098169009179	20.94148962554146	21.113350620356268	20.864276714827565	20.878293126049126	21.0491659976147	20.80152415476604	21.979031669292	22.131243967314198	21.91064643394869	20.0	20.34373590426539	19.845567927069172	21.9136952697175	22.075072540955	21.84119243771224
2018-01-05 17:20:00	21.759942232925386	21.912002841352834	21.69162514797972	20.85960082398311	21.033439062888025	20.78149958621423	20.955077844133292	21.129226371217637	20.876837201530186	20.890473954624305	21.063628996794275	20.812679660316054	22.0	22.140469078962656	21.936890703654452	20.0	20.352027610023345	19.841842667960528	21.93715789924731	22.100766122977447	21.863652755252605
2018-01-05 17:30:00	21.78097117368502	21.9350478801019	21.711748305584685	20.87166735521065	21.047792667805513	20.792538591581078	20.969164978826303	21.145591025980945	20.88990110256842	20.903165699527655	21.0785928207288	20.82435061608945	22.0	22.102811571691014	21.953809293877946	20.0	20.35751280230629	19.839378306210218	21.961376650111063	22.127199532912275	21.886876514359795
2018-01-05 17:40:00	21.802430745146467	21.95852028469736	21.732303560710562	20.88424516472405	21.062647449923244	20.804093413402672	20.983746132444693	21.16243983530964	20.903463454345953	20.916363212605987	21.094052430701694	20.836531824765885	22.0	22.078162801509947	21.96488337903176	20.0	20.36114140518093	19.837748064339003	21.98633916531391	22.15436071413715	21.910851223088972
2018-01-05 17:50:00	21.824318464003476	21.98241750290985	21.753288461016552	20.897329035236403	21.07799828500294	20.816158792587668	20.998816383166403	21.17976793153073	20.91751931071287	20.930061367088523	21.11000278677825	20.849218120561254	22.0	22.062029313835975	21.972131757551953	20.0	20.363541824010714	19.836669615299535	22.0	22.157610622355605	21.92918943053589
2018-01-05 18:00:00	21.833795228126053	21.980517276335156	21.76787662675675	20.895390577255313	21.06644460881376	20.818540215250792	20.999015106816238	21.17017475104677	20.922117295640202	20.92873451162701	21.09905628208665	20.85221313649296	22.0	22.05777411293923	21.974043514476577	20.0	20.374031653614843	19.831956793303473	22.0	22.148144832275186	21.933442176803904
2018-01-05 18:10:00	21.828002263041498	21.942818119996137	21.776418327308257	20.88172474145153	21.020901710504212	20.819195958253943	20.987825345326655	21.126625803756585	20.92546571907553	20.91566740187449	21.054138367464585	20.85345580863835	22.0	22.04353880189249	21.980439089004822	20.0	20.382507700717767	19.828148714170275	21.98649403908048	22.111974915438037	21.93011857289086
2018-01-05 18:20:00	21.809001411589325	21.892221379019375	21.771612730570027	20.85484691936299	20.962414836721806	20.806519304317725	20.963401739139925	21.07011490583375	20.91545814250937	20.889381730861825	20.996269640697022	20.841359626443108	22.0	22.041990459215075	21.98113472122221	20.0	20.393284753504936	19.823306849874594	21.943037292792347	22.034653883867602	21.901876215642595
2018-01-05 18:30:00	21.77689810234563	21.828787697187774	21.753585385822348	20.81490640817497	20.891123398365487	20.78066399229227	20.92589153137013	21.00077976303249	20.892246093956608	20.850025978851946	20.92558875153766	20.816077486775754	22.0	22.04872603616999	21.978108592445363	20.0	20.4055801355267	19.817782837661916	21.87628756877903	21.934539119047145	21.85011658242669
2018-01-05 18:40:00	21.731805008102118	21.7526250804734	21.722451062544007	20.762036352425408	20.807157983012615	20.74176431549492	20.875424438588976	20.91874742478685	20.85596048826819	20.79773231136845	20.84222524712042	20.77774273153785	21.969412211320996	21.98646430418999	21.961751126118983	20.0	20.41887993707494	19.811807564502562	21.78662515480215	21.8120035482869	21.775223267874228
2018-01-05 18:50:00	21.673834931870328	21.663843972226946	21.678323623884022	20.69636853955069	20.71064777414327	20.689953231255476	20.812128920052622	20.824143738592756	20.806730958099813	20.732631643217996	20.74630752160617	20.72648740800012	21.92487869712792	21.908852050786106	21.932079074469893	20.0	20.43284418903583	19.80553377014332	21.674425236046755	21.66741442819855	21.6775750192829
2018-01-05 19:00:00	21.603089956088795	21.562552728292218	21.6213023337945	20.61802530671972	20.601723032225696	20.625349516999645	20.736123365638505	20.717095090239685	20.744672300962613	20.654845381417907	20.63796498367834	20.662429328228434	21.86726275598065	21.818441105508068	21.889197120685726	20.0	20.44725031963087	19.79906145060062	21.540058809183776	21.501144709417616	21.557541955455527
2018-01-05 19:10:00	21.537725624246512	21.498584073553648	21.55531095861577	20.545300934201226	20.53044146725966	20.551976926595266	20.665314930925817	20.64771099784025	20.67322394434107	20.582700048562472	20.56724882777866	20.58964190137839	21.8133666100113	21.765690045075846	21.83478651599679	20.0	20.461207137809122	19.79279099605677	21.415515650791647	21.379278211008568	21.431796239679695
2018-01-05 19:20:00	21.472921344566757	21.43510635944391	21.489910685708903	20.473329773598696	20.459892828660852	20.479366661904105	20.595222039509828	20.57902298645862	20.60249987493863	20.51129655333412	20.49725451748505	20.5176052940779	21.75988685253997	21.71334218434259	21.78079822520836	20.0	20.470435258640194	19.78864502872687	21.29302054458846	21.259412811843468	21.308119670894186
2018-01-05 19:30:00	21.40868399239227	21.372180839981084	21.425083959417588	20.402092210823124	20.390063387432576	20.40749646481018	20.52582413475941	20.51101592161829	20.53247710008368	20.44061539355545	20.42796837660092	20.446297386679948	21.706809800593945	21.66138857009271	21.727216440384357	20.0	20.476539912597307	19.785902358108455	21.172530962663604	21.141510290759403	21.186467786272736
2018-01-05 19:40:00	21.34501007179314	21.30980716793235	21.360825869179873	20.331580728049754	20.32094565388236	20.336358804849596	20.457114399694714	20.44368323047715	20.463148693111307	20.370649237694046	20.359383123005212	20.375710825452796	21.654132428438114	21.60982620833395	21.67403812152839	20.0	20.480578304623315	19.784088008067787	21.054013958183777	21.025538084278907	21.066807466749736
2018-01-05 19:50:00	21.281894690714044	21.2479806469754	21.297131435002417	20.261787923227466	20.25253237730629	20.265946211974658	20.389086006280127	20.37701821784826	20.39450776630024	20.30139084106106	20.291491640648005	20.305838307913305	21.601851715584917	21.558652115354622	21.621260231630416	20.0	20.48324980906759	19.782887766940654	20.937437184951932	20.911464442752635	20.94910609811393
2018-01-05 20:00:00	21.18498345504581	21.133078403742353	21.208303115776346	20.15809803314694	20.131064359473697	20.17024359668129	20.28710597623646	20.25697925685019	20.30064116900421	20.198245523513187	20.170583611465002	20.210673339071068	21.520007532248773	21.457331530165167	21.548166315793587	20.0	20.503233587153478	19.773909547800617	20.779401874296944	20.735292393626185	20.799219177206997
2018-01-05 20:10:00	21.104468556241322	21.041958735581627	21.13255267856669	20.069693246099742	20.03215319843044	20.086559064617834	20.20061371906249	20.159800367263056	20.218950152479625	20.11043120635524	20.072263210325175	20.127579146600635	21.45081053140621	21.37663322611307	21.484136567117623	20.0	20.51328782579322	19.769392426092907	20.638207145523303	20.58386117969289	20.662623449012326
2018-01-05 20:20:00	21.022722097230975	20.949649829494085	21.055551666793924	20.0	19.978602460861325	20.00961338714926	20.113017695034504	20.061547722786866	20.136141885464603	20.02154237240563	19.9728975224576	20.043397304990975	21.38018801955718	21.294543762652015	21.418665874108775	20.0	20.518834130976185	19.7669006078223	20.49581397634581	20.431265654889685	20.524813946855083
2018-01-05 20:30:00	20.939767070709408	20.856157080515924	20.977330979347062	20.0	20.08099336278983	19.963611677587174	20.02434593855305	19.962240986431105	20.05224816341943	20.0	20.032843891400923	19.985244048790893	21.308159876054656	21.211078390971863	21.35177619543968	20.0	20.52139613832358	19.765749561043034	20.352257861505393	20.277532071922664	20.38583031769473
2018-01-05 20:40:00	20.85561371101624	20.761490034761522	20.89790115976836	20.0	20.146725634265184	19.934079787504043	20.0	20.01673403803754	19.992481808997628	20.0	20.113666367051263	19.94893250175958	21.234736701546893	21.126247538613228	21.283478209531587	20.0	20.521983956482025	19.765485468826924	20.207557839580716	20.122679126767878	20.24569175403286
2018-01-05 20:50:00	20.770272389229014	20.66565880715938	20.81727269421682	20.0	20.1883642964144	19.915372562480485	20.0	20.100061644257767	19.955044768521873	20.0	20.1652338522208	19.925764501176165	21.15992896688538	21.040061398286323	21.213782512198	20.0	20.52126579657328	19.765808120380125	20.061732643992386	19.966725164570533	20.104417163732634
2018-01-05 21:00:00	20.683753541470363	20.56867380629713	20.735456031185873	20.0	20.214175700802034	19.90377613442227	20.0	20.153192534887204	19.931174368384006	20.0	20.1975759714008	19.91123398386341	21.083747134497518	20.95253027506602	21.14269963656094	20.0	20.519683697829073	19.766518918366653	20.0	19.984056060364495	20.00716321925653
2018-01-05 21:10:00	20.60799662445826	20.496965590273785	20.657880132570128	20.0	20.228010361586023	19.897560562185987	20.0	20.18479756634353	19.91697500642537	20.0	20.215717167627837	19.90308359135561	21.018392152666262	20.89123086984898	21.075522584076925	20.0	20.517682872283213	19.767417839988706	20.0	20.08964420090216	19.959725069159898
2018-01-05 21:20:00	20.533532550722672	20.426533927157216	20.581604396092658	20.0	20.237102917804062	19.893475500696724	20.0	20.205546845401436	19.907652866558777	20.0	20.227641008607943	19.89772650337904	20.95416200002285	20.831033595895768	21.009480558398792	20.0	20.516360283632558	19.76801204648393	20.0	20.148216321155	19.93341005861152
2018-01-05 21:30:00	20.46035427023095	20.357368615544324	20.506623187553927	20.0	20.243075881089922	19.89079199545235	20.0	20.219165937067615	19.901534144216	20.0	20.235475362169332	19.894206721344215	20.891050580407345	20.77193133550431	20.944567922320303	20.0	20.51548535539017	19.768405130187034	20.0	20.180697873078806	19.918816897602273
2018-01-05 21:40:00	20.38845216088562	20.289460174917604	20.432926821248063	20.0	20.246999566326124	19.88902918034623	20.0	20.228105031064192	19.89751802952188	20.0	20.24062279296279	19.891894107509472	20.829049476752697	20.71391587822015	20.880776165948483	20.0	20.51490656735051	19.76866516539325	20.0	20.198710741651475	19.910724159547886
2018-01-05 21:50:00	20.317816806641396	20.222799503805568	20.360505739799525	20.0	20.24957706514237	19.887871173631687	20.0	20.233972338763262	19.89488199272955	20.0	20.244004826147215	19.890374643325163	20.76815037046141	20.656979146672192	20.81809686230873	20.0	20.51452368384158	19.768837185520447	20.0	20.208699902099127	19.90623627586851
2018-01-05 22:00:00	20.2827985650563	20.21099725162901	20.315057126161317	20.0	20.223801475034765	19.89945151121626	20.0	20.209841777883316	19.905723259211847	20.0	20.218823254093195	19.90168810323349	20.73830872766348	20.65164418029953	20.77724497358061	20.0	20.496051562096653	19.7771362547102	20.0	20.189442980461735	19.914887936314297
2018-01-05 22:10:00	20.22121270344855	20.150704247729788	20.252890415438138	20.0	20.227142997569548	19.897950247468753	20.0	20.215056261214023	19.903380520324138	20.0	20.222597494832666	19.899992429857786	20.6850904423168	20.599557606796083	20.723518237985523	20.0	20.486870818120934	19.781260936786246	20.0	20.19555407005772	19.912142374321895
2018-01-05 22:20:00	20.160183035760372	20.090932232561265	20.191295715458523	20.0	20.22930907342302	19.89697708295487	20.0	20.21844764096831	19.901856856956268	20.0	20.225048054019894	19.89889145399106	20.632284441198745	20.54786928385265	20.67021009160061	20.0	20.48079429164537	19.783990970420195	20.0	20.198922697064106	19.910628933203085
2018-01-05 22:30:00	20.099691067742423	20.031686325584104	20.130243922915003	20.0	20.23073202758158	19.896337784709722	20.0	20.220673671427114	19.900856756315356	20.0	20.22665819600502	19.89816805686731	20.579876073704703	20.496570232607773	20.617303335646803	20.0	20.47677451005122	19.785796959252348	20.0	20.20079081863262	19.909789632208536
2018-01-05 22:40:00	20.039732431172183	19.972962886380554	20.069730342600305	20.0	20.231666777576308	19.895917824567164	20.0	20.222134760608746	19.9002003249439	20.0	20.227716113442444	19.897692760627304	20.527862335954378	20.445657458060744	20.564794962254414	20.0	20.47411531686696	19.786991669233682	20.0	20.201826799206884	19.909324191660676
2018-01-05 22:50:00	20.0	19.9610061623685	20.01751897053009	20.0	20.23228082238087	19.895641949365114	20.0	20.223093768913788	19.89976946614018	20.0	20.228411200818975	19.897380474994375	20.476240252676813	20.395128042490775	20.51268197029663	20.0	20.472356189358152	19.787782001882572	20.0	20.202401309880813	19.909066078169488
2018-01-05 23:00:00	20.0	20.05970036397975	19.97317809734243	20.0	20.26015295733398	19.883119685835457	20.0	20.251704881357156	19.886915198230838	20.0	20.256271572585305	19.88486349637472	20.395042967026253	20.294447716006225	20.44023793487583	20.0	20.489411312361288	19.78011955531595	20.0	20.227516387810056	19.897782492433162
2018-01-05 23:10:00	20.0	20.103925961192573	19.953308626130866	20.0	20.25945244340497	19.883434409484718	20.0	20.250793047076726	19.88732486290756	20.0	20.255512785585744	19.88520440067887	20.32857350496373	20.219011336755166	20.377797087782078	20.0	20.497532455575715	19.776470925755845	20.0	20.22483207436376	19.898988488329326
2018-01-05 23:20:00	20.0	20.13181684600082	19.94077793875325	20.0	20.257784603668686	19.884183728786528	20.0	20.248969073908665	19.888144329113498	20.0	20.25380834667412	19.88597016308844	20.26104498140728	20.142542716822483	20.31428512926422	20.0	20.502021600581106	19.774454063507044	20.0	20.221622443431016	19.900430496429543
2018-01-05 23:30:00	20.0	20.148932690424523	19.933088211548398	20.0	20.255455868672207	19.885229972045817	20.0	20.246519027232033	19.889245074721842	20.0	20.251456894871286	19.88702661244913	20.19247502525744	20.065054704570052	20.249721836001047	20.0	20.504105671765412	19.773517741670616	20.0	20.218103477780488	19.90201148099717
2018-01-05 23:40:00	20.0	20.158958029230295	19.92858407382407	20.0	20.252693024076983	19.886471250052367	20.0	20.24365808995359	19.890530423354182	20.0	20.24868037020322	19.888274036575364	20.12287147380497	19.98655498214478	20.184115114985637	20.0	20.50459872605328	19.773296224526792	20.0	20.21441299108994	19.9036695257422
2018-01-05 23:50:00	20.0	20.164317443166034	19.926176221186275	20.0	20.24964500945662	19.887840647925284	20.0	20.240527458075665	19.891936939125422	20.0	20.24562455864324	19.88964693742116	20.052242118345305	19.907051185744567	20.11747282719491	20.0	20.504039280751524	19.77354756951743	20.0	20.21062738589337	19.905370304888486
2018-01-06 00:00:00	20.0	20.19364561992317	19.912999793947556	20.0	20.27386250018848	19.876960326002276	20.0	20.26518464254132	19.880859073640856	20.0	20.269772916366154	19.87879767525579	20.0	19.896121739463275	20.04666994313969	20.0	20.52100068276608	19.765927229481903	20.0	20.231579735750007	19.895956930315215
2018-01-06 00:10:00	20.0	20.188463016577206	19.91532820994357	20.0	20.267026855587616	19.88003141270701	20.0	20.257728434573504	19.88420896417712	20.0	20.262859310452225	19.8819037880577	20.0	19.976153466983167	20.010713659761187	20.0	20.52843820874027	19.762585732305094	20.0	20.224510479554827	19.89913297295363
2018-01-06 00:20:00	20.0	20.185085132288965	19.91684581013104	20.0	20.262568969936748	19.882034230897982	20.0	20.25286947379609	19.88639197554089	20.0	20.258349597199345	19.88392989111334	20.0	20.02856121367547	19.98716815037769	20.0	20.533362326209843	19.760373447644852	20.0	20.2206127765474	19.9008841148845
2018-01-06 00:30:00	20.0	20.182862265361607	19.91784448947522	20.0	20.259640506291767	19.88334991746312	20.0	20.249680172667016	19.8878248499612	20.0	20.255386520530397	19.885261128457362	20.0	20.06286386517987	19.971756814194553	20.0	20.536619752682967	19.758909966185914	20.0	20.21845125313125	19.901855234100452
2018-01-06 00:40:00	20.0	20.181399503280186	19.918501672439334	20.0	20.257716777486326	19.884214201419184	20.0	20.24758682879264	19.88876533778881	20.0	20.253439682003464	19.886135795041927	20.0	20.085316133144584	19.961669563369828	20.0	20.538774624313916	19.757941835453167	20.0	20.217252566552045	19.90239377444763
2018-01-06 00:50:00	20.0	20.180436929693418	19.918934133036288	20.0	20.256453066170995	19.884781955778248	20.0	20.246212832246073	19.889382640585097	20.0	20.2521605452124	19.886710479687185	20.0	20.100011916533173	19.95506710996336	20.0	20.540200127475565	19.75730139200373	20.0	20.216587827255616	19.90269242543588
2018-01-06 01:00:00	20.0	20.179803506171172	19.919218714618747	20.0	20.255622925101257	19.885154917708128	20.0	20.245310989728452	19.88978781620896	20.0	20.251320110370276	19.887088066355386	20.0	20.10963081337443	19.950745576599896	20.0	20.54114313458311	19.75687772214382	20.0	20.21621919183423	19.90285804424839
2018-01-06 01:10:00	20.0	20.179386680523653	19.91940598411256	20.0	20.25507759945032	19.885399919087536	20.0	20.244719052340663	19.89005375909332	20.0	20.250767917103214	19.887336153185515	20.0	20.11592671295287	19.94791698403567	20.0	20.541766958106468	19.75659745360434	20.0	20.2160147627075	19.90294988921837
2018-01-06 01:20:00	20.0	20.179112387551708	19.91952921718691	20.0	20.25471937110043	19.885560862259226	20.0	20.24433052566977	19.890228314554157	20.0	20.250405108008373	19.887499154373057	20.0	20.120047596267973	19.946065572691204	20.0	20.54217963345666	19.756412048736863	20.0	20.215901395229952	19.90300082243292
2018-01-06 01:30:00	20.0	20.178931888499157	19.919610310964146	20.0	20.25448404831589	19.88566658698851	20.0	20.244075510566645	19.890342886557015	20.0	20.25016673052875	19.887606251501577	20.0	20.12274485645849	19.944853760141843	20.0	20.542452628844405	19.756289398635122	20.0	20.21583852657139	19.903029067772273
2018-01-06 01:40:00	20.0	20.178813110727553	19.91966367489052	20.0	20.254329463082932	19.88573603832506	20.0	20.24390812771318	19.89041808754915	20.0	20.25001010870312	19.887676617829037	20.0	20.124510306236875	19.944060587053002	20.0	20.54263322233441	19.756208262429467	20.0	20.215803662355345	19.903044731405572
2018-01-06 01:50:00	20.0	20.178734948771424	19.919698791131673	20.0	20.254227914929405	19.885781661408526	20.0	20.243798263554957	19.890467446808646	20.0	20.249907203024694	19.88772285081499	20.0	20.125665853977814	19.943541427923012	20.0	20.542752689585818	19.756154588736802	20.0	20.21578432818173	19.903053417773425
2018-01-06 02:00:00	20.0	20.23271386232471	19.895447395187446	20.0	20.309019529546482	19.861165138899405	20.0	20.299605823910166	19.865394484909928	20.0	20.304567347814782	19.863165394460022	20.0	20.171102407850462	19.92312790371936	20.0	20.579260786793522	19.73975240013624	20.0	20.265337848782185	19.880790241851482
2018-01-06 02:10:00	20.0	20.224360706978455	19.89920026208214	20.0	20.304595625151066	19.863152690149516	20.0	20.294265271472444	19.867793863541372	20.0	20.2999734524948	19.86522931844436	20.0	20.163541921223054	19.926524644088197	20.0	20.597430882885824	19.731589023631006	20.0	20.25933094068972	19.88348899766114
2018-01-06 02:20:00	20.0	20.218922151517834	19.9016436710572	20.0	20.301747222421167	19.864432407318024	20.0	20.290822050716653	19.86934081779397	20.0	20.297013294939234	19.86655924430266	20.0	20.158632365319157	19.928730386595742	20.0	20.60945717137348	19.72618590851336	20.0	20.25604022676979	19.884967434349804
2018-01-06 02:30:00	20.0	20.21534322602227	19.90325159410593	20.0	20.299876006443217	19.865273098554493	20.0	20.288561954261997	19.87035622344751	20.0	20.2950682935045	19.86743308552696	20.0	20.15541885411544	19.93017413800611	20.0	20.61741285175868	19.72261161732581	20.0	20.254215295058945	19.885787331205403
2018-01-06 02:40:00	20.0	20.2129881097662	19.904309689815186	20.0	20.298646793035136	19.865825353853776	20.0	20.2870785095291	19.871022698617367	20.0	20.29379036567962	19.868007227013504	20.0	20.15331550241671	19.93111912210264	20.0	20.6226757309659	19.720247135363145	20.0	20.253203269561187	19.88624200932758
2018-01-06 02:50:00	20.0	20.211438322594375	19.905005971008322	20.0	20.29783931502881	19.866188133827634	20.0	20.286104830519008	19.871460148607408	20.0	20.292950726360914	19.86838445627263	20.0	20.151938787608778	19.931737646146786	20.0	20.62615725563398	19.71868297210647	20.0	20.252642045455186	19.886494153491146
2018-01-06 03:00:00	20.0	20.210418483224817	19.90546415971059	20.0	20.297308877656157	19.86642644627042	20.0	20.28546574313459	19.871747274823587	20.0	20.292399056562722	19.868632307921093	20.0	20.151037681216117	19.932142491047834	20.0	20.628460370248106	19.717648239453748	20.0	20.25233081565141	19.886633981374004
2018-01-06 03:10:00	20.0	20.209747376663515	19.905765671354068	20.0	20.296960430015375	19.86658299521048	20.0	20.285046269488006	19.871935733998143	20.0	20.2920365919194	19.868795154355052	20.0	20.150447876612617	19.93240747572477	20.0	20.629983937486983	19.716963738230483	20.0	20.25215822151343	19.88671152366788
2018-01-06 03:20:00	20.0	20.20930575415897	19.90596408146481	20.0	20.296731532572178	19.866685833192207	20.0	20.28477094228794	19.872059431725706	20.0	20.291798441094155	19.868902149653348	20.0	20.15006182955661	19.93258091715573	20.0	20.63099181487061	19.71651092375378	20.0	20.252062508519035	19.886754525158114
2018-01-06 03:30:00	20.0	20.209015143922407	19.90609464548413	20.0	20.296581168404476	19.86675338810813	20.0	20.284590227557068	19.8721406224019	20.0	20.291641968410197	19.868972448975125	20.0	20.149809148705067	19.932694440436855	20.0	20.631658550669638	19.716211375786102	20.0	20.252009430370496	19.88677837186253
2018-01-06 03:40:00	20.0	20.20882390749602	19.90618056329889	20.0	20.296482393238545	19.86679776535659	20.0	20.28447161299989	19.872193913000054	20.0	20.29153916086891	19.869018637870486	20.0	20.149643760543768	19.932768745262948	20.0	20.632099612879177	19.716013217402107	20.0	20.25197999560179	19.886791596178906
2018-01-06 03:50:00	20.0	20.208698064128605	19.906237101623383	20.0	20.296417507211842	19.86682691704975	20.0	20.284393758731383	19.87222889100474	20.0	20.291471613037093	19.8690489854471	20.0	20.149535508399808	19.932817380284142	20.0	20.632391386431657	19.715882130733604	20.0	20.25196367239472	19.886798929793677
2018-01-06 04:00:00	20.0	20.181608037028845	19.918407983363853	20.0	20.268953563869175	19.87916579014573	20.0	20.2564111031416	19.88480080873348	20.0	20.264071233917388	19.881359300703778	20.0	20.127130558679916	19.94288337218729	20.0	20.614370718636756	19.723978372786387	20.0	20.22717534252303	19.897935715678063
2018-01-06 04:10:00	20.0	20.18570640696567	19.91656668672557	20.0	20.27110785579979	19.87819791985806	20.0	20.259016239340237	19.883630385223952	20.0	20.266309003022805	19.880353926178156	20.0	20.131106452997322	19.941097100827292	20.0	20.60543046028631	19.727995010596008	20.0	20.230163162519638	19.89659336176654
2018-01-06 04:20:00	20.0	20.18837422157364	19.915368103350975	20.0	20.27249418327459	19.87757507707953	20.0	20.26069509807919	19.88287611535572	20.0	20.26775020325207	19.879706430422978	20.0	20.133689291575227	19.939936695089393	20.0	20.5995131014895	19.730653534113415	20.0	20.23179985114928	19.895858037889454
2018-01-06 04:30:00	20.0	20.19012982007448	19.914579356198423	20.0	20.27340491234199	19.8771659089478	20.0	20.261797086524822	19.882381019097537	20.0	20.2686971602293	19.879280985983932	20.0	20.135379868068846	19.939177160722693	20.0	20.595598622481283	19.732412213088118	20.0	20.232707510853565	19.89545024874695
2018-01-06 04:40:00	20.0	20.191285094518634	19.914060319853945	20.0	20.274003176356768	19.8768971236658	20.0	20.26252039200785	19.882056055764586	20.0	20.269319341540992	19.879001455249696	20.0	20.136486408095497	19.9386800195513	20.0	20.59300909571778	19.73357562366303	20.0	20.233210858827036	19.8952241069038
2018-01-06 04:50:00	20.0	20.192045324776355	19.91371876712946	20.0	20.274396180027644	19.876720556799174	20.0	20.262995143692834	19.881842761529303	20.0	20.269728134793073	19.878817794513257	20.0	20.137210676331	19.93835462367738	20.0	20.591296058341474	19.734345249150934	20.0	20.233489993392762	19.89509869862064
2018-01-06 05:00:00	20.0	20.219552805947682	19.901360333559737	20.0	20.302075659158046	19.864284848784063	20.0	20.29123830137928	19.8691538066267	20.0	20.297352716341678	19.8664067506291	20.0	20.16001882668315	19.928107483664096	20.0	20.608376522642995	19.726671417363292	20.0	20.258424064740886	19.88389643468163
2018-01-06 05:10:00	20.0	20.21572915925405	19.903078203813394	20.0	20.30006297432018	19.86518909849383	20.0	20.288804170321193	19.87024740173975	20.0	20.29526227561966	19.86734593414189	20.0	20.15630685116214	19.929775182811216	20.0	20.616694828984155	19.722934207267986	20.0	20.25551707623022	19.885202472998017
2018-01-06 05:20:00	20.0	20.21324211220173	19.90419557277893	20.0	20.298769654491892	19.865770155228276	20.0	20.287237537193064	19.870951251406012	20.0	20.29391785980485	19.867949947044195	20.0	20.1538967469065	19.930857983273896	20.0	20.622200744480345	19.720460535088538	20.0	20.253925203598218	19.885917662151524
2018-01-06 05:30:00	20.0	20.21160546916067	19.90493087617419	20.0	20.29792002343253	19.86615187353031	20.0	20.286209210408863	19.87141325329457	20.0	20.293034494005614	19.86834682153371	20.0	20.152319231759908	19.931566721962945	20.0	20.625843040330928	19.718824141300598	20.0	20.253042397773925	19.88631428505809
2018-01-06 05:40:00	20.0	20.210528474230028	19.90541474346187	20.0	20.29736189551341	19.866402626653393	20.0	20.285534254286866	19.871716494450823	20.0	20.29245409457573	19.86860758069786	20.0	20.15128669477676	19.932030615390154	20.0	20.628252509059262	19.717741626364678	20.0	20.25255283315261	19.88653423438071
2018-01-06 05:50:00	20.0	20.20981975638082	19.905733152930356	20.0	20.29699525777872	19.866567347954486	20.0	20.285091237709253	19.871915530884245	20.0	20.292072753648426	19.868778907781138	20.0	20.150610864408243	19.93233424932383	20.0	20.629846432173288	19.717025515980115	20.0	20.252281342495955	19.886656208443853
2018-01-06 06:00:00	20.0	20.236344776356923	19.893816114970075	20.0	20.32416013134958	19.854362839538595	20.0	20.312715541596404	19.859504611746537	20.0	20.319162522858118	19.85660814190432	20.0	20.172490661217974	19.922504195684674	20.0	20.64911284069549	19.70836959331072	20.0	20.276904408666283	19.875593671468774
2018-01-06 06:10:00	20.0	20.238041282314697	19.89305391664122	20.0	20.32794323621667	19.852663183728737	20.0	20.316483664350937	19.857811687030733	20.0	20.322814200199403	19.854967533243748	20.0	20.176282317466853	19.920800697949673	20.0	20.658305524721452	19.704239546864272	20.0	20.274704058008822	19.876582234807632
2018-01-06 06:20:00	20.0	20.233187996987592	19.895234378164993	20.0	20.324480025972104	19.854219118766153	20.0	20.312913928691877	19.859415481312343	20.0	20.319272755581462	19.8565586170576	20.0	20.172347732907134	19.92256840985332	20.0	20.66010546247514	19.703430879177834	20.0	20.26508754935492	19.880902695217358
2018-01-06 06:30:00	20.0	20.224011627264975	19.899357094996894	20.0	20.316245095435153	19.857918870166813	20.0	20.304515586272462	19.8631886496457	20.0	20.310993423810245	19.860278316838873	20.0	20.1633517637283	19.92661007716555	20.0	20.657015689768667	19.70481903793002	20.0	20.251349370798	19.88707492036612
2018-01-06 06:40:00	20.0	20.21199046883596	19.904757905305583	20.0	20.30487561323659	19.863026898400953	20.0	20.29294794093961	19.86838570769379	20.0	20.299601171016327	19.86539657534049	20.0	20.15104294980665	19.932140123999908	20.0	20.650691254708658	19.707660450783067	20.0	20.23532551280923	19.89427404496977
2018-01-06 06:50:00	20.0	20.198097287488626	19.910999769389164	20.0	20.291447019589945	19.869060034676977	20.0	20.279300085887755	19.874517352717092	20.0	20.286163626792938	19.87143373289013	20.0	20.136565776371878	19.938644361340174	20.0	20.64222701235609	19.711463226332768	20.0	20.218034117455048	19.90204264288252
2018-01-06 07:00:00	20.0	20.18297223121574	19.91779508452626	20.0	20.276665793533958	19.8757008753688	20.0	20.264286853175133	19.88126242828363	20.0	20.2713822686012	19.878074632947282	20.0	20.120669326705706	19.945786244523525	20.0	20.63234723593396	19.71590196646445	20.0	20.20003980901365	19.910127042327204
2018-01-06 07:10:00	20.0	20.15930516063254	19.92842811623755	20.0	20.253308151870083	19.886194888290248	20.0	20.24009340248331	19.892131949608938	20.0	20.248081090767293	19.888543278061068	20.0	20.093658522718187	19.957921533271538	20.0	20.62227463450452	19.720427338121155	20.0	20.18057230420959	19.918873312601495
2018-01-06 07:20:00	20.0	20.14529851115262	19.934720958757516	20.0	20.239527405733277	19.892386238003887	20.0	20.225803266122544	19.89855215580001	20.0	20.234332634891466	19.894720120556006	20.0	20.077658666435024	19.965109874500207	20.0	20.61672329010828	19.722921420386136	20.0	20.171964367587663	19.922740646446126
2018-01-06 07:30:00	20.0	20.137628632081444	19.938166846456163	20.0	20.232016078684932	19.89576089218503	20.0	20.217989736005336	19.90206258237441	20.0	20.226838869176653	19.89808688486266	20.0	20.068846718170363	19.96906886574955	20.0	20.61415795618271	19.724073961715014	20.0	20.16936455946878	19.923908676180694
2018-01-06 07:40:00	20.0	20.13412869740685	19.93973928087518	20.0	20.22862320079274	19.897285228629343	20.0	20.214427244922508	19.903663121846407	20.0	20.223454662892376	19.899607325367192	20.0	20.064739515610267	19.97091413066785	20.0	20.613567945465665	19.724339038993683	20.0	20.17009660486148	19.923579786221655
2018-01-06 07:50:00	20.0	20.133372798283457	19.94007888772772	20.0	20.227935756204232	19.89759408054592	20.0	20.213654979472548	19.904010081686238	20.0	20.222770566078832	19.899914673210958	20.0	20.063711726179044	19.97137589113695	20.0	20.614284658738818	19.72401703737821	20.0	20.172676345393544	19.922420772359423
2018-01-06 08:00:00	20.0	20.13442261308605	19.93960723180192	20.0	20.229025525633027	19.897104473990957	20.0	20.214714113644177	19.903534238797537	20.0	20.223860526170117	19.89942498099603	20.00527957832566	20.0775446181402	19.972812676379995	20.0	20.615865801481455	19.723306668899635	20.0	20.176280733533904	19.920801409571727
2018-01-06 08:10:00	20.0	20.139837955184827	19.93717425201841	20.0	20.2344421507272	19.894670917789227	20.0	20.22037971130903	19.900988825353906	20.0	20.22925454298927	19.89700158213525	20.0	20.06859808037464	19.9691805725853	20.0	20.617713202274906	19.72247667723881	20.0	20.18089857289822	19.918726728118195
2018-01-06 08:20:00	20.0	20.14184596789552	19.936272101380272	20.0	20.236450102185906	19.893768794670102	20.0	20.22252270873646	19.90002602940825	20.0	20.23125022448122	19.896104971609883	20.0	20.072075575748773	19.96761821959113	20.0	20.617826267126834	19.722425879986492	20.0	20.181279850395917	19.918555429532272
2018-01-06 08:30:00	20.0	20.141620118495364	19.936373569951353	20.0	20.236227794064835	19.89386867223174	20.0	20.22236328664718	19.900097653825174	20.0	20.231022029739755	19.896207493885036	20.0	20.072691360309783	19.967341562759373	20.0	20.616794044777414	19.722889632056525	20.0	20.17931751579019	19.919437058123254
2018-01-06 08:40:00	20.0	20.1399242626747	19.937135476189624	20.0	20.23454040227981	19.89462677578733	20.0	20.220692626131747	19.900848240433557	20.0	20.229332665693597	19.89696648352896	20.0	20.071433899308218	19.967906509006454	20.0	20.615004185160505	19.72369377188441	20.0	20.176055512588693	19.92090259579349
2018-01-06 08:50:00	20.0	20.137261067653657	19.938331984097637	20.0	20.231890588313256	19.89581727191723	20.0	20.218030045271703	19.902044472414158	20.0	20.226683267331115	19.89815679293819	20.0	20.068950336920278	19.96902231239814	20.0	20.61271313020047	19.724723086431677	20.0	20.172072771991385	19.922691943018357
2018-01-06 09:00:00	20.0	20.14037012372653	19.936935161804023	20.0	20.231751654698716	19.89587969136724	20.0	20.218070209270927	19.90202642771886	20.0	20.226539477560195	19.89822139413962	20.0	20.068920661863764	19.969035644669905	20.0	20.610229309031784	19.72583900608717	20.0	20.16895757301555	19.924091525166922
2018-01-06 09:10:00	20.0	20.129587748261173	19.941779417447883	20.0	20.223364922624555	19.899647643458533	20.0	20.209409969246103	19.90591726019377	20.0	20.218165103333998	19.90198379415429	20.0	20.06003311543019	19.973028600313974	20.0	20.60606491282385	19.727709966702328	20.0	20.160724248061012	19.927790555218962
2018-01-06 09:20:00	20.0	20.12250941888574	19.944959536442646	20.0	20.217867463287224	19.902117516494148	20.0	20.203738558114598	19.908465285484745	20.0	20.21267476172264	19.90445046937099	20.0	20.054225194887405	19.975637955920156	20.0	20.603312727246614	19.72894645587471	20.0	20.156166272554533	19.929838341316078
2018-01-06 09:30:00	20.0	20.117851495921382	19.947052226470106	20.0	20.214256133549448	19.90373999797054	20.0	20.200016034574443	19.910137723596986	20.0	20.209067417920867	19.906071160064535	20.0	20.050423706837737	19.97734587084102	20.0	20.601492087224166	19.72976442458045	20.0	20.15363861620336	19.930973955039065
2018-01-06 09:40:00	20.0	20.11478634597172	19.948429322824303	20.0	20.211883830167338	19.904805815432066	20.0	20.19757270781427	19.91123545011242	20.0	20.20669727985885	19.907136004701098	20.0	20.04793550570909	19.978463758304613	20.0	20.600287689893857	19.7303055306274	20.0	20.152236892432864	19.931603714993926
2018-01-06 09:50:00	20.0	20.112769321564414	19.94933552219571	20.0	20.210325450344893	19.905505957091417	20.0	20.195968998486215	19.91195595720183	20.0	20.205140024769957	19.907835641045377	20.0	20.04630689480699	19.979195453057734	20.0	20.599490951980297	19.730663485342188	20.0	20.15145955988806	19.93195295135464
2018-01-06 10:00:00	20.0	20.160576215876503	19.927857062432295	20.0	20.233398843723652	19.89513964992125	20.0	20.22062889060064	19.900876875237376	20.0	20.228162443392105	19.897492235577456	20.0	20.070206745171777	19.968457839125726	20.0	20.600027921304857	19.730422238254345	20.0	20.16074391253331	19.927781720456046
2018-01-06 10:10:00	20.0	20.11772703335027	19.94710814443684	20.0	20.208885389585394	19.90615294091091	20.0	20.19527380867417	19.91226828885652	20.0	20.20364269408068	19.908508354833312	20.0	20.046637140872125	19.979047081637162	20.0	20.58836900987061	19.73566029991321	20.0	20.134387335507405	19.939623081148845
2018-01-06 10:20:00	20.0	20.08962869219519	19.959732036839853	20.0	20.1928389497525	19.91336221098076	20.0	20.178693122354588	19.91971758271026	20.0	20.187589357914167	19.915720723255948	20.0	20.031251062556777	19.985959667546958	20.0	20.580669048147683	19.73911970300612	20.0	20.119809204260886	19.946172676346556
2018-01-06 10:30:00	20.0	20.071138425211494	19.96803925823832	20.0	20.182297869826794	19.91809805848361	20.0	20.16781008212218	19.924607064553786	20.0	20.177041730564856	19.920459512354913	20.0	20.021180316528678	19.990484205617555	20.0	20.575575324152574	19.741408187699573	20.0	20.111724786731443	19.94980480596123
2018-01-06 10:40:00	20.0	20.05897089021968	19.973505831930282	20.0	20.175373373528643	19.921209064066833	20.0	20.160666857116055	19.927816339556546	20.0	20.17011160849791	19.923573045457456	20.0	20.01458867629815	19.9934456671704	20.0	20.572205702758428	19.742922075572306	20.0	20.107241534817955	19.951819020589035
2018-01-06 10:50:00	20.0	20.05096403396252	19.977103115176277	20.0	20.1708246318325	19.92325270164047	20.0	20.155978308387063	19.92992278898552	20.0	20.165558300812453	19.92561873441759	20.0	20.01027422718993	19.9953840428567	20.0	20.56997661684821	19.74392354895225	20.0	20.104755326269757	19.952936012835345
2018-01-06 11:00:00	20.0	20.08067634426595	19.963754106199374	20.0	20.17083462147935	19.923248213538265	20.0	20.157427601626893	19.929271657240093	20.0	20.165565260170236	19.9256156077496	20.005757309021515	20.03062989110149	19.994582670695735	20.0	20.551633862694533	19.752164496470574	20.0	20.09086028433863	19.959178712833385
2018-01-06 11:10:00	20.024205573622428	20.08364953341676	19.99749886704818	20.0	20.139378226764165	19.937380796671185	20.0	20.125209289750273	19.943746550981757	20.0	20.13419276635385	19.939710496275815	20.03824233730311	20.07805346436814	20.020356178766647	20.0	20.52744082347474	19.763033832931637	20.0	20.059899942277795	19.973088431730282
2018-01-06 11:20:00	20.067658256167284	20.140846582348217	20.03477654440485	20.0	20.12030278640055	19.945950922051928	20.0	20.10567979873828	19.952520670132074	20.0	20.115166745396714	19.948258418734802	20.073032687571455	20.127740764785386	20.048453696359402	20.0	20.512557463331675	19.769720559952443	20.019946585863217	20.085757652332745	19.990379295130545
2018-01-06 11:30:00	20.113250579733407	20.200135999655515	20.07421510121769	20.0	20.109313297304713	19.950888228747154	20.0	20.094427297741248	19.9575761415945	20.0	20.104205406587425	19.95318307819985	20.1101312573777	20.179684648455655	20.07888263240065	20.0	20.503818757155297	19.773646645336026	20.049210154929497	20.13038687395222	20.012739455078723
2018-01-06 11:40:00	20.160963334688123	20.261496962646916	20.11579605256172	20.0	20.10363558814747	19.953439083585927	20.003561870910332	20.097041976995698	19.961563562379226	20.0	20.098542889442825	19.955727107641614	20.149519571180107	20.233866440121254	20.111624601076116	20.0	20.4991449060993	19.775746491462638	20.08262812859315	20.179081840298238	20.03929385231985
2018-01-06 11:50:00	20.210780146219147	20.32491839211363	20.159500644440456	20.004227656746348	20.11136624985982	19.95609292650697	20.017160366612543	20.125339589042525	19.968558107259945	20.008034658644934	20.11519790853191	19.959888850724703	20.19118112136812	20.290272215179726	20.14666193429335	20.0	20.49716005711025	19.776638235211337	20.120133323962733	20.23177626239592	20.06997490234783
2018-01-06 12:00:00	20.292685094126966	20.44341226309075	20.224967090679456	20.049191229321647	20.19231586670324	19.98488885600527	20.06586139477161	20.210446347033546	20.00090293795828	20.054251744232353	20.197334806127117	19.9899680497579	20.263099141081312	20.39954484604104	20.20179744754867	20.0	20.47894632786253	19.784821215018283	20.20553641238619	20.355318195865614	20.138243147344717
2018-01-06 12:10:00	20.3495030884124	20.501461694257927	20.28123183071368	20.06640086838372	20.21171891289402	20.00111305128489	20.086615094517832	20.23335206954978	20.020689786894785	20.07265522420169	20.217905775321135	20.007397730220497	20.30868137212635	20.44684731509858	20.246606818037378	20.0	20.468507038135908	19.789511330692562	20.25918226405895	20.41055625093577	20.19117366125922
2018-01-06 12:20:00	20.406437407450323	20.559630453723713	20.337611546081106	20.084085433639597	20.231579499484106	20.017819983767424	20.10781303367706	20.256684948971966	20.040928549993843	20.091522927186794	20.238923633726486	20.02529942135012	20.354573735482425	20.49445968380259	20.29172642536757	20.0	20.461599482269218	19.79261472535731	20.31310693714561	20.466057680951522	20.244389936305275
2018-01-06 12:30:00	20.463473216120402	20.617901393060407	20.394092440973438	20.102223958060478	20.251885063574157	20.03498491065578	20.129434440179487	20.28043288573779	20.061594558841698	20.110833861686075	20.26037596857079	20.043648277433526	20.400762012123312	20.542364794310558	20.337143370850782	20.0	20.457029961349395	19.794667698524187	20.367288935666714	20.521810900606212	20.297866023882314
2018-01-06 12:40:00	20.52061037101369	20.676274422790257	20.450674347751743	20.12081184116045	20.272631093525646	20.052603191547092	20.151475103724934	20.30459166853761	20.082683603591697	20.130583595530503	20.282258465873753	20.06243981320238	20.447244750601417	20.590561270125377	20.382856169366008	20.0	20.45400710781402	19.796025792141528	20.421724081973345	20.577811832191834	20.351597701440404
2018-01-06 12:50:00	20.577849133762026	20.7347504117797	20.507357255232343	20.13984452196113	20.29381314892893	20.070670211294434	20.17393089930817	20.329157303640592	20.10419150026027	20.150767674190256	20.30456673021173	20.081669547571906	20.494013940483654	20.63903176308441	20.428861005692006	20.0	20.452007413830458	19.79692420538052	20.476408252934718	20.634056464262315	20.405580795671597
2018-01-06 13:00:00	20.671620444817126	20.8178578733434	20.605919571131402	20.182492112923377	20.33420587050003	20.11433085951937	20.220903012557745	20.373757619740942	20.15222920353341	20.19450719080767	20.34599559315213	20.126447183957268	20.563251527476094	20.707304347605337	20.498532144519473	20.0	20.442311456020008	19.801280360338836	20.546021636067966	20.700753549175637	20.47650439974423
2018-01-06 13:10:00	20.695085559204273	20.826302555171132	20.636132995798867	20.1778361548039	20.314894350140232	20.116259284435394	20.219459543752237	20.35739568944598	20.15748823191882	20.190912834943575	20.327742504511914	20.129438635572292	20.586876951144394	20.71480908293683	20.52940019628113	20.0	20.449217558037397	19.798177618852762	20.56365779322495	20.702040546654658	20.501485831539142
2018-01-06 13:20:00	20.71590777198121	20.832120582717252	20.66369621933169	20.170694570563015	20.293122373075324	20.115690775231393	20.215503207247867	20.33854662433766	20.1602228314539	20.184822947080097	20.307018921340237	20.129923306470467	20.60778317089458	20.719637614715907	20.557529725119778	20.0	20.452663843504304	19.79662928770096	20.576415387432426	20.69852957079849	20.52155249345637
2018-01-06 13:30:00	20.73403333199951	20.835294751821465	20.68853907092008	20.1610443071187	20.268891366703386	20.112591280348767	20.20900786215688	20.317209469433788	20.16039554584406	20.1762139842204	20.28382604007585	20.12786653883606	20.62595941051188	20.721793981326506	20.582903298986466	20.0	20.453836647240955	19.796102375877247	20.584329667307003	20.690279322611545	20.5367290975325
2018-01-06 13:40:00	20.749485163248433	20.835847110902115	20.710684867925757	20.148910992836075	20.24222638251829	20.106986687326675	20.199998765296556	20.293408933353213	20.158031878198628	20.165111497889097	20.25818885129297	20.123294136214888	20.64142625140593	20.72129829447079	20.605541710318818	20.0	20.453505468734317	19.796251166220813	20.587479976846126	20.677367388050556	20.547095777609357
2018-01-06 13:50:00	20.76228574455296	20.8337992604678	20.730156483779623	20.134319941595667	20.213152241160458	20.09890253164626	20.188500852418507	20.267169465087413	20.153156982958564	20.151540705886998	20.230132062667685	20.116231545594225	20.65420410125218	20.71817053860177	20.625465556935694	20.0	20.452179367672947	19.796846950755633	20.585944333344216	20.65987013462599	20.55273129218864
2018-01-06 14:00:00	20.77423509837324	20.858788577499666	20.73624730340339	20.130314831628635	20.216204247299025	20.091726833283957	20.186801402257153	20.27258163722388	20.148262456112676	20.14856649784611	20.23421187418694	20.110088140359643	20.67381189529016	20.743298404570332	20.642593318657035	20.0	20.440167777480692	19.802243462291283	20.60802993351449	20.689004193422903	20.57165019355564
2018-01-06 14:10:00	20.81667644631505	20.898007611022024	20.78013635782351	20.139159266630845	20.2223371953556	20.101789472566097	20.1985676269863	20.281540569042157	20.161289928381493	20.158397947148284	20.24131553844132	20.121145116277496	20.706500285962765	20.772614212713236	20.676796927567636	20.0	20.42288404618676	19.810008616930585	20.64111198338518	20.718630606577086	20.606284775864182
2018-01-06 14:20:00	20.858109414205238	20.93624936484764	20.82300305956879	20.14725712445537	20.227749415296785	20.111093921323715	20.209559841693817	20.28975264616794	20.17353119040834	20.16747350248484	20.24768941657083	20.13143446862012	20.738291882843722	20.80105958074212	20.710091902628506	20.0	20.41146029131973	19.815141028537514	20.672493261121616	20.746603360861357	20.63919741920955
2018-01-06 14:30:00	20.898592712234414	20.97356039594274	20.864911578974144	20.154638209595515	20.232459014175532	20.11967523942188	20.219809400754915	20.29723693802279	20.185023115895433	20.175823141408056	20.25335171514353	20.140991463352982	20.76920901245384	20.828648997342725	20.74250409170665	20.0	20.403903172385334	19.818536255884855	20.702220584774796	20.772957739287243	20.670440124051808
2018-01-06 14:40:00	20.938135111677994	21.009950160351494	20.90587037966526	20.161309796110864	20.236473141720722	20.127540756778885	20.229323615337425	20.304000602958546	20.195773084667067	20.183454143011584	20.258309536459592	20.149823458998704	20.799258237134755	20.855388880107235	20.774040122176103	20.0	20.39890394331062	19.82078228633871	20.73032099336592	20.797720165553905	20.70004020586117
2018-01-06 14:50:00	20.976745218959834	21.045427428255593	20.945887994493617	20.16727911311806	20.239798879038545	20.13469776900886	20.2381097977363	20.310050841109614	20.205788459409163	20.190373799658	20.26257006723303	20.157937795385152	20.828446098192284	20.881285640065663	20.804706593872353	20.0	20.395596824338995	19.822268093412912	20.756821108067506	20.82091666033606	20.728024555599035
2018-01-06 15:00:00	21.081694833868486	21.18704265345822	21.03436465405281	20.24118477622626	20.35011826399071	20.19224364404223	20.314784083294168	20.423589155027365	20.265900645269113	20.26518152320526	20.37372160909937	20.21641713678906	20.91604999740939	21.00745087059972	20.874985836990547	20.0	20.357042542446862	19.839589582378945	20.8686487309908	20.971471418396753	20.82245303085189
2018-01-06 15:10:00	21.138495763009615	21.242730447500847	21.091665687368618	20.268357795593545	20.376772511302775	20.219649734912586	20.34418152142534	20.452416057233876	20.295554411134546	20.293143614470054	20.401150401053343	20.244618826294953	20.960864429617732	21.051326820055365	20.920221906377634	20.0	20.336812821227735	19.848678297709274	20.92779251540168	21.029365475557405	20.882158286925915
2018-01-06 15:20:00	21.19484719117656	21.297968837933524	21.1485171759669	20.295290739337272	20.40317307258536	20.24682186497943	20.373325708910976	20.480976125198502	20.324961029129625	20.320860169884053	20.428319918079062	20.272581152579036	21.005362829447566	21.094883337768827	20.965143470636576	20.0	20.323424732496807	19.85469323612462	20.986004812239518	21.08632789372767	20.940932123454985
2018-01-06 15:30:00	21.250714758600495	21.35273472990322	21.20487969902969	20.321949110933716	20.429304512125675	20.273716974166312	20.402180833855418	20.509252952997834	20.35407596873347	20.348296287790436	20.455214551628742	20.300260546065985	21.049526136261974	21.138111857886017	21.00972675408306	20.0	20.31456815916329	19.858672276317943	21.04326405135925	21.142357691136155	20.998743720444992
2018-01-06 15:40:00	21.306102254246426	21.40703061942925	21.26075762641065	20.34833575142828	20.455169568854373	20.30033794939626	20.430749824415525	20.537249382924408	20.38290219667965	20.375454851739914	20.481837087640443	20.327659934161417	21.09335688854933	21.181014846229658	21.053974327852373	20.0	20.30870929870399	19.86130451797356	21.0995858768716	21.197470162587592	21.05560887894123
2018-01-06 15:50:00	21.361013133674017	21.4608587668027	21.316154950674196	20.374453443220865	20.480770995603866	20.326687586353138	20.459035506719403	20.56496816831337	20.41144257180038	20.402338677980733	20.50819030596885	20.354782149464338	21.1368575996267	21.223594782010693	21.097888720584614	20.0	20.30483350560076	19.863045816324295	21.15498562900415	21.251680330523392	21.11154308194478
2018-01-06 16:00:00	21.43370000549921	21.51669823539244	21.396410945692118	20.407769871138225	20.503934077401695	20.36456566252709	20.495245424987903	20.590826284871746	20.452303299532844	20.436382295241927	20.532051321619456	20.393400558753473	21.188222113437327	21.26532369017292	21.153582274614088	20.0	20.301413886972714	19.864582166722407	21.207346050535588	21.29269086105537	21.169002729867287
2018-01-06 16:10:00	21.480392392579702	21.577100790647037	21.436943691998742	20.43355895445801	20.543997678417536	20.383941556737064	20.52321005857677	20.633215768288252	20.473787203489003	20.46288805920611	20.57280065463016	20.413507038073565	21.233145094184955	21.324938893811847	21.191904401598954	20.0	20.308966096225387	19.8611891451741	21.255222395391815	21.355545750387975	21.21014958372688
2018-01-06 16:20:00	21.529252899457028	21.63960626379601	21.479673851710537	20.461692371694983	20.586346477045662	20.40568835334902	20.553503147370282	20.67787371862966	20.497626513905928	20.491732286299758	20.615829401640504	20.435978509842325	21.280319362773174	21.386749747652424	21.23250281304481	20.0	20.315059880296772	19.85845135812754	21.30697142681881	21.4221781709197	21.255211875121304
2018-01-06 16:30:00	21.580213846676497	21.704170653876233	21.524523107209966	20.492120405131782	20.630944559463412	20.429750132895826	20.58607394588345	20.724763745398583	20.52376403595637	20.522865300315697	20.66110178899281	20.4607590517796	21.329710900354595	21.450730941568096	21.275339577490563	20.0	20.320198107499863	19.8561428792392	21.362507606402442	21.492516443825878	21.304097838864386
2018-01-06 16:40:00	21.633257231850383	21.770776319647105	21.57147329385476	20.524819701822427	20.677769007560038	20.456103347070744	20.620899900636513	20.77386371311001	20.55217702836581	20.556263989802424	20.708595141853785	20.4878253562721	21.38130303370467	21.516866154358127	21.320397863556003	20.0	20.324704198553718	19.854118403548334	21.421768970295588	21.56649992250796	21.356744919301626
2018-01-06 16:50:00	21.688365124227392	21.83940569079938	21.620506318955922	20.55976711297907	20.726797133208848	20.48472464012221	20.657958672007016	20.825151769640737	20.582842932490422	20.591905421140158	20.758286957730963	20.51715429600516	21.435079196723112	21.585139175516957	21.367660945380955	20.0	20.328792114681377	19.852281803548948	21.48469452656781	21.644068913626796	21.41309154107754
2018-01-06 17:00:00	21.739263223166514	21.86023642648803	21.68491294341337	20.573922452015864	20.720873443484145	20.507900992080838	20.67533946185844	20.822109266216263	20.609399404828117	20.60672042615532	20.752995458262887	20.541002658106997	21.473727813747004	21.604182209993454	21.415117867607293	20.0	20.349457317330447	19.842997437141396	21.504551926078758	21.64211419034902	21.442748589957333
2018-01-06 17:10:00	21.75051130010846	21.87366927446425	21.69517945655731	20.574997656052645	20.724467654362254	20.5078444684063	20.67871160629287	20.827989160490567	20.61164487904464	20.608501912330894	20.757279148174355	20.541659965792526	21.49848560184359	21.63109912591104	21.43890561276981	20.0	20.37645451862427	19.830868259748517	21.513817690420773	21.653929325065043	21.45086898500088
2018-01-06 17:20:00	21.76233061878226	21.887646412660125	21.706029320083505	20.576725640857507	20.728687076008118	20.508453112021726	20.68271553879848	20.834472655914034	20.614534805021933	20.6109291332652	20.762181016338992	20.542975388695815	21.523712943817124	21.658465779235215	21.46317181486117	20.0	20.394299770770424	19.822850827624883	21.524096501797167	21.666722135418723	21.460018318575884
2018-01-06 17:30:00	21.774648619106774	21.90211615830998	21.717380594247363	20.57907020753613	20.73351087358317	20.50968382134108	20.687313416899993	20.841538245636432	20.618024001090866	20.61396590387132	20.767680416649362	20.544905760449296	21.549385375469193	21.686268089750996	21.487887344415043	20.0	20.406104889282833	19.817547078728	21.5353472070764	21.68046590867112	21.470148949838183
2018-01-06 17:40:00	21.787461706261876	21.917074498862576	21.729229871905044	20.582025143551462	20.738932985549397	20.511530315987176	20.692499386991834	20.84918014094435	20.622106584491434	20.617606111781242	20.773771348961475	20.547444918265484	21.575499581029753	21.714502828578073	21.513048846623988	20.0	20.413914285608378	19.81403850936435	21.547553960107212	21.69514518961416	21.481244856995396
2018-01-06 17:50:00	21.80076643151274	21.93251804267796	21.741573678670395	20.585584222504984	20.74494729848967	20.51398631880172	20.698267637487792	20.857392675082725	20.62677667856833	20.621843643040965	20.780447805668885	20.550586700411028	21.60205223141147	21.743166731674332	21.538652963177434	20.0	20.419080406645392	19.811717498463665	21.56070112022006	21.710744690703923	21.493290240727312
2018-01-06 18:00:00	21.754553760659487	21.84238680072879	21.715092539758782	20.52410085870097	20.643000361889506	20.47068224132641	20.639290369536262	20.757340347119744	20.586253423085715	20.56105827381306	20.679230768409333	20.507966283487203	21.573038523510068	21.67093961028202	21.52905397727919	20.0	20.458514054858362	19.794000931875228	21.487018553940672	21.5934248021545	21.439212848221413
2018-01-06 18:10:00	21.723165440947177	21.779583369624017	21.697818255599607	20.483411700416255	20.570957262192728	20.444079636429727	20.60169209758918	20.687901084836643	20.562960523608435	20.521130422637253	20.607971087636603	20.482115051405664	21.562408210336862	21.626502140773496	21.533612386517504	20.0	20.483995110560823	19.78255292134224	21.426259423763167	21.499154855200334	21.393509302392854
2018-01-06 18:20:00	21.678773045255422	21.70409372092709	21.667397089518868	20.42976363743001	20.48622938345592	20.40439496892562	20.55109872472228	20.6057449141614	20.526547538162674	20.468233063483858	20.52401596089268	20.44317118203932	21.538422541600944	21.56900286544849	21.52468355552451	20.0	20.506023660807994	19.772656036448584	21.342454234735722	21.382351250650903	21.324529488454992
2018-01-06 18:30:00	21.62149635072397	21.615981346209683	21.62397410637531	20.363325785819708	20.388964411062204	20.351806983174527	20.487678318230863	20.511018879403757	20.47719197915319	20.40253485746189	20.427512548658875	20.391312996199478	21.50120627258874	21.498552988529095	21.502398327745972	20.0	20.525762182242158	19.76378800507961	21.236015609334004	21.24339982847189	21.232698061605387
2018-01-06 18:40:00	21.551445993966603	21.515351942578103	21.567662161981723	20.28422849283027	20.279290222734353	20.28644713591684	20.411558001584	20.403847502278786	20.41502213895301	20.324165255718327	20.318587807198064	20.32667106592308	21.450859027700034	21.41525006709976	21.46685725637552	20.0	20.543985798220934	19.755600583407986	21.107314201963312	21.082663613806126	21.118389103889008
2018-01-06 18:50:00	21.468733024845665	21.402314350636573	21.49857329876569	20.19260081512253	20.157333340201724	20.208445622695642	20.322863692965473	20.284354123739924	20.34016509363203	20.233252502789906	20.19736752264563	20.249374740246026	21.38747969130425	21.31919090214735	21.41816016179503	20.0	20.56120726596123	19.7478634022493	20.956714550876697	20.900499376085765	20.98197064389871
2018-01-06 19:00:00	21.339036004158192	21.22334673832833	21.391012340980303	20.053894233626934	19.969486691162714	20.091816462849987	20.187020139585584	20.098640154149752	20.226727089563994	20.095267952344383	20.010293008501677	20.13344510102734	21.281154511568165	21.159943303207484	21.335611721121516	20.0	20.596001731977704	19.732231105923063	20.74122543357854	20.633392104153963	20.789672291725807
2018-01-06 19:10:00	21.241028228264085	21.127369659861635	21.292092222763735	20.0	19.990521743643285	20.004258347058812	20.08176838032692	19.99549317681635	20.12052970364327	20.0	19.933145872300347	20.030035912444774	21.20140631856997	21.081882048412737	21.255105628350755	20.0	20.620239984189613	19.721341456378582	20.56389746686601	20.459863708200768	20.61063727148372
2018-01-06 19:20:00	21.143840748711373	21.032147127381954	21.19402194090285	20.0	20.111935318060908	19.94971021942191	20.0	19.94652012289298	20.024027191164016	20.0	20.072471501708158	19.967440339812278	21.122257658083807	21.004408689590676	21.175204296102457	20.0	20.636272894406478	19.714138264831874	20.3894624694927	20.289173914402813	20.43451964641714
2018-01-06 19:30:00	21.0474990493359	20.937750465965483	21.09680638389363	20.0	20.1917020788315	19.913872979075702	20.0	20.079343029831897	19.96435313152479	20.0	20.164029961985072	19.926305379398016	21.043705095103224	20.927518885715266	21.095904696422448	20.0	20.64687906043771	19.709373175745384	20.217883815588756	20.12127954769769	20.261285733047057
2018-01-06 19:40:00	20.95199700235004	20.844176368365407	21.000438156748935	20.0	20.244101344124505	19.890331280175946	20.0	20.16653520713793	19.925179834474264	20.0	20.22418675612201	19.8992784139162	20.96574410118209	20.851208123368004	21.017202294113055	20.0	20.65389530027674	19.706220952049584	20.049114542498046	19.956134281371686	20.09088828300409
2018-01-06 19:50:00	20.857327143334984	20.75141736852771	20.904909795784622	20.0	20.278522745766562	19.874866592481688	20.0	20.223764945724547	19.89946792293535	20.0	20.263711682052644	19.881520838498083	20.88837024607777	20.775472104067738	20.93909259973445	20.0	20.658536715595368	19.704135678500634	20.0	20.032921479987216	19.985209190150673
2018-01-06 20:00:00	20.79791361614275	20.71309538314499	20.836020358504058	20.0	20.273508133197282	19.877119534360638	20.0	20.233180537417	19.895237729566272	20.0	20.262118890355108	19.882236440565094	20.841591093996854	20.750834664555605	20.88236572171683	20.0	20.643371177423404	19.710949181157602	20.0	20.128929039428225	19.942075359097466
2018-01-06 20:10:00	20.703095348451352	20.607966556742447	20.74583437081332	20.0	20.29232658090663	19.868664869447745	20.0	20.26238425152447	19.882117220329587	20.0	20.283221808180272	19.87275541951321	20.762306869327563	20.660273485960325	20.808147954608494	20.0	20.63641826814159	19.71407295199436	20.0	20.19937982268731	19.910423557923096
2018-01-06 20:20:00	20.607208310741314	20.501791081974424	20.654569674390203	20.0	20.303113411803135	19.863818612088444	20.0	20.27995008231331	19.8742253253375	20.0	20.29551363642788	19.867233003923705	20.681696219585866	20.56840733400456	20.732594124702103	20.0	20.63070729781572	19.716638750256706	20.0	20.23625151313896	19.89385801583612
2018-01-06 20:30:00	20.51023317849219	20.39454997405957	20.562206792077856	20.0	20.308658048808976	19.861327543288716	20.0	20.28991369727062	19.869748918617542	20.0	20.302050383758424	19.864296204398386	20.599755164469098	20.47523891984021	20.65569724538932	20.0	20.625822333050607	19.718833444571466	20.0	20.254525175381847	19.885648109611058
2018-01-06 20:40:00	20.412179209943048	20.28625176919577	20.46875530651066	20.0	20.310759004424074	19.860383635693527	20.0	20.29488743629784	19.867514340214008	20.0	20.304805807737775	19.86305826029172	20.516493748497414	20.3807780934296	20.577467448600345	20.0	20.621483787146314	19.720782646354557	20.0	20.262485163422703	19.882071883099947
2018-01-06 20:50:00	20.313055708875616	20.176905461136354	20.374224660758475	20.0	20.3105977822898	19.860456068826323	20.0	20.29658600109785	19.866751216898074	20.0	20.305076779759695	19.862936519238396	20.43192190935123	20.285034574499846	20.49791476993664	20.0	20.617506711128176	19.722569448623577	20.0	20.264725643047072	19.881065290804937
2018-01-06 21:00:00	20.212776465978937	20.066506150389998	20.278492115011648	20.0	20.309157836772286	19.861103000870425	20.0	20.29635376081927	19.86685555673337	20.0	20.303923719632774	19.863454560744696	20.34598598653578	20.18802212363558	20.41695525827355	20.0	20.613791279619385	19.72423870046086	20.0	20.263869488456205	19.88144993996895
2018-01-06 21:10:00	20.1235417185484	19.981541660551358	20.187338846054317	20.0	20.304749577148346	19.863083523310163	20.0	20.29257945156637	19.86855126089047	20.0	20.299713970509387	19.865345897307378	20.271091865244724	20.117385406217235	20.340148390315047	20.0	20.610124889827983	19.725885919062794	20.0	20.26075460654926	19.882849379666276
2018-01-06 21:20:00	20.035699834253077	19.8979455095498	20.09758945839513	20.0	20.30185870613185	19.864382320433517	20.0	20.290107494515674	19.869661850290058	20.0	20.2969529898389	19.866586337898468	20.197394312717556	20.047921147977494	20.26454892296309	20.0	20.60770075852679	19.726975021531445	20.0	20.259030421258316	19.883624013637565
2018-01-06 21:30:00	20.0	19.934883402612424	20.029255282884268	20.0	20.299959666634287	19.865235512091843	20.0	20.288484983160934	19.87039080466683	20.0	20.295138929324967	19.86740135059313	20.124886841371055	19.97962176780269	20.190150859930757	20.0	20.606097133322237	19.727695490826243	20.0	20.258074260531238	19.88405359309466
2018-01-06 21:40:00	20.0	20.030633437811577	19.98623715112813	20.0	20.298712174941915	19.86579597937392	20.0	20.28742002526449	19.870869264011606	20.0	20.29394703304503	19.867936840226147	20.053560487518254	19.912478498445413	20.116945149275615	20.0	20.605036294899236	19.728172099393102	20.0	20.257544016104227	19.88429181885172
2018-01-06 21:50:00	20.0	20.093647662275302	19.957926412600948	20.0	20.29789268933509	19.86616415406684	20.0	20.28672102532811	19.871183307461287	20.0	20.29316391873133	19.868288674193174	20.0	19.886854616111314	20.05083343334129	20.0	20.604334523588786	19.728487387952867	20.0	20.25724996600688	19.884423928315748
2018-01-06 22:00:00	20.0	20.162119025619493	19.927163916026018	20.0	20.32477330043143	19.854087357777182	20.0	20.31419126631244	19.858841604990054	20.0	20.320002991116745	19.85623054022291	20.0	20.004028961196177	19.998189886998812	20.0	20.622083707659122	19.7205131168488	20.0	20.281865313258	19.873364859260896
2018-01-06 22:10:00	20.0	20.18525544501295	19.916769292820263	20.0	20.322239746329554	19.855225621214256	20.0	20.31125387475578	19.860161302645956	20.0	20.317400383254125	19.857399827813367	20.0	20.062087405850427	19.97210565824111	20.0	20.63084730632234	19.716575847884165	20.0	20.278784367718455	19.874749052184463
2018-01-06 22:20:00	20.0	20.200509492969083	19.909916024897946	20.0	20.320604255790656	19.855960406818692	20.0	20.309356910765104	19.86101356183017	20.0	20.31571944879141	19.858155030253137	20.0	20.100108119636307	19.955023888279335	20.0	20.636647789348395	19.713969833771017	20.0	20.277096021097048	19.875507584724513
2018-01-06 22:30:00	20.0	20.210547398290366	19.905406241347805	20.0	20.31952985080859	19.856443110506287	20.0	20.30811176704785	19.861572974224877	20.0	20.314614979684137	19.858651241011472	20.0	20.12499393953413	19.94384330252814	20.0	20.640484948290894	19.712245892796844	20.0	20.27615971529916	19.8759282438511
2018-01-06 22:40:00	20.0	20.21715285358216	19.9024385730283	20.0	20.318824067585997	19.856760201519336	20.0	20.307294500316207	19.861940152031842	20.0	20.31388930843409	19.858977267225264	20.0	20.14128254853224	19.936525231818845	20.0	20.643023323364808	19.711105463415812	20.0	20.27564048208328	19.87616152254229
2018-01-06 22:50:00	20.0	20.22149958109897	19.900485695448282	20.0	20.318360434219517	19.85696850056804	20.0	20.30675807632191	19.862181154116236	20.0	20.3134125193564	19.859191476810892	20.0	20.151943992834013	19.931735307567326	20.0	20.644702520943977	19.710351041315022	20.0	20.27535253860552	19.87629088845259
2018-01-06 23:00:00	20.0	20.224359950183338	19.89920060209154	20.0	20.318055870592264	19.857105333502027	20.0	20.306405987229663	19.862339339070722	20.0	20.313099253776894	19.85933221931763	20.0	20.158922267934955	19.928600140492986	20.0	20.645813351466543	19.709851972529528	20.0	20.275192858053735	19.87636262899035
2018-01-06 23:10:00	20.0	20.227513129151752	19.897783956468047	20.0	20.319119557785854	19.85662744505273	20.0	20.30753664833008	19.86183136089518	20.0	20.31414880706586	19.85886068088346	20.0	20.165164097100703	19.92579584043301	20.0	20.64642596003743	19.709576742591878	20.0	20.275282397382824	19.87632240117583
2018-01-06 23:20:00	20.0	20.22834696527219	19.897409334442926	20.0	20.318581653656185	19.856869112125484	20.0	20.307022088014836	19.862062540167244	20.0	20.313603279556833	19.85910577295273	20.0	20.16791803235453	19.924558565174046	20.0	20.645944793793557	19.70979291873043	20.0	20.273590712889987	19.877082433339282
2018-01-06 23:30:00	20.0	20.227657888052757	19.897718919860353	20.0	20.316995221210735	19.857581857137205	20.0	20.30543153787344	19.86277713515831	20.0	20.3120133109107	19.859820106692297	20.0	20.16839217089125	19.924345546411175	20.0	20.64474087600749	19.710333809329974	20.0	20.270913558780943	19.878285212721604
2018-01-06 23:40:00	20.0	20.225966652923695	19.89847875013573	20.0	20.314720000097925	19.858604057927018	20.0	20.303134743125376	19.863809028450916	20.0	20.309737105265537	19.860842749808235	20.0	20.167374100725798	19.924802940253624	20.0	20.64305883956774	19.711089506860873	20.0	20.26768990544091	19.879733520743937
2018-01-06 23:50:00	20.0	20.223615946261084	19.89953486472328	20.0	20.31199230939446	19.85982954215611	20.0	20.300374394891325	19.86504918490389	20.0	20.307010020274586	19.862067961905623	20.0	20.165379329983733	19.925699141601505	20.0	20.64106051580313	19.711987304494244	20.0	20.26416318781166	19.88131798808461
2018-01-07 00:00:00	20.0	20.22083127340429	19.900785949629956	20.0	20.308967388131247	19.861188564752627	20.0	20.297309786988006	19.866426037730022	20.0	20.30398669332112	19.86342626821805	20.0	20.1627452759605	19.926882557177162	20.0	20.638852960186746	19.71297910484364	20.0	20.260468404195514	19.882977963332447
2018-01-07 00:10:00	20.0	20.216490118625913	19.90273632351589	20.0	20.30448345731248	19.863203084395842	20.0	20.292683714383404	19.86850441817557	20.0	20.299513347523696	19.865436032271965	20.0	20.158018477075846	19.929006191458676	20.0	20.636629225704404	19.713978173958893	20.0	20.256502327723638	19.884759823776335
2018-01-07 00:20:00	20.0	20.2136367469718	19.904018273099624	20.0	20.30154149882662	19.864524833860504	20.0	20.289651199076573	19.869866852588785	20.0	20.296577788574414	19.866754906582507	20.0	20.154927769982653	19.93039477000779	20.0	20.635158977304062	19.714638720341654	20.0	20.254305234832533	19.885746923481033
2018-01-07 00:30:00	20.0	20.21175907802403	19.904861863496443	20.0	20.29960890300651	19.8653931015478	20.0	20.287660761205125	19.870761107284643	20.0	20.294649027905816	19.867621451230725	20.0	20.152904794595493	19.93130364300782	20.0	20.634186370952964	19.71507568841244	20.0	20.25308682275711	19.886294326007675
2018-01-07 00:40:00	20.0	20.21052347580086	19.905416989132945	20.0	20.298339368860443	19.865963471961248	20.0	20.286354310587292	19.871348063359328	20.0	20.293381770846253	19.868190798605312	20.0	20.15158068893616	19.931898531057662	20.0	20.63354296791739	19.715364753544364	20.0	20.252411146013092	19.886597890921653
2018-01-07 00:50:00	20.0	20.209710386324574	19.905782290201998	20.0	20.2975054040239	19.86633815181535	20.0	20.28549680418012	19.8717333198611	20.0	20.292549142677196	19.86856487792764	20.0	20.15071401709596	19.932287905362678	20.0	20.633117340975648	19.71555597724283	20.0	20.252036445963885	19.88676623442202
2018-01-07 01:00:00	20.0	20.20917533185153	19.90602267699424	20.0	20.29695756736212	19.866584281330063	20.0	20.284933968334656	19.871986188139495	20.0	20.29200207950408	19.868810659932947	20.0	20.150146751127853	19.93254276398603	20.0	20.632835778279265	19.715682476425258	20.0	20.25182865410462	19.886859590184873
2018-01-07 01:10:00	20.0	20.208823238634942	19.906180863801687	20.0	20.29659769006892	19.866745965331354	20.0	20.284564543469102	19.872152161629813	20.0	20.29164264161015	19.868972146522978	20.0	20.14977545640727	19.932709577556153	20.0	20.63264951762654	19.7157661587475	20.0	20.25171342204934	19.886911361108265
2018-01-07 01:20:00	20.0	20.208591543285323	19.906284958813842	20.0	20.296361284448068	19.866852176552317	20.0	20.28432206649773	19.87226110055898	20.0	20.291406479488924	19.86907824834556	20.0	20.149532431482164	19.93281876266743	20.0	20.632526301621013	19.715821516663027	20.0	20.251649519514352	19.886940070942828
2018-01-07 01:30:00	20.0	20.20843907589172	19.906353458657335	20.0	20.29620598813283	19.866921947360613	20.0	20.284162913481367	19.87233260408808	20.0	20.291251313468592	19.869147960615557	20.0	20.149373363467006	19.932890228007572	20.0	20.632444791201095	19.715858137286467	20.0	20.25161408203154	19.886955992130755
2018-01-07 01:40:00	20.0	20.208338744546534	19.9063985350588	20.0	20.296103973022355	19.866967780236333	20.0	20.284058451261863	19.872379536389595	20.0	20.291149364461145	19.869193763792822	20.0	20.149269248082888	19.932937004484497	20.0	20.63239087005239	19.715882362730085	20.0	20.251594429991346	19.886964821308233
2018-01-07 01:50:00	20.0	20.20827272138845	19.906428197637076	20.0	20.296036958665038	19.866997888135998	20.0	20.283989886081283	19.87241034103594	20.0	20.291082380722628	19.869223857936213	20.0	20.14920110105037	19.932967621267228	20.0	20.632355199885545	19.71589838845722	20.0	20.251583531850297	19.886969717574505
2018-01-07 02:00:00	20.0	20.235218259460034	19.894322231257092	20.0	20.323396283130236	19.854706017724098	20.0	20.311857459877626	19.85989012672164	20.0	20.318376307375004	19.856961369150365	20.0	20.171476829473058	19.92295968530921	20.0	20.650543334547027	19.707726907667276	20.0	20.276350250533618	19.875842641064608
2018-01-07 02:10:00	20.0	20.23105239955174	19.89619384947676	20.0	20.321202873790146	19.855691462500083	20.0	20.30920746877311	19.861080702435263	20.0	20.316098393779207	19.857984779606447	20.0	20.167437983082582	19.92477423948464	20.0	20.659616416464427	19.70365059550149	20.0	20.273371580621802	19.877180884068462
2018-01-07 02:20:00	20.0	20.22834010428091	19.897412416917277	20.0	20.319790774238196	19.856325884037915	20.0	20.30749908796091	19.861848235843645	20.0	20.314630741000524	19.85864415984035	20.0	20.164813896502576	19.92595317693363	20.0	20.665621603055108	19.70095261312017	20.0	20.271739919383517	19.877913949262478
2018-01-07 02:30:00	20.0	20.22655523786193	19.898214313424354	20.0	20.318863116976672	19.856742657590193	20.0	20.30637772432303	19.862352036898343	20.0	20.313666405572384	19.85907741198922	20.0	20.163096323835884	19.926724840015765	20.0	20.669594175016233	19.699167834412997	20.0	20.270835049757764	19.87832048489144
2018-01-07 02:40:00	20.0	20.225380705268208	19.898742001980956	20.0	20.318253733698928	19.857016438483093	20.0	20.305641702877196	19.862682713200094	20.0	20.313032807084234	19.85936207217955	20.0	20.161972115187307	19.927229919263677	20.0	20.672222126850723	19.697987160400395	20.0	20.270333250157666	19.878545931088585
2018-01-07 02:50:00	20.0	20.2246078032408	19.89908924781935	20.0	20.3178534263544	19.85719628671034	20.0	20.30515860569055	19.86289975686367	20.0	20.31261651305382	19.85954910283089	20.0	20.161236283083017	19.92756051049893	20.0	20.673960580150695	19.69720611616418	20.0	20.270054974872107	19.87867095331833
2018-01-07 03:00:00	20.0	20.250869430080904	19.88729054590568	20.0	20.344778140457617	19.845099676026287	20.0	20.332526374160835	19.85060409276832	20.0	20.339464205741127	19.847487095971374	20.0	20.182909871248988	19.917823101322917	20.0	20.69329891031702	19.68851788087206	20.0	20.294595237801296	19.86764561779942
2018-01-07 03:10:00	20.0	20.246584356436085	19.88921572392002	20.0	20.342654290315565	19.846053869568365	20.0	20.329916243093177	19.85177676034945	20.0	20.33725044667572	19.848481683377575	20.0	20.178736253110333	19.91969820512434	20.0	20.70339742449984	19.68398086725369	20.0	20.29174451268569	19.868926378358605
2018-01-07 03:20:00	20.0	20.243793161221372	19.890469739161414	20.0	20.341287365330395	19.846667995286342	20.0	20.328233467075222	19.852532790154612	20.0	20.33582441964761	19.849122362187302	20.0	20.176023674587373	19.920916899823062	20.0	20.71008067353014	19.680978248124134	20.0	20.290183489541835	19.869627707597147
2018-01-07 03:30:00	20.0	20.24195637626869	19.891294961386535	20.0	20.340389384827603	19.84707143580209	20.0	20.32712891103868	19.85302903996813	20.0	20.33488743501148	19.849543326299187	20.0	20.174248182093798	19.921714584856407	20.0	20.714501797169802	19.67899194619907	20.0	20.289317793746655	19.870016643389185
2018-01-07 03:40:00	20.0	20.24074767931169	19.891837999149825	20.0	20.339799496753116	19.847336457980482	20.0	20.32640392194725	19.853354759704853	20.0	20.334271807240025	19.849819912689263	20.0	20.173086063508464	19.922236696104893	20.0	20.717426474589907	19.677677960691486	20.0	20.288837718594248	19.870232329327223
2018-01-07 03:50:00	20.0	20.239952295838673	19.89219534534784	20.0	20.339411996163395	19.847510552448327	20.0	20.3259280662971	19.853568549924493	20.0	20.33386732078975	19.85000163848576	20.0	20.172325418427892	19.922578435199064	20.0	20.719361217587235	19.67680872833037	20.0	20.288571490934174	19.870351938855663
2018-01-07 04:00:00	20.0	20.212453202210312	19.90455001060116	20.0	20.311767199571396	19.85993067845343	20.0	20.29771698911122	19.866243091848578	20.0	20.306276789333584	19.8623973845023	20.0	20.149517255119978	19.932825581033057	20.0	20.70243078553619	19.68441515432432	20.0	20.263655841188225	19.881545926422685
2018-01-07 04:10:00	20.0	20.21623469209046	19.902851080365156	20.0	20.31375151432958	19.859039174721495	20.0	20.300119169150243	19.865163851541187	20.0	20.308338118633262	19.86147128003433	20.0	20.15319184165469	19.931174679836303	20.0	20.694173656109847	19.688124879139053	20.0	20.266536517335474	19.880251709602906
2018-01-07 04:20:00	20.0	20.218694076150907	19.901746139700315	20.0	20.31502628622395	19.858466451116776	20.0	20.301664925826636	19.86446938115035	20.0	20.30966349689025	19.860875820237712	20.0	20.155577522572017	19.93010285217779	20.0	20.68870825739669	19.690580348126122	20.0	20.268113852356766	19.87954305183972
2018-01-07 04:30:00	20.0	20.220312514341053	19.901019015296047	20.0	20.315863732251405	19.85809020724937	20.0	20.302679549123006	19.86401353590125	20.0	20.31053435359728	19.86048456577513	20.0	20.157139050918893	19.929401295963977	20.0	20.685092767471367	19.692204698672285	20.0	20.26898859528558	19.879150051393438
2018-01-07 04:40:00	20.0	20.22137752885189	19.900540530515816	20.0	20.31641385533533	19.857843050501515	20.0	20.303345510264926	19.863714335967927	20.0	20.311106533724143	19.860227499341324	20.0	20.15816112345456	19.9289421039552	20.0	20.682701033587914	19.693279245779344	20.0	20.269473688083625	19.878932111150835
2018-01-07 04:50:00	20.0	20.222078362513464	19.900225663218585	20.0	20.316775234373264	19.857680691803317	20.0	20.30378262253051	19.863517952196432	20.0	20.311482474024338	19.860058598626747	20.0	20.158830104131003	19.928641547419403	20.0	20.68111884387669	19.693990084635107	20.0	20.269742698588633	19.878811251358734
2018-01-07 05:00:00	20.0	20.24971828450602	19.887807727250912	20.0	20.34460306038515	19.84517833518928	20.0	20.332179647027058	19.85075986872697	20.0	20.33925542044765	19.84758089805975	20.0	20.181731535044843	19.918352498747964	20.0	20.69830424619715	19.686269106780987	20.0	20.294732460649634	19.867583966954516
2018-01-07 05:10:00	20.0	20.24572239928311	19.88960298003222	20.0	20.34240942432777	19.846163881823756	20.0	20.329558029695242	19.851937696803585	20.0	20.33698226648782	19.84860217012866	20.0	20.17787727573371	19.920084122496448	20.0	20.70648447444318	19.6825939317719	20.0	20.291657560571345	19.868965443801283
2018-01-07 05:20:00	20.0	20.243122320821662	19.890771131225048	20.0	20.34099759872975	19.84679818028084	20.0	20.327868726920194	19.852696658919907	20.0	20.335518169314177	19.849259952916817	20.0	20.175374232412562	19.921208678191455	20.0	20.711899252364997	19.680161205459203	20.0	20.289972789479414	19.869722369944032
2018-01-07 05:30:00	20.0	20.241411299464634	19.891539850965163	20.0	20.340070121578464	19.847214872914027	20.0	20.32675988564472	19.853194833985704	20.0	20.33455617019898	19.849692155417852	20.0	20.173735887294985	19.921944746287757	20.0	20.715481251321417	19.67855190158023	20.0	20.289038468258518	19.870142137449076
2018-01-07 05:40:00	20.0	20.240285361436346	19.892045707180767	20.0	20.339460857093105	19.84748860043643	20.0	20.32603208399727	19.853521817334563	20.0	20.333924107239778	19.84997612573285	20.0	20.172663536322407	19.922426527159494	20.0	20.717850827590713	19.677487309343302	20.0	20.2885203367009	19.87037492119235
2018-01-07 05:50:00	20.0	20.239544437603577	19.892378586004185	20.0	20.339060628096817	19.847668413463747	20.0	20.325554382364334	19.853736436908783	20.0	20.333508822426733	19.850162702967697	20.0	20.171961647190997	19.922741868653322	20.0	20.719418357831604	19.676783056626377	20.0	20.28823300476366	19.87050401235256
2018-01-07 06:00:00	20.0	20.184886724948544	19.9169349496608	20.0	20.283801538559967	19.872494960936823	20.0	20.26921560969169	19.879048059413883	20.0	20.278369680718946	19.874935360836414	20.0	20.126716516831134	19.943069390988914	20.0	20.68401126295004	19.692690592007953	20.0	20.238459452932652	19.892866042885327
2018-01-07 06:10:00	20.0	20.199147355222383	19.91052799982762	20.0	20.294253462844313	19.867799168867045	20.0	20.281024491981956	19.87374261954434	20.0	20.288944930506137	19.87018416165666	20.0	20.142660532251394	19.93590613768416	20.0	20.66614792513848	19.700716149575463	20.0	20.245367152644164	19.88976258359465
2018-01-07 06:20:00	20.0	20.202474314130747	19.90903327915865	20.0	20.295084254738384	19.867425914537826	20.0	20.282638958236717	19.873017279632776	20.0	20.28986496775424	19.869770811588673	20.0	20.14662138405035	19.93412662455709	20.0	20.650040013425862	19.707953037446348	20.0	20.24074073569838	19.891841118744203
2018-01-07 06:30:00	20.0	20.198681083023143	19.910737484438876	20.0	20.2896702082129	19.869858312252173	20.0	20.27764347851581	19.875261625594344	20.0	20.2845171006434	19.87217347652253	20.0	20.142793308844105	19.93584648443236	20.0	20.635103769499914	19.714663523847864	20.0	20.22976991272355	19.896770039211155
2018-01-07 06:40:00	20.0	20.190202306086253	19.914546790019216	20.0	20.280153783084533	19.874133807599698	20.0	20.2683093488306	19.879455220090605	20.0	20.27505091419907	19.876426400867082	20.0	20.133867056910344	19.939856829504052	20.0	20.620942601759804	19.721025787615158	20.0	20.21528070428805	19.90327968358073
2018-01-07 06:50:00	20.0	20.178640192657983	19.919741362718877	20.0	20.267942473549656	19.879620048115374	20.0	20.256127491287707	19.8849282285519	20.0	20.262878856226347	19.881895006622948	20.0	20.121603884216704	19.94536637085916	20.0	20.607294166037235	19.7271576935195	20.0	20.198840353600232	19.910665928092648
2018-01-07 07:00:00	20.0	20.138189005595173	19.93791508444275	20.0	20.226684621213142	19.89815618467236	20.0	20.214298089109636	19.903721148371037	20.0	20.221718727677473	19.900387238289834	20.0	20.08493352895295	19.961841458006646	20.0	20.575786990917294	19.74131309103716	20.0	20.156591299067216	19.9296473873756
2018-01-07 07:10:00	20.0	20.11955853502196	19.9462852958597	20.0	20.20589104874736	19.907498224475827	20.0	20.193227969945767	19.913187433792487	20.0	20.20108621284984	19.909656918864567	20.00049047676498	20.063985087329517	19.971963912598305	20.0	20.554210251887554	19.751006988282402	20.0	20.14023699158304	19.936994974796026
2018-01-07 07:20:00	20.0	20.108837401850845	19.95110203684962	20.0	20.193766157868506	19.9129456392185	20.0	20.180957185511904	19.91870039491495	20.0	20.18906241505696	19.915058914974413	20.016501804561596	20.08986706011827	19.983540602789752	20.0	20.541045660342455	19.756921514918606	20.0	20.133335471135634	19.940095657895583
2018-01-07 07:30:00	20.0	20.103329587051142	19.95357656233934	20.0	20.187342599086115	19.915831585917836	20.0	20.17446911490294	19.92161532518854	20.0	20.182701831792567	19.91791656832508	20.03367869973083	20.11689407504998	19.996292081833822	20.0	20.53344396769342	19.76033676813774	20.0	20.13168197828486	19.94083853149521
2018-01-07 07:40:00	20.0	20.101252393958095	19.954509794018826	20.0	20.184664274287417	19.91703489126218	20.0	20.171776597913805	19.922825006734374	20.0	20.180062153768052	19.919102510625947	20.05200639607628	20.145041122677107	20.01020818557446	20.0	20.529522274872395	19.76209868810081	20.0	20.132938802747187	19.940273871229525
2018-01-07 07:50:00	20.0	20.101432727281477	19.954428774699622	20.0	20.184446219026636	19.91713285811847	20.0	20.171575346355144	19.922915424101312	20.0	20.17986723065772	19.919190084776965	20.071474549293395	20.174297851604006	20.025278572892972	20.0	20.528034994646767	19.76276688646305	20.0	20.135809560554765	19.938984110475396
2018-01-07 08:00:00	20.00229234169902	20.10854408543687	19.954556051034192	20.0	20.18590659803687	19.916476745809522	20.0	20.17307501783247	19.922241658654983	20.0	20.181341163648796	19.918527882998365	20.092059508985006	20.20466917345747	20.041466761178537	20.0	20.52816490458184	19.762708521129902	20.0	20.139597906006788	19.937282100199845
2018-01-07 08:10:00	20.0	20.107883865395845	19.95153043728592	20.0	20.191464168057184	19.913979866525032	20.0	20.178923545576293	19.919614059233844	20.0	20.186884291821393	19.916037492080243	20.093136266789017	20.190042944504587	20.049598484047237	20.0	20.528975895254565	19.762344163001575	20.0	20.144244564208176	19.935194471152844
2018-01-07 08:20:00	20.0	20.11048015149785	19.950363989906762	20.0	20.193564851441785	19.9130360812363	20.0	20.181186766562753	19.918597249805142	20.0	20.18897809041598	19.91509679995804	20.091645409700266	20.172929673196855	20.055126392767022	20.0	20.52840343050941	19.76260135730737	20.0	20.144641913306934	19.935015951992536
2018-01-07 08:30:00	20.0	20.110641791569694	19.950291369004916	20.0	20.19340346336773	19.913108588921745	20.0	20.181106258970367	19.918633419882877	20.0	20.188814365612195	19.91517035747858	20.087599453890192	20.15333091201045	20.05806792922747	20.0	20.52691771431188	19.76326885299032	20.0	20.142688494280733	19.93589357503329
2018-01-07 08:40:00	20.0	20.109200925240465	19.950938714747036	20.0	20.19175609242169	19.9138487121004	20.0	20.1794873973097	19.919360734542018	20.0	20.187167362454073	19.915910315419186	20.081029043489917	20.131287866047956	20.058448992775435	20.0	20.5248278572484	19.764207774279708	20.0	20.139431435939652	19.937356891099572
2018-01-07 08:50:00	20.0	20.106705527257823	19.952059835579817	20.0	20.189132569180476	19.915027396455145	20.0	20.176858816217774	19.920541691264482	20.0	20.184545797330063	19.917088120040116	20.07197206898011	20.106855842581993	20.05629964895607	20.0	20.522338345802492	19.765326250436562	20.0	20.135451436885287	19.939145006616755
2018-01-07 09:00:00	20.0	20.10565246346391	19.952532951197377	20.0	20.18691550586096	19.916023468381304	20.0	20.174685426188802	19.921518141857206	20.0	20.18232937446022	19.918083904228016	20.06000999908633	20.080059275207077	20.051002353292947	20.0	20.519630715130173	19.766542722187896	20.0	20.131492937193784	19.94092346299989
2018-01-07 09:10:00	20.0	20.098592812912358	19.955704678256765	20.0	20.1806132458075	19.918854918550252	20.0	20.168184544070392	19.924438828026354	20.0	20.176040709735354	19.920909246350785	20.058777694363396	20.078990896507086	20.049696400646663	20.0	20.51636296884339	19.768010840084855	20.0	20.125531541658706	19.94360177113884
2018-01-07 09:20:00	20.0	20.093955655175712	19.957788038979032	20.0	20.17648016888282	19.92071180818308	20.0	20.163925113827215	19.926352485092124	20.0	20.17191579769517	19.922762467702167	20.057573688007572	20.077936277306907	20.048425278322362	20.0	20.51420283365563	19.768981335603996	20.0	20.122230166668913	19.94508499758353
2018-01-07 09:30:00	20.0	20.09090415498365	19.95915900283343	20.0	20.173765113224633	19.921931615797625	20.0	20.161129366381044	19.92760854553896	20.0	20.16920558741315	19.92398009840858	20.056367138194858	20.0768194757123	20.04717840684645	20.0	20.512773848223326	19.769623343551842	20.0	20.12039936467727	19.94590753181166
2018-01-07 09:40:00	20.0	20.088896110486214	19.96006116775257	20.0	20.171981575081755	19.92273291554298	20.0	20.15929433865295	19.92843297828636	20.0	20.167424891824794	19.924780121064224	20.055159913032465	20.075665636180062	20.04594719683572	20.0	20.51182853840449	19.770048047963204	20.0	20.119384082907498	19.94636367289663
2018-01-07 09:50:00	20.0	20.087574713638435	19.960654838800117	20.0	20.170809956989117	19.92325929468605	20.0	20.158089892665245	19.928974106193873	20.0	20.16625491736707	19.925305761762615	20.053959146796718	20.074504675877606	20.04472854677487	20.0	20.511203192172893	19.770329000617977	20.0	20.118821052560854	19.94661662855962
2018-01-07 10:00:00	20.0	20.10266403151501	19.953875580043977	20.0	20.17783579665207	19.92010275802588	20.0	20.165618103849326	19.92559186638654	20.0	20.173264585040435	19.922156490778928	20.049526269644957	20.07355530018033	20.038730618245012	20.0	20.511129711568923	19.770362013642945	20.0	20.121654322634214	19.94534371012086
2018-01-07 10:10:00	20.0	20.088458025559234	19.960257988516858	20.0	20.16961758268964	19.923794999081466	20.0	20.157119604867887	19.929410032595587	20.0	20.165045211780814	19.92584925267818	20.05234269062065	20.07631172356578	20.0415739946598	20.0	20.50723983408742	19.77210963975783	20.0	20.113025267463957	19.949220532008948
2018-01-07 10:20:00	20.0	20.079141799260103	19.96444353946285	20.0	20.164237309335167	19.926212223342173	20.0	20.15156139904859	19.931907197528897	20.0	20.159663246636374	19.928267237018435	20.05512952051738	20.079040646270734	20.044386840831095	20.0	20.504670643678807	19.77326391370952	20.0	20.1082523017624	19.95136490790385
2018-01-07 10:30:00	20.0	20.073011199058268	19.96719786708976	20.0	20.160702945598718	19.927800125890432	20.0	20.147913163682553	19.933546259794795	20.0	20.15612709525846	19.929855942709963	20.057894968424552	20.08174767632059	20.047178534442274	20.0	20.502971055202593	19.77402749693796	20.0	20.10560541113223	19.95255409065074
2018-01-07 10:40:00	20.0	20.068976947844888	19.969010356765338	20.0	20.158381198449383	19.928843229682162	20.0	20.145518593572586	19.934622081148547	20.0	20.153803729650097	19.93089977363546	20.060639271391437	20.08443350348319	20.04994910914732	20.0	20.501846734611863	19.774532626478724	20.0	20.104137562642748	19.95321355881268
2018-01-07 10:50:00	20.0	20.066322202380288	19.97020306849582	20.0	20.156856027212115	19.929528451542385	20.0	20.143946884091054	19.93532821149533	20.0	20.15227720341805	19.931585604261453	20.063362861056195	20.08709912100425	20.052698744267943	20.0	20.501102968215932	19.774866782395744	20.0	20.103323558774044	19.95357927069572
2018-01-07 11:00:00	20.0	20.106295654265992	19.952243981416743	20.0	20.176346550849978	19.9207718394732	20.0	20.164780752389248	19.925968067767165	20.0	20.171723272296656	19.922848964620346	20.05757242308807	20.090294579254746	20.042871164520434	20.0	20.50151982583117	19.774679498539616	20.0	20.111131711734625	19.95007125994531
2018-01-07 11:10:00	20.0	20.067915313110667	19.969487323095223	20.0	20.153834085854683	19.930886135340653	20.0	20.141427420318582	19.936460144494568	20.0	20.14921446119605	19.93296161888293	20.0829226498786	20.13071550842959	20.061450496036855	20.0	20.49168610270166	19.779097548061575	20.0	20.08845496753354	19.960259362412472
2018-01-07 11:20:00	20.02024568895644	20.09183011080382	19.988084571894575	20.0	20.140639482698955	19.936814145454097	20.0	20.12772230531105	19.942617515005182	20.0	20.136017790038103	19.938890558098823	20.11062552961475	20.173446437203374	20.08240164359667	20.0	20.486299725165136	19.781517514780884	20.0	20.078088490077658	19.96491676532743
2018-01-07 11:30:00	20.04786278438184	20.133450023939204	20.00941054631984	20.0	20.133513138302238	19.94001583641494	20.0	20.12029269707221	19.945955454938584	20.0	20.128886505427428	19.942094468576084	20.14068570086801	20.218482256623624	20.10573362509374	20.0	20.483843506761463	19.782621033194122	20.013769779322647	20.102694496779673	19.97381809466804
2018-01-07 11:40:00	20.077744013703946	20.17728489898667	20.03302274640302	20.0	20.130373149307264	19.94142655610833	20.0	20.116982189143265	19.947442784587828	20.0	20.125740452111117	19.943507912819644	20.173084679820548	20.265804716302597	20.13142785183586	20.0	20.483325674907608	19.782853682287882	20.034470986471092	20.13894552025501	19.98753315245223
2018-01-07 11:50:00	20.10987108811524	20.223319157959992	20.058901665431364	20.0	20.1298518238968	19.94166077477101	20.0	20.116375310773904	19.94771544008708	20.0	20.125212824232662	19.943744963025907	20.207804989565815	20.31539782576578	20.159466179099176	20.0	20.484090134518105	19.782510229419398	20.059467196283457	20.17939956331091	20.005584538633435
2018-01-07 12:00:00	20.156358238909515	20.322137137806337	20.081877864042823	20.023466047900506	20.18276983377291	19.95189478178392	20.033488716348334	20.19461009497219	19.961100850589787	20.02690959734982	20.18616732132478	19.9553590257089	20.264787193223402	20.41842416131739	20.195761888717406	20.0	20.46855176832947	19.789491234518646	20.134663341133347	20.303010840135293	20.059028957523772
2018-01-07 12:10:00	20.214484444182556	20.381396932182028	20.13949477566105	20.04610352355339	20.20747872946564	19.97360161944789	20.059452284757644	20.22260640243063	19.9861511594263	20.05066475082309	20.21196960320715	19.978194454824447	20.31345384864517	20.468717292301953	20.24369780874141	20.0	20.45020998612994	19.79773174536191	20.19676830497463	20.366512541265806	20.120506401713378
2018-01-07 12:20:00	20.27265244808543	20.44072646911924	20.19714093138907	20.069130829365147	20.23257646762388	19.995698731017015	20.08577765709201	20.25096401968853	20.01156349418632	20.074800246547955	20.238151328438633	20.00141063004635	20.362385102989222	20.519286708356283	20.291893077389524	20.0	20.438084955323266	19.8031792229707	20.258988039579933	20.430131018210616	20.182097715847313
2018-01-07 12:30:00	20.330900871725476	20.500139699931935	20.254866035864595	20.092557686881133	20.258065833846885	20.018198954186374	20.11247568279063	20.279686834947583	20.037351831821567	20.099325726581657	20.26471529682066	20.02502026748877	20.41158685730331	20.570126318782222	20.340358983305542	20.0	20.430063926874013	19.806782873433416	20.321329361023242	20.493868418536685	20.24381181344473
2018-01-07 12:40:00	20.389230219704753	20.559637189508905	20.31267056660434	20.116380005951267	20.283942839420895	20.041098153233023	20.139542643900974	20.30877120761641	20.063512419623024	20.12423725139925	20.291657704840915	20.04901936651966	20.461058450144	20.62123562233012	20.389094793074882	20.0	20.424757810467266	19.809166780804556	20.38379027444459	20.557722825567666	20.305646664519735
2018-01-07 12:50:00	20.4476413706461	20.61922026699429	20.370555199822988	20.14059377651463	20.310203583969233	20.064392268817635	20.16697487398593	20.338213528474625	20.09004156544752	20.14953091560011	20.318974719380044	20.073403989264207	20.510799474702225	20.672614661114224	20.43809989819829	20.0	20.421247678125617	19.81074379678415	20.44636883089523	20.621692349558764	20.367600293524674
2018-01-07 13:00:00	20.498970668077405	20.69260442333382	20.41197579252743	20.168356162405022	20.355076078292313	20.084467504542623	20.19722133904054	20.38575443655626	20.11251806334505	20.1783887938746	20.36492683498252	20.094581847869605	20.561915914128107	20.73993347761187	20.48193700879483	20.0	20.414314125362186	19.81385887121409	20.52413165608264	20.716850140447242	20.4375479891942
2018-01-07 13:10:00	20.56486954424032	20.742643114158753	20.48500025920451	20.193879177942705	20.36531376774598	20.116857840494852	20.225796834014155	20.398775411534807	20.148081820925157	20.20498972308448	20.37623951162987	20.12805141228874	20.610112401844326	20.771513476334988	20.5375988756239	20.0	20.400842095483636	19.81991152231895	20.59411364265582	20.769326725601402	20.51539472133244
2018-01-07 13:20:00	20.627656068585438	20.789648364404286	20.55487692118858	20.216541841165068	20.372756975696504	20.14635822999876	20.251490494745994	20.408982168291438	20.180733366051655	20.228722037806506	20.384749610294172	20.158622693645384	20.655371350552826	20.800224265294716	20.590292504799237	20.0	20.390831211972866	19.824409165635377	20.658300437763934	20.816140745799068	20.58738667618293
2018-01-07 13:30:00	20.68739843399242	20.833669968300427	20.62168223741925	20.23639210913176	20.377443359960928	20.173021257309962	20.274351196668132	20.4164126853903	20.21052646985092	20.249633647385906	20.390494624269245	20.18634828096006	20.69772777188777	20.826094118668195	20.640055934928455	20.0	20.383101728211944	19.82788183225261	20.716801956807114	20.857391490248673	20.653638543231935
2018-01-07 13:40:00	20.744120940070953	20.87472909970873	20.68544191182791	20.25345860226316	20.379400966236872	20.19687580105758	20.294407042632844	20.421094587492647	20.237489450014664	20.267753077335055	20.39350256888006	20.21125692895977	20.737201437074592	20.849139327584183	20.6869105007587	20.0	20.37688145787476	19.83067644646206	20.769711245313218	20.893170031822713	20.714244254272728
2018-01-07 13:50:00	20.797847332559694	20.912846725986896	20.74618093841127	20.26776971285485	20.37865765793896	20.21795049115039	20.31168579397783	20.423054995369938	20.261650355671236	20.28310856645101	20.39380111305887	20.23337713246778	20.773811571261916	20.869376104318704	20.73087678104801	20.0	20.371659571089427	19.83302251153954	20.817119840979327	20.923565944998217	20.76929622902881
2018-01-07 14:00:00	20.810765339085215	20.928221417901625	20.757995216718456	20.25764412488299	20.362419121029205	20.210571300527448	20.303379303650956	20.40851634305517	20.256143822179496	20.27407441366935	20.378683905573283	20.22707594629223	20.78619802440332	20.872463280096227	20.74744117039637	20.0	20.37388370314611	19.832023263803926	20.84933936997832	20.94813732196964	20.80495188430106
2018-01-07 14:10:00	20.894999799357375	21.008428286405177	20.844039174741738	20.29153191456883	20.393084640319586	20.24590677691269	20.340325871832842	20.44213480132794	20.294585628146635	20.309059871790076	20.410429196807883	20.263517131564683	20.84057830894007	20.923009118257568	20.803544177217702	20.0	20.358585758285404	19.83889625352395	20.92558642009167	21.01998551704787	20.883175231604085
2018-01-07 14:20:00	20.97783137933712	21.087288416451514	20.928655029329207	20.32438606752728	20.422763797318737	20.280187377331117	20.37621540346033	20.474745251740444	20.331948370175056	20.34300286912474	20.441179719974215	20.29889442888802	20.8938732452522	20.97249877101504	20.858548733677594	20.0	20.348483514260366	19.843434942868534	20.99939596251392	21.089475520578517	20.95892543642691
2018-01-07 14:30:00	21.059365980901294	21.164876928683725	21.011962511607777	20.356271154419392	20.45149302571589	20.313490313691986	20.41111538702291	20.506385894810293	20.36831269511842	20.375968406945574	20.4709720464394	20.333285612390384	20.946130343489198	21.020971775299543	20.91250593209614	20.0	20.34180060249663	19.846437410472532	21.070856921299864	21.156667394491237	21.032304389866056
2018-01-07 14:40:00	21.13961535387374	21.241206437985795	21.093972982750984	20.387196965122122	20.479281947814258	20.345825451158987	20.44503558689698	20.53706641550278	20.403688403030614	20.407966282345914	20.499815807336006	20.366700553727185	20.99735801189575	21.068437558529894	20.965423722828234	20.0	20.337379685328255	19.848423619635135	21.14000765979721	21.221598666332312	21.103350830774176
2018-01-07 14:50:00	21.218590966482534	21.316288450040787	21.174697894159266	20.41717326890908	20.506140124517103	20.37720265262142	20.47798570117034	20.566796283080222	20.43808529480505	20.439006295110204	20.527720623359116	20.39914913314331	21.047564393630317	21.114904515500356	21.017310135978548	20.0	20.334455135463045	19.84973754783544	21.20688600408032	21.284306347011466	21.17210295145908
2018-01-07 15:00:00	21.335670980463714	21.444434199504627	21.286806345822157	20.482759216821346	20.585263013182256	20.436706786572245	20.546737512290925	20.64920715158908	20.500700427968567	20.505616473224414	20.607821099630797	20.459698452665023	21.128908381717515	21.210770920951134	21.092129559742972	20.0	20.3141193006169	19.858873937404	21.314335440341353	21.40555463911734	21.27335290176083
2018-01-07 15:10:00	21.41697408797432	21.52413655721537	21.368828630779092	20.519562020193963	20.62135183278707	20.473830365260824	20.586194218359477	20.687886893916996	20.540506204703206	20.54338716983196	20.644859956944245	20.497797946636595	21.18357794066928	21.264295160565	21.147313682455234	20.0	20.305764445351205	19.862627568030618	21.389624041265034	21.479240945261452	21.34936137425214
2018-01-07 15:20:00	21.49761301185323	21.6031778435798	21.450185333831172	20.55601682480668	20.65708601150429	20.51060892933384	20.625288024231498	20.726197145689753	20.57995204212706	20.580803174912504	20.681537454100194	20.535545745132538	21.237856713535383	21.317433830034247	21.202104675688048	20.0	20.300232099317505	19.865113114799378	21.463706096618964	21.551732294282317	21.424158094770206
2018-01-07 15:30:00	21.57755679733194	21.68153824698257	21.530840493865725	20.5920999928144	20.69245592046964	20.54701254705624	20.66399409904368	20.764127475116453	20.619006640228378	20.6178406111381	20.71784387302057	20.57291160942279	21.291729212858556	21.370175393836405	21.256485276477207	20.0	20.29657231527699	19.866757365600193	21.536575218065128	21.623036736341973	21.49773018811466
2018-01-07 15:40:00	21.65681128570135	21.75922303557232	21.610800209672362	20.627815359709476	20.72746530624447	20.583045093874915	20.702316319149933	20.801681634931143	20.6576739309004	20.65450335022823	20.753782987896898	20.60989945504376	21.345193849014812	21.422511308045642	21.310457019595162	20.0	20.294151273632348	19.86784507996228	21.608251314207422	21.693173764585353	21.570097749544885
2018-01-07 15:50:00	21.73538223317	21.836237585229696	21.69007040833158	20.66316666902835	20.762117828268053	20.618710351109073	20.740258506666414	20.838863394954693	20.69595775975428	20.690795180453996	20.789358509869366	20.646513104919556	21.398254596206296	21.474448993299625	21.36402233084553	20.0	20.292549692072615	19.86856463109781	21.678753912247107	21.762162484060063	21.641280495925344
2018-01-07 16:00:00	21.847457793305903	21.91722704085376	21.81611218933513	20.712175424692358	20.792328372985132	20.676164679807215	20.79323056677232	20.872698726280213	20.757527480616588	20.740675827949325	20.82039472724079	20.7048600905865	21.46627734482323	21.525000781307575	21.439894351620126	20.0	20.289871340819563	19.869767948327443	21.74410011758029	21.80691363921759	21.71587954988817
2018-01-07 16:10:00	21.90068150718473	21.984007952233412	21.86324498839474	20.736680834502216	20.831146427944546	20.69423977078175	20.820326343488528	20.914250004388975	20.77812875670716	20.76603952875483	20.860037418291867	20.723808592875876	21.511762187132998	21.585173894108685	21.47878011588307	20.0	20.30653116866616	19.862283098135492	21.788257030645	21.86614132723745	21.753265535074462
2018-01-07 16:20:00	21.956052615132972	22.05285216683083	21.91256296147162	20.76356941783675	20.87227496324322	20.71473069453819	20.84978655795637	20.95809174127683	20.80112770747907	20.793779190300967	20.901983361760315	20.745165721964163	21.55951104718092	21.647547150487817	21.519958594970575	20.0	20.318640763258433	19.856842555637513	21.836370302067035	21.929216013108515	21.794657011599128
2018-01-07 16:30:00	22.0	22.09209284470519	21.958624953828107	20.79276525992016	20.915665203302567	20.73754934332807	20.881532677661657	21.004173595144934	20.826433135024246	20.823818762909074	20.946183875846238	20.768843132459047	21.609472817342393	21.7120864933756	21.563371020863713	20.0	20.327758608691553	19.852746132326985	21.888330173296573	21.996054750031902	21.839932175053164
2018-01-07 16:40:00	22.0	22.03152287288961	21.985837549861188	20.8242449063102	20.961294093180598	20.762672083223507	20.91554213143253	21.052473426776302	20.854022274104167	20.856135055766423	20.992616178407225	20.794817449942293	21.661630871746755	21.77877563395512	21.609000616261838	20.0	20.334897315697177	19.849538887150544	21.944073721507134	22.06659591850181	21.889027517060242
2018-01-07 16:50:00	22.0	21.99320480493313	22.0030529137257	20.85798508411726	21.009138833276054	20.790075428698085	20.951792458993236	21.102969205041692	20.883872471638135	20.890705028142843	21.04125767157203	20.82306543471814	21.71596867193468	21.84759838333738	21.65683068565231	20.0	20.340726771748752	19.846919856170857	22.0	22.13353602895828	21.940005552207147
2018-01-07 17:00:00	22.0	21.901279646643424	22.044352622522513	20.877112817744965	21.00024490429468	20.821792604947266	20.97515044728625	21.09783234814271	20.920032491828998	20.91059985154343	21.033087539114234	20.855569151330464	21.761919774970746	21.866750255453866	21.714822022869633	20.0	20.36182379676855	19.837441482611233	22.0	22.089639582272618	21.959727144196364
2018-01-07 17:10:00	22.0	21.966073009692565	22.015242560862763	20.867282994088846	20.99316166331075	20.81072880936595	20.968003520844686	21.093416446495556	20.911658583233425	20.90158016300956	21.02679537561818	20.845324052996986	21.778901094935506	21.886062773309988	21.730755993057116	20.0	20.39723909003885	19.821530263895596	21.99823844417796	22.10852818592653	21.948687980493816
2018-01-07 17:20:00	22.0	22.008543961450442	21.996161408623717	20.858241337378693	20.986824297813804	20.80047218124118	20.961618460833517	21.08971915222743	20.90406597629422	20.89333991050304	21.021240316465196	20.83587740927367	21.79642647783809	21.905890474831686	21.74724700092792	20.0	20.420644510375855	19.81101478519346	21.98841810406299	22.101654303244658	21.93754386964804
2018-01-07 17:30:00	22.0	22.036492263449375	21.983604925116953	20.849926026890536	20.981198951341316	20.790948336195253	20.95593033787855	21.086704898699928	20.897176549683437	20.8858170797076	21.016388526764715	20.827154545522518	21.814454928950582	21.926210603453214	21.764245857797228	20.0	20.4361278119035	19.804058519289736	21.97990033715282	22.096054094873672	21.927715315568094
2018-01-07 17:40:00	22.0	22.054883690079482	21.97534211025415	20.8423297420509	20.976278412068332	20.782149904796693	20.950932308140235	21.084366895068683	20.890983435752098	20.879004512169253	21.0122329813262	20.819148243417587	21.832982704013492	21.947019486617982	21.78174878719119	20.0	20.446370407448658	19.7994567734651	21.972662268751193	22.091706090059677	21.919178812801
2018-01-07 17:50:00	22.0	22.066986199166077	21.969904751099303	20.835445166770743	20.972055528890973	20.774069496832666	20.946617542045168	21.08269847304902	20.885479732463722	20.87289502195426	21.008766636114434	20.8118512532736	21.852006042760866	21.9683134436747	21.79975199307495	20.0	20.45314614346144	19.796412602212982	21.966682952413752	22.088589802540728	21.91191320815381
2018-01-07 18:00:00	21.935827670558364	21.979414387853033	21.916245232353514	20.730327166327207	20.805841221321792	20.69640056190935	20.844470479357433	20.918550024687097	20.811188364789032	20.7685859337501	20.843414935548488	20.734967106855173	21.786962953084164	21.838149387878772	21.76396614904601	20.0	20.511688140469673	19.77011112529624	21.830449235069278	21.886754008452453	21.80515288760727
2018-01-07 18:10:00	21.8855507922168	21.898094798328025	21.879915079326246	20.66743189772409	20.712023872292086	20.64739782219354	20.785283482050783	20.82794761730722	20.766115537225424	20.7066106908554	20.750535813608025	20.68687621541582	21.759838393161495	21.777563037133255	21.75187514731911	20.0	20.548749951163135	19.75346016686874	21.73176791060813	21.7553681367087	21.721164910476
2018-01-07 18:20:00	21.822424727448222	21.804245869710652	21.83059204034482	20.591789707941206	20.60573667720361	20.585523678272587	20.71330061690313	20.724830652459108	20.70812045600117	20.631874476698883	20.645172971508174	20.625899790625144	21.719474573053887	21.70403231065799	21.726412401086826	20.0	20.578440523165703	19.740120924374835	21.610646659647788	21.602049877807687	21.614508981923773
2018-01-07 18:30:00	21.74657777968631	21.697935786464683	21.768431428814864	20.503581998557603	20.487132225757655	20.510972476192364	20.628702984696403	20.60935195438452	20.637396925851014	20.544558395186282	20.527478400930057	20.55223201579415	21.666003494040332	21.617671706795832	21.687717775266123	20.0	20.603247626430353	19.728975704067526	21.467503141512175	21.42718185683572	21.48561850129435
2018-01-07 18:40:00	21.658118665260407	21.57926719650982	21.6935446874527	20.402936846219	20.356336211098352	20.423873363447115	20.53161547315955	20.481633654473864	20.55407107285891	20.444789719923527	20.39757704472408	20.4660012116798	21.599523850619043	21.51857787636974	21.635890882528148	20.0	20.624824207030805	19.719281878000658	21.30269800499345	21.231117295906042	21.334857454003735
2018-01-07 18:50:00	21.557156816339287	21.44834695617344	21.60604240568916	20.289981034026187	20.213472880610603	20.324354262372324	20.42216197374151	20.341797196526887	20.458267888142277	20.332694459972817	20.255592430407077	20.367334502241484	21.520133635182496	21.40684677979869	21.571030628181017	20.0	20.644263720331875	19.71054818361901	21.11658597847828	21.01420336493334	21.16258396427383
2018-01-07 19:00:00	21.436964551309874	21.29456222789703	21.500942406756227	20.15794622212895	20.047906754793917	20.20738424368527	20.293570228355534	20.179150075196652	20.344976384122567	20.201507722922774	20.090897742364444	20.251202062014194	21.421961143720583	21.27246573899518	21.489125745843587	20.0	20.665924838348445	19.700816376973883	20.900835345582667	20.763946919460142	20.962335942826122
2018-01-07 19:10:00	21.327621266638218	21.18748439523035	21.390581310314218	20.036855128847186	19.92921286755577	20.085216144789708	20.17553117109115	20.063480220303383	20.225872902604497	20.08129000503959	19.973056278395987	20.12991675179252	21.33222579549131	21.184633143942015	21.39853553749172	20.0	20.68419476252734	19.692608150168873	20.70153457957346	20.56892631358384	20.761112206322423
2018-01-07 19:20:00	21.21921203689566	21.081263719451282	21.281188817196757	20.0	20.006454422893423	19.997100186815995	20.058672322239826	19.94896371419244	20.107961696869808	20.0	19.944801105217984	20.024799503452783	21.243174587742665	21.097466889526455	21.308637466651398	20.0	20.696276588799762	19.68718008329286	20.505502670809566	20.377103443686828	20.563189280096587
2018-01-07 19:30:00	21.11174491416191	20.975962235898255	21.172748726135435	20.0	20.130771841054163	19.941247433729288	20.0	19.970622105943228	20.013198763996513	20.0	20.08836391708131	19.960300269137377	21.154794077079067	21.010957198615554	21.219416442765578	20.0	20.70426900652368	19.68358928692414	20.312680963103674	20.18842229888885	20.368507319490043
2018-01-07 19:40:00	21.00521340436922	20.871577250619424	21.065252835764053	20.0	20.212443060835465	19.90455456687102	20.0	20.103214799399733	19.953628133603015	20.0	20.182703703800232	19.917915727278157	21.06707920513427	20.925099072459073	21.130867380683988	20.0	20.70955617954525	19.681213890349234	20.123016719118617	20.002830878328552	20.17701325628517
2018-01-07 19:50:00	20.89960972433162	20.768101724580536	20.95869302856761	20.0	20.266093311029696	19.88045083127652	20.0	20.190252326559268	19.914524317053072	20.0	20.24468783968659	19.890067782169794	20.980024962522197	20.839887607669734	21.04298522339794	20.0	20.713053769329697	19.679642509431584	20.0	19.950322353424642	20.022318942664292
2018-01-07 20:00:00	20.76753637218309	20.622646739588	20.83263171436349	20.0	20.323098835434116	19.85483965364554	20.0	20.269541286675473	19.87890174076898	20.0	20.30712260505498	19.86201738033762	20.869720520590818	20.714888611770068	20.93928268252478	20.0	20.729919481872265	19.672065160318255	20.0	20.13697130905361	19.938462165497654
2018-01-07 20:10:00	20.646849509022744	20.492152217174887	20.716351190867428	20.0	20.346256945378503	19.84443528540966	20.0	20.306806295733757	19.86215949032251	20.0	20.33381030998442	19.85002725203599	20.7676677335509	20.602031236289672	20.842084130871168	20.0	20.738753306932598	19.668096340363615	20.0	20.2275478955525	19.897768336780764
2018-01-07 20:20:00	20.525282122398792	20.360811012707646	20.59917493979626	20.0	20.359946431990473	19.83828493635211	20.0	20.32971913956874	19.85186531410679	20.0	20.349823861285834	19.84283275797303	20.664439451525176	20.488026289743356	20.743697538702516	20.0	20.74349134987621	19.66596765440344	20.0	20.27561667353204	19.87617221913778
2018-01-07 20:30:00	20.402849754732145	20.22862287306556	20.48112560011858	20.0	20.367397740177136	19.834937247166792	20.0	20.343192212230175	19.845812194505275	20.0	20.358805792674957	19.838797397493863	20.56005121882265	20.37288594008934	20.644139967239067	20.0	20.745518653163778	19.665056836984387	20.0	20.300099597280774	19.865172644699946
2018-01-07 20:40:00	20.279559636386477	20.09559428775125	20.362210735048677	20.0	20.37075118330909	19.833430627788672	20.0	20.350469403833568	19.842542731610997	20.0	20.363167761188667	19.836837672509443	20.454511743342344	20.256618684873864	20.543420218886155	20.0	20.745752740621796	19.664951667256872	20.0	20.311502911563498	19.860049416543937
2018-01-07 20:50:00	20.155419228024687	19.961732548065296	20.24243788133978	20.0	20.371412718186615	19.833133416466886	20.0	20.35367985398407	19.841100355456433	20.0	20.36449427258655	19.836241703620534	20.34782972373622	20.139233090763923	20.44154705159333	20.0	20.744800574195544	19.66537945217302	20.0	20.31565287887125	19.858184938478136
2018-01-07 21:00:00	20.0	19.782535523475357	20.097701431482083	20.0	20.397673720117815	19.821334995309392	20.0	20.382096083613312	19.82833364359402	20.0	20.391128606025596	19.824275553814584	20.210080845900894	19.970204196174116	20.31785151461872	20.0	20.76127154504936	19.657979450774928	20.0	20.340540348032466	19.847003611753532
2018-01-07 21:10:00	20.0	19.950621668864173	20.022184467611748	20.0	20.391696313993773	19.824020496611496	20.0	20.376598663778026	19.830803498882343	20.0	20.385367591469	19.826863835716825	20.10595157322595	19.87094599909544	20.211533787690385	20.0	20.76829803497718	19.654822621966776	20.0	20.335274050209446	19.84936962961605
2018-01-07 21:20:00	20.0	20.06128886350226	19.972464423643913	20.0	20.387802812519173	19.825769750897187	20.0	20.37302603544051	19.832408592773106	20.0	20.381615767844234	19.828549437635196	20.003227943699486	19.77307018416101	20.106632154506624	20.0	20.772950297287018	19.65273247513192	20.0	20.332376590473118	19.85067138688889
2018-01-07 21:30:00	20.0	20.13411329304034	19.93974620167753	20.0	20.385245106996713	19.826918864972498	20.0	20.370681046574905	19.833462138495335	20.0	20.379150659299057	19.829656950169987	20.0	19.915216613915998	20.038091086501506	20.0	20.77602786954422	19.651349797741005	20.0	20.330769767337937	19.851393292935132
2018-01-07 21:40:00	20.0	20.182035382130145	19.91821598773863	20.0	20.383564938951334	19.82767372307984	20.0	20.369141885920907	19.83415364545583	20.0	20.37753100903865	19.830384619127564	20.0	20.014985551893687	19.993267360743417	20.0	20.77806375308483	19.650435125425656	20.0	20.32987869853414	19.85179362819481
2018-01-07 21:50:00	20.0	20.213570495173876	19.90404803840014	20.0	20.382461229103388	19.828169592721665	20.0	20.3681316399137	19.834607524096736	20.0	20.376466850187544	19.830862719480958	20.0	20.08028765438688	19.963928734985608	20.0	20.779410536014748	19.649830049036854	20.0	20.329384553518704	19.852015635375654
2018-01-07 22:00:00	20.0	20.26105993182702	19.88271220454148	20.0	20.408891889523858	19.816294948184932	20.0	20.39511963421394	19.822482483179247	20.0	20.402856733535533	19.81900639507824	20.0	20.145160692308476	19.934782877368654	20.0	20.79848629236112	19.64125978169283	20.0	20.35379350955209	19.84104929280993
2018-01-07 22:10:00	20.0	20.270792944734964	19.87833940164081	20.0	20.406496174492826	19.817371283923514	20.0	20.392314825088818	19.823742614815167	20.0	20.400395201039167	19.820112300982405	20.0	20.169301064111536	19.923937203080325	20.0	20.808450316516723	19.63678319113017	20.0	20.35090757945681	19.842345870099113
2018-01-07 22:20:00	20.0	20.277226237372993	19.875449081759957	20.0	20.404950545567456	19.818065696918968	20.0	20.390504146982156	19.82455610787758	20.0	20.39880626355282	19.820826171447283	20.0	20.185120837908507	19.91682976847589	20.0	20.815044536693918	19.63382057047085	20.0	20.349326962362092	19.84305600241703
2018-01-07 22:30:00	20.0	20.28145962297059	19.87354712591176	20.0	20.403935175721184	19.81852187757454	20.0	20.389315643453727	19.825090073230935	20.0	20.397762244008735	19.821295223706223	20.0	20.19547536903094	19.912177732754216	20.0	20.81940675584438	19.631860732881513	20.0	20.348450403163973	19.84344981886836
2018-01-07 22:40:00	20.0	20.28424539918971	19.872295545291575	20.0	20.40326817527404	19.8188215444421	20.0	20.388535555944138	19.82544054732945	20.0	20.397076292351834	19.821603404885412	20.0	20.202252742914865	19.909132825646946	20.0	20.822292460035705	19.630564257085407	20.0	20.34796430498439	19.843668210804115
2018-01-07 22:50:00	20.0	20.286078577109574	19.871471943617436	20.0	20.402830020018552	19.81901839680326	20.0	20.388023536787514	19.82567058492155	20.0	20.39662560182748	19.821805889034035	20.0	20.20668875224067	19.907139835949845	20.0	20.824201417010016	19.629706609749125	20.0	20.34769473796065	19.843789320626374
2018-01-07 23:00:00	20.0	20.287284898443865	19.870929973162898	20.0	20.40254219408264	19.819147709904904	20.0	20.387687467290732	19.82582157266648	20.0	20.39632948482476	19.821938927107716	20.0	20.209592263110014	19.905835360052023	20.0	20.825464234155568	19.629139257118513	20.0	20.34754524885884	19.843856482396752
2018-01-07 23:10:00	20.0	20.289349627053905	19.87000234146853	20.0	20.40361687700204	19.818664881346912	20.0	20.388828643824258	19.825308870165912	20.0	20.3973903059291	19.82146232632171	20.0	20.213167017026148	19.904229311191152	20.0	20.826177382395475	19.628818857184644	20.0	20.347640440293198	19.843813715230592
2018-01-07 23:20:00	20.0	20.289467207515848	19.86994951546389	20.0	20.40308619829875	19.818903302213602	20.0	20.388320988057075	19.825536947394646	20.0	20.39685218401069	19.821704091241575	20.0	20.214175260422913	19.903776332273768	20.0	20.825762723465722	19.629005153225545	20.0	20.345951890511927	19.844572339045367
2018-01-07 23:30:00	20.0	20.288306792969802	19.870470861129508	20.0	20.401504508911703	19.81961391628605	20.0	20.38673496617151	19.82624950795193	20.0	20.39526707770627	19.82241624045081	20.0	20.213506779565947	19.90407666425298	20.0	20.82460280056019	19.62952627800919	20.0	20.34327647371295	19.84577433789708
2018-01-07 23:40:00	20.0	20.2863053917847	19.871370041372085	20.0	20.399232402509874	19.820634717712956	20.0	20.38444114242494	19.827280066446765	20.0	20.392994065751246	19.82343744872046	20.0	20.21174082392773	19.90487006461218	20.0	20.822949868378206	19.63026889971414	20.0	20.340053785293804	19.84722221240423
2018-01-07 23:50:00	20.0	20.283750579623447	19.87251785553149	20.0	20.396506758363806	19.821859282474232	20.0	20.38168274466107	19.828519346601546	20.0	20.39026907961527	19.82466171785401	20.0	20.209256536102952	19.90598619392476	20.0	20.820970799616003	19.631158046549334	20.0	20.3365276056577	19.848806438037844
2018-01-08 00:00:00	20.0	20.280831595604145	19.873829283134366	20.0	20.393483182977352	19.82321770040148	20.0	20.37861941843432	19.82989562360197	20.0	20.387247133175627	19.82601940393559	20.0	20.20630207695181	19.907313559630346	20.0	20.81877598430938	19.632144122991438	20.0	20.33283312405861	19.85046627759686
2018-01-08 00:10:00	20.0	20.276402058606855	19.87581936497373	20.0	20.389000138408715	19.825231821874347	20.0	20.373994189220618	19.83197362513276	20.0	20.3827746965764	19.828028759509152	20.0	20.201365563156894	19.909531413654147	20.0	20.816560681057858	19.633139404162414	20.0	20.328867219173873	19.85224806095087
2018-01-08 00:20:00	20.0	20.27349052690122	19.87712744443568	20.0	20.386058762820927	19.826553309457264	20.0	20.37096222797556	19.833335810619676	20.0	20.37983973574022	19.829347365102223	20.0	20.1981375902407	19.910981662355628	20.0	20.81509601371021	19.633797443115704	20.0	20.326670225684378	19.853235115996874
2018-01-08 00:30:00	20.0	20.27157459128087	19.877988227105693	20.0	20.384126556399906	19.827421402197142	20.0	20.368972160624168	19.83422989885001	20.0	20.377911374572967	19.83021373026432	20.0	20.196024774808656	19.911930898274374	20.0	20.814127103104607	19.634232750779088	20.0	20.325451874385504	19.85378249121811
2018-01-08 00:40:00	20.0	20.270313811310512	19.87855466448368	20.0	20.38285728229849	19.827991655778938	20.0	20.367665957682206	19.834816743650027	20.0	20.376644384266235	19.83078295779343	20.0	20.194641869114335	19.91255220373124	20.0	20.813486147368035	19.63452071639987	20.0	20.324776234472424	19.854086039584853
2018-01-08 00:50:00	20.0	20.269484156010996	19.87892740816897	20.0	20.38202349107609	19.82836625763248	20.0	20.366808616780787	19.835201925794134	20.0	20.37581193416612	19.831156957113773	20.0	20.19373671283072	19.912958868148518	20.0	20.81306214101032	19.634711212009858	20.0	20.324401556581925	19.85425437312986
2018-01-08 01:00:00	20.0	20.268938201972837	19.87917269186727	20.0	20.381475770294774	19.82861233508496	20.0	20.366245891496828	19.83545474439997	20.0	20.375264989832342	19.8314026857275	20.0	20.193144258912174	19.91322504309743	20.0	20.812781651452124	19.634837229057744	20.0	20.32419377797252	19.85434772293988
2018-01-08 01:10:00	20.0	20.268578937333764	19.879334100618163	20.0	20.381115970327798	19.82877398434548	20.0	20.365876540466818	19.835620684717803	20.0	20.374905631230316	19.83156413669363	20.0	20.192756478755324	19.913399263167896	20.0	20.812596101422454	19.63492059211455	20.0	20.324078553798383	19.854399490322464
2018-01-08 01:20:00	20.0	20.26834252351153	19.879440315523798	20.0	20.38087961629367	19.828880172389802	20.0	20.365634112789767	19.83572960150025	20.0	20.374669522001533	19.83167021475294	20.0	20.19250266416284	19.913513295810898	20.0	20.81247335598504	19.634975738615417	20.0	20.32401465592961	19.85442819806061
2018-01-08 01:30:00	20.0	20.268186951575856	19.87951021016157	20.0	20.380724354385453	19.82894992773987	20.0	20.365474992674162	19.83580109024784	20.0	20.37451439125577	19.831739911174942	20.0	20.19233653434328	19.913587933845776	20.0	20.812392157170706	19.63501221924215	20.0	20.323979221198428	19.8544441180123
2018-01-08 01:40:00	20.0	20.268084577582048	19.879556204274728	20.0	20.380622362218364	19.82899575030769	20.0	20.36537055240766	19.835848012686412	20.0	20.374412465768163	19.831785703785318	20.0	20.19222779702967	19.913636786841742	20.0	20.812338442363977	19.6350363519814	20.0	20.323959570775088	19.85445294646337
2018-01-08 01:50:00	20.0	20.268017210453344	19.87958647066589	20.0	20.380555363156777	19.829025851335363	20.0	20.36530200187133	19.83587881075346	20.0	20.374345497708536	19.831815790884573	20.0	20.19215662495861	19.913668762699757	20.0	20.812302908834496	19.635052316320735	20.0	20.323948673581153	19.854457842304118
2018-01-08 02:00:00	20.0	20.294897369657505	19.86750987740025	20.0	20.40785112640008	19.81676253741446	20.0	20.393102458959433	19.823388750322568	20.0	20.401575550779267	19.819581998925255	20.0	20.214381683476336	19.903683591481645	20.0	20.830484233907026	19.626883894911337	20.0	20.34869234529751	19.84334112022865
2018-01-08 02:10:00	20.0	20.290786067579752	19.869356984130835	20.0	20.4057206609968	19.817719703030424	20.0	20.39051690858156	19.82455037440538	20.0	20.39936104343347	19.8205769225154	20.0	20.210386173371628	19.905478675731587	20.0	20.839630723879853	19.62277460231485	20.0	20.34577564686887	19.844651520971954
2018-01-08 02:20:00	20.0	20.28810947591263	19.87055951082186	20.0	20.4043496890706	19.8183356469393	20.0	20.388850587852524	19.82529901125466	20.0	20.397934827620922	19.821217686141328	20.0	20.20779032671404	19.906644925679196	20.0	20.84568435709129	19.620054854060434	20.0	20.344178216304933	19.845369207167348
2018-01-08 02:30:00	20.0	20.286348109973854	19.87135084914218	20.0	20.403449052328217	19.81874028083805	20.0	20.387756835255313	19.825790407349057	20.0	20.396997721279686	19.821638704932315	20.0	20.20609124241541	19.907408282393078	20.0	20.84968896177363	19.618255683840832	20.0	20.343292333938315	19.84576721228858
2018-01-08 02:40:00	20.0	20.285189045390084	19.871871588303005	20.0	20.402857421030824	19.819006086203544	20.0	20.38703893921987	19.82611294035049	20.0	20.396382015298983	19.821915326459877	20.0	20.204979137772522	19.907907923609443	20.0	20.852338093447376	19.61706549424828	20.0	20.34280106616313	19.845987926796273
2018-01-08 02:50:00	20.0	20.284426324402684	19.872214260050967	20.0	20.402468776408817	19.819180694656907	20.0	20.386567740553154	19.82632463830221	20.0	20.395977478616192	19.822097074824605	20.0	20.204251229945502	19.908234954662163	20.0	20.854090550724102	19.616278158370328	20.0	20.342528632654663	19.846110324459495
2018-01-08 03:00:00	20.0	20.283767078302258	19.872510443081595	20.0	20.40205834708376	19.81936509044063	20.0	20.386094667631614	19.82653717831043	20.0	20.395555798278572	19.822286525411073	20.0	20.20365603007147	19.908502363301217	20.0	20.855232984008726	19.615764891242453	20.0	20.342321320820414	19.84620346455894
2018-01-08 03:10:00	20.0	20.283571214021716	19.8725984400772	20.0	20.40204411661442	19.8193714838399	20.0	20.386048789192785	19.826557790362664	20.0	20.395535768594886	19.82229552425447	20.0	20.203452985904313	19.908593586042983	20.0	20.85617903689526	19.615339852989084	20.0	20.34238870922452	19.84617318860927
2018-01-08 03:20:00	20.0	20.283442010872623	19.872656487868824	20.0	20.402034405236396	19.81937584692278	20.0	20.386018285965605	19.826571494711104	20.0	20.39552224055361	19.822301602070116	20.0	20.203319892439183	19.90865338165775	20.0	20.856804670742363	19.61505877111575	20.0	20.34242586005186	19.84615649765786
2018-01-08 03:30:00	20.0	20.28335698931	19.872694685962173	20.0	20.402028026315023	19.81937871281499	20.0	20.385998265422653	19.826580489447792	20.0	20.395513352763636	19.822305595135173	20.0	20.203232778731724	19.90869251970024	20.0	20.857218541192623	19.614872829319253	20.0	20.34244646238423	19.846147241537516
2018-01-08 03:40:00	20.0	20.283301040970795	19.87271982217254	20.0	20.402023835978476	19.819380595429962	20.0	20.385985124724602	19.826586393239666	20.0	20.395507513226477	19.822308218695348	20.0	20.203175760036533	19.90871813679518	20.0	20.85749232539219	19.614749824823797	20.0	20.342457887449896	19.846142108537002
2018-01-08 03:50:00	20.0	20.283264224232376	19.872736363026032	20.0	20.40202108333172	19.819381832126332	20.0	20.385976499687146	19.8265902682565	20.0	20.395503676480764	19.822309942450673	20.0	20.20313843948479	19.908734903999587	20.0	20.8576734395257	19.614668454705843	20.0	20.34246422324362	19.84613926202098
2018-01-08 04:00:00	20.0	20.283200730669748	19.872764889119388	20.0	20.40198056058781	19.819400037996786	20.0	20.385929960458704	19.826611177185217	20.0	20.395462251270917	19.822328553776835	20.0	20.203084373260246	19.908759194622213	20.0	20.857789044055195	19.614616516438968	20.0	20.342453702844917	19.846143988576923
2018-01-08 04:10:00	20.0	20.283218333488396	19.87275698060666	20.0	20.402017675725194	19.819383363079986	20.0	20.385965456101008	19.82659522986766	20.0	20.395499178801586	19.822311963147115	20.0	20.20309553751787	19.908754178796322	20.0	20.857913013600555	19.61456081997656	20.0	20.342493378015316	19.846126163500365
2018-01-08 04:20:00	20.0	20.283229838414567	19.872751811726786	20.0	20.402041966112062	19.819372450007627	20.0	20.38598865660667	19.82658480645208	20.0	20.395523349432366	19.82230110387821	20.0	20.20310279631535	19.90875091759745	20.0	20.85799497208994	19.614523998046547	20.0	20.342515325170016	19.846116303184488
2018-01-08 04:30:00	20.0	20.283237409321835	19.87274841030468	20.0	20.402057922681934	19.819365281113917	20.0	20.386003884650805	19.826577964867024	20.0	20.395539230371828	19.82229396896338	20.0	20.20310754748007	19.9087487830162	20.0	20.85804918944736	19.61449963952365	20.0	20.34252749607651	19.84611083509606
2018-01-08 04:40:00	20.0	20.283242391348427	19.872746172002877	20.0	20.402068404608876	19.819360571842395	20.0	20.386013879740478	19.826573474319492	20.0	20.395549664611302	19.82228928111666	20.0	20.203110657268684	19.9087473858648	20.0	20.858085055396106	19.614483525836533	20.0	20.342534245478095	19.84610780275622
2018-01-08 04:50:00	20.0	20.283245669765208	19.87274469909099	20.0	20.40207529022371	19.819357478305292	20.0	20.386020440124586	19.82657052690055	20.0	20.39555652021011	19.82228620106502	20.0	20.20311269272438	19.908746471384703	20.0	20.858108781493147	19.614472866285684	20.0	20.342537988372868	19.846106121165814
2018-01-08 05:00:00	20.0	20.2832478271236	19.87274372984302	20.0	20.402079813408378	19.819355446149864	20.0	20.38602474610275	19.826568592330645	20.0	20.395561024538335	19.822284177381327	20.0	20.203114024994832	19.908745872828412	20.0	20.858124476816982	19.614465814763385	20.0	20.34254006400298	19.846105188636344
2018-01-08 05:10:00	20.0	20.283249246770744	19.872743092030536	20.0	20.402082784704362	19.81935411121978	20.0	20.3860275723778	19.8265673225549	20.0	20.39556398401289	19.822282847762324	20.0	20.203114897008348	19.908745481054225	20.0	20.85813485961149	19.61446115002962	20.0	20.342541215048033	19.84610467150016
2018-01-08 05:20:00	20.0	20.283250180967887	19.872742672318775	20.0	20.402084736559132	19.81935323429952	20.0	20.386029427433613	19.82656648912403	20.0	20.395565928473932	19.822281974163886	20.0	20.203115467769226	19.90874522462542	20.0	20.858141728053536	19.61445806420783	20.0	20.342541853362484	19.846104384721205
2018-01-08 05:30:00	20.0	20.283250795715254	19.872742396127926	20.0	20.40208601873945	19.819352658247496	20.0	20.386030645019325	19.82656594209277	20.0	20.39556720604132	19.82228140018433	20.0	20.203115841350222	19.90874505678469	20.0	20.858146271675782	19.6144560228703	20.0	20.342542207341072	19.846104225687345
2018-01-08 05:40:00	20.0	20.283251200249005	19.87274221438088	20.0	20.402086861008236	19.819352279836885	20.0	20.38603144419477	19.82656558304292	20.0	20.395568045440466	19.822281023062978	20.0	20.20311608587094	19.908744946927555	20.0	20.858149277379702	19.614454672481582	20.0	20.34254240364063	19.84610413749479
2018-01-08 05:50:00	20.0	20.283251466451937	19.87274209478246	20.0	20.40208741429756	19.819352031257623	20.0	20.386031968742127	19.82656534737672	20.0	20.395568596950135	19.822280775283275	20.0	20.20311624591758	19.908744875022542	20.0	20.85815126571752	19.614453779170386	20.0	20.342542512499016	19.8461040885874
2018-01-08 06:00:00	20.0	20.28325164162652	19.87274201608084	20.0	20.402087777755284	19.81935186796502	20.0	20.38603231303441	19.826565192694687	20.0	20.395568959307948	19.822280612484832	20.0	20.203116350673135	19.90874482795845	20.0	20.85815258104579	19.614453188225802	20.0	20.342542572866623	19.84610406146572
2018-01-08 06:10:00	20.0	20.289394488775805	19.869982186202172	20.0	20.408196176118466	19.816607515077216	20.0	20.392614377534688	19.823608033281513	20.0	20.401636860877943	19.819554453808458	20.0	20.211208928652137	19.90510903205484	20.0	20.857562657533496	19.61471822632553	20.0	20.34340337971848	19.845717322155465
2018-01-08 06:20:00	20.0	20.287438071319098	19.87086115636388	20.0	20.406231701523673	19.817490105112554	20.0	20.390860635111917	19.824395946543916	20.0	20.399653943992124	19.820445329510783	20.0	20.21006997220072	19.905620737127215	20.0	20.852888035849606	19.61681841867626	20.0	20.33546427138374	19.849284167929046
2018-01-08 06:30:00	20.0	20.280168009240395	19.87412741613837	20.0	20.39898132206644	19.820747521970155	20.0	20.383654269650396	19.827633588997642	20.0	20.39239863737769	19.823704960018716	20.0	20.20290383958921	19.90884030395268	20.0	20.845515189378663	19.620130856945817	20.0	20.322656321613472	19.855038464202643
2018-01-08 06:40:00	20.0	20.269401291488375	19.8789646371574	20.0	20.38825859109073	19.825564980814313	20.0	20.372868986921432	19.832479150803415	20.0	20.38167919518351	19.828520941294364	20.0	20.191792708733086	19.913832261293834	20.0	20.836357405027904	19.62424522382804	20.0	20.307148333426056	19.86200582121438
2018-01-08 06:50:00	20.0	20.256333596187183	19.88483563069851	20.0	20.37525485388449	19.831407239559148	20.0	20.359734647105526	19.838380086083024	20.0	20.36868371051141	19.83435949237893	20.0	20.178099459107276	19.919984300980794	20.0	20.826018845810296	19.628890083766386	20.0	20.29014303028775	19.869645884943186
2018-01-08 07:00:00	20.0	20.24175175656079	19.891386891979934	20.0	20.360752725452315	19.837922688564902	20.0	20.345058473592097	19.84497372925572	20.0	20.35419280636669	19.840869898588878	20.0	20.162716118123054	19.92689565707515	20.0	20.81489917872451	19.633885876225218	20.0	20.27230739376397	19.87765899700459
2018-01-08 07:10:00	20.0	20.21844215800564	19.901859320316305	20.0	20.33757843498562	19.848334326310813	20.0	20.321086266448436	19.85574385130577	20.0	20.33108247640598	19.851252800455285	20.0	20.136041167971495	19.93888005496933	20.0	20.80400637692937	19.638779743698397	20.0	20.252927901538897	19.88636572539557
2018-01-08 07:20:00	20.0	20.204670741325792	19.90804647853479	20.0	20.32391813431906	19.854471562842164	20.0	20.30694134570564	19.86209881569746	20.0	20.31745941470815	19.85737330643547	20.0	20.12026113634169	19.945969634397215	20.0	20.797912468908898	19.641517586432233	20.0	20.244368793649556	19.890211121693678
2018-01-08 07:30:00	20.0	20.19715569012734	19.91142280588482	20.0	20.316485965395604	19.857810653228064	20.0	20.299223168752206	19.86556640244466	20.0	20.31004807386746	19.860703039276935	20.0	20.111593100726644	19.949863969238756	20.0	20.794988235131402	19.642831372622123	20.0	20.24179609330526	19.891366972573
2018-01-08 07:40:00	20.0	20.193757660305113	19.91294945696437	20.0	20.31314510950576	19.85931161746843	20.0	20.295723287912754	19.867138812676878	20.0	20.306718045985697	19.862199138760047	20.0	20.10758011232758	19.951666906055728	20.0	20.794160814243966	19.643203112441114	20.0	20.24254318513739	19.891031322619433
2018-01-08 07:50:00	20.0	20.19306883186964	19.91325893060929	20.0	20.31249185180656	19.859605110057927	20.0	20.29499213170793	19.86746730314571	20.0	20.306069559475233	19.862490487771993	20.0	20.106614000248584	19.952100956410064	20.0	20.794720480207044	19.642951668312776	20.0	20.245131274682638	19.88986855775128
2018-01-08 08:00:00	20.0	20.19416278936157	19.91276744246074	20.0	20.31360408606761	19.859105410607306	20.0	20.29607825626028	19.86697933414393	20.0	20.307182923947888	19.86199028054515	20.0	20.107642166760847	19.951639026527737	20.0	20.796197733975223	19.64228797459084	20.0	20.248740292892755	19.888247114787312
2018-01-08 08:10:00	20.0	20.199607182841376	19.910321410607498	20.0	20.31903547171946	19.85666522285068	20.0	20.301761573001293	19.864425959955934	20.0	20.312592321468014	19.859559971514372	20.0	20.114161432141167	19.948710081211942	20.0	20.797976408910706	19.641488859764753	20.0	20.25336069727652	19.886171280933738
2018-01-08 08:20:00	20.0	20.201634318618737	19.909410668446654	20.0	20.321053124889037	19.85575874099188	20.0	20.303916206813525	19.863457936069285	20.0	20.314598113964717	19.85865881836368	20.0	20.116760150978017	19.94754254086495	20.0	20.79804400751357	19.64145848937796	20.0	20.253743393360477	19.885999345011957
2018-01-08 08:30:00	20.0	20.201421043699096	19.90950648761345	20.0	20.32083717946409	19.85585575995092	20.0	20.303764411256864	19.863526134073	20.0	20.314376552021898	19.858758360685812	20.0	20.11680058576571	19.94752437451106	20.0	20.796981704873815	19.64193575578133	20.0	20.251781837481964	19.886880623739987
2018-01-08 08:40:00	20.0	20.19973345753768	19.910264678497562	20.0	20.319153962067123	19.856611988056805	20.0	20.302098750765516	19.86427447429375	20.0	20.312691540616537	19.859515394795466	20.0	20.115166534600863	19.948258513440194	20.0	20.795171946123702	19.642748835799495	20.0	20.248520264390603	19.888345968172334
2018-01-08 08:50:00	20.0	20.197075702295976	19.91145874244674	20.0	20.316506888290228	19.857801253086997	20.0	20.299439449487824	19.865469232838805	20.0	20.31004500008778	19.86070442025042	20.0	20.11243647939804	19.949485059980592	20.0	20.7928677290717	19.6437840637504	20.0	20.24453776400438	19.89013520747629
2018-01-08 09:00:00	20.0	20.199120203100406	19.910540198607066	20.0	20.315845904862023	19.858098216656188	20.0	20.29892279857682	19.865701351364038	20.0	20.309380358112293	19.861003027514762	20.0	20.111702730907616	19.94981471509948	20.0	20.790352072720495	19.644914286169055	20.0	20.241211496916563	19.89162961732734
2018-01-08 09:10:00	20.0	20.18925270864608	19.914973420753213	20.0	20.30797864296908	19.8616327835936	20.0	20.29080015538179	19.869350654828473	20.0	20.301525647160318	19.864531955623626	20.0	20.10320680233656	19.95363172648647	20.0	20.78642779733896	19.646677366412934	20.0	20.23354602529304	19.895073524868344
2018-01-08 09:20:00	20.0	20.182774254238225	19.91788403070457	20.0	20.302821186172643	19.86394990186446	20.0	20.28548025543148	19.871740754806147	20.0	20.296375493255432	19.866845792885243	20.0	20.097654308663827	19.956126325093063	20.0	20.78383418562029	19.647842612257556	20.0	20.2293021304217	19.896980202274314
2018-01-08 09:30:00	20.0	20.178511095220383	19.919799363016935	20.0	20.29943321955195	19.865472031795495	20.0	20.28198846520219	19.873309530126548	20.0	20.292991677021334	19.86836605814984	20.0	20.094020015954825	19.95775912326667	20.0	20.782118453138853	19.648613448589796	20.0	20.22694866120713	19.89803755800839
2018-01-08 09:40:00	20.0	20.175705728417658	19.921059745203664	20.0	20.297207652340795	19.86647192431066	20.0	20.279696591327802	19.874339212591856	20.0	20.290768411278027	19.86936491667219	20.0	20.091641255614583	19.958827841680407	20.0	20.780983459177943	19.649123373412813	20.0	20.22564353994155	19.89862391683785
2018-01-08 09:50:00	20.0	20.173859660059247	19.92188913823425	20.0	20.295745669384125	19.867128757233214	20.0	20.2781922953742	19.875015055701436	20.0	20.28930766096802	19.87002119579698	20.0	20.09008428119601	19.95952735192642	20.0	20.78023263624479	19.64946069965814	20.0	20.224919782214666	19.89894908335283
2018-01-08 10:00:00	20.0	20.188443417663326	19.915337015252717	20.0	20.28839720450032	19.870430241456372	20.0	20.27171574791973	19.87792480890563	20.0	20.28198073496638	19.873313003131045	20.0	20.08850120313538	19.960238589895695	20.0	20.762456110544097	19.657447254683095	20.0	20.208216067263464	19.9064536509396
2018-01-08 10:10:00	20.0	20.15522755725015	19.93026008297457	20.0	20.26913891992578	19.87908251423624	20.0	20.25217896352	19.886702204795366	20.0	20.262801129693887	19.88192992723898	20.0	20.07191224313786	19.96769160090907	20.0	20.74313319453904	19.66612856477232	20.0	20.188198202291066	19.915447184477923
2018-01-08 10:20:00	20.0	20.133426577388402	19.94005472610087	20.0	20.256508619159025	19.884756997189424	20.0	20.239378342358112	19.892453208505774	20.0	20.25022013960531	19.88758225611935	20.0	20.06107046965716	19.972562542617794	20.0	20.730358629850166	19.67186786195138	20.0	20.177110197677745	19.920428751767968
2018-01-08 10:30:00	20.0	20.119080382065565	19.946500118202422	20.0	20.24821169357725	19.888484601436307	20.0	20.230976476850316	19.896227959675937	20.0	20.241954026218494	19.891296017206187	20.0	20.05397416221133	19.97575073871664	20.0	20.721907963535262	19.67566453812184	20.0	20.17096129856192	19.923191300646092
2018-01-08 10:40:00	20.0	20.109639877910013	19.950741504127393	20.0	20.242761409204288	19.89093327992271	20.0	20.225461817635985	19.898705560192536	20.0	20.23652294441949	19.893736068449215	20.0	20.049329400080413	19.977837515905897	20.0	20.716317660322236	19.67817612362335	20.0	20.167551409636328	19.9247232797286
2018-01-08 10:50:00	20.0	20.103427560452328	19.95353254530403	20.0	20.239181095064822	19.892541826854938	20.0	20.221842208812888	19.900331761257988	20.0	20.23295456247759	19.895339254539053	20.0	20.046289253426686	19.979203378895257	20.0	20.712619550741575	19.679837593145088	20.0	20.165660446339057	19.925572842949116
2018-01-08 11:00:00	20.0	20.123667844147878	19.944439084513277	20.0	20.234616758239657	19.894592470935805	20.0	20.218433014409598	19.90186342830873	20.0	20.228409494381975	19.89738124165447	20.0	20.048065684007064	19.978405272402632	20.0	20.693076735227393	19.68861769866595	20.0	20.149993608117637	19.932611567367424
2018-01-08 11:10:00	20.0	20.07968561261799	19.964199217519464	20.0	20.20873338735932	19.90622123176611	20.0	20.192008639582724	19.913735248883114	20.0	20.20261852072649	19.908968490688096	20.0	20.024781325421916	19.988866361042334	20.0	20.670667305046972	19.69868570352962	20.0	20.12486674947544	19.94390044588784
2018-01-08 11:20:00	20.0	20.052368332512625	19.976472198436355	20.0	20.193306638102424	19.91315209012791	20.0	20.176268757651847	19.920806790040473	20.0	20.187247404724193	19.915874354399264	20.0	20.011228738876966	19.994955204272664	20.0	20.65696114567967	19.704843543245367	20.0	20.113128788609057	19.949174022508963
2018-01-08 11:30:00	20.0	20.035939335671145	19.98385334194485	20.0	20.184714043922448	19.91701253099137	20.0	20.167503668217023	19.924744728772055	20.0	20.178687502114226	19.919720107745775	20.000274982283692	20.004687641392096	19.998292483263974	20.0	20.649001217854146	19.708419742703207	20.0	20.108793219804753	19.951121886754372
2018-01-08 11:40:00	20.0067130932269	20.04243747325097	19.99066300944797	20.0	20.18061088813873	19.918855977792745	20.0	20.16331662213512	19.926625865417535	20.0	20.174602823224102	19.92155525333409	20.013216582866413	20.03298041261612	20.004337181094805	20.0	20.64484256512104	19.710288122916637	20.0	20.10856270017543	19.95122545354436
2018-01-08 11:50:00	20.0228949715098	20.07282338512867	20.000463365391184	20.0	20.179456865493723	19.91937445173471	20.0	20.16213442985064	19.92715699528449	20.0	20.17345850155321	19.922069368867398	20.028629486890512	20.06369046537207	20.012877453079952	20.0	20.643198542597414	19.711026741731594	20.0	20.11060864951771	19.95030625891234
2018-01-08 12:00:00	20.036606616856282	20.104863658568476	20.005940409710234	20.0	20.18547864179354	19.916669016005798	20.0	20.16851418323614	19.92429072927071	20.0	20.17947338461108	19.91936703010228	20.04432187186351	20.096939861686913	20.020681905421114	20.0	20.64344931636314	19.710914075257136	20.0	20.116029071143466	19.9478709970225
2018-01-08 12:10:00	20.052437021942843	20.12266154569508	20.0208868735904	20.0	20.183931418576144	19.91736414527739	20.0	20.166939209935038	19.924998325971217	20.0	20.177915274008814	19.920067050807646	20.05696454719215	20.11199000640549	20.032242964067308	20.0	20.641957671656876	19.711584234473	20.0	20.11458241704006	19.948520943068964
2018-01-08 12:20:00	20.068701411367638	20.14090275365065	20.036263127153546	20.0	20.182922879980858	19.9178172568202	20.0	20.165913970553838	19.925458940765665	20.0	20.17689944692287	19.920523436889724	20.070155045682334	20.12759220198317	20.04434994647471	20.0	20.640972663053706	19.71202677457007	20.0	20.113785538081615	19.948878961151728
2018-01-08 12:30:00	20.085404466247645	20.159579715170892	20.05207935441257	20.0	20.182260355121887	19.918114912916252	20.0	20.165241029959297	19.925761276395107	20.0	20.176232006491304	19.920823301431454	20.08389003406591	20.14373398640261	20.057003620697245	20.0	20.640321055539868	19.71231952577194	20.0	20.113343619675604	19.949077504203707
2018-01-08 12:40:00	20.10254280598152	20.17868771647086	20.068332773732692	20.0	20.18182513947845	19.918310444582147	20.0	20.164799337443718	19.92595971796007	20.0	20.175793477964273	19.921020321494325	20.09816573040839	20.160409838199605	20.070200986328274	20.0	20.63989000230115	19.712513187371947	20.0	20.113098552330865	19.94918760692382
2018-01-08 12:50:00	20.120112664333462	20.19822155263003	20.085020265243685	20.0	20.18153924429972	19.918438890242165	20.0	20.16450942732635	19.9260899674331	20.0	20.175505351462988	19.921149769632578	20.112955649561112	20.177559581537707	20.083930694615113	20.0	20.639604850746807	19.712641298939843	20.0	20.11296264940196	19.94924866476144
2018-01-08 13:00:00	20.18681828832523	20.27374253836787	20.147765364393038	20.0	20.138464361664173	19.937791373745085	20.0	20.119882263504095	19.946139852628612	20.0	20.132529112260197	19.940457935071507	20.1646610262641	20.245337546701293	20.12841505331405	20.0	20.620535727562086	19.721208586167762	20.011006218947873	20.104387586734127	19.969052271101873
2018-01-08 13:10:00	20.185123044217804	20.257582876508906	20.152568626811657	20.0	20.15740431360728	19.92928211997355	20.0	20.1399305878505	19.937132634443998	20.0	20.151544659259667	19.93191471830363	20.165867984410816	20.230897364748557	20.136651885998212	20.0	20.618278100103907	19.722222882562015	20.0	20.09678460233734	19.956517062718014
2018-01-08 13:20:00	20.181002626087366	20.23901136168186	20.15494073038549	20.0	20.16823518233219	19.92441607750294	20.0	20.151448284888957	19.93195801693397	20.0	20.16242904433149	19.927024632256874	20.164522412376655	20.21394510932673	20.142318012297643	20.0	20.615665507633043	19.723396655990953	20.0	20.10787710658529	19.95153347385299
2018-01-08 13:30:00	20.174415242279284	20.218020902624986	20.15482429342832	20.0	20.17380877653587	19.921911998947657	20.0	20.15744215558182	19.929265118506734	20.0	20.168041084763782	19.92450328075831	20.160614419788086	20.194484702727195	20.145397336148783	20.0	20.612830208976213	19.724670485822287	20.0	20.11185737633414	19.949745236719444
2018-01-08 13:40:00	20.165382696269816	20.194633727802042	20.15224092847997	20.0	20.1759287406479	19.920959551303127	20.0	20.159810282488472	19.928201177432726	20.0	20.170188932558265	19.92353830566224	20.15416333785628	20.172535050337267	20.145909380074976	20.0	20.609847572201605	19.72601051103986	20.0	20.111890863817457	19.949730191618258
2018-01-08 13:50:00	20.15392649940795	20.168871497632864	20.147212079915604	20.0	20.175779997489634	19.921026377939448	20.0	20.159798608702804	19.92820642217699	20.0	20.17006069944173	19.923595917642125	20.14518830966107	20.148114871466944	20.143873477545398	20.0	20.606767467838953	19.727394326043367	20.0	20.109735650972535	19.950698475650015
2018-01-08 14:00:00	20.14502961951838	20.190384578919577	20.12465275370046	20.0	20.17850707546568	19.91980116899368	20.0	20.16421364840142	19.926222853616743	20.0	20.172799341255438	19.922365513349014	20.150454289001754	20.172630030585836	20.14049127466687	20.0	20.58680200910812	19.736364314748528	20.0	20.094410233966624	19.95758380792803
2018-01-08 14:10:00	20.17808367411617	20.22045934628413	20.159045328649412	20.0	20.145041988272197	19.93483620816756	20.0	20.130013858326848	19.941587976693746	20.0	20.139433750109937	19.93735585139988	20.170503702628636	20.18957130879923	20.161937096957786	20.0	20.559894616788515	19.74845314318197	20.0	20.05866739975605	19.973642182718294
2018-01-08 14:20:00	20.210207570261336	20.24964720331856	20.192488314829845	20.0	20.12310886992515	19.944690217859723	20.0	20.10762125695699	19.951648420787443	20.0	20.117561983425908	19.947182297301403	20.18974488334657	20.20573191919901	20.182562302021566	20.0	20.542109198567555	19.756443693397188	20.0	20.03887893139126	19.982532654012616
2018-01-08 14:30:00	20.241481793701396	20.278005122311413	20.22507276200706	20.0	20.10870080788866	19.95116340515147	20.0	20.092923502532557	19.958251759731745	20.0	20.103191475964017	19.95363861224805	20.208206092240463	20.22112906251712	20.20240012008719	20.0	20.530343701670326	19.76172964127855	20.0	20.027905105183713	19.98746292375803
2018-01-08 14:40:00	20.27191374135633	20.305539616631876	20.25680646405864	20.0	20.099236070013802	19.955415678689455	20.0	20.08327644161649	19.96258594652013	20.0	20.093749603048778	19.957880613123002	20.225893177471974	20.235768468792912	20.221456452385752	20.0	20.522560542711467	19.765226422839774	20.002751697656322	20.027451109786647	19.9916548603224
2018-01-08 14:50:00	20.301510591105657	20.33225686330404	20.287697048523796	20.0	20.093018629820403	19.958209021385045	20.0	20.076944468527863	19.965430746023728	20.0	20.087545997130967	19.96066774041943	20.24281196728997	20.249655840130714	20.23973718383978	20.0	20.517411795996015	19.767539627885846	20.004531122960525	20.02645769868699	19.9946800527066
2018-01-08 15:00:00	20.325933791286108	20.35757308121805	20.31171903783843	20.0	20.093649008372914	19.957925807832467	20.0	20.077819104182076	19.96503779377329	20.0	20.088174604747255	19.960385322504855	20.25701262516361	20.26292347181341	20.25435702739341	20.0	20.51421395621405	19.768976338512516	20.005651076555424	20.02726448812284	19.995940703242525
2018-01-08 15:10:00	20.36011131852885	20.391069815889665	20.346202428410237	20.0	20.086301488852445	19.96122686732717	20.0	20.07026561149725	19.968431391936036	20.0	20.080830754981463	19.963684733269197	20.276665583806793	20.28215828162614	20.274197850003887	20.0	20.50974791778906	19.770982819544038	20.012671080002598	20.03413039524679	20.003029938371142
2018-01-08 15:20:00	20.393985132313663	20.42427879806928	20.38037493465535	20.0	20.08148593219316	19.96339037829003	20.0	20.065319800814613	19.970653422822437	20.0	20.076016748978578	19.96584754756035	20.29616587293569	20.30124580341632	20.293883585328444	20.0	20.50679600852235	19.77230903964937	20.019569620866733	20.040880844655504	20.00999501307757
2018-01-08 15:30:00	20.427568774274235	20.457203896787448	20.414254443869766	20.0	20.07832254981801	19.964811608052784	20.0	20.062073536282583	19.972111889496247	20.0	20.072853780437864	19.96726859139749	20.315519300601878	20.32018955931403	20.313421068426848	20.0	20.50484324697298	19.77318636730199	20.026355201361763	20.047520725640737	20.016846052772664
2018-01-08 15:40:00	20.46086447286447	20.48984676635061	20.447843442457668	20.0	20.07624450594871	19.96574522196508	20.0	20.059942808635924	19.9730691729317	20.0	20.070775611168227	19.96820226164906	20.33472696906782	20.338990635999963	20.332811408562065	20.0	20.50355144827714	19.773766740629107	20.033029658238828	20.054051849029918	20.02358490585442
2018-01-08 15:50:00	20.493874432918357	20.522209183476875	20.481144327594976	20.0	20.074879427100576	19.966358518259163	20.0	20.05854427801242	19.97369749828428	20.0	20.069410188937287	19.968815712216575	20.353789982268864	20.35765012490446	20.352055715287662	20.0	20.502696892392212	19.774150671533935	20.039594810793414	20.060476003732497	20.03021340527006
2018-01-08 16:00:00	20.54929403672257	20.557373162148366	20.54566428471969	20.0	20.04936174688438	19.977822983283836	20.0	20.03135485919902	19.98591303427291	20.0	20.043944749634942	19.980256706685758	20.382922128446765	20.375507802773576	20.38625320229994	20.0	20.501044421342186	19.774893086063653	20.0433892871026	20.05141792126178	20.039782219581795
2018-01-08 16:10:00	20.56975832272701	20.592007572788404	20.559762282844375	20.0	20.071552239064687	19.967853341869493	20.0	20.05425051562466	19.97562657993676	20.0	20.066152006826233	19.970279533165034	20.401277819062724	20.409120262848077	20.397754402289607	20.0	20.51237936969433	19.769800573035884	20.03881256205014	20.062949520566598	20.027968421267374
2018-01-08 16:20:00	20.592613854027512	20.628958855767664	20.576284940202243	20.0	20.087617294304525	19.96063570835593	20.0	20.07078645033026	19.968197391880608	20.0	20.082228625396702	19.96305670453193	20.422089581779833	20.445126608945195	20.41173961305337	20.0	20.520972773852318	19.765939768269252	20.03897369766921	20.079101749050146	20.020945152845883
2018-01-08 16:30:00	20.617778006839576	20.66817320168721	20.595136687415277	20.0	20.09971195266427	19.95520187633924	20.0	20.08320613244406	19.96261753469905	20.0	20.094330976513653	19.95761941634894	20.445317107030732	20.483497589569822	20.42816355690448	20.0	20.527764549605603	19.762888390756903	20.04376656488279	20.099786287265708	20.018598283812196
2018-01-08 16:40:00	20.645231025474697	20.709631252083923	20.616297590331428	20.0	20.10919835900659	19.95093986769269	20.0	20.0929239724926	19.958251548590297	20.0	20.103822032905057	19.953355318549903	20.470942225707287	20.52421541157009	20.4470078958269	20.0	20.53336449222714	19.76037247450665	20.053115349733307	20.124928908110945	20.020851287273786
2018-01-08 16:50:00	20.674953203989652	20.753313676595127	20.639747774268358	20.0	20.116971390119033	19.94744763632334	20.0	20.100868424587663	19.95468230199684	20.0	20.111597387071367	19.94986204348968	20.498946882640112	20.567262404129416	20.468254401971006	20.0	20.538176008600203	19.758210778744836	20.066945459306197	20.154456629652316	20.027628846542
2018-01-08 17:00:00	20.74449311723	20.804300850814265	20.717622976054457	20.0	20.082961839566114	19.9627272894703	20.01133592701126	20.091107120984525	19.975496694936304	20.001088949401275	20.0802296470435	19.965532983793892	20.546199617868638	20.611527616498364	20.516849357614706	20.0	20.540683818329143	19.757084081620242	20.080783568324	20.16289246056683	20.043894066012008
2018-01-08 17:10:00	20.72923237091727	20.79170596757538	20.701164523143333	20.0	20.130674582322232	19.941291129681318	20.0	20.108349544633032	19.951321219077904	20.0	20.12489369257568	19.943888341016724	20.547704178965446	20.61569352172026	20.517158242365458	20.0	20.563419474129446	19.746869511623004	20.047597874257036	20.13318551556398	20.00914545569885
2018-01-08 17:20:00	20.714803196279945	20.779890714885504	20.685560977775992	20.0	20.161917440426762	19.927254483286525	20.0	20.14242462835803	19.936012123491317	20.0	20.156310260190057	19.92977365121896	20.549874799571235	20.620491483820956	20.518148463169187	20.0	20.578437397475454	19.740122328670445	20.016153101833815	20.10515065994082	19.976168691669805
2018-01-08 17:30:00	20.70108309801536	20.76877440214745	20.670671062825576	20.0	20.182441191271575	19.918033667689585	20.0	20.164792086001064	19.92596297585458	20.0	20.176952265255135	19.920499706914356	20.552664115090806	20.62589505454239	20.519763258235752	20.0	20.58837213654533	19.735658895175284	20.0	20.106643843224607	19.95208754869619
2018-01-08 17:40:00	20.688066873988273	20.758351578032396	20.656489688113375	20.0	20.195923357869738	19.91197646240635	20.0	20.179473250929775	19.919367090161984	20.0	20.19051470593453	19.914406436464198	20.556067504629855	20.63189968426591	20.52199797464844	20.0	20.594944204083593	19.73270622715085	20.0	20.13321086421622	19.940151640714454
2018-01-08 17:50:00	20.67574945518092	20.748617427536438	20.643011670499458	20.0	20.204779868568185	19.907997450353427	20.0	20.18910942179577	19.915037796004803	20.0	20.19942565248441	19.910402967724394	20.56008035817131	20.638500887745117	20.524847946333804	20.0	20.59929178398365	19.730752966616045	20.0	20.14794753579068	19.933530817253455
2018-01-08 18:00:00	20.60427227272658	20.633531420727813	20.591126858407183	20.0	20.255725505986263	19.88510883064386	20.0	20.24093438336243	19.891754117619783	20.0	20.250296283600136	19.887548046498488	20.50879819958459	20.544370638113097	20.49281637937613	20.0	20.638147798389443	19.713295916665615	20.0	20.201773154237433	19.909348293023758
2018-01-08 18:10:00	20.547561306902296	20.54591247954487	20.548302084410704	20.0	20.257422516375225	19.8843464056865	20.0	20.24180535437695	19.891362811801663	20.0	20.251902481394197	19.886826421402606	20.475840749503174	20.47807880033421	20.47483524840517	20.0	20.66365476106651	19.701836266767224	20.0	20.20977883183186	19.905751539321916
2018-01-08 18:20:00	20.478066577536193	20.445823205102858	20.492552730368566	20.0	20.26578580924441	19.88058898425252	20.0	20.249744900396603	19.887795769387033	20.0	20.260197747499735	19.88309956271751	20.429696362350025	20.398889861574183	20.44353696414787	20.0	20.68569995504226	19.69193190425638	20.0	20.224401301837133	19.899182023812298
2018-01-08 18:30:00	20.39590553474937	20.333325051890455	20.4240214038599	20.0	20.278472620744363	19.874889112419204	20.0	20.26226414513833	19.88217118116974	20.0	20.272831937314727	19.877423332510773	20.370488251098323	20.30691367849152	20.39905074024051	20.0	20.705449446740364	19.683058944218097	20.0	20.24265452088427	19.89098130221141
2018-01-08 18:40:00	20.30118708956644	20.20852215251089	20.342819162736326	20.0	20.29399965779265	19.867913197223597	20.0	20.277789412120992	19.87519606122101	20.0	20.288317017931046	19.87046626730634	20.29831480324728	20.202246602606525	20.341475878897473	20.0	20.723680284965514	19.674868277769114	20.0	20.2629212353333	19.88187596673431
2018-01-08 18:50:00	20.194020193741935	20.071520846189742	20.249056132497266	20.0	20.311392448640465	19.8600990448137	20.0	20.2952877201607	19.86733450253649	20.0	20.305675216634565	19.86266765629462	20.213273665163516	20.084984212144317	20.2709109556504	20.0	20.740906499255356	19.667128964102666	20.0	20.28430453812044	19.87226897562705
2018-01-08 19:00:00	20.077998538605314	19.92779527155864	20.145481165829185	20.0	20.32715537294191	19.853017151286966	20.0	20.311168207220337	19.860199790958976	20.0	20.321414597865207	19.855596340089548	20.118491438535056	19.960272383195413	20.189575361948517	20.0	20.75563444679239	19.660512060136753	20.0	20.3037880292681	19.863515523082448
2018-01-08 19:10:00	20.0	19.899235383444488	20.0452710596119	20.0	20.354281199703557	19.840830185640428	20.0	20.33913382349399	19.84763552857516	20.0	20.34847480341614	19.84343885643623	20.025380436216906	19.869137239632835	20.095576654972067	20.0	20.770267544678788	19.653937769781997	20.0	20.327582539964947	19.852825235667925
2018-01-08 19:20:00	20.0	20.036498231383664	19.983602243871108	20.0	20.37207638914562	19.832835245456316	20.0	20.35746347111255	19.839400469500152	20.0	20.36623020990372	19.835461789753403	20.0	19.941747300996372	20.026171502450904	20.0	20.77994251580803	19.64959104362248	20.0	20.34076220728725	19.846903935856457
2018-01-08 19:30:00	20.0	20.126836645531974	19.943015420123317	20.0	20.38376616789665	19.827583315872516	20.0	20.369494393013376	19.833995272704136	20.0	20.377896085224634	19.83022059939183	20.0	20.04216450850138	19.981056525166046	20.0	20.78634273673843	19.646715582045054	20.0	20.348071057233902	19.843620249648538
2018-01-08 19:40:00	20.0	20.186283814487496	19.916307271751997	20.0	20.391445239189725	19.82413329833505	20.0	20.377391032545532	19.830447507117217	20.0	20.385560919331365	19.82677697827142	20.0	20.107891585591204	19.951526968792358	20.0	20.79057662979313	19.644813398208882	20.0	20.352124205762383	19.841799269874873
2018-01-08 19:50:00	20.0	20.225403018931377	19.898731977001848	20.0	20.396489657698787	19.82186696538171	20.0	20.38257408641842	19.828118888710563	20.0	20.390596947974515	19.824514414678116	20.0	20.15091210826365	19.93219890788155	20.0	20.79337744723646	19.643555059937245	20.0	20.35437189359376	19.840789439110054
2018-01-08 20:00:00	20.0	20.28070503608446	19.873886143208434	20.0	20.429820626449995	19.806892182319572	20.0	20.41654639960113	19.81285596539658	20.0	20.423850466794462	19.80957442796191	20.0	20.20352599844368	19.908560783307912	20.0	20.81524942685031	19.633728518371598	20.0	20.382822569297023	19.828007251475256
2018-01-08 20:10:00	20.0	20.29479206272993	19.867557189208295	20.0	20.431321272340423	19.806217979093436	20.0	20.417727091352234	19.812325509682324	20.0	20.425245810624837	19.808947534356957	20.0	20.219727550633845	19.901281825077554	20.0	20.82646581533281	19.628689271372217	20.0	20.380586765447877	19.829011743059656
2018-01-08 20:20:00	20.0	20.30254227421981	19.864075210133134	20.0	20.430792536780203	19.806455526953826	20.0	20.41696489462188	19.81266794589451	20.0	20.424650255391242	19.80921510265031	20.0	20.228688780831618	19.89725576513362	20.0	20.832780946566764	19.62585203849899	20.0	20.37719219384267	19.8305368404475
2018-01-08 20:30:00	20.0	20.306095021398008	19.86247904835742	20.0	20.428903810124474	19.807304085306402	20.0	20.41489855055088	19.813596303375682	20.0	20.422719482031713	19.81008255155097	20.0	20.23289366141457	19.89536661588621	20.0	20.835851522585532	19.624472504345633	20.0	20.373135915712005	19.832359226274324
2018-01-08 20:40:00	20.0	20.306885665464588	19.86212383145794	20.0	20.42612173736076	19.808554002055313	20.0	20.411976256123722	19.814909218263253	20.0	20.419911469472687	19.811344122410823	20.0	20.233985376094406	19.894876135377878	20.0	20.836775755345812	19.624057269337392	20.0	20.368712708920164	19.834346464108336
2018-01-08 20:50:00	20.0	20.305858708819677	19.862585217776672	20.0	20.422752821467736	19.810067572963774	20.0	20.40849214951269	19.816474541523277	20.0	20.416527084327644	19.812864643273087	20.0	20.233039423357543	19.89530112863647	20.0	20.836280134163257	19.624279939723756	20.0	20.364086020716492	19.83642512112737
2018-01-08 21:00:00	20.0	20.27689172679493	19.875599369121122	20.0	20.391836629467978	19.82395745632599	20.0	20.376981784388605	19.83063137223121	20.0	20.385668823643375	19.82672849952254	20.0	20.20862437604432	19.906270207864146	20.0	20.81665975749636	19.633094891559608	20.0	20.334661300807152	19.849644922825767
2018-01-08 21:10:00	20.0	20.276220909295585	19.875900750896193	20.0	20.388174753067645	19.825602647172513	20.0	20.37356045249944	19.83216849235533	20.0	20.382095933244788	19.828333711150893	20.0	20.207219044725015	19.9069015886018	20.0	20.805388693704565	19.638158702828385	20.0	20.33237648023399	19.850671436416608
2018-01-08 21:20:00	20.0	20.275755108051463	19.876110023918912	20.0	20.3857455339126	19.82669403548855	20.0	20.371289320636645	19.833188855945856	20.0	20.37972449401575	19.829399140369734	20.0	20.206283984317245	19.907321688205293	20.0	20.797930825874023	19.641509339100075	20.0	20.331092507414812	19.85124829377015
2018-01-08 21:30:00	20.0	20.275448619922482	19.876247721484106	20.0	20.384149802344197	19.827410958367103	20.0	20.36979867399566	19.83385856675558	20.0	20.37816642106343	19.83009914415991	20.0	20.205671972653562	19.907596649967243	20.0	20.792997278010187	19.643725860604114	20.0	20.33038049632216	19.85156818281178
2018-01-08 21:40:00	20.0	20.275246935423652	19.876338333360394	20.0	20.383101558812196	19.827881908359746	20.0	20.368820270351538	19.834298139407288	20.0	20.377142719976415	19.830559067836685	20.0	20.20527139101999	19.9077766214258	20.0	20.78973362350866	19.645192140162777	20.0	20.329985648127334	19.85174557837757
2018-01-08 21:50:00	20.0	20.275114216976956	19.876397960488617	20.0	20.382412962763848	19.828191277598854	20.0	20.368178083524842	19.83458665812652	20.0	20.376470117410843	19.830861251598026	20.0	20.205009197261393	19.907894418621694	20.0	20.787574641576633	19.646162117552528	20.0	20.32976668371946	19.85184395369126
2018-01-08 22:00:00	20.0	20.301770827570348	19.864421802106076	20.0	20.409122386051965	19.816191391773756	20.0	20.39541407003169	19.822350200420537	20.0	20.40312336759494	19.81888660296459	20.0	20.22697295091883	19.89802664523937	20.0	20.804331914624527	19.63863348763246	20.0	20.354330443549117	19.840808061593883
2018-01-08 22:10:00	20.0	20.297785452245922	19.866212333048935	20.0	20.406899790034142	19.817189949404955	20.0	20.39276166948102	19.82354185863896	20.0	20.40082480898953	19.819919288714846	20.0	20.223020440723296	19.89980241068953	20.0	20.812754758720597	19.634849311299444	20.0	20.351523219820027	19.842069278051877
2018-01-08 22:20:00	20.0	20.295191388731507	19.867377781874254	20.0	20.40546790447667	19.817833260307587	20.0	20.391051048740454	19.824310398391965	20.0	20.39934297118699	19.820585041930485	20.0	20.220452531008014	19.900956109257272	20.0	20.818329464939502	19.632344733143125	20.0	20.34998626239678	19.842759795155075
2018-01-08 22:30:00	20.0	20.29348432896748	19.868144721768235	20.0	20.40452725275668	19.8182558719499	20.0	20.389928218564066	19.824814858326285	20.0	20.39836931894338	19.821022479895003	20.0	20.218771731086132	19.901711251251157	20.0	20.822017254489456	19.63068790015691	20.0	20.349133914378964	19.843142734119603
2018-01-08 22:40:00	20.0	20.292360999321126	19.868649406102104	20.0	20.403909334744515	19.8185334872887	20.0	20.389191236248063	19.825145966323333	20.0	20.3977296004747	19.8213098896418	20.0	20.217671593209147	19.90220551609444	20.0	20.8244568095371	19.629591868178984	20.0	20.348661242360826	19.843355094011805
2018-01-08 22:50:00	20.0	20.291621792893093	19.86898151333789	20.0	20.403503421804626	19.818715853971838	20.0	20.388707509505803	19.825363292830723	20.0	20.397309286384797	19.821498726406833	20.0	20.216951517395273	19.902529028416616	20.0	20.82607062961613	19.628866818578263	20.0	20.34839912073257	19.843472858801313
2018-01-08 23:00:00	20.0	20.29113535852812	19.869200056313456	20.0	20.40323677588812	19.818835651412588	20.0	20.38839000994594	19.825505937560514	20.0	20.397033127507697	19.821622797786397	20.0	20.216480204491365	19.902740777692287	20.0	20.827138207595137	19.62838718209494	20.0	20.348253760429067	19.843538165604336
2018-01-08 23:10:00	20.0	20.292086170448247	19.868772879943545	20.0	20.40432537198959	19.818346572004682	20.0	20.389543374995714	19.824987759059894	20.0	20.398107061630945	19.821140305644068	20.0	20.217846027563382	19.902127147036744	20.0	20.8277222010843	19.628124808208504	20.0	20.348351241463014	19.84349436977749
2018-01-08 23:20:00	20.0	20.291470738637702	19.86904937829321	20.0	20.403803832694248	19.81858088676056	20.0	20.389043719047336	19.825212242167133	20.0	20.397577555135946	19.821378199866462	20.0	20.217408454402403	19.902323737877182	20.0	20.82722210361492	19.628349489680254	20.0	20.346663961356033	19.84425242315889
2018-01-08 23:30:00	20.0	20.289827966220063	19.869787435466353	20.0	20.402228147349778	19.819288803364596	20.0	20.387462948287205	19.825922443523126	20.0	20.395998109748042	19.82208780576537	20.0	20.21579364035874	19.903049234041724	20.0	20.826005661340155	19.62889600722399	20.0	20.343989248761588	19.845454105628857
2018-01-08 23:40:00	20.0	20.287509149907223	19.870829222505453	20.0	20.39995998512914	19.820307832768073	20.0	20.38517257129115	19.826951453477875	20.0	20.393728817283062	19.823107342959783	20.0	20.213408279294057	19.904120917998327	20.0	20.82431534028023	19.629655426830624	20.0	20.340766950716837	19.846901804750413
2018-01-08 23:50:00	20.0	20.28474546293916	19.872070878969367	20.0	20.39723693188505	19.821531233500924	20.0	20.38241643580112	19.828189717248776	20.0	20.391006274914375	19.824330514168906	20.0	20.210518570666814	19.905419192888825	20.0	20.822311537764687	19.63055568593181	20.0	20.33724098728336	19.848485933249503
2018-01-09 00:00:00	20.0	20.25494508007308	19.885459456778765	20.0	20.367053288711244	19.83509200072394	20.0	20.351697096413037	19.841991159582548	20.0	20.36089075923002	19.83786067338941	20.0	20.18516338117828	19.916810654832947	20.0	20.801914870289156	19.639719406101975	20.0	20.30886143713628	19.86123616592428
2018-01-09 00:10:00	20.0	20.25435300973639	19.8857254593938	20.0	20.364496825501558	19.836240556658726	20.0	20.349448594718517	19.84300135599603	20.0	20.358427594036915	19.838967312823996	20.0	20.183893369719367	19.9173812396913	20.0	20.79032111379855	19.644928195249925	20.0	20.307635489050448	19.861786954194724
2018-01-09 00:20:00	20.0	20.253938196985217	19.88591182454288	20.0	20.36279286817435	19.837006102704283	20.0	20.34794629821959	19.8436763007999	20.0	20.356784386585414	19.839705565447133	20.0	20.183046096424235	19.91776189870795	20.0	20.782649576079553	19.648374828138174	20.0	20.30693813976116	19.86210025604933
2018-01-09 00:30:00	20.0	20.253665262925736	19.88603444709134	20.0	20.361673565738396	19.837508977711742	20.0	20.346960287207718	19.844119291254508	20.0	20.35570478520622	19.840190603747928	20.0	20.182491545111258	19.918011044950013	20.0	20.777574680920715	19.65065485349939	20.0	20.30655144343641	19.86227398918074
2018-01-09 00:40:00	20.0	20.25348565867462	19.886115138856336	20.0	20.360938290715872	19.83783931866389	20.0	20.346313107137085	19.844410053315222	20.0	20.354995454407607	19.84050928859948	20.0	20.182128573152788	19.918174119308166	20.0	20.774217521957656	19.65216314230888	20.0	20.30633699965041	19.862370333490393
2018-01-09 00:50:00	20.0	20.253367470130737	19.886168238057206	20.0	20.360455285136236	19.83805632117068	20.0	20.345888322828042	19.844600898439573	20.0	20.3545294026266	19.840718674182252	20.0	20.18189099615432	19.918280856800237	20.0	20.771996684690453	19.653160909776755	20.0	20.30621807912036	19.862423761554627
2018-01-09 01:00:00	20.0	20.28003363559849	19.87418778690503	20.0	20.38729975526276	19.82599576212833	20.0	20.373266997091328	19.832300334640124	20.0	20.38131835639839	19.82868305727029	20.0	20.203870857048933	19.90840584683309	20.0	20.788713038521895	19.645650663852482	20.0	20.33083731609703	19.85136294494192
2018-01-09 01:10:00	20.0	20.27605455772908	19.875975488556502	20.0	20.3851658828748	19.826954458418573	20.0	20.370708262633997	19.833449910990524	20.0	20.37910896994802	19.82967568016828	20.0	20.19992889779397	19.910176872005607	20.0	20.79710881927391	19.641878646413172	20.0	20.32806086560353	19.85261033574335
2018-01-09 01:20:00	20.0	20.273464638238273	19.87713907557411	20.0	20.383792280227308	19.827571584245707	20.0	20.36905912068434	19.83419082983746	20.0	20.377685720891964	19.830315110903612	20.0	20.197367894001832	19.911327467912223	20.0	20.802665622481122	19.639382111638916	20.0	20.326540973556753	19.85329318579335
2018-01-09 01:30:00	20.0	20.271760305446563	19.87790479030662	20.0	20.382889914796074	19.82797699480177	20.0	20.36797664281314	19.834677160475252	20.0	20.37675056319994	19.830735254214517	20.0	20.195691614230142	19.912080579113997	20.0	20.806341568789513	19.637730599529352	20.0	20.325698089192716	19.853671872971397
2018-01-09 01:40:00	20.0	20.270638770282808	19.878408668423667	20.0	20.382297147207936	19.8282433106747	20.0	20.36726614619231	19.834996369102	20.0	20.376136136798372	19.8310113008587	20.0	20.194594434937375	19.912573514738284	20.0	20.80877328926869	19.63663808743001	20.0	20.32523066527106	19.853881875023152
2018-01-09 01:50:00	20.0	20.26990074471303	19.87874024512893	20.0	20.38190775568726	19.828418254691236	20.0	20.366799803638152	19.83520588532199	20.0	20.375732440350124	19.831192671726757	20.0	20.19387629561291	19.912896157043477	20.0	20.81038192660592	19.635915366307486	20.0	20.324971453989665	19.85399833226551
2018-01-09 02:00:00	20.0	20.242671143033057	19.8909738342895	20.0	20.354490197677222	19.840736288000095	20.0	20.338836221377452	19.847769233873905	20.0	20.34837202957201	19.843485030192287	20.0	20.17127088469166	19.92305221122549	20.0	20.793260586487005	19.64360756259279	20.0	20.300142520855704	19.865153360195258
2018-01-09 02:10:00	20.0	20.246279467647053	19.88935270294118	20.0	20.3562476245496	19.83994671940526	20.0	20.341011063879414	19.84679213072085	20.0	20.350205970045568	19.842661085921556	20.0	20.17480341052668	19.92146513440106	20.0	20.7845969119469	19.647499938110812	20.0	20.30280269288479	19.863958210443062
2018-01-09 02:20:00	20.0	20.248625399721682	19.888298733458377	20.0	20.357373924667826	19.839440700511563	20.0	20.342408219162138	19.846164423274985	20.0	20.351382525940394	19.84213248834562	20.0	20.177096418059627	19.920434942610893	20.0	20.778862885075238	19.650076095111125	20.0	20.304258093446613	19.86330433482833
2018-01-09 02:30:00	20.0	20.25016917768438	19.88760515205485	20.0	20.358113836569697	19.839108276323767	20.0	20.343325303394867	19.845752399924045	20.0	20.352155599445453	19.841785165466536	20.0	20.17859728635978	19.91976063946155	20.0	20.77506969840685	19.651780280425903	20.0	20.305065214651464	19.862941715156584
2018-01-09 02:40:00	20.0	20.251185060434373	19.88714874096427	20.0	20.358599888079887	19.83888990535542	20.0	20.343927242433132	19.845481963544536	20.0	20.352663532053803	19.841556963859887	20.0	20.179579653646602	19.919319286042832	20.0	20.772560418858962	19.652907637903944	20.0	20.305512806428762	19.86274062319867
2018-01-09 02:50:00	20.0	20.251853561888304	19.886848399731342	20.0	20.358919177576098	19.838746456451318	20.0	20.34432233225484	19.845304459421744	20.0	20.352997259134707	19.841407028504698	20.0	20.180222645111854	19.919030405819306	20.0	20.77090047317422	19.65365341060289	20.0	20.30576101996943	19.86262910697026
2018-01-09 03:00:00	20.0	20.252092801928423	19.886740915075627	20.0	20.358931074841628	19.838741111303033	20.0	20.344372751774443	19.8452818071738	20.0	20.353017712211173	19.841397839441356	20.0	20.180492037002097	19.918909374680215	20.0	20.769780885831082	19.654156413612125	20.0	20.305826948776815	19.86259948678143
2018-01-09 03:10:00	20.0	20.252553714293217	19.88653383850594	20.0	20.359264598268936	19.83859126744439	20.0	20.344743345814116	19.845115308402356	20.0	20.35335895614742	19.84124452694826	20.0	20.180906265900436	19.91872327184183	20.0	20.769282960909074	19.654380119011865	20.0	20.306096080159932	19.86247857268177
2018-01-09 03:20:00	20.0	20.25285661543771	19.886397752484505	20.0	20.359483227332433	19.838493042792674	20.0	20.344986090980694	19.845006248979693	20.0	20.3535826938004	19.841144007133153	20.0	20.181177143726202	19.918601573108518	20.0	20.76895331610636	19.654528220300044	20.0	20.306245047495995	19.862411645327885
2018-01-09 03:30:00	20.0	20.253055940039413	19.88630820085185	20.0	20.359626846463946	19.838428518255323	20.0	20.345145420409985	19.84493466619262	20.0	20.35372969689982	19.841077962262396	20.0	20.18135444238716	19.91852191718837	20.0	20.768735248777553	19.654626192578203	20.0	20.30632765819416	19.862374530376535
2018-01-09 03:40:00	20.0	20.25318710557346	19.88624927140902	20.0	20.3597211905527	19.83838613178067	20.0	20.34524999818449	19.844887681975095	20.0	20.35382628239486	19.841034568779115	20.0	20.18147049016253	19.91846977978205	20.0	20.7685909922369	19.65469100348777	20.0	20.30637347024692	19.862353948149934
2018-01-09 03:50:00	20.0	20.253273419040376	19.886210492894907	20.0	20.359783165632734	19.838358287904136	20.0	20.345318639057318	19.844856843322077	20.0	20.3538897419954	19.841006057944096	20.0	20.18154644722887	19.91843565414355	20.0	20.768495563226086	19.65473387739118	20.0	20.30639887548188	19.8623425342038
2018-01-09 04:00:00	20.0	20.280274824312603	19.87407942675811	20.0	20.387183481442502	19.826048001091056	20.0	20.37323008105396	19.832316920106187	20.0	20.38122541633807	19.828724812949563	20.0	20.203882993421026	19.90840039426012	20.0	20.7866394183724	19.646582290296458	20.0	20.33116986769479	19.851213537702346
2018-01-09 04:10:00	20.0	20.27621287042017	19.875904362564853	20.0	20.38508903901005	19.82698898247375	20.0	20.370683534764304	19.83346102061313	20.0	20.379047436567273	19.82970332560021	20.0	20.19993659331652	19.910173414596926	20.0	20.795736817683167	19.642495052924957	20.0	20.328245003146755	19.8525276072819
2018-01-09 04:20:00	20.0	20.273568816345225	19.877092270917366	20.0	20.38374180182893	19.827594262946427	20.0	20.369042891000095	19.83419812143474	20.0	20.377645292299825	19.83033327447399	20.0	20.197372931229115	19.91132520481011	20.0	20.801758013095423	19.639789878174522	20.0	20.326643087898674	19.853247308335384
2018-01-09 04:30:00	20.0	20.27182885978925	19.877873990529473	20.0	20.38285675532301	19.82799189253604	20.0	20.367965990273913	19.834681946398668	20.0	20.376724000409776	19.830747188221697	20.0	20.195694911258173	19.912079097840532	20.0	20.80574116493611	19.63800034618813	20.0	20.325754716994624	19.853646431495175
2018-01-09 04:40:00	20.0	20.270683882428578	19.87838840064803	20.0	20.382275364610656	19.828253097058983	20.0	20.367259154276766	19.834999510397395	20.0	20.376118684254	19.8310191418569	20.0	20.194596592948887	19.91257254519688	20.0	20.808376108727494	19.636816530861566	20.0	20.325262068381605	19.853867766379285
2018-01-09 04:50:00	20.0	20.269930430734597	19.878726907930826	20.0	20.38189344660751	19.828424683408223	20.0	20.36679521441464	19.835207947147047	20.0	20.375720973508475	19.83119782349619	20.0	20.193877708101084	19.91289552244734	20.0	20.81011918281869	19.636033410617685	20.0	20.324988868675028	19.853990508276436
2018-01-09 05:00:00	20.0	20.29636385661109	19.86685102094284	20.0	20.408987014834633	19.816252210726468	20.0	20.39434109129678	19.822832263330433	20.0	20.40273841833141	19.819059551184438	20.0	20.21568239900755	19.903099212040086	20.0	20.829477604142767	19.627336148863392	20.0	20.34958877512352	19.84293837639378
2018-01-09 05:10:00	20.0	20.291951402746843	19.86883342775141	20.0	20.406716023643323	19.81727251111677	20.0	20.391580461922636	19.824072546092737	20.0	20.40037646831501	19.82012071713384	20.0	20.211406116983	19.905020440196044	20.0	20.839397037376695	19.62287959190322	20.0	20.34658685222585	19.844287066391285
2018-01-09 05:20:00	20.0	20.289076654645854	19.870124981246057	20.0	20.405252757695933	19.817929920455448	20.0	20.389799245352847	19.824872802812486	20.0	20.398853396420147	19.820804995811237	20.0	20.20862650638989	19.90626925075237	20.0	20.845961998462826	19.619930116632638	20.0	20.344942171299056	19.845025981010565
2018-01-09 05:30:00	20.0	20.28718489152845	19.87097490380605	20.0	20.40429149233584	19.818361793298394	20.0	20.388630079209673	19.82539808035508	20.0	20.39785265244853	19.82125460542167	20.0	20.206807142302253	19.907086646212033	20.0	20.850304859148682	19.6179789763245	20.0	20.344030085706414	19.845435758595666
2018-01-09 05:40:00	20.0	20.28594001888055	19.87153419441598	20.0	20.403660033680065	19.818645492114754	20.0	20.387862684430395	19.825742851922577	20.0	20.397195134477016	19.821550012046558	20.0	20.205616310429686	19.90762165763304	20.0	20.853177755518793	19.616688254766913	20.0	20.343524286645685	19.84566300165194
2018-01-09 05:50:00	20.0	20.285120831764427	19.87190223500439	20.0	20.403245226190702	19.818831854899834	20.0	20.387358996565094	19.825969146470754	20.0	20.396763125957133	19.821744102830852	20.0	20.204836872941733	19.90797183969285	20.0	20.8550782386659	19.615834414512424	20.0	20.343243794653876	19.84578901979319
2018-01-09 06:00:00	20.0	20.257652526433517	19.88424306783422	20.0	20.375628277843383	19.831239469374715	20.0	20.359177998322966	19.838630174666484	20.0	20.369200523155936	19.83412730119081	20.0	20.182051478775865	19.918208755912296	20.0	20.838130108643732	19.623448791768762	20.0	20.318336834576588	19.856979103306177
2018-01-09 06:10:00	20.0	20.267526729659398	19.879806831602302	20.0	20.383663641702167	19.827629378365696	20.0	20.368103621525282	19.834620112068343	20.0	20.3772719752196	19.83050099664047	20.0	20.19377837980437	19.91294014820383	20.0	20.829214363890213	19.62745441622324	20.0	20.322029264921806	19.85532018532499
2018-01-09 06:20:00	20.0	20.267996844554986	19.879595620562256	20.0	20.38293642074012	19.827956100826906	20.0	20.36785732467635	19.834730767174385	20.0	20.376576630583425	19.83081339785382	20.0	20.19499883715969	19.912391826783328	20.0	20.819028982484387	19.632030457144698	20.0	20.31564038605585	19.858190551192305
2018-01-09 06:30:00	20.0	20.26232360407069	19.88214446773636	20.0	20.37649884448192	19.830848345232766	20.0	20.36164043960956	19.83752386046526	20.0	20.37016734398947	19.83369293241053	20.0	20.189377042158384	19.914917560769425	20.0	20.808010648649756	19.6369807230704	20.0	20.303692146413184	19.863558600886833
2018-01-09 06:40:00	20.0	20.25260767575865	19.886509594949015	20.0	20.366310049084237	19.835425919976654	20.0	20.351504615613763	19.84207763646338	20.0	20.36000376388327	19.838259178545197	20.0	20.179276732027663	19.919455381262935	20.0	20.796441290875713	19.64217855047613	20.0	20.288660910815562	19.870311764706056
2018-01-09 06:50:00	20.0	20.240231451742073	19.8920699274782	20.0	20.353657055860772	19.84111059809154	20.0	20.33879655503409	19.84778705498468	20.0	20.347373496602234	19.843933646454065	20.0	20.166245097202502	19.925310173720614	20.0	20.784507418435535	19.647540145340557	20.0	20.27191998796618	19.877833048884757
2018-01-09 07:00:00	20.0	20.226302921634264	19.898327672888954	20.0	20.339580831760955	19.847434698774066	20.0	20.32460659973924	19.854162252291065	20.0	20.333319008949523	19.850247981486444	20.0	20.151444474572283	19.93195972881535	20.0	20.77235365251693	19.65300053292718	20.0	20.254301827143962	19.885748454471553
2018-01-09 07:10:00	20.0	20.203123346476918	19.908741684916166	20.0	20.316364466959026	19.85786523948218	20.0	20.30062002204095	19.86493883067725	20.0	20.3101714922525	19.86064759043728	20.0	20.124915846848015	19.94387838764799	20.0	20.76053693094586	19.658309494792444	20.0	20.234813118189717	19.894504251248097
2018-01-09 07:20:00	20.0	20.189437889222738	19.914890223682537	20.0	20.302676985449498	19.864014687696603	20.0	20.286466161518767	19.87129781149157	20.0	20.296524461524253	19.86677886511229	20.0	20.109231834112382	19.95092482815241	20.0	20.753832077611474	19.661321820203547	20.0	20.2261937154776	19.898376736524554
2018-01-09 07:30:00	20.0	20.18197939480529	19.91824114146429	20.0	20.295226951408882	19.86736180443949	20.0	20.278742106301067	19.87476803919807	20.0	20.289097362354788	19.870115677782632	20.0	20.100626638143048	19.954790930689352	20.0	20.750503684888557	19.662817185050073	20.0	20.223587570700214	19.899547613163673
2018-01-09 07:40:00	20.0	20.178618577043103	19.919751074082086	20.0	20.29187435417307	19.86886804377732	20.0	20.27523836117149	19.876342185560635	20.0	20.285756975080183	19.871616431485712	20.0	20.096654775662067	19.956575390644577	20.0	20.749408901190353	19.663309044392744	20.0	20.224316112384912	19.899220297334313
2018-01-09 07:50:00	20.0	20.17795423293015	19.92004954752413	20.0	20.291213380180647	19.86916500310725	20.0	20.2745046650248	19.876671817162766	20.0	20.28510167877212	19.871910839971946	20.0	20.09571557904743	19.956997348543908	20.0	20.74979169940269	19.66313706258719	20.0	20.2268939136528	19.898062154735698
2018-01-09 08:00:00	20.0	20.205795215626626	19.907541279935856	20.0	20.31946946461334	19.856470240536034	20.0	20.303233050734963	19.86376486126401	20.0	20.313292830085086	19.859245250251625	20.0	20.118886889531993	19.946587049630555	20.0	20.769336046575056	19.654356268930044	20.0	20.255177756099606	19.885354921172638
2018-01-09 08:10:00	20.0	20.207333448253422	19.906850189915126	20.0	20.32298478650204	19.854890893020823	20.0	20.306552553235868	19.862273490575184	20.0	20.316703894057472	19.857712743249543	20.0	20.12158652203986	19.945374171257455	20.0	20.780419772641835	19.649376623885544	20.0	20.25706763614101	19.8845058446323
2018-01-09 08:20:00	20.0	20.206818604253773	19.907081496639606	20.0	20.323771868545325	19.85453727645065	20.0	20.307185931892498	19.861988929149746	20.0	20.31742505717723	19.857388742427624	20.0	20.121704276143948	19.945321267239677	20.0	20.786645652676146	19.64657948937738	20.0	20.25595587937459	19.885005329556343
2018-01-09 08:30:00	20.0	20.20493254504231	19.90792885657519	20.0	20.322747516992642	19.854997492365626	20.0	20.30603559994779	19.862505744950987	20.0	20.316359416136258	19.857867508692408	20.0	20.12012082078062	19.94603267472175	20.0	20.789657183751313	19.64522648266245	20.0	20.25316554793662	19.886258956724124
2018-01-09 08:40:00	20.0	20.202144185257	19.90918159792801	20.0	20.32053325498304	19.855992305732258	20.0	20.30371453964117	19.86354854016122	20.0	20.314119820416444	19.85887370387087	20.0	20.11742388190179	19.947244342913688	20.0	20.790542354219475	19.644828797379652	20.0	20.249444375631995	19.88793078775954
2018-01-09 08:50:00	20.0	20.198762067208897	19.910701100239482	20.0	20.317537336163653	19.85733829824532	20.0	20.30062505971369	19.864936567375015	20.0	20.311108901884637	19.860226435385165	20.0	20.11399813284266	19.94878344756344	20.0	20.790020891109357	19.64506307790739	20.0	20.245207003399525	19.88983453470456
2018-01-09 09:00:00	20.0	20.170394576115747	19.92344591507843	20.0	20.287926716107133	19.870641620299697	20.0	20.270505215058805	19.878468671495316	20.0	20.281554391742212	19.873504548637563	20.0	20.089055291416212	19.959989651682566	20.0	20.77043107455283	19.65386429983858	20.0	20.21642524996696	19.902765467406148
2018-01-09 09:10:00	20.0	20.166867731701565	19.925030439380453	20.0	20.28337651268435	19.87268591459109	20.0	20.266168513679457	19.88041704457879	20.0	20.277093061575062	19.87550891436483	20.0	20.085584133918342	19.96154915722509	20.0	20.758642140571848	19.65916077742424	20.0	20.21311208420519	19.90425399115419
2018-01-09 09:20:00	20.0	20.164526844390778	19.926082142375154	20.0	20.280366250864883	19.874038351060708	20.0	20.263299285990723	19.881706117888225	20.0	20.27414040836291	19.876835468706524	20.0	20.083298729932206	19.962575932929003	20.0	20.750842265714606	19.662665069026772	20.0	20.21125952065479	19.905086302314515
2018-01-09 09:30:00	20.0	20.162986451609378	19.926774202900134	20.0	20.27838882774282	19.87492675855033	20.0	20.26141606964929	19.882552200592343	20.0	20.272200458260908	19.87770704049148	20.0	20.081802873305715	19.96324798445685	20.0	20.745682476778338	19.6649832350706	20.0	20.21023219479382	19.90554785451292
2018-01-09 09:40:00	20.0	20.16197279713297	19.927229612882286	20.0	20.277089850347423	19.875510357090292	20.0	20.26017999929658	19.88310753654791	20.0	20.270925853420493	19.87827968904297	20.0	20.080823786873164	19.963687863868575	20.0	20.742269161940083	19.666516753331265	20.0	20.209662488385792	19.905803809565803
2018-01-09 09:50:00	20.0	20.161305762481376	19.92752929511706	20.0	20.27623654677336	19.8758937253627	20.0	20.25936869056857	19.88347203757064	20.0	20.270088400208497	19.878655936138216	20.0	20.080182943218034	19.963975779133925	20.0	20.74001117845967	19.66753120967754	20.0	20.209346556126942	19.905945750145868
2018-01-09 10:00:00	20.0	20.17669055909884	19.920617285042553	20.0	20.283338263097008	19.872703099188307	20.0	20.267014271190973	19.880037066566373	20.0	20.27718266551797	19.87546865752092	20.0	20.08775485541339	19.960573905538908	20.0	20.738843198186977	19.668055954437733	20.0	20.21226856208586	19.904632964859978
2018-01-09 10:10:00	20.0	20.162883381460865	19.92682050977845	20.0	20.275389238297933	19.87627440018499	20.0	20.258820096710856	19.883718507274835	20.0	20.26923963330684	19.879037266195482	20.0	20.080159207058152	19.963986443205762	20.0	20.734392734335575	19.67005543819706	20.0	20.203845328875648	19.908417316012397
2018-01-09 10:20:00	20.0	20.153829271001968	19.93088829853535	20.0	20.27018545134552	19.878612333453468	20.0	20.25346126600379	19.88612609788236	20.0	20.264038883249608	19.881373835061773	20.0	20.075200714314853	19.966214171829563	20.0	20.73145253066728	19.671376399265426	20.0	20.19918630291845	19.910510501587368
2018-01-09 10:30:00	20.0	20.147871176842873	19.93356512344741	20.0	20.26676703624649	19.880148143135642	20.0	20.24994390759193	19.88770636035725	20.0	20.260621809669917	19.88290904203236	20.0	20.071955206798446	19.967672298394902	20.0	20.729507516270573	19.672250246313226	20.0	20.19660261207955	19.911671290225136
2018-01-09 10:40:00	20.0	20.14395045646226	19.93532660651696	20.0	20.2645214650334	19.88115702295601	20.0	20.247635249356044	19.88874358362265	20.0	20.258376690578395	19.883917718725655	20.0	20.06983091719868	19.96862668937451	20.0	20.72822084586718	19.672828315624898	20.0	20.195169818904283	19.912315008898076
2018-01-09 10:50:00	20.0	20.141370428670218	19.936485749438013	20.0	20.263046339863738	19.88181976035107	20.0	20.246119935212704	19.889424376933427	20.0	20.256901580457832	19.884580449359525	20.0	20.068440500966165	19.969251369131154	20.0	20.727369684695635	19.67321072136862	20.0	20.194375259325213	19.912671984940847
2018-01-09 11:00:00	20.0	20.16744414656645	19.924771470383185	20.0	20.27569742512758	19.876135939435436	20.0	20.2596584979813	19.883341834240277	20.0	20.26952337147847	19.878909789625617	20.0	20.081641550281656	19.963320462916943	20.0	20.72740803124709	19.673193493207826	20.0	20.199425961809144	19.910402828752414
2018-01-09 11:10:00	20.0	20.14101288855281	19.936646383403797	20.0	20.26000585927832	19.883185773367714	20.0	20.243362875896274	19.890663055756747	20.0	20.253838354703536	19.885956681220158	20.0	20.06602541267434	19.97033640879849	20.0	20.72079559598355	19.67616429745666	20.0	20.184196921733825	19.917244861250015
2018-01-09 11:20:00	20.0	20.125226833293503	19.943738669100014	20.0	20.25127573472204	19.887108003240826	20.0	20.234272579058196	19.894747102162263	20.0	20.245108828846124	19.889878642112606	20.0	20.057491719979268	19.974170386675983	20.0	20.717536509519594	19.67762852470858	20.0	20.17794974468819	19.920051563980675
2018-01-09 11:30:00	20.0	20.116385988160097	19.947710643000526	20.0	20.24708218723434	19.888992060807766	20.0	20.229872026825856	19.896724161860845	20.0	20.240912654460185	19.89176387988021	20.0	20.0535666301968	19.97593383281014	20.0	20.716487564289412	19.67809978995693	20.0	20.176659111019696	19.920631413889705
2018-01-09 11:40:00	20.0	20.112115514426772	19.94962926163435	20.0	20.24586878867241	19.88953721088631	20.0	20.22854969966543	19.89731825087496	20.0	20.23969507997378	19.892310906098743	20.0	20.05265804769124	19.97634203654452	20.0	20.71690068540025	19.677914184820175	20.0	20.178117172544525	19.919976342769854
2018-01-09 11:50:00	20.0	20.11085257116009	19.950196670928065	20.0	20.246613062654625	19.889202826923295	20.0	20.22924780139595	19.897004610967045	20.0	20.240434534271337	19.891978687501272	20.0	20.053723866357945	19.975863190476865	20.0	20.71828099599848	19.677294045276042	20.0	20.18109953090498	19.918636442636902
2018-01-09 12:00:00	20.0	20.13399956060957	19.939797298856575	20.0	20.259644190143526	19.883348262399295	20.0	20.243010352047627	19.890821436036575	20.0	20.253437146887087	19.886136934007247	20.0	20.067479439864716	19.969683150205704	20.0	20.720786877158037	19.67616821461015	20.0	20.189362495208748	19.9149240963555
2018-01-09 12:10:00	20.0	20.11844388801473	19.946786079297738	20.0	20.253215032874703	19.886236724360643	20.0	20.23634748226739	19.893814899271177	20.0	20.24698958712148	19.88903366375701	20.0	20.06233481426754	19.971994503734877	20.0	20.71791409335771	19.677458885592905	20.0	20.18195832017843	19.918250609774915
2018-01-09 12:20:00	20.0	20.10824826220341	19.95136672277819	20.0	20.24901303523456	19.88812457837289	20.0	20.231997408117735	19.895769280410875	20.0	20.242774826262604	19.890927251968968	20.0	20.058982261890936	19.973500722918573	20.0	20.71601845917451	19.678310547327385	20.0	20.177866756864	19.920088848365452
2018-01-09 12:30:00	20.0	20.101538982496095	19.95438103684957	20.0	20.246252694930924	19.889364731262923	20.0	20.22914215315356	19.897052076119422	20.0	20.240005572057754	19.892171409655205	20.0	20.056787892532537	19.974486599007122	20.0	20.714764449843862	19.67887394282377	20.0	20.175597751245864	19.92110825668665
2018-01-09 12:40:00	20.0	20.09712394491344	19.956364604459182	20.0	20.244439415824424	19.890179392890488	20.0	20.22726807406933	19.897894053679003	20.0	20.23818608959969	19.892988858295787	20.0	20.055351606847875	19.9751318867785	20.0	20.71393489470598	19.67924664150891	20.0	20.17433946767008	19.92167357249606
2018-01-09 12:50:00	20.0	20.09421863196997	19.9576698899845	20.0	20.243248265156595	19.890714547538344	20.0	20.226038000904744	19.89844669524571	20.0	20.236990635426242	19.893525946402704	20.0	20.054411511424785	19.975554248490297	20.0	20.713386125478674	19.679493190002333	20.0	20.173641682890363	19.92198707000579
2018-01-09 13:00:00	20.0	20.076043592050713	19.96583548762939	20.0	20.220344732062703	19.90100454066748	20.0	20.202953961034233	19.90881778562231	20.0	20.21413855060925	19.9037928250886	20.0179461233903	20.080599284176095	19.98979760187784	20.0	20.695047431967044	19.687732313174223	20.0	20.150609887346945	19.932334688293416
2018-01-09 13:10:00	20.0	20.07134828018148	19.967944975570646	20.0	20.218348757129853	19.901901283028614	20.0	20.201340542234448	19.90954265493815	20.0	20.212212817797404	19.90465800939537	20.012781728466482	20.059912985421725	19.991606815921372	20.0	20.683056560500106	19.693119516297052	20.0	20.147872823907488	19.93356438346187
2018-01-09 13:20:00	20.0	20.06669961419926	19.970033506664095	20.0	20.215475443900832	19.903192191870637	20.0	20.198693214250667	19.910732034177244	20.0	20.209387145745012	19.905927514230505	20.005092245631236	20.036751123827784	19.99086869165886	20.0	20.67401598676277	19.69718122333846	20.0	20.14416647032058	19.9352295568125
2018-01-09 13:30:00	20.0	20.062093338159745	19.972102993000703	20.0	20.21204662199182	19.904732677076133	20.0	20.195389618392873	19.912216258403213	20.0	20.205991187952087	19.90745323439834	20.0	20.023564927129794	19.98941285882573	20.0	20.66692842021392	19.700365492367652	20.0	20.139937332649335	19.93712960417205
2018-01-09 13:40:00	20.0	20.057514940729092	19.974159954165188	20.0	20.208252853612933	19.90643712373911	20.0	20.191655239171098	19.91389402298111	20.0	20.20222050501711	19.909147309340142	20.0	20.023885277342803	19.98926893336771	20.0	20.66113281133121	19.702969316648293	20.0	20.13541826502622	19.939159909915766
2018-01-09 13:50:00	20.0	20.05295488853558	19.976208673266626	20.0	20.20421934994641	19.90824927756031	20.0	20.187638110837124	19.915698819768835	20.0	20.1982036160925	19.910951998567143	20.0	20.022434589201758	19.989920691807903	20.0	20.65619186208304	19.705189163411966	20.0	20.13073841571106	19.94126245091242
2018-01-09 14:00:00	20.0	20.045202505041537	19.979691628169746	20.0	20.198456813671637	19.91083824313303	20.0	20.181758493423004	19.918340387012847	20.0	20.192456772830067	19.91353391365606	20.0	20.018196344668613	19.99182483065612	20.0	20.65174689648252	19.707186176942635	20.0	20.12533579006247	19.943689717508164
2018-01-09 14:10:00	20.0	20.04181137883091	19.981215177626694	20.0	20.194137524587052	19.91277879330147	20.0	20.177340300160253	19.920325372391765	20.0	20.188157882607385	19.915465299118424	20.0	20.014226228190548	19.993608506175256	20.0	20.648635750309012	19.70858393826697	20.0	20.12199803662732	19.94518928789207
2018-01-09 14:20:00	20.0	20.03957758191809	19.98221876754404	20.0	20.191300923687454	19.91405320819839	20.0	20.17444119217329	19.921627870183016	20.0	20.185334131179754	19.916733941064173	20.0	20.011628906577037	19.994775418784222	20.0	20.64657783582643	19.709508508541745	20.0	20.12014748573291	19.94602069481565
2018-01-09 14:30:00	20.0	20.038107635080948	19.98287917844189	20.0	20.189437545998846	19.914890377884575	20.0	20.172538326764432	19.922482780729027	20.0	20.183478839750727	19.91756747779315	20.0	20.00992887328043	19.995539201859522	20.0	20.645216477998517	19.710120133073126	20.0	20.119121255730857	19.946481754671645
2018-01-09 14:40:00	20.0	20.037140336703693	19.983313761770802	20.0	20.188213484345557	19.915440318627354	20.0	20.17128935830486	19.923043911486225	20.0	20.18225985699802	19.918115136711037	20.0	20.008816145856674	19.99603912287599	20.0	20.64431590856673	19.71052473673089	20.0	20.118552156274333	19.946737437036163
2018-01-09 14:50:00	20.0	20.03650380610062	19.983599739288117	20.0	20.187409392431206	19.915801577313516	20.0	20.170469582924106	19.92341221636743	20.0	20.181458948347704	19.918474965235088	20.0	20.00808782934485	19.996366337540714	20.0	20.64372016122912	19.710792391331843	20.0	20.118236560169496	19.946879226590518
2018-01-09 15:00:00	20.0	20.018994781075126	19.991466112850297	20.0	20.178499579901302	19.919804536566083	20.0	20.160988032643818	19.927672043304966	20.0	20.17256904564496	19.922468979492844	20.0	19.99892735515484	20.00048191290145	20.0	20.64295596306713	19.71113572673795	20.0	20.114682266602166	19.948476083120767
2018-01-09 15:10:00	20.0	20.03331939286428	19.985030417698646	20.0	20.18644510194526	19.916234809270968	20.0	20.169213704471524	19.92397645161425	20.0	20.18051807822306	19.91889767500123	20.0	20.00657076831888	19.99704791568282	20.0	20.646629255668284	19.709485406873668	20.0	20.123669566510156	19.944438310698338
2018-01-09 15:20:00	20.0	20.042711448877704	19.980810798330303	20.0	20.19164489349654	19.913898671037785	20.0	20.17459137391583	19.92156039722623	20.0	20.185721063491716	19.91656010190952	20.0	20.01155938309286	19.994806653972773	20.0	20.649054814532313	19.708395663036207	20.0	20.128640292384084	19.94220508603034
2018-01-09 15:30:00	20.0	20.048891935818077	19.978034057820857	20.0	20.195060689276342	19.91236403815121	20.0	20.178121103092373	19.919974576871553	20.0	20.189139611004666	19.915024232737036	20.0	20.014824609597458	19.99333966815187	20.0	20.65065938201272	19.707674770400075	20.0	20.13139684182774	19.940966636280294
2018-01-09 15:40:00	20.0	20.052959004587315	19.976206824025986	20.0	20.197304541709695	19.911355930536224	20.0	20.180437882991384	19.918933704743004	20.0	20.191385700391333	19.91401512011404	20.0	20.016961807181506	19.992379477932943	20.0	20.651720840204337	19.707197883386456	20.0	20.13292549599699	19.940279849624545
2018-01-09 15:50:00	20.0	20.055635338794907	19.975004413005173	20.0	20.19877853903164	19.910693699855358	20.0	20.18195852917714	19.918250515876935	20.0	20.192861449259716	19.913352102506508	20.0	20.018360672938254	19.991751002013245	20.0	20.65242301914737	19.70688241168741	20.0	20.133773216541965	19.93989898966955
2018-01-09 16:00:00	20.0	20.031761266073683	19.985730445677035	20.0	20.187174413776106	19.915907147433927	20.0	20.169541402119574	19.923829225134682	20.0	20.181285538904977	19.9185528738253	20.0	20.0062506255539	19.997191747939553	20.0	20.652332380178215	19.706923133543118	20.0	20.129174404994824	19.941965122393633
2018-01-09 16:10:00	20.0	20.05323193325195	19.976084203901287	20.0	20.198669542614294	19.910742669260244	20.0	20.18136257378429	19.918518263951988	20.0	20.1927955438229	19.91338171219551	20.0	20.01669017786847	19.99250151429097	20.0	20.658693452701815	19.704065260380343	20.0	20.142839022926445	19.935825946221456
2018-01-09 16:20:00	20.0	20.068860717706904	19.969062576102687	20.0	20.207737063913818	19.906668855343064	20.0	20.19066037096339	19.914340992755584	20.0	20.201872203443806	19.909303792655678	20.0	20.02516626805165	19.988693415802878	20.0	20.66400286310174	19.701679873099213	20.0	20.15257363940911	19.931452422874173
2018-01-09 16:30:00	20.0	20.080692537699324	19.963746830888695	20.0	20.215234955826666	19.903300237237296	20.0	20.198329156017717	19.91089559657175	20.0	20.209375315416235	19.905932829305755	20.0	20.032374679852666	19.985454853979235	20.0	20.66862218681468	19.699604524764414	20.0	20.160145809634244	19.92805043335273
2018-01-09 16:40:00	20.0	20.090025703522286	19.959553669432005	20.0	20.221701715526486	19.90039488143013	20.0	20.204928678599522	19.907930593672674	20.0	20.21584452315531	19.90302637365486	20.0	20.03875333578614	19.98258908102362	20.0	20.67278499643337	19.697734276964717	20.0	20.166518767670443	19.92518722032198
2018-01-09 16:50:00	20.0	20.097714630593188	19.95609922393639	20.0	20.227491119889176	19.89779384468747	20.0	20.210826378904564	19.905280902231283	20.0	20.221634424497964	19.90042511363135	20.0	20.04458888901945	19.979967310730395	20.0	20.67664581151285	19.695999707871042	20.0	20.17222669843339	19.92262278766036
2018-01-09 17:00:00	20.0	20.078686331436618	19.96464816993427	20.0	20.220263164436968	19.901041186992085	20.0	20.20284820710735	19.90886529825612	20.0	20.214432479042266	19.903660770285356	20.0	20.0370433139444	19.98335735170614	20.0	20.679751703828998	19.69460430697538	20.0	20.172496917559254	19.922501384864685
2018-01-09 17:10:00	20.0	20.10807027254036	19.951446689148533	20.0	20.239333771916503	19.892473232907076	20.0	20.222553363872326	19.90001225681099	20.0	20.233494193348772	19.895096811683885	20.0	20.056316757926858	19.97469826817779	20.0	20.689028793233685	19.690436339271823	20.0	20.19148068562685	19.913972445587937
2018-01-09 17:20:00	20.0	20.127350836185073	19.942784406931345	20.0	20.251827408328257	19.886860149881503	20.0	20.23545022735152	19.894218013798596	20.0	20.245984205704953	19.8894853568572	20.0	20.068906562544008	19.969041979146894	20.0	20.69515818133907	19.687682556209985	20.0	20.2019854921948	19.90925289481103
2018-01-09 17:30:00	20.0	20.140038482814727	19.93708415989483	20.0	20.260034585784574	19.883172867256203	20.0	20.243915292336922	19.890414868660226	20.0	20.254190571648024	19.8857984388248	20.0	20.07714702808389	19.965339741005785	20.0	20.699212920214478	19.68586086193263	20.0	20.207810996999267	19.906635639029314
2018-01-09 17:40:00	20.0	20.148387587347052	19.93333311293103	20.0	20.26542591957169	19.88075067381562	20.0	20.24947143886594	19.887918628915312	20.0	20.25958240296593	19.883376021855888	20.0	20.08254068241519	19.96291650500187	20.0	20.701895222985982	19.68465576938311	20.0	20.211041551141474	19.905184230646586
2018-01-09 17:50:00	20.0	20.15388171477173	19.93086473684169	20.0	20.26896751234624	19.879159523438652	20.0	20.25311828206826	19.88628019211427	20.0	20.263124999718507	19.881784420416324	20.0	20.08607100567788	19.961330417738925	20.0	20.703669627800014	19.683858573017382	20.0	20.212833066301066	19.904379347024154
2018-01-09 18:00:00	20.0	20.15022084193042	19.932509476813873	20.0	20.267824890502364	19.87967287528155	20.0	20.25180805411331	19.886868845253446	20.0	20.26199229219042	19.882293318001405	20.0	20.084734031737497	19.9619310871904	20.0	20.704703014468446	19.683394297847506	20.0	20.212419839488962	19.90456499964988
2018-01-09 18:10:00	20.0	20.151402502145906	19.93197858599242	20.0	20.26541349009519	19.88075625807318	20.0	20.24898842030041	19.888135637256347	20.0	20.259630341864618	19.88335448408981	20.0	20.079821391200678	19.96413821554752	20.0	20.707685185139596	19.68205448203873	20.0	20.215713532001978	19.90308522475273
2018-01-09 18:20:00	20.0	20.15940535171841	19.928383102851154	20.0	20.271035056003285	19.87823062701302	20.0	20.25445952287952	19.88567760566282	20.0	20.26527512351033	19.88081842277072	20.0	20.084367284417795	19.96209585772534	20.0	20.71482708260278	19.678845803468313	20.0	20.2276923731527	19.89770342655458
2018-01-09 18:30:00	20.0	20.171892058020816	19.922773133352973	20.0	20.281920875424724	19.873339896548316	20.0	20.2653586435782	19.88078089926197	20.0	20.27616792695612	19.875924554555947	20.0	20.095091782042573	19.95727760516928	20.0	20.72471770632933	19.674402189910012	20.0	20.244479595707023	19.89016134105916
2018-01-09 18:40:00	20.0	20.187329379693583	19.915837525065207	20.0	20.29626483231914	19.866895510117494	20.0	20.279820522844652	19.87428353321473	20.0	20.29050886398838	19.869481524874786	20.0	20.109860382318242	19.95064243692949	20.0	20.73642667840116	19.66914163724006	20.0	20.263933336776166	19.881421254491865
2018-01-09 18:50:00	20.0	20.204708349288342	19.908029582203792	20.0	20.312880452314893	19.859430521423743	20.0	20.296620863754647	19.866735553965295	20.0	20.3071153257642	19.862020650743627	20.0	20.127275984099544	19.942818036129196	20.0	20.749338529396166	19.66334066070607	20.0	20.284865802413854	19.872016813408273
2018-01-09 19:00:00	20.0	20.23941257424414	19.89243782896278	20.0	20.34728656738688	19.84397270160879	20.0	20.331551810051188	19.851041940411793	20.0	20.341468583614194	19.846586578376236	20.0	20.159706247593814	19.928247917747708	20.0	20.77395753306385	19.65227994891334	20.0	20.321429838446587	19.85558949287183
2018-01-09 19:10:00	20.0	20.263965926701943	19.881406612641157	20.0	20.372590223944414	19.832604392140915	20.0	20.3574114336663	19.83942384864268	20.0	20.366658523853637	19.83526935884837	20.0	20.187450299951294	19.91578319857261	20.0	20.793097713697623	19.643680737324253	20.0	20.343030879666113	19.84588467725146
2018-01-09 19:20:00	20.0	20.2801209765014	19.874148546789225	20.0	20.38920845857342	19.82513822875687	20.0	20.37438036642735	19.831800125228295	20.0	20.383205316566297	19.827835292557175	20.0	20.205602876905974	19.907627692984278	20.0	20.805756364393567	19.63799351744637	20.0	20.35500820764829	19.840503558882656
2018-01-09 19:30:00	20.0	20.29075180327448	19.869372378239003	20.0	20.400125055217842	19.820233670844157	20.0	20.385518128334876	19.82679620321187	20.0	20.39407706063133	19.82295088580332	20.0	20.217484334912335	19.90228964663359	20.0	20.814130349989068	19.634231292033895	20.0	20.361650273787305	19.837519442211505
2018-01-09 19:40:00	20.0	20.297747414380872	19.866229422524537	20.0	20.407296215392396	19.817011845258488	20.0	20.392828527324458	19.823511821057128	20.0	20.401220122278918	19.819741684193534	20.0	20.225261134874955	19.898795722012704	20.0	20.81966992998217	19.631742495225403	20.0	20.36533365207132	19.835864591098396
2018-01-09 19:50:00	20.0	20.302350873342828	19.864161201831486	20.0	20.412006981941666	19.81489541391027	20.0	20.39762679235305	19.821356078797898	20.0	20.405913327844715	19.81763314256252	20.0	20.23035130290672	19.896508834925967	20.0	20.823334486861174	19.630096100105852	20.0	20.367376280871976	19.8349468883039
2018-01-09 20:00:00	20.0	20.316076561490917	19.85799458831568	20.0	20.425965033979324	19.80862440502379	20.0	20.41183794346354	19.81497135873377	20.0	20.41983378966188	19.81137902203597	20.0	20.242536228482997	19.89103444807286	20.0	20.83303274151893	19.625738913230624	20.0	20.3783826754637	19.83000198638588
2018-01-09 20:10:00	20.0	20.318088490574706	19.8570906781476	20.0	20.42880852127443	19.80734689623903	20.0	20.414658183412246	19.813704294408986	20.0	20.422626907300458	19.810124143096896	20.0	20.245274564997228	19.88980418094328	20.0	20.83823201897851	19.62340300596618	20.0	20.37813864924615	19.830111621353183
2018-01-09 20:20:00	20.0	20.317872448395416	19.857187740575977	20.0	20.42914187155882	19.80719713016923	20.0	20.414950550114828	19.81357294125275	20.0	20.42292952899258	19.809988182626523	20.0	20.245410113646724	19.889743282274665	20.0	20.840564550466357	19.622355057036856	20.0	20.375834567038392	19.831146788721888
2018-01-09 20:30:00	20.0	20.316183033736223	19.85794675295909	20.0	20.42781948124213	19.80779124755789	20.0	20.41357641262455	19.814190307371575	20.0	20.421588913572673	19.81059048810503	20.0	20.24383831444531	19.89044945293037	20.0	20.8410005501831	19.622159173106144	20.0	20.372383039879995	19.83269747483653
2018-01-09 20:40:00	20.0	20.31352407618401	19.859141357076755	20.0	20.425409437159274	19.80887402098642	20.0	20.41110845582827	19.81529909955541	20.0	20.419168652318266	19.811677851857013	20.0	20.241149005401272	19.89165769322552	20.0	20.840181951952182	19.622526949122935	20.0	20.36829519946035	19.834534040822167
2018-01-09 20:50:00	20.0	20.310227111177124	19.860622602224772	20.0	20.42228490847083	19.810277794744994	20.0	20.40792255889912	19.81673044455256	20.0	20.41603903133009	19.813083913460396	20.0	20.23772825037649	19.893194554178677	20.0	20.838533409194614	19.623267598767637	20.0	20.363854489643657	19.836529142334015
2018-01-09 21:00:00	20.0	20.306510306622673	19.862292470937643	20.0	20.418691032619957	19.81189243462002	20.0	20.404265433132394	19.818373501056456	20.0	20.412443340600205	19.81469936871585	20.0	20.23382873932513	19.894946508419146	20.0	20.83633583962052	19.624254912634264	20.0	20.359218095550563	19.83861215997004
2018-01-09 21:10:00	20.0	20.300928588706814	19.86480019927665	20.0	20.413209143640476	19.81435531227747	20.0	20.398596811770734	19.820920272972565	20.0	20.406972204356254	19.81715741543415	20.0	20.22752297728736	19.897779531943357	20.0	20.833927868018463	19.62533675494823	20.0	20.35425056994801	19.84084394683496
2018-01-09 21:20:00	20.0	20.29725969565608	19.866448542531327	20.0	20.409612511682347	19.815971190403587	20.0	20.394880973303408	19.822589707646287	20.0	20.403381958823385	19.818770424296737	20.0	20.2233995709088	19.89963207683808	20.0	20.832335947115823	19.626051965788545	20.0	20.351498701911066	19.842080293344306
2018-01-09 21:30:00	20.0	20.29484537719274	19.8675332363337	20.0	20.407249862701622	19.817032670380435	20.0	20.39244203325321	19.823685463321013	20.0	20.40102305418167	19.819830222034323	20.0	20.220700664011048	19.90084462921243	20.0	20.831282854869848	19.62652509418891	20.0	20.349972642090126	19.842765914423282
2018-01-09 21:40:00	20.0	20.29325663632324	19.868247018463475	20.0	20.405697828662866	19.817729961035525	20.0	20.390841207167224	19.82440467504081	20.0	20.399473183574813	19.820526540712766	20.0	20.218934142181105	19.90163828394762	20.0	20.830586210860716	19.62683807917852	20.0	20.34912636122763	19.843146127564403
2018-01-09 21:50:00	20.0	20.292211166307446	19.868716722383613	20.0	20.40467829097825	19.818188014198185	20.0	20.389790486722127	19.82487673784948	20.0	20.39845487241897	19.820984042826257	20.0	20.217777896522282	19.90215775663492	20.0	20.83012536530984	19.627045125730362	20.0	20.348657053739053	19.843356975856373
2018-01-09 22:00:00	20.0	20.291523195364643	19.869025810778208	20.0	20.404008552387232	19.81848891124632	20.0	20.38910083438374	19.825186581653675	20.0	20.39778581165646	19.821284635342753	20.0	20.2170210963512	19.902497768305984	20.0	20.82982050569863	19.627182091642645	20.0	20.34839679792026	19.843473902383657
2018-01-09 22:10:00	20.0	20.2910704764812	19.869229206218595	20.0	20.403568598291326	19.818686571782163	20.0	20.388648173211976	19.825389951165633	20.0	20.397346218805684	19.821482133580055	20.0	20.216525746168	19.902720316939018	20.0	20.829618834265816	19.627272697648692	20.0	20.34825247230682	19.843538744325926
2018-01-09 22:20:00	20.0	20.29077256508024	19.8693630504712	20.0	20.403279590595965	19.818816415819207	20.0	20.388351063893253	19.825523435062443	20.0	20.39705739320835	19.821611895804946	20.0	20.216201523455684	19.902865982215566	20.0	20.829485424114658	19.62733263554269	20.0	20.348172436122322	19.843574702611715
2018-01-09 22:30:00	20.0	20.290576524654096	19.869451126604684	20.0	20.403089740226008	19.818901710912957	20.0	20.388156052805904	19.82561104873937	20.0	20.396867626187294	19.821697153452085	20.0	20.21598930920656	19.90296132484923	20.0	20.829397170323933	19.627372285796497	20.0	20.348128051825846	19.843594643382595
2018-01-09 22:40:00	20.0	20.2904475203644	19.86950908505368	20.0	20.402965026720032	19.81895774161854	20.0	20.38802805505647	19.825668554974627	20.0	20.396742943601712	19.821753170265897	20.0	20.215850408118637	19.903023729685835	20.0	20.829338788472846	19.627398515323794	20.0	20.348103438386502	19.843605701594473
2018-01-09 22:50:00	20.0	20.290362629165745	19.869547224577712	20.0	20.40288310189346	19.81899454842468	20.0	20.387944042274874	19.825706299847518	20.0	20.396661023429107	19.821789974981126	20.0	20.215759492865104	19.903064575669305	20.0	20.8293001675761	19.627415866741174	20.0	20.348089788932928	19.843611833957677
2018-01-09 23:00:00	20.0	20.290306766561248	19.86957232226959	20.0	20.40282928513066	19.819018726970288	20.0	20.3878888995283	19.82573107412496	20.0	20.396607199435405	19.821814156775396	20.0	20.215699985891888	19.903091310686257	20.0	20.829274618991473	19.627427345090787	20.0	20.34808221958914	19.843615234677348
2018-01-09 23:10:00	20.0	20.29154091598088	19.869017849341926	20.0	20.40405768959819	19.818466835108065	20.0	20.389214465462256	19.825135530009703	20.0	20.397827214200298	19.821266034199866	20.0	20.217335349261344	19.902356582215923	20.0	20.82913548487628	19.6274898546208	20.0	20.348256112996488	19.843537108653756
2018-01-09 23:20:00	20.0	20.291111934248942	19.86921058026497	20.0	20.4036279910059	19.8186598880988	20.0	20.38882783552676	19.82530923331406	20.0	20.39739368703786	19.821460807272846	20.0	20.21707419894106	19.902473910620685	20.0	20.828157022367026	19.627929453719165	20.0	20.346611207591064	19.84427612412576
2018-01-09 23:30:00	20.0	20.289591855198324	19.869893514331192	20.0	20.40211263620545	19.819340699675816	20.0	20.387321250678205	19.825986104767757	20.0	20.395877302930696	19.822142081292007	20.0	20.215574859350827	19.90314752695832	20.0	20.826624130948314	19.628618144066703	20.0	20.34395999400926	19.84546724906831
2018-01-09 23:40:00	20.0	20.287353777185093	19.870899027641485	20.0	20.39988410537271	19.820341923673134	20.0	20.38507956645075	19.826993238261252	20.0	20.39364944360535	19.823143003597593	20.0	20.213265080049908	19.904185253890624	20.0	20.824724471721186	19.62947161415425	20.0	20.34075072740971	19.8469090934826
2018-01-09 23:50:00	20.0	20.284643220008636	19.872116814199018	20.0	20.397187086154176	19.821553627959723	20.0	20.38235539101413	19.828217143167564	20.0	20.390954124043798	19.824353944270175	20.0	20.210424842131136	19.905461302810647	20.0	20.822582187338682	19.63043408974639	20.0	20.337231990601683	19.848489975236923
2018-01-10 00:00:00	20.0	20.281820039880586	19.87338519947394	20.0	20.39437781874902	19.82281576259102	20.0	20.379520957118963	19.829490584482777	20.0	20.388148132266195	19.82561460724272	20.0	20.207387075852935	19.90682609635593	20.0	20.820300642277978	19.63145913173019	20.0	20.33361250602234	19.850116120482713
2018-01-10 00:10:00	20.0	20.277153658222737	19.87548168978399	20.0	20.38971369993072	19.824911236263013	20.0	20.37471245705391	19.83165092509172	20.0	20.383493657549646	19.827705748057404	20.0	20.2021609481527	19.909174066771975	20.0	20.817788126641787	19.632587943102966	20.0	20.32945837304826	19.851982470079765
2018-01-10 00:20:00	20.0	20.274086668176235	19.876859612848357	20.0	20.386653834110515	19.82628595858803	20.0	20.371560696278365	19.83306693355609	20.0	20.380439556281406	19.82907788051125	20.0	20.198743659022504	19.91070937058409	20.0	20.816127099358578	19.633334201737455	20.0	20.327157273834533	19.853016297262744
2018-01-10 00:30:00	20.0	20.272068432498298	19.877766356413808	20.0	20.384643790001014	19.827189021883605	20.0	20.369491996091142	19.833996349582236	20.0	20.378432915330965	19.829979414851305	20.0	20.196506929517405	19.911714278042904	20.0	20.815028291850634	19.6338278688787	20.0	20.325881189809852	19.85358961037528
2018-01-10 00:40:00	20.0	20.27074033386429	19.878363038408796	20.0	20.383323383796625	19.82778224785949	20.0	20.368134181381826	19.834606382277727	20.0	20.377114492675535	19.830571749667513	20.0	20.1950429179037	19.912372022391093	20.0	20.814301406311305	19.63415444064275	20.0	20.325173533902237	19.853907542739574
2018-01-10 00:50:00	20.0	20.26986637944481	19.87875568459726	20.0	20.38245600355002	19.828171940434054	20.0	20.367242964370956	19.83500678412319	20.0	20.376248249859085	19.830960931222727	20.0	20.194084675073604	19.91280253728577	20.0	20.8138205554031	19.634370475108756	20.0	20.324781101369176	19.85408385300805
2018-01-10 01:00:00	20.0	20.269291274322505	19.879014065159456	20.0	20.381886217911607	19.828427931083198	20.0	20.36665800402592	19.835269592394148	20.0	20.375679102617603	19.83121663505586	20.0	20.193457474228623	19.913084323172647	20.0	20.81350246186097	19.634513386700146	20.0	20.324563476826885	19.85418162635314
2018-01-10 01:10:00	20.0	20.268912826780657	19.87918409231594	20.0	20.381511923390757	19.82859609238966	20.0	20.36627405870082	19.835442089569195	20.0	20.375305155987082	19.83138464006377	20.0	20.193046951042437	19.913268761125863	20.0	20.813292035926825	19.63460792588795	20.0	20.324442792537432	19.854235846831006
2018-01-10 01:20:00	20.0	20.268663789628384	19.879295978572756	20.0	20.38126604778621	19.82870655824098	20.0	20.366022051852777	19.835555310037154	20.0	20.37505946195174	19.831495024340523	20.0	20.192778250373625	19.913389481716198	20.0	20.81315283450367	19.634670465657774	20.0	20.324375866732247	19.85426591494638
2018-01-10 01:30:00	20.0	20.268499910896562	19.879369605249373	20.0	20.381104531093982	19.8287791237114	20.0	20.365856644313492	19.835629623569297	20.0	20.374898033678082	19.831567550086657	20.0	20.19260237711764	19.913468497236998	20.0	20.813060749674445	19.634711837102788	20.0	20.324338752842586	19.854282589302603
2018-01-10 01:40:00	20.0	20.268392070606524	19.87941805523475	20.0	20.38099843011701	19.828826792266277	20.0	20.365748077208014	19.835678400094945	20.0	20.37479197051073	19.831615201654596	20.0	20.192487262397986	19.913520215444382	20.0	20.81299983351728	19.63473920523137	20.0	20.32431817123285	19.854291836112775
2018-01-10 01:50:00	20.0	20.26832110637566	19.879449937715286	20.0	20.380928731950448	19.82885810593531	20.0	20.365676817962864	19.83571041511813	20.0	20.37472228386189	19.831646510149	20.0	20.19241191610036	19.913554066679552	20.0	20.81295953612807	19.634757309855505	20.0	20.324306757644468	19.85429696395684
2018-01-10 02:00:00	20.0	20.321919316601385	19.85536958239648	20.0	20.435361294682853	19.80440289659176	20.0	20.421108501046717	19.81080632561668	20.0	20.42902241449116	19.807250799286575	20.0	20.236751848535217	19.89363322746969	20.0	20.849320680849228	19.618421143386577	20.0	20.373726922023017	19.83209370169981
2018-01-10 02:10:00	20.0	20.313898679853633	19.858973056877353	20.0	20.431327187636416	19.80621532149668	20.0	20.41616956478918	19.813025267993254	20.0	20.4248216720222	19.809138089381324	20.0	20.22893065641445	19.89714709639351	20.0	20.867859492994285	19.610092111843148	20.0	20.368092791586076	19.834624977693217
2018-01-10 02:20:00	20.0	20.3086779707723	19.861318592841428	20.0	20.428733751329453	19.80738048853315	20.0	20.412988776590225	19.814454317763804	20.0	20.422118721980752	19.810352458240526	20.0	20.223849854326456	19.899429775592466	20.0	20.88012911243248	19.604579674124537	20.0	20.365008134822464	19.83601083797832
2018-01-10 02:30:00	20.0	20.305242415664612	19.8628621031072	20.0	20.42703003463514	19.80814592646827	20.0	20.41090094389181	19.81539232955584	20.0	20.420342724769633	19.81115037003103	20.0	20.220524269166102	19.900923879070305	20.0	20.88824571691857	19.60093308370325	20.0	20.363297485821416	19.836779390428063
2018-01-10 02:40:00	20.0	20.30298165414563	19.86387780755776	20.0	20.42591085804432	19.80864874493661	20.0	20.409530573691512	19.81600800312409	20.0	20.419175843866675	19.81167462087149	20.0	20.218347568902228	19.90190181687002	20.0	20.893615021028896	19.598520787653683	20.0	20.36234884284198	19.837205592346365
2018-01-10 02:50:00	20.0	20.301493963594215	19.864546190269266	20.0	20.42517566752002	19.80897904792579	20.0	20.408631117203115	19.816412106763813	20.0	20.418409169701995	19.812019068684606	20.0	20.21692284997277	19.902541907983252	20.0	20.89716692831277	19.5969250032218	20.0	20.361822771417213	19.837441943276332
2018-01-10 03:00:00	20.0	20.300514991173646	19.864986018458218	20.0	20.424692718616942	19.809196024969204	20.0	20.40804074974274	19.81667734431847	20.0	20.417905442823777	19.81224538076033	20.0	20.2159903265281	19.902960867791727	20.0	20.899516589478193	19.595869358350374	20.0	20.36153103769872	19.83757301204841
2018-01-10 03:10:00	20.0	20.29987077991656	19.865275446704153	20.0	20.42437546800595	19.8093385578524	20.0	20.40765325602574	19.816851435698574	20.0	20.41757447984152	19.812394074274096	20.0	20.215379960541938	19.903235090191306	20.0	20.901070939620542	19.595171027127005	20.0	20.361369256316024	19.837645696437733
2018-01-10 03:20:00	20.0	20.29944685771507	19.865465904504827	20.0	20.42416706510972	19.809432188139112	20.0	20.407398920563722	19.816965702355425	20.0	20.417357027685906	19.812491770170094	20.0	20.21498045676581	19.903414577395075	20.0	20.90209917484037	19.594709066376065	20.0	20.361279540201195	19.837686003677724
2018-01-10 03:30:00	20.0	20.299167896379085	19.86559123496012	20.0	20.42403016461006	19.8094936941607	20.0	20.40723198488365	19.81704070244357	20.0	20.41721415539323	19.812555959171153	20.0	20.214718968952447	19.903532057427164	20.0	20.902779374004357	19.594403469650214	20.0	20.36122978799163	19.837708356119705
2018-01-10 03:40:00	20.0	20.29898432631198	19.865673708468528	20.0	20.423940234253273	19.80953409765433	20.0	20.407122414943586	19.81708992951809	20.0	20.41712028420625	19.812598133182693	20.0	20.21454781693691	19.903608951810956	20.0	20.903229340017713	19.594201311006533	20.0	20.36120219782721	19.83772075170082
2018-01-10 03:50:00	20.0	20.29886352831886	19.86572798003066	20.0	20.423881158726957	19.80956063883282	20.0	20.407050497593353	19.817122240211678	20.0	20.417058608148402	19.81262584271593	20.0	20.214435792548418	19.903659281608682	20.0	20.90352700197308	19.59406757882369	20.0	20.36118689765902	19.837727625689425
2018-01-10 04:00:00	20.0	20.28802027166594	19.870599588092112	20.0	20.412912384620554	19.814488638793662	20.0	20.395871388857277	19.822144738339485	20.0	20.40611443612947	19.817542789565017	20.0	20.20545836505139	19.9076926186001	20.0	20.896442623656565	19.597250415458646	20.0	20.351280681770277	19.842178244422048
2018-01-10 04:10:00	20.0	20.289595662204142	19.86989180393727	20.0	20.413721633153685	19.814125063365736	20.0	20.396856793004424	19.821702020534243	20.0	20.40695612676001	19.817164638702025	20.0	20.20699220830951	19.907003500614568	20.0	20.892901215941794	19.59884148269282	20.0	20.352435522609216	19.84165940288571
2018-01-10 04:20:00	20.0	20.290620821372414	19.86943122518051	20.0	20.414241831556588	19.8138913510398	20.0	20.39749129704537	19.821416953501355	20.0	20.407497645713807	19.816921347577853	20.0	20.20798842926258	19.90655592308493	20.0	20.89055729357345	19.5998945492641	20.0	20.353067939181734	19.841375273700958
2018-01-10 04:30:00	20.0	20.2912954412035	19.869128135111474	20.0	20.41458356781432	19.813737817358785	20.0	20.397907778518515	19.821229838636604	20.0	20.40785345575344	19.816761490893377	20.0	20.20864049550258	19.9062629657887	20.0	20.889006740395914	19.60059117460473	20.0	20.35341865657167	19.841217705018522
2018-01-10 04:40:00	20.0	20.29173937383769	19.8689286871164	20.0	20.414808055464047	19.813636960588617	20.0	20.39818114046401	19.821107023849503	20.0	20.408087233198287	19.816656460447142	20.0	20.209067293509882	19.906071215959326	20.0	20.887981016523348	19.60105200706922	20.0	20.353613147524914	19.841130325025034
2018-01-10 04:50:00	20.0	20.292031503098666	19.86879744063683	20.0	20.414955522140293	19.81357070744422	20.0	20.39836056443711	19.821026413078975	20.0	20.408240831728335	19.816587452411902	20.0	20.209346646329067	19.90594570962028	20.0	20.887302478388282	19.6013568575357	20.0	20.35372100283587	19.84108186829114
2018-01-10 05:00:00	20.0	20.302987502996633	19.863875179813107	20.0	20.425982359299773	19.808616621184157	20.0	20.409610234850103	19.81597221332821	20.0	20.419245398092194	19.81164337187162	20.0	20.218433594994345	19.901863167466313	20.0	20.894134898662134	19.59828721944165	20.0	20.363678544927243	19.83660818996023
2018-01-10 05:10:00	20.0	20.301486306407615	19.864549630454547	20.0	20.42521125662177	19.808963058619206	20.0	20.408671148799606	19.8163941215538	20.0	20.418443392326488	19.81200369330259	20.0	20.216971438880652	19.90252007818406	20.0	20.897509633954982	19.596771034020225	20.0	20.362552169070025	19.83711424288159
2018-01-10 05:20:00	20.0	20.300509967592372	19.864988275429514	20.0	20.42471611338888	19.80918551427456	20.0	20.408067042961243	19.816665531423205	20.0	20.41792794448883	19.812235271316606	20.0	20.216022137546897	19.902946575884734	20.0	20.899743297716352	19.595767503924538	20.0	20.361935535905594	19.837391280969953
2018-01-10 05:30:00	20.0	20.29986747413668	19.86527693190961	20.0	20.4243908360802	19.809331653355272	20.0	20.407670513821856	19.816843682195966	20.0	20.417589264056293	19.81238743209065	20.0	20.215400781847908	19.903225735691525	20.0	20.901220911873693	19.595103648288628	20.0	20.36159357140779	19.83754491719361
2018-01-10 05:40:00	20.0	20.299444682351854	19.86546688184192	20.0	20.424177160444728	19.809427652553822	20.0	20.407410247894667	19.816960613264712	20.0	20.417366741338217	19.812487406065436	20.0	20.214994084966975	19.90340845458006	20.0	20.902198384631316	19.59466449386129	20.0	20.36140393448069	19.837630116392738
2018-01-10 05:50:00	20.0	20.29916646488473	19.865591878095263	20.0	20.424036796266467	19.809490714720866	20.0	20.407239419693006	19.8170373621669	20.0	20.417220537540928	19.812553091829432	20.0	20.214727889039604	19.903528049851776	20.0	20.90284500336185	19.59437398399685	20.0	20.36129877103082	19.837677363739786
2018-01-10 06:00:00	20.0	20.29898338431933	19.86567413168262	20.0	20.42394459060865	19.80953214045119	20.0	20.40712729485666	19.81708773709338	20.0	20.41712447745984	19.81259624925717	20.0	20.21455365541528	19.903606328726475	20.0	20.90327275521419	19.594181805628406	20.0	20.361240452477762	19.837703564828836
2018-01-10 06:10:00	20.0	20.305005640317866	19.8629684804369	20.0	20.429992180036752	19.806815107519725	20.0	20.4136355390945	19.814163743305365	20.0	20.423129026726496	19.809898553209834	20.0	20.222532123429435	19.900021799618663	20.0	20.902964928405847	19.594320104629258	20.0	20.36206888520927	19.83733137041323
2018-01-10 06:20:00	20.0	20.302969870006887	19.863883101880962	20.0	20.427987761789975	19.80771564325378	20.0	20.41183334617637	19.81497342418163	20.0	20.42110448748371	19.81080812881166	20.0	20.221318480361003	19.90056705954796	20.0	20.89847691958763	19.596336456417152	20.0	20.354111823854474	19.8409062820364
2018-01-10 06:30:00	20.0	20.295647586314985	19.867172823539644	20.0	20.42071113944003	19.81098485039651	20.0	20.404595175618056	19.818225355881744	20.0	20.41382182999507	19.814080047393514	20.0	20.214103459665246	19.903808590585182	20.0	20.89122752150919	19.599593432365438	20.0	20.341293916984384	19.84666505178963
2018-01-10 06:40:00	20.0	20.284846502840075	19.872025484231273	20.0	20.40997116816761	19.81581005488122	20.0	20.393789015839648	19.823080297231456	20.0	20.403084416237128	19.81890410284998	20.0	20.202960328723616	19.90881492477635	20.0	20.882151402412656	19.60367110906098	20.0	20.32578040854934	19.853634888912623
2018-01-10 06:50:00	20.0	20.271756193300497	19.87790663779253	20.0	20.396956106138504	19.821657401589945	20.0	20.38064097344281	19.828987388743073	20.0	20.390077124124826	19.824747958726523	20.0	20.189246134067478	19.9149763745494	20.0	20.871866869006308	19.6082916965334	20.0	20.30877204711625	19.861276326657922
2018-01-10 07:00:00	20.0	20.257159473432527	19.88446458439988	20.0	20.38244653985443	19.82817619223931	20.0	20.365955807521402	19.835585071983132	20.0	20.37557846362845	19.831261849674167	20.0	20.173849084804026	19.921893889435875	20.0	20.86078294430809	19.613271430818102	20.0	20.29093471840519	19.86929019897739
2018-01-10 07:10:00	20.0	20.233840084606108	19.894941411263922	20.0	20.359267365606506	19.8385900241478	20.0	20.341977700286037	19.846357844799023	20.0	20.352463039709626	19.841647040130454	20.0	20.147165163624006	19.93388231779212	20.0	20.849913790461503	19.61815467385063	20.0	20.271554292026813	19.877997347060422
2018-01-10 07:20:00	20.0	20.220062225043574	19.901131464110858	20.0	20.345603856980336	19.84472870193637	20.0	20.327828906860393	19.8527145490917	20.0	20.338836631373894	19.847769049672593	20.0	20.131379259562284	19.94097453555898	20.0	20.843835529973425	19.620885486533677	20.0	20.262994670483742	19.8818429741305
2018-01-10 07:30:00	20.0	20.212542940968483	19.90450969318807	20.0	20.338169588440355	19.848068735628246	20.0	20.32010819619468	19.85618327417339	20.0	20.331423099432193	19.851099766921763	20.0	20.122707386546352	19.944870594450194	20.0	20.8409216513612	19.622194620402936	20.0	20.260421691481593	19.882998950203927
2018-01-10 07:40:00	20.0	20.20914212994637	19.906037593792213	20.0	20.334827358030253	19.849570317406695	20.0	20.316606657340788	19.857756429310655	20.0	20.328091636679986	19.852596511056813	20.0	20.11869189032301	19.946674657970828	20.0	20.840101082882462	19.62256328160353	20.0	20.2611686316496	19.882663368389316
2018-01-10 07:50:00	20.0	20.208451473882683	19.906347888545458	20.0	20.33417320019554	19.849864214404903	20.0	20.315874415852285	19.85808540737071	20.0	20.327442210221665	19.852888282364173	20.0	20.117724139102656	19.947109444750986	20.0	20.840665282956405	19.622309800410893	20.0	20.263756638123294	19.881500640843164
2018-01-10 08:00:00	20.0	20.20954423012302	19.90585694008966	20.0	20.33528484467547	19.849364779928415	20.0	20.3169598296989	19.857597757671506	20.0	20.32855495864853	19.852388351911525	20.0	20.118751234028093	19.946647996306226	20.0	20.842145536471552	19.621644758976547	20.0	20.267365610283626	19.879879218568234
2018-01-10 08:10:00	20.0	20.2149878338018	19.903411263074556	20.0	20.340715843584846	19.84692476592565	20.0	20.322642680712182	19.8550445927235	20.0	20.333963952097342	19.84995822442003	20.0	20.125269798633237	19.94371936583145	20.0	20.843926195636488	19.620844752685056	20.0	20.271985988585136	19.877803396432775
2018-01-10 08:20:00	20.0	20.2170144510619	19.902500753870743	20.0	20.34273324383577	19.846018397696973	20.0	20.324797010145005	19.85407670558702	20.0	20.33596948023792	19.84905719003803	20.0	20.127868059972776	19.94255203102673	20.0	20.843995106339055	19.620813792804192	20.0	20.27236866939717	19.87763146737229
2018-01-10 08:30:00	20.0	20.21680083295066	19.902596727225063	20.0	20.342517130088076	19.846115492279267	20.0	20.324645012469823	19.854144994397608	20.0	20.335747742418775	19.849156811377068	20.0	20.127908193472717	19.942534000034005	20.0	20.842933670996885	19.621290669552124	20.0	20.27040710338475	19.878512750653236
2018-01-10 08:40:00	20.0	20.21511301990893	19.903355020040916	20.0	20.34083380100957	19.846871770560917	20.0	20.32297921811237	19.8548933947611	20.0	20.334062614344543	19.84991389790317	20.0	20.126273944133874	19.94326822799783	20.0	20.841124485920496	19.62210349183282	20.0	20.267145524309786	19.879978097773872
2018-01-10 08:50:00	20.0	20.21245511493428	19.904549151261413	20.0	20.33818665345152	19.84806106873917	20.0	20.320319828499727	19.85608819299287	20.0	20.331415996744514	19.851102957984345	20.0	20.123543758811063	19.944494832997925	20.0	20.838820648713966	19.62313854912851	20.0	20.263163020959354	19.881767338409574
2018-01-10 09:00:00	20.0	20.212363247657514	19.904590424965463	20.0	20.336477921503796	19.848828759904094	20.0	20.318685184506386	19.85682259826524	20.0	20.329705843995242	19.8518712874804	20.0	20.12172445421359	19.945312201730125	20.0	20.83625898205449	19.624289442845086	20.0	20.259414343150286	19.883451526990456
2018-01-10 09:10:00	20.0	20.204320718887438	19.908203734992604	20.0	20.329647191140193	19.851897638763102	20.0	20.31163485819843	19.859990136171717	20.0	20.322887946774742	19.85493440072439	20.0	20.114222898977108	19.948682465676953	20.0	20.832826623997672	19.62583151675467	20.0	20.25288441633378	19.88638526222686
2018-01-10 09:20:00	20.0	20.199038902941332	19.91057672476549	20.0	20.325168180353792	19.85390994795699	20.0	20.307016118684956	19.862065222040087	20.0	20.31841654064836	19.856943293331895	20.0	20.10931947459308	19.950885453443693	20.0	20.83055787677711	19.626850808984198	20.0	20.249268591595865	19.888009763196067
2018-01-10 09:30:00	20.0	20.195563198326337	19.912138273215703	20.0	20.322225892932796	19.85523184520411	20.0	20.30398454879682	19.86342723169998	20.0	20.31547868713636	19.85826319853294	20.0	20.106110021923687	19.952327381454577	20.0	20.82905705098004	19.627525093037956	20.0	20.247263423975973	19.888910635605
2018-01-10 09:40:00	20.0	20.193276016405683	19.913165847701798	20.0	20.3202930953472	19.856100203539665	20.0	20.30199474693211	19.864321200653684	20.0	20.31354843327639	19.859130414035242	20.0	20.104009334000782	19.95327116878226	20.0	20.828064223239103	19.627971146080984	20.0	20.246151455192802	19.889410215782952
2018-01-10 09:50:00	20.0	20.191770939950885	19.913842041471334	20.0	20.31902343470401	19.856670630785157	20.0	20.300688720139277	19.86490796631424	20.0	20.312280201221316	19.85970019945129	20.0	20.10263436754397	19.953888907335312	20.0	20.827407446864996	19.628266219524416	20.0	20.245534811192115	19.889687258739777
2018-01-10 10:00:00	20.0	20.195910634443848	19.911982178728117	20.0	20.306575516659933	19.862263173674524	20.0	20.288766054178478	19.870264526383586	20.0	20.29986523705592	19.865277936974877	20.0	20.09575280090068	19.9569806256823	20.0	20.80946320347712	19.636328125974043	20.0	20.226783055458416	19.89811196059115
2018-01-10 10:10:00	20.0	20.171956570176185	19.922744149630986	20.0	20.2925704607818	19.86855530022847	20.0	20.27466358253752	19.87660041943967	20.0	20.285940302534602	19.871534066977212	20.0	20.08420503969269	19.96216875028299	20.0	20.792625532764028	19.643892876584278	20.0	20.212463463708122	19.90454540036302
2018-01-10 10:20:00	20.0	20.156228933532578	19.929810189282456	20.0	20.283378781359247	19.87268489533135	20.0	20.26541653487792	19.880754890127307	20.0	20.276799472270238	19.875640816806126	20.0	20.076654010245186	19.965561241773898	20.0	20.781492282359668	19.64889477169348	20.0	20.204527223596898	19.908110957514438
2018-01-10 10:30:00	20.0	20.14587933230735	19.934460010122777	20.0	20.277340721892504	19.87539764668598	20.0	20.259347121443202	19.883481728047265	20.0	20.270793667871967	19.87833907675317	20.0	20.071711612674203	19.967781739233324	20.0	20.774127390668305	19.65220363607656	20.0	20.20012615834211	19.910088247701374
2018-01-10 10:40:00	20.0	20.139068788339603	19.937519819731477	20.0	20.2733742986694	19.877179662916642	20.0	20.25536339629548	19.885271517606384	20.0	20.26684767891352	19.880111912372186	20.0	20.068476655644748	19.969235125724822	20.0	20.769255355370014	19.65439252150043	20.0	20.197685537844144	19.91118475835988
2018-01-10 10:50:00	20.0	20.134587117157523	19.939533324175613	20.0	20.270768740818166	19.878350275864307	20.0	20.252748635198166	19.886446265345754	20.0	20.264255048868254	19.88127671717512	20.0	20.066359272965848	19.97018641359506	20.0	20.76603239854072	19.655840516597657	20.0	20.19633208632938	19.911792830779532
2018-01-10 11:00:00	20.0	20.18181275920057	19.918316006735992	20.0	20.279625429055013	19.87437118404776	20.0	20.2636341493293	19.881555672040463	20.0	20.273105925053937	19.877300236569972	20.0	20.0819248091734	19.963193201675708	20.0	20.74738168587482	19.664219822288132	20.0	20.186107754390537	19.916386371215822
2018-01-10 11:10:00	20.0	20.11649910608594	19.94765982190343	20.0	20.24151784638534	19.891491982058767	20.0	20.224563444696635	19.899109177020364	20.0	20.235086415435475	19.894381465528987	20.0	20.04695653040049	19.97890358779108	20.0	20.719038636119716	19.67695365623608	20.0	20.147316675942978	19.93381424704009
2018-01-10 11:20:00	20.0	20.075196434479363	19.966216094654214	20.0	20.2180909107078	19.90201712707332	20.0	20.200555516428096	19.90989534769173	20.0	20.21171090883358	19.904883504726932	20.0	20.025778052919563	19.988418555934686	20.0	20.701414140674476	19.684871907812926	20.0	20.128021286992436	19.942483189901935
2018-01-10 11:30:00	20.0	20.049564306133576	19.977731978403767	20.0	20.204242928595793	19.908238684254073	20.0	20.18636356386103	19.916271442323307	20.0	20.197891850857413	19.911092067006088	20.0	20.013576521666817	19.993900403309098	20.0	20.690862148884985	19.689612657747332	20.0	20.11949471066495	19.946313970570813
2018-01-10 11:40:00	20.0	20.034244340887845	19.984614861340248	20.0	20.19668749313983	19.911633155256027	20.0	20.1786145414	19.91975288719709	20.0	20.190351757015232	19.91447964539895	20.0	20.007250741757307	19.9967424203699	20.0	20.68498879418285	19.692251411309165	20.0	20.116940060764197	19.94746171183057
2018-01-10 11:50:00	20.006416073960096	20.040774899386946	19.990979500217605	20.0	20.193265657497925	19.91317050170383	20.0	20.17509440955733	19.92133439570611	20.0	20.186937128840064	19.916013753709535	20.00844886834703	20.025326746753635	20.000866053410746	20.0	20.682210461676394	19.693499647652644	20.0	20.117697159093186	19.947121566204515
2018-01-10 12:00:00	20.0191573207281	20.119203583710913	19.97420899967787	20.0	20.20573697473115	19.90756744613529	20.0	20.18973622542724	19.914756188576177	20.0	20.19939120271377	19.910418445157575	20.03515479114489	20.10584505289671	20.00339539818394	20.0	20.66507549353085	19.70119796667455	20.0	20.111869508669947	19.949739785959892
2018-01-10 12:10:00	20.074582693363265	20.17572758241195	20.029140786689254	20.0	20.17040867581824	19.923439580429488	20.0	20.153602778103334	19.930990056214455	20.0	20.164123794863283	19.926263222597655	20.068967375763773	20.141600364750147	20.0363351633206	20.0	20.637242666402532	19.713702570166987	20.0123995278225	20.100099353279333	19.97299815696509
2018-01-10 12:20:00	20.130004298857262	20.23228455546129	20.084052299513417	20.0	20.147263348019717	19.933838205962147	20.0	20.12995373637807	19.941614988004048	20.0	20.141014323491294	19.936645738721296	20.103141609726595	20.177733182000125	20.06962945406748	20.0	20.61884801945651	19.721966831838387	20.03952519284711	20.12937595629637	19.999157458543834
2018-01-10 12:30:00	20.185507100276826	20.288922204884585	20.139045241684926	20.0	20.13205898870582	19.94066915000174	20.0	20.114431310271996	19.948588831616917	20.0	20.125830615233745	19.943467404750052	20.13769879402983	20.214245428999817	20.103308276869384	20.0	20.60667952458104	19.72743383678244	20.06734453624259	20.159332599457144	20.02601656581288
2018-01-10 12:40:00	20.241090793564712	20.345640600532988	20.194119141158666	20.0	20.122071176104797	19.945156428126836	20.0	20.104242983734878	19.953166195713308	20.0	20.115854461542856	19.947949444814085	20.172637438276325	20.251136138101884	20.137369906470653	20.0	20.59862978900848	19.73105038464837	20.09584859958353	20.18995926256366	20.05356699737507
2018-01-10 12:50:00	20.29675531355038	20.402440045307515	20.24927376739862	20.0	20.115510136619523	19.94810414151874	20.0	20.097555755950253	19.956170602399126	20.0	20.10929982798077	19.950894280182567	20.207956843738234	20.288406033277568	20.171813004959688	20.0	20.59330470619326	19.733442813159556	20.125026169034342	20.22124497441574	20.081797430384725
2018-01-10 13:00:00	20.394876199115323	20.562984474320956	20.319349292863507	20.047080566749266	20.1956027259522	19.980353219861	20.06002108751332	20.210139033129224	19.992576793106153	20.051754354394983	20.200337104266197	19.984999785612274	20.29166991827847	20.427890659371513	20.230469295468538	20.0	20.554657604071245	19.750806003967995	20.24471345714318	20.39908547394451	20.175357913362873
2018-01-10 13:10:00	20.481685097795204	20.633568949287678	20.413447425385527	20.070502075848957	20.203789120823274	20.010619490425725	20.087526350309112	20.222120316493644	20.027056597385624	20.07664299967117	20.20998025222731	20.016737857218416	20.343108890024723	20.462637300214595	20.289407720229264	20.0	20.520188971220175	19.766291911480806	20.319548222382306	20.456321333704636	20.25809943323749
2018-01-10 13:20:00	20.565221209922655	20.700958436617753	20.504237818219053	20.09110228358556	20.209210559797285	20.038039144997697	20.112179437702057	20.23130729672846	20.0586582256757	20.098698551648596	20.21684659481167	20.045617546749256	20.391588683510484	20.494482568944903	20.345360995851536	20.0	20.496288363974102	19.777029865460918	20.388528461746652	20.507825678491173	20.334931161470152
2018-01-10 13:30:00	20.645545309868613	20.765199438975145	20.591787657661342	20.10891104931082	20.21189575148621	20.062642559927667	20.134009808072538	20.237728104098878	20.08741173304621	20.117950300292943	20.220964476899596	20.071668568774	20.43712525283067	20.523429532784064	20.398350866184956	20.0	20.479370517119136	19.784630637236333	20.451744749854882	20.553689859332692	20.405943323857585
2018-01-10 13:40:00	20.722684988478466	20.826318958775914	20.676124798924548	20.123956816593424	20.21187255470987	20.084458441497617	20.153045468118034	20.24141021000935	20.11334536668859	20.1344266285085	20.222361740794526	20.09491954907564	20.479742110536957	20.54950917467866	20.448397487516758	20.0	20.467071940421103	19.790156084738342	20.509291472956903	20.594006222460223	20.471231223180055
2018-01-10 13:50:00	20.796667625266277	20.884343766400576	20.757276895191467	20.136267779164715	20.20916864333452	20.103515217001473	20.169314150723704	20.242380812522683	20.136487099770534	20.148155607822318	20.22106588191106	20.115398818014327	20.519465456035704	20.572756514122318	20.495523096605496	20.0	20.457829120378786	19.79430865606171	20.561261471165043	20.62886561673818	20.530888594168417
2018-01-10 14:00:00	20.8498026811802	20.88793962734485	20.832668690874357	20.11819355539556	20.148037776510066	20.104785282141208	20.155831136109068	20.18516012201104	20.142654345341498	20.13147868187169	20.161334091881983	20.118065381722133	20.53389187248061	20.542173438856622	20.530171168746477	20.0	20.46798669051781	19.78974511005722	20.562406658599617	20.58300341240748	20.55315304457001
2018-01-10 14:10:00	20.901845357836105	20.936719349046655	20.88617733279949	20.114405862474957	20.141801356802887	20.102097741834868	20.156249416756932	20.183012429204624	20.144225454642736	20.129118056266563	20.15649943958823	20.116816275353926	20.561595789887278	20.566619421121686	20.55933879614429	20.0	20.48019636629458	19.78425960354882	20.580997819610953	20.598460892225006	20.57315209133506
2018-01-10 14:20:00	20.952903034503933	20.98452289833517	20.938697008724688	20.11002665770314	20.134983108239922	20.098814339346035	20.156034929226383	20.18024238896379	20.145159113982018	20.12615128246241	20.151068653756283	20.11495652144633	20.588459988779597	20.59024165662231	20.58765952931404	20.0	20.488267557451703	19.780633416217356	20.59814523000661	20.61250537816258	20.59169356924089
2018-01-10 14:30:00	21.00295982303869	21.03134556644298	20.99020680788604	20.105057844727554	20.127586943332147	20.09493607578925	20.155188875736552	20.176853449442277	20.145455516535407	20.122580355433303	20.14504563355986	20.112487259463407	20.614486763207477	20.61304419912237	20.6151348717095	20.0	20.49360684475681	19.778234605978838	20.613871619066227	20.625159413349735	20.608800291199714
2018-01-10 14:40:00	21.05202442103733	21.077195848785067	21.0407155187159	20.099505421509612	20.119618700300222	20.090469020893536	20.15371750919579	20.172851706100516	20.145120985948722	20.118411415126523	20.13843642576309	20.109414671217337	20.63968242710088	20.635033229665993	20.641771196962935	20.0	20.497138907827466	19.776647737063037	20.6282002479912	20.636445724196548	20.62449575868156
2018-01-10 14:50:00	21.10010540357991	21.1220821237669	21.090231804655332	20.093375344234026	20.111084227717264	20.08541917919083	20.15162704643687	20.168243279488912	20.144161782312054	20.113650502243203	20.131246930296925	20.105744860653843	20.66405323944225	20.656214871985412	20.667574824821415	20.0	20.499475449924873	19.775597986265637	20.64115399765548	20.646386682915434	20.638803081089407
2018-01-10 15:00:00	21.162421693636706	21.143599550835404	21.170878018663387	20.08270355530387	20.07122386442925	20.087861097580877	20.146264230443805	20.13318443397413	20.15214066074178	20.10428605969339	20.0926554965938	20.109511385143932	20.68720881323483	20.65038510372574	20.703752798666457	20.0	20.5085712654734	19.771511460439484	20.627267951639684	20.601057785150218	20.639043533685665
2018-01-10 15:10:00	21.172072252831896	21.153094860978598	21.180598327432648	20.051310633081915	20.04047260733394	20.05617989102665	20.118949256003713	20.106438973937678	20.12456981751164	20.074208130392925	20.063192527894834	20.079157169196407	20.6901051306086	20.65323361683184	20.7066705933199	20.0	20.530674910759313	19.76158083719509	20.594914036966895	20.569418561975255	20.60636852573124
2018-01-10 15:20:00	21.181723918354795	21.162556787873257	21.19033523784651	20.020280176999993	20.010055559957486	20.024873845526336	20.091950502207442	20.079981326068165	20.097327958154082	20.04447723036325	20.034048455787847	20.049162621839145	20.693008344616583	20.656075365791423	20.709601422059777	20.0	20.5452800091408	19.755019126328044	20.563126244093137	20.53831339801546	20.574274044504833
2018-01-10 15:30:00	21.191292519009966	21.17193723735258	21.199988370189374	20.0	20.004429034046932	19.998010144123832	20.065219481632507	20.053786083475742	20.070356225731928	20.01504711277626	20.005199268867948	20.019471506416224	20.69588965757878	20.658895683464294	20.71251013870267	20.0	20.5549416360974	19.750678395376532	20.53185892569294	20.507717521543867	20.5427050637889
2018-01-10 15:40:00	21.20077884906602	21.18123691802292	21.209558557215814	20.0	20.041213706442573	19.98148369710551	20.03875361937696	20.027850700562958	20.043652032177448	20.0	20.009662633564375	19.995658816804408	20.698749270504695	20.661694763155623	20.715396947719483	20.0	20.561333024893443	19.74780690185947	20.50110361491448	20.47762264324868	20.511653036967232
2018-01-10 15:50:00	21.210183961791145	21.190457376418664	21.21904663058168	20.0	20.06538128918055	19.97062579761454	20.012550271696142	20.002172562355746	20.017212720820083	20.0	20.04260690182356	19.98085776874594	20.70158734371021	20.664472756370166	20.718262013384717	20.0	20.565561075826192	19.745907342744758	20.47085193205987	20.448020574977868	20.481109498285115
2018-01-10 16:00:00	21.23815755974476	21.177658638469794	21.265338234520478	20.0	20.056016777953545	19.974833041788994	20.0	19.980869387459354	20.008594912880575	20.0	20.03906397700684	19.982449517576644	20.70556597545661	20.64091881529216	20.734610351762377	20.0	20.575732957462943	19.741337366936946	20.41519966691273	20.362597865727764	20.438832360198738
2018-01-10 16:10:00	21.217435328472316	21.1718847755318	21.237900069648497	20.0	20.102311772693728	19.95403384125355	20.0	20.047164247305375	19.978810265703373	20.0	20.08913353064224	19.95995450072596	20.696945596866996	20.648130124273912	20.71887718600302	20.0	20.60067955755572	19.73012947414164	20.351921588839726	20.316693660932827	20.367748628913844
2018-01-10 16:20:00	21.1994756821291	21.168780886042867	21.21326609776205	20.0	20.13419200963479	19.93971083625104	20.0	20.092166661806946	19.958591789622957	20.0	20.123497272464984	19.94451571816791	20.69099272100937	20.657938384429478	20.705843220052508	20.0	20.61827127525672	19.722225948797707	20.294351782504396	20.276354693554964	20.302437431162836
2018-01-10 16:30:00	21.18416470390376	21.168273649815674	21.191304162986818	20.0	20.15667574744943	19.929609446798093	20.0	20.123270668494214	19.944617525748974	20.0	20.147614829706466	19.9336802939	20.68765718356207	20.670308596259687	20.695451476408074	20.0	20.63101563817481	19.716500220530158	20.242359104526695	20.241473128472038	20.24275715173966
2018-01-10 16:40:00	21.17147977375261	21.170340835514367	21.171991470642247	20.0	20.172986778373385	19.922281302469937	20.0	20.145252175890274	19.934741776049293	20.0	20.16500022971494	19.925869462012134	20.686919300173702	20.685221471202205	20.687682092900033	20.0	20.64055334622491	19.71221516329026	20.195852267771475	20.211959596693198	20.18861564173418
2018-01-10 16:50:00	21.161398340522087	21.17496033862284	21.15530526891161	20.0	20.18524292985895	19.916774915570617	20.0	20.161246023805703	19.92755613423222	20.0	20.177962399025386	19.920045878698737	20.68875950676667	20.70265786148684	20.682515318414126	20.0	20.647969778921517	19.708883142803373	20.154741438695012	20.187726197235804	20.139922199350597
2018-01-10 17:00:00	21.17755701083759	21.185321669495487	21.174068541005788	20.0	20.169166759175223	19.923997542979247	20.0	20.14592038888175	19.934441564415444	20.0	20.16240459792318	19.927035615425815	20.70380567171591	20.72190934463016	20.695672137508055	20.0	20.652849515565176	19.706690797354778	20.116161767147304	20.15265510009666	20.09976621176426
2018-01-10 17:10:00	21.137723894509783	21.148575526331065	21.13284852369152	20.0	20.203984961160675	19.908354582666945	20.0	20.183379511035774	19.917612103737547	20.0	20.197523084598743	19.91125774460057	20.687243291397817	20.708383837480742	20.677745364896793	20.0	20.66982946062546	19.699062126385662	20.04573664086601	20.0864976457531	20.027423725626885
2018-01-10 17:20:00	21.098881633135644	21.112782053029804	21.09263651695131	20.0	20.22679255322564	19.898107693478334	20.0	20.20789604924498	19.9065974271508	20.0	20.220531996611278	19.90092040731957	20.671468243612235	20.69561600901492	20.660619247561755	20.0	20.681047575954423	19.69402210355671	20.0	20.068357081668697	19.96928884736624
2018-01-10 17:30:00	21.06094693695796	21.07788212551535	21.053338373982903	20.0	20.241775058555227	19.891376422967944	20.0	20.22398787335456	19.8993677670436	20.0	20.23564964064521	19.89412842231882	20.656447079158994	20.683586124492983	20.644254174733575	20.0	20.688468630552375	19.690688006563427	20.0	20.131171239182976	19.941067993990256
2018-01-10 17:40:00	21.023912828679677	21.04386854489684	21.014947217045886	20.0	20.2516171358116	19.886954620142618	20.0	20.234549932660386	19.894622494022144	20.0	20.245582389721662	19.88966588287867	20.642174139228608	20.67228861488174	20.628644447268506	20.0	20.693377827507074	19.68848242532291	20.0	20.166015825709405	19.92541317975375
2018-01-10 17:50:00	20.98777252534745	21.010734778743625	20.977456150633227	20.0	20.258082442105874	19.88404991731476	20.0	20.241482465457263	19.891507877838045	20.0	20.252108506180278	19.886733859542193	20.62864378569889	20.661717961423644	20.61378437341676	20.0	20.69662537332463	19.68702338299908	20.0	20.18533899654118	19.916731755177146
2018-01-10 18:00:00	20.958313412622775	20.97926096746138	20.948902192332962	20.0	20.256043331311695	19.88496603955562	20.0	20.23932510483491	19.892477126813304	20.0	20.250123600943542	19.887625628561594	20.618457947764746	20.651699913824206	20.603523151419196	20.0	20.698496125770692	19.686182900016064	20.0	20.19352026760691	19.91305611165486
2018-01-10 18:10:00	20.898196061821114	20.888316357818333	20.902634769416565	20.0	20.25768072659114	19.88423039819819	20.0	20.240802247256305	19.891813483116735	20.0	20.251838890723445	19.88685499112425	20.584655013223657	20.584589642115933	20.58468438285176	20.0	20.703580818383802	19.683898472900026	20.0	20.20523711381312	19.907792021330334
2018-01-10 18:20:00	20.825355264009403	20.78494629623549	20.843510017646963	20.0	20.265955358318326	19.880512810030904	20.0	20.24908642061194	19.88809160813087	20.0	20.260155895022184	19.883118366004524	20.537691066031876	20.504598471521025	20.552558753420804	20.0	20.712111948607717	19.68006564627769	20.0	20.221882634546933	19.900313598971664
2018-01-10 18:30:00	20.739876613412893	20.66919512421446	20.771632065081754	20.0	20.278583998419133	19.87483907317402	20.0	20.261831944244	19.882365358383133	20.0	20.272804439073813	19.877435686792925	20.477669551677394	20.411826103805744	20.507251390576254	20.0	20.72292158323176	19.675209143765443	20.0	20.24125778543306	19.891608821037316
2018-01-10 18:40:00	20.64186878405224	20.541166723431463	20.687111738823894	20.0	20.294072822304603	19.867880326210983	20.0	20.277505731941847	19.875323511736276	20.0	20.28829895075538	19.870474384443234	20.404688830906164	20.30636884912685	20.448861576343244	20.0	20.735238501983144	19.66967545563076	20.0	20.26214667094377	19.882223959431055
2018-01-10 18:50:00	20.531440633231185	20.40096759470303	20.590058954888764	20.0	20.31144051074849	19.860077451692714	20.0	20.29510152331322	19.867418156192613	20.0	20.305663345953732	19.862672989499046	20.318846505182282	20.18832224176779	20.37748784091923	20.0	20.748552523580525	19.66369379375368	20.0	20.283875000806905	19.872461956159214
2018-01-10 19:00:00	20.408700065067723	20.248703359096655	20.480582643112697	20.0	20.330042435436166	19.851720065238833	20.0	20.31395884343186	19.858946026863947	20.0	20.3242563124618	19.854319627734554	20.220239439473758	20.05778108752403	20.293227974407696	20.0	20.762526151465284	19.657415787022842	20.0	20.306068848493926	19.862490807198377
2018-01-10 19:10:00	20.29176866431155	20.134189796222678	20.362564967365973	20.0	20.356827052409795	19.83968639674343	20.0	20.341587781200335	19.846533025837537	20.0	20.35097952947077	19.842313544730523	20.12564633784405	19.965194638249876	20.19773333331389	20.0	20.7762230971606	19.651262086782914	20.0	20.329559715092252	19.851936939596232
2018-01-10 19:20:00	20.175841844298546	20.020602212540993	20.245587186102664	20.0	20.37440124255361	19.83179074609911	20.0	20.3596998300088	19.83839572854678	20.0	20.36851669511645	19.834434528281015	20.031776226756186	19.873311511671748	20.1029705190405	20.0	20.78527924210536	19.64719338398165	20.0	20.342573172576486	19.84609031376998
2018-01-10 19:30:00	20.060922966598415	19.907999064238755	20.129627908238263	20.0	20.38594583930094	19.826604043212626	20.0	20.37158792117771	19.833054702079586	20.0	20.38003917299008	19.82925776285953	20.0	19.931473430673865	20.030787299262467	20.0	20.791270093609675	19.644501842001446	20.0	20.34978984588756	19.84284804025341
2018-01-10 19:40:00	20.0	19.920806454650766	20.035579708780094	20.0	20.39352953851946	19.82319687399851	20.0	20.379390810653284	19.82954905608331	20.0	20.387609789290536	19.825856471478165	20.0	20.03576167056274	19.9839331625008	20.0	20.795233178590678	19.642721325560707	20.0	20.353791876568728	19.84105002646912
2018-01-10 19:50:00	20.0	20.05114834747792	19.97702030765485	20.0	20.398511305784268	19.820958688705627	20.0	20.384512329632926	19.827248083788113	20.0	20.39258391309645	19.823621720203043	20.0	20.104022640478938	19.953265190509462	20.0	20.797854849746493	19.6415434733023	20.0	20.356011216278553	19.840052931816878
2018-01-10 20:00:00	20.0	20.13692962437	19.93848089339899	20.0	20.40178385185521	19.819488414383898	20.0	20.387873899310463	19.82573781335328	20.0	20.395852062828695	19.82215342104798	20.0	20.148701673153695	19.933192001916456	20.0	20.799589145044752	19.640764297153808	20.0	20.357241958654097	19.839499989590184
2018-01-10 20:10:00	20.0	20.194966602195308	19.912406309158634	20.0	20.405513299065785	19.81781286563712	20.0	20.39178250523309	19.82398177301122	20.0	20.39956855909127	19.82048369084305	20.0	20.180038449190512	19.919113160508612	20.0	20.80058362950517	19.640317499787535	20.0	20.358147084829135	19.83909333869995
2018-01-10 20:20:00	20.0	20.231606430806345	19.89594493688411	20.0	20.406417384547197	19.817406682304888	20.0	20.392777111749275	19.8235349208083	20.0	20.40046651786673	19.820080260088858	20.0	20.1988849570911	19.910645888843128	20.0	20.800133475962955	19.64051974268331	20.0	20.356472351754512	19.839845755008838
2018-01-10 20:30:00	20.0	20.254170031124417	19.885807667175992	20.0	20.40546993015436	19.81783235022051	20.0	20.39186391692207	19.823945196745164	20.0	20.399517074459233	19.820506821619762	20.0	20.209560100596278	19.905849809877033	20.0	20.798728669020488	19.64115088783138	20.0	20.353369842003165	19.841239636201475
2018-01-10 20:40:00	20.0	20.26747076593676	19.87983197472407	20.0	20.403306183751482	19.81880446816963	20.0	20.38969850585341	19.824918062587606	20.0	20.397353825565695	19.821478716050194	20.0	20.21488681582868	19.903456647961026	20.0	20.796692336004952	19.642065762084734	20.0	20.349475549929704	19.84298924568375
2018-01-10 20:50:00	20.0	20.27467607354139	19.87659480753938	20.0	20.400343449222397	19.82013555179864	20.0	20.38671118847531	19.826260190685005	20.0	20.39439306953181	19.82280891079006	20.0	20.216712810477205	19.90263627355372	20.0	20.794238234081252	19.64316832961567	20.0	20.34514217224499	19.84493612551312
2018-01-10 21:00:00	20.0	20.27787028730143	19.875159725995015	20.0	20.39685585645818	19.821702441301404	20.0	20.38318440250129	19.82784468873131	20.0	20.39090832792705	19.82437451933712	20.0	20.216247468219176	19.9028453403653	20.0	20.791507768490984	19.644395060533036	20.0	20.340565298606414	19.846992402075372
2018-01-10 21:10:00	20.0	20.276836363317635	19.875624242567447	20.0	20.39144378487558	19.824133951722573	20.0	20.377601330743367	19.830353025318196	20.0	20.38551008814979	19.826799815468934	20.0	20.212189481454736	19.90466849383918	20.0	20.788747273485864	19.64563528292664	20.0	20.335630779228605	19.849209360056708
2018-01-10 21:20:00	20.0	20.27616014520479	19.8759280507051	20.0	20.38789301616358	19.825729224622165	20.0	20.37394164369989	19.83199723254063	20.0	20.381967737665747	19.828391306266113	20.0	20.209537317427746	19.905860045793332	20.0	20.78692214958784	19.646455266127198	20.0	20.332897213827987	19.850437483642494
2018-01-10 21:30:00	20.0	20.27571515449557	19.87612797406721	20.0	20.385560493358906	19.826777169650352	20.0	20.371539557604876	19.8330764306413	20.0	20.37964029990724	19.82943696670834	20.0	20.207801385379437	19.906639957293297	20.0	20.785714787416772	19.64699770420406	20.0	20.331381302365703	19.851118545313955
2018-01-10 21:40:00	20.0	20.275422328449725	19.876259533595057	20.0	20.38402824829651	19.827465569605923	20.0	20.36996291993981	19.83378477509951	20.0	20.37811110293938	19.830123997230135	20.0	20.20666516117739	19.907150434833348	20.0	20.784916089788712	19.647356539370286	20.0	20.330540648518674	19.851496230375663
2018-01-10 21:50:00	20.0	20.275229634324948	19.876346106317783	20.0	20.383021709393308	19.827917782736346	20.0	20.36892807512357	19.83424970537927	20.0	20.37710637429645	19.830575397055217	20.0	20.205921465337877	19.9074845590511	20.0	20.784387733080834	19.647593917021652	20.0	20.33007446107193	19.85170567690971
2018-01-10 22:00:00	20.0	20.275102831992143	19.876403075481797	20.0	20.382360509309592	19.828214843643522	20.0	20.36824884246436	19.83455486787834	20.0	20.376446237200224	19.830871980388302	20.0	20.20543469212813	19.90770325426128	20.0	20.784038213061027	19.647750947755192	20.0	20.32981593523963	19.851821826196684
2018-01-10 22:10:00	20.0	20.275019389740727	19.87644056402953	20.0	20.381926163901376	19.828409984334172	20.0	20.36780302005902	19.83475516490102	20.0	20.37601250716898	19.831066844605242	20.0	20.205116083168654	19.907846397416982	20.0	20.7838069975916	19.64785482716899	20.0	20.329672568861124	19.85188623717833
2018-01-10 22:20:00	20.0	20.27496448058277	19.87646523336137	20.0	20.381640840384005	19.828538173160812	20.0	20.367510399239805	19.834886632225597	20.0	20.37572753342465	19.831194876287476	20.0	20.204907543201582	19.907940089286246	20.0	20.783654043282027	19.647923545771846	20.0	20.329593064548767	19.851921956507073
2018-01-10 22:30:00	20.0	20.274928347621618	19.87648146701058	20.0	20.381453410039175	19.8286223809969	20.0	20.367318334097234	19.83497292236212	20.0	20.37554029705825	19.83127899697383	20.0	20.204771046983883	19.908001413673908	20.0	20.783552860515716	19.647969004695838	20.0	20.32954897516222	19.851941764782186
2018-01-10 22:40:00	20.0	20.274904570333327	19.87649214956039	20.0	20.38133028617453	19.828677697515797	20.0	20.367192269864724	19.835029559915853	20.0	20.37541727710469	19.83133426680804	20.0	20.2046817057527	19.908041552487916	20.0	20.783485925806726	19.647999076811473	20.0	20.329524525243098	19.85195274952846
2018-01-10 22:50:00	20.0	20.274888923693176	19.876499179210317	20.0	20.381249405535645	19.82871403519414	20.0	20.367109526111726	19.83506673464546	20.0	20.375336449275686	19.831370580760197	20.0	20.204623228999775	19.908067824652274	20.0	20.783441646969226	19.64801897020223	20.0	20.329510966457498	19.851958841156772
2018-01-10 23:00:00	20.0	20.27487862742456	19.87650380507013	20.0	20.38119627466796	19.828737905583967	20.0	20.367055216268867	19.835091134719782	20.0	20.375283342948215	19.831394440124715	20.0	20.20458495405572	19.908085020641632	20.0	20.783412355507753	19.648032130134197	20.0	20.3295034473869	19.851962219289938
2018-01-10 23:10:00	20.0	20.27614276174129	19.87593586066696	20.0	20.382425129679472	19.828185811303435	20.0	20.368381328863983	19.83449534500314	20.0	20.37650382921731	19.830846105713963	20.0	20.206234214462643	19.907344048574757	20.0	20.78327074538092	19.648095752075236	20.0	20.32967736866942	19.85188408074272
2018-01-10 23:20:00	20.0	20.275733511169634	19.876119726865824	20.0	20.38199572666198	19.828378731499697	20.0	20.367995057294102	19.834668887302655	20.0	20.37607061145842	19.83104073977955	20.0	20.205982159815427	19.90745729051771	20.0	20.782290644928686	19.648536087061025	20.0	20.328032478701076	19.85262308927922
2018-01-10 23:30:00	20.0	20.27422641689421	19.87679682719246	20.0	20.38048056675135	19.829059455517516	20.0	20.36648870845301	19.835345652724016	20.0	20.374554431365567	19.831721922140108	20.0	20.20448877428147	19.908128231844557	20.0	20.780756669954283	19.64922526422344	20.0	20.325381273916975	19.85381421026918
2018-01-10 23:40:00	20.0	20.271996883770587	19.87779850149438	20.0	20.3782521641811	19.830060621889658	20.0	20.364247179406206	19.836352716498666	20.0	20.372326706321555	19.832722784116402	20.0	20.20218289235064	19.909164207784496	20.0	20.778856293624607	19.650079056487492	20.0	20.322172011908304	19.855256052620902
2018-01-10 23:50:00	20.0	20.269291949539173	19.879013761801243	20.0	20.37555522913999	19.8312722883574	20.0	20.36152310576462	19.837576575670973	20.0	20.36963147490585	19.833933685187226	20.0	20.199345205377842	19.91043911062735	20.0	20.776713534367584	19.65104174542906	20.0	20.318653277069057	19.85683693349072
2018-01-11 00:00:00	20.0	20.29301812170636	19.868354177204395	20.0	20.39971227565909	19.820419122529977	20.0	20.386139799508182	19.82651690167023	20.0	20.39372424614158	19.823109396661028	20.0	20.21829480159921	19.901925523919196	20.0	20.79259592178656	19.64390618006691	20.0	20.339648109003623	19.847404472766495
2018-01-11 00:10:00	20.0	20.28459567315927	19.872138175826997	20.0	20.39331616958076	19.82329273540575	20.0	20.379153618268532	19.8296556207779	20.0	20.387256450976743	19.826015217677117	20.0	20.20936670414753	19.90593669813662	20.0	20.799676629190007	19.640724992682753	20.0	20.332944608878183	19.850416190214155
2018-01-11 00:20:00	20.0	20.279085118731377	19.874613932164166	20.0	20.389146242882287	19.825166180734048	20.0	20.37460233179254	19.831700401658416	20.0	20.383038863720568	19.827910075719743	20.0	20.203545246704	19.908552135538784	20.0	20.804364286864008	19.638618943582838	20.0	20.32924927022853	19.852076414824868
2018-01-11 00:30:00	20.0	20.275458859397972	19.876243121140046	20.0	20.386406955364443	19.82639687512612	20.0	20.371614992587354	19.833042539562193	20.0	20.380267737488836	19.829155074461536	20.0	20.19973489131638	19.910264034336123	20.0	20.807465273167104	19.637225746837967	20.0	20.327199982904954	19.852997109129664
2018-01-11 00:40:00	20.0	20.273072601584236	19.877315207983898	20.0	20.38460750594257	19.82720532341711	20.0	20.369654218530165	19.83392346703716	20.0	20.378447025074784	19.829973075691036	20.0	20.197240890530882	19.91138452744265	20.0	20.809516644779038	19.63630411611377	20.0	20.326063544752646	19.853507682792294
2018-01-11 00:50:00	20.0	20.27150232600174	19.878020694115165	20.0	20.38342544005255	19.827736396498132	20.0	20.36836724213214	19.834501673824683	20.0	20.377250762783806	19.830510526865247	20.0	20.19560848637255	19.912117926412336	20.0	20.81087367285678	19.635694436832463	20.0	20.325433329703774	19.853790822886715
2018-01-11 01:00:00	20.0	20.27046900705744	19.878484938858254	20.0	20.382648936000102	19.82808526063764	20.0	20.367522520506643	19.83488118643904	20.0	20.37646478282465	19.83086364829617	20.0	20.19454002506667	19.91259795975266	20.0	20.811771377199126	19.6352911203888	20.0	20.325083842134255	19.853947839041137
2018-01-11 01:10:00	20.0	20.269789032120226	19.87879043484454	20.0	20.382138847223732	19.82831443095746	20.0	20.36696807784093	19.83513028386856	20.0	20.37594837057894	19.83109565959497	20.0	20.193840682593198	19.91291215709581	20.0	20.812365228645156	19.63502431756522	20.0	20.32489003279655	19.854034912801556
2018-01-11 01:20:00	20.0	20.269341575003644	19.878991466302715	20.0	20.381803767762147	19.828464973903966	20.0	20.366604163079003	19.835293781805078	20.0	20.375609072350766	19.831248097929368	20.0	20.19338294033082	19.91311780941659	20.0	20.812758074622757	19.6348478215463	20.0	20.324782555270406	19.854083199806055
2018-01-11 01:30:00	20.0	20.269047126105367	19.879123754938174	20.0	20.3815836526552	19.828563866198394	20.0	20.366365303477544	19.83540109553907	20.0	20.375386143307928	19.831348254455857	20.0	20.193083333218876	19.913252415510357	20.0	20.813017950999452	19.634731065493	20.0	20.3247229532989	19.8541099775034
2018-01-11 01:40:00	20.0	20.2688533641771	19.879210807398696	20.0	20.38143905811611	19.82862882896233	20.0	20.366208525256013	19.83547153213135	20.0	20.37523967228628	19.83141406027718	20.0	20.192887230676124	19.913340519551305	20.0	20.813189865019254	19.63465382875947	20.0	20.324689900853993	19.85412482715256
2018-01-11 01:50:00	20.0	20.26872585925161	19.879268092220297	20.0	20.381344073355525	19.82867150327506	20.0	20.366105622083833	19.83551776399132	20.0	20.375143436462036	19.831457296661984	20.0	20.19275887522081	19.913398186495	20.0	20.81330358997797	19.634602734937438	20.0	20.324671571525517	19.854133062068254
2018-01-11 02:00:00	20.0	20.268641954708688	19.879305788464215	20.0	20.38128167746697	19.828699536210497	20.0	20.366038080413823	19.83554810879958	20.0	20.37508020665885	19.83148570425472	20.0	20.19267486242514	19.913435931374217	20.0	20.813378821574815	19.634568935234505	20.0	20.324661406943704	19.854137628764427
2018-01-11 02:10:00	20.0	20.268586741372523	19.879330594455823	20.0	20.38124068934549	19.828717951163625	20.0	20.365993748669116	19.835568025960242	20.0	20.375038662794644	19.831504368889362	20.0	20.192619873333715	19.91346063661819	20.0	20.8134285889542	19.6345465759771	20.0	20.32465577014555	19.85414016123896
2018-01-11 02:20:00	20.0	20.26855040826836	19.879346918024364	20.0	20.381213764076186	19.828730048023747	20.0	20.365964651023255	19.835581098815638	20.0	20.37501136723815	19.831516632110397	20.0	20.192583881195283	19.913476806999228	20.0	20.81346151118573	19.6345317848296	20.0	20.324652644242935	19.854141565629995
2018-01-11 02:30:00	20.0	20.268526499290065	19.87935765973925	20.0	20.38119607675358	19.82873799450202	20.0	20.365945552451777	19.835589679333253	20.0	20.374993433244637	19.831524689411832	20.0	20.192560323176878	19.913487391036476	20.0	20.81348328997623	19.63452200015561	20.0	20.324650910764625	19.854142344439087
2018-01-11 02:40:00	20.0	20.26851076600068	19.87936472831854	20.0	20.381184457877026	19.828743214576992	20.0	20.365933016886697	19.835595311253797	20.0	20.374981650076705	19.83152998329887	20.0	20.19254490369205	19.91349431863111	20.0	20.813497697131922	19.634515527375516	20.0	20.324649949459232	19.854142776329915
2018-01-11 02:50:00	20.0	20.268500412718623	19.879369379793083	20.0	20.38117682538816	19.828746643666193	20.0	20.365924789025733	19.83559900782901	20.0	20.374973908184405	19.83153346154034	20.0	20.1925348111407	19.913498852965773	20.0	20.81350722778677	19.634511245487108	20.0	20.324649416364544	19.854143015836225
2018-01-11 03:00:00	20.0	20.268493599747313	19.87937244069324	20.0	20.38117181157415	19.8287488962493	20.0	20.365919388575318	19.835601434118338	20.0	20.37496882153059	19.831535746848576	20.0	20.19252820523941	19.91350182083447	20.0	20.813513532527548	19.634508412922408	20.0	20.324649120735398	19.854143148655115
2018-01-11 03:10:00	20.0	20.2684891164754	19.87937445491685	20.0	20.38116851797859	19.82875037598064	20.0	20.36591584392822	19.83560302664094	20.0	20.374965479447443	19.831537248364192	20.0	20.192523881463256	19.91350376340057	20.0	20.81351770325419	19.634506539117684	20.0	20.324648956793343	19.854143222310242
2018-01-11 03:20:00	20.0	20.26848616626091	19.879375780375536	20.0	20.381166354401834	19.82875134802237	20.0	20.36591351735881	19.83560407191125	20.0	20.374963283599286	19.831538234904666	20.0	20.1925210514121	19.913505034872827	20.0	20.813520462282895	19.63450529955406	20.0	20.324648865878853	19.854143263155883
2018-01-11 03:30:00	20.0	20.268484224873962	19.87937665259286	20.0	20.381164933139196	19.828751986560654	20.0	20.36591199028828	19.835604757986417	20.0	20.374961840861634	19.83153888309115	20.0	20.192519199052075	19.913505867092546	20.0	20.813522287441952	19.63450447955507	20.0	20.32464881546191	19.854143285806973
2018-01-11 03:40:00	20.0	20.268482947345394	19.879377226554972	20.0	20.38116399950581	19.828752406019134	20.0	20.3659109879783	19.835605208299597	20.0	20.37496089294004	19.831539308968967	20.0	20.192517986622555	19.913506411807262	20.0	20.81352349482536	19.634503937107446	20.0	20.324648787503087	19.854143298368186
2018-01-11 03:50:00	20.0	20.268482106668465	19.879377604250404	20.0	20.381163386198082	19.828752681563184	20.0	20.365910330100547	19.83560550386786	20.0	20.37496027012742	19.831539588783333	20.0	20.192517193048367	19.91350676834059	20.0	20.813524293536425	19.634503578266244	20.0	20.324648771998433	19.854143305334045
2018-01-11 04:00:00	20.0	20.268481553461537	19.879377852792647	20.0	20.38116298331364	19.82875286256924	20.0	20.36590989829521	19.835605697867365	20.0	20.3749598609207	19.83153977262983	20.0	20.19251667362833	19.913507001703216	20.0	20.813524821901588	19.634503340884798	20.0	20.324648763400305	19.854143309196967
2018-01-11 04:10:00	20.0	20.268481189423987	19.879378016345747	20.0	20.381162718657166	19.82875298147287	20.0	20.36590961487465	19.83560582520125	20.0	20.374959592059895	19.831539893422367	20.0	20.192516333651177	19.913507154446577	20.0	20.813525171426942	19.634503183851663	20.0	20.324648758632197	19.85414331133916
2018-01-11 04:20:00	20.0	20.268480949869318	19.879378123971758	20.0	20.381162544803196	19.828753059581175	20.0	20.365909428848347	19.83560590877827	20.0	20.37495941541042	19.831539972786626	20.0	20.19251611112505	19.91350725442208	20.0	20.813525402645755	19.63450307997075	20.0	20.32464875598795	19.854143312527157
2018-01-11 04:30:00	20.0	20.26848079223052	19.879378194794988	20.0	20.381162430597822	19.828753110890837	20.0	20.365909306747984	19.835605963634954	20.0	20.37495929934631	19.831540024931368	20.0	20.192515965474314	19.91350731985937	20.0	20.81352555560217	19.6345030112512	20.0	20.324648754521654	19.85414331318593
2018-01-11 04:40:00	20.0	20.268480688496386	19.87937824140018	20.0	20.381162355575828	19.828753144596373	20.0	20.36590922660602	19.83560599964077	20.0	20.374959223088837	19.831540059191973	20.0	20.19251587014149	19.913507362690055	20.0	20.813525656786236	19.634502965791693	20.0	20.324648753708523	19.85414331355125
2018-01-11 04:50:00	20.0	20.268480620234158	19.879378272068713	20.0	20.38116230629355	19.828753166737684	20.0	20.365909174003896	19.835606023273606	20.0	20.374959172985303	19.831540081702254	20.0	20.192515807743078	19.913507390724128	20.0	20.81352572372178	19.6345029357192	20.0	20.324648753257552	19.854143313753855
2018-01-11 05:00:00	20.0	20.268480575314264	19.879378292250117	20.0	20.381162273919823	19.8287531812824	20.0	20.365909139477914	19.83560603878528	20.0	20.374959140065833	19.831540096492162	20.0	20.192515766901206	19.913507409073375	20.0	20.813525768001103	19.634502915825593	20.0	20.324648753007438	19.85414331386622
2018-01-11 05:10:00	20.0	20.268480545754755	19.879378305530476	20.0	20.38116225265335	19.828753190836903	20.0	20.365909116816347	19.835606048966568	20.0	20.374959118436724	19.831540106209587	20.0	20.19251574016874	19.913507421083608	20.0	20.813525797292883	19.634502902665517	20.0	20.324648752868775	19.854143313928528
2018-01-11 05:20:00	20.0	20.268480526303097	19.879378314269626	20.0	20.381162238683338	19.82875319711329	20.0	20.3659091019423	19.8356060556491	20.0	20.374959104225844	19.831540112594183	20.0	20.192515722671583	19.913507428944655	20.0	20.81352581667002	19.634502893959848	20.0	20.324648752791923	19.854143313963057
2018-01-11 05:30:00	20.0	20.268480513502965	19.87937832002041	20.0	20.381162229506366	19.828753201236275	20.0	20.365909092179333	19.835606060035367	20.0	20.37495909488879	19.831540116789096	20.0	20.19251571121924	19.913507434089908	20.0	20.81352582948846	19.63450288820084	20.0	20.324648752749233	19.854143313982235
2018-01-11 05:40:00	20.0	20.26848050507987	19.8793783238047	20.0	20.38116222347798	19.828753203944682	20.0	20.36590908577149	19.835606062914252	20.0	20.374959088754085	19.831540119545267	20.0	20.19251570372324	19.913507437457675	20.0	20.81352583796814	19.634502884391125	20.0	20.324648752725594	19.854143313992854
2018-01-11 05:50:00	20.0	20.268480499537045	19.879378326294955	20.0	20.381162219517915	19.828753205723835	20.0	20.365909081565455	19.83560606480392	20.0	20.374959084723418	19.831540121356145	20.0	20.19251569881677	19.91350743966203	20.0	20.813525843577626	19.634502881870922	20.0	20.324648752712495	19.85414331399873
2018-01-11 06:00:00	20.0	20.268678786608522	19.87928924079907	20.0	20.38135772007466	19.82866537214037	20.0	20.366115507837037	19.83551332256597	20.0	20.37515554392427	19.8314518570775	20.0	20.192665368387665	19.913440196811337	20.0	20.813547088495675	19.63449333705267	20.0	20.324719622317353	19.85411147403133
2018-01-11 06:10:00	20.0	20.27465211492458	19.876605571555626	20.0	20.38727245303793	19.826008028345278	20.0	20.372499332067903	19.832645227621665	20.0	20.381028362492668	19.82881334438735	20.0	20.20062075647361	19.90986603694664	20.0	20.812730511247786	19.634860205091577	20.0	20.325389880270375	19.853810343646643
2018-01-11 06:20:00	20.0	20.27258454048035	19.87753448181318	20.0	20.385181214752333	19.82694757018374	20.0	20.370615962158055	19.833491379320293	20.0	20.378917732024284	19.829761598655757	20.0	20.199392247877952	19.910417975591063	20.0	20.807906205938796	19.637027646607212	20.0	20.31734537928783	19.857424539740247
2018-01-11 06:30:00	20.0	20.265241335412053	19.880833602930817	20.0	20.377847567604924	19.830242397163005	20.0	20.36332451845645	19.836767245331153	20.0	20.371578517690228	19.833058926834823	20.0	20.19216750425676	19.913663874899136	20.0	20.800434340081313	19.64038457184753	20.0	20.304478984873164	19.863205093752637
2018-01-11 06:40:00	20.0	20.25442648761585	19.88569244759288	20.0	20.36707013925807	19.835084430188402	20.0	20.352483395406846	19.841637894817207	20.0	20.36080394714582	19.837899675919992	20.0	20.18101801215861	19.918673067001205	20.0	20.791211050343346	19.644528368686327	20.0	20.288938584271577	19.87018701286349
2018-01-11 06:50:00	20.0	20.241327120285206	19.8915776705965	20.0	20.354030470667038	19.84094283201916	20.0	20.339312403825254	19.84755529683213	20.0	20.347772241040172	19.84375450040224	20.0	20.16729965382105	19.924836387413734	20.0	20.780829154815006	19.64919269856137	20.0	20.271915303173433	19.877835153646718
2018-01-11 07:00:00	20.0	20.253651293147524	19.886040723368502	20.0	20.366846844018607	19.835184751238017	20.0	20.35246008520282	19.84164836751757	20.0	20.36053393288514	19.838020986674792	20.0	20.174173306371028	19.92174822467389	20.0	20.787885900249538	19.646022276699483	20.0	20.278820248994386	19.87473293161122
2018-01-11 07:10:00	20.0	20.22624381835374	19.898354226536725	20.0	20.341553176266416	19.84654857298176	20.0	20.325913696223644	19.853575006044444	20.0	20.335220033245143	19.84939389810725	20.0	20.14352093569219	19.93551957961656	20.0	20.78613347718919	19.646809597204854	20.0	20.256519606946416	19.884752060647262
2018-01-11 07:20:00	20.0	20.209804652968813	19.905739938521258	20.0	20.326529196454725	19.853298476955125	20.0	20.310109926211112	19.860675250542833	20.0	20.320177951147183	19.856151934991843	20.0	20.125156902747264	19.943770087171522	20.0	20.786089164256378	19.646829505913797	20.0	20.246360605489503	19.889316249707612
2018-01-11 07:30:00	20.0	20.20053405465614	19.909904989937097	20.0	20.318201181271647	19.857040048993902	20.0	20.30130290042225	19.86463203024507	20.0	20.311834231382633	19.85990056271215	20.0	20.114797535773892	19.948424295521882	20.0	20.787166864632002	19.646345321687072	20.0	20.24290065669803	19.890870719454508
2018-01-11 07:40:00	20.0	20.19598078914971	19.91195065994723	20.0	20.314271840869658	19.858805404826676	20.0	20.297088342059315	19.866525527480597	20.0	20.307891603466295	19.86167188829775	20.0	20.109677517144114	19.95072459374685	20.0	20.788986809322633	19.645527665376786	20.0	20.24315572307679	19.890756124414775
2018-01-11 07:50:00	20.0	20.194531759217355	19.912601673395102	20.0	20.31323200561676	19.859272577186672	20.0	20.2958880996105	19.86706476684165	20.0	20.30684062090069	19.862144068870702	20.0	20.107986818514124	19.951484182986412	20.0	20.79129776459344	19.644489410110193	20.0	20.245470958878368	19.889715946011172
2018-01-11 08:00:00	20.0	20.221843485780322	19.900331187547973	20.0	20.341226504950388	19.846695338355623	20.0	20.32429684213617	19.854301418750403	20.0	20.334759022522093	19.849601018866885	20.0	20.130656512348576	19.941299248075282	20.0	20.8121162499324	19.6351361775666	20.0	20.273604586468075	19.877076200282467
2018-01-11 08:10:00	20.0	20.223052956887475	19.899787801978093	20.0	20.34459092877191	19.845183785624215	20.0	20.327428240756042	19.8528945585009	20.0	20.338011955194602	19.84813955636184	20.0	20.133043120169766	19.940227003981704	20.0	20.824058425458443	19.629770852330267	20.0	20.27542611233455	19.87625783358883
2018-01-11 08:20:00	20.0	20.222321730125774	19.900116324146392	20.0	20.345278838970174	19.84487472452065	20.0	20.327938105874225	19.852665488665203	20.0	20.33862917459204	19.847862254893425	20.0	20.132955963794682	19.940266161193698	20.0	20.83085216257652	19.626718593625043	20.0	20.274276419036266	19.876774362461973
2018-01-11 08:30:00	20.0	20.22029327951688	19.90102765702865	20.0	20.344189339257547	19.845364209898783	20.0	20.326706702693432	19.853218727775406	20.0	20.337495237706566	19.848371704798495	20.0	20.131238386867476	19.94103782618998	20.0	20.834239338037047	19.625196819142776	20.0	20.271465048855994	19.87803744181833
2018-01-11 08:40:00	20.0	20.217411218862605	19.90232249587332	20.0	20.341932280325285	19.846378250868348	20.0	20.32433242956456	19.854285430195624	20.0	20.3352107687848	19.849398060401025	20.0	20.128453660673873	19.94228893505957	20.0	20.83537300231399	19.624687491714003	20.0	20.26773220959976	19.87971451452765
2018-01-11 08:50:00	20.0	20.213967441130638	19.903869700361597	20.0	20.33890824787264	19.847736874144168	20.0	20.32120802266843	19.855689149235918	20.0	20.332170367087276	19.85076403797528	20.0	20.124970451988847	19.94385385490357	20.0	20.835015921677474	19.62484791924635	20.0	20.263488368189986	19.881621167914652
2018-01-11 09:00:00	20.0	20.212290296768412	19.904623200002597	20.0	20.336428089039305	19.848851148402623	20.0	20.318709192270823	19.85681181216818	20.0	20.329678756821625	19.85188345708014	20.0	20.12211553441654	19.945136499030255	20.0	20.833718944218017	19.625430619264367	20.0	20.259383560042718	19.883465357082265
2018-01-11 09:10:00	20.0	20.204819977609503	19.90797943034935	20.0	20.329953005781665	19.85176024377925	20.0	20.31199470929253	19.859828463941028	20.0	20.323209291175964	19.854790028602103	20.0	20.114788589429164	19.94842831489415	20.0	20.831384381245215	19.62647948088983	20.0	20.25334103671438	19.886180113939922
2018-01-11 09:20:00	20.0	20.199912566702096	19.91018420916283	20.0	20.325706394375278	19.853668141657483	20.0	20.30759507233781	19.861805112427938	20.0	20.31896558137575	19.85669662286017	20.0	20.109998564142277	19.950580355240433	20.0	20.829841573514564	19.627172626392007	20.0	20.249994678160302	19.887683550391756
2018-01-11 09:30:00	20.0	20.19668324155832	19.91163506538684	20.0	20.3229167725613	19.854921450008682	20.0	20.304707314617236	19.863102510824135	20.0	20.31617733263405	19.857949314323832	20.0	20.106863335682792	19.951988936142516	20.0	20.828820972205282	19.627631157415017	20.0	20.248138944418404	19.88851728584101
2018-01-11 09:40:00	20.0	20.194558189255737	19.91258979903003	20.0	20.321084261477022	19.85574475209003	20.0	20.30281190533597	19.863954071515717	20.0	20.314345373389553	19.858772368477155	20.0	20.104811229843914	19.9529108967368	20.0	20.82814582303499	19.62793448530312	20.0	20.24710984442182	19.888979635114836
2018-01-11 09:50:00	20.0	20.193159801940247	19.913218059997867	20.0	20.319880479343386	19.856285581744274	20.0	20.301567834080316	19.864513002079853	20.0	20.313141723711293	19.859313138622472	20.0	20.10346806189286	19.953514349004653	20.0	20.82769919769846	19.628135143063012	20.0	20.246539155434366	19.889236031616445
2018-01-11 10:00:00	20.0	20.182611733154626	19.917957047423286	20.0	20.300335100585396	19.865066838867428	20.0	20.282064246462816	19.873275483473236	20.0	20.293645082063406	19.86807249936282	20.0	20.089156892121288	19.959944004988987	20.0	20.809591126056045	19.636270653511055	20.0	20.22492603649933	19.898946273456826
2018-01-11 10:10:00	20.0	20.171311700617817	19.923033873635482	20.0	20.293423298645468	19.868172141188268	20.0	20.275299300176442	19.876314807167105	20.0	20.286813437002056	19.871141789173	20.0	20.08444827613149	19.962059470143824	20.0	20.796064575585618	19.642347799374583	20.0	20.218381151857308	19.901886728875706
2018-01-11 10:20:00	20.0	20.163881495802784	19.926372081595858	20.0	20.2888744780823	19.870215814194914	20.0	20.270850149056145	19.87831370114869	20.0	20.28231628876608	19.873162247076113	20.0	20.081361477065546	19.963446292912582	20.0	20.787118101709805	19.646367229666616	20.0	20.214745121670173	19.90352030765543
2018-01-11 10:30:00	20.0	20.158992050540924	19.928568788887418	20.0	20.285886353795934	19.87155830481632	20.0	20.267929914227004	19.87962569070961	20.0	20.27936154372075	19.874489741226913	20.0	20.079341073816302	19.964354010314413	20.0	20.781199814971696	19.649026170085186	20.0	20.212728761412034	19.904426208640974
2018-01-11 10:40:00	20.0	20.155774556788987	19.930014329558574	20.0	20.28392344438736	19.872440191652053	20.0	20.26601318681427	19.880486829112442	20.0	20.277420190199088	19.87536194353375	20.0	20.078018655524154	19.964948140271755	20.0	20.777284740919185	19.65078511639863	20.0	20.211610584604973	19.9049285779311
2018-01-11 10:50:00	20.0	20.153657288771477	19.930965565914263	20.0	20.282634002268512	19.873019506227187	20.0	20.26475512225683	19.881052046522278	20.0	20.276144664424788	19.875935005838137	20.0	20.07715309062578	19.96533701725508	20.0	20.774694835170916	19.651948697242055	20.0	20.210990497317272	19.90520716787195
2018-01-11 11:00:00	20.0	20.292204313064435	19.868719801376855	20.0	20.36445126763368	19.836261024686316	20.0	20.350810436530388	19.842389514022578	20.0	20.35778547533793	19.839255800935128	20.0	20.156232293390943	19.92980867978089	20.0	20.793616169020805	19.64344780812108	20.0	20.25771026464897	19.884217127476546
2018-01-11 11:10:00	20.0	20.189066599150287	19.915057035164367	20.0	20.3054772167046	19.862756612784885	20.0	20.28938168390102	19.869987939116918	20.0	20.298730092782066	19.86578792932979	20.0	20.09724165806605	19.956311718839885	20.0	20.77596996942462	19.65137581083821	20.0	20.194398155354886	19.91266169831883
2018-01-11 11:20:00	20.0	20.123003278212163	19.944737657614823	20.0	20.268440820207438	19.87939615324013	20.0	20.250804503715443	19.887319715722036	20.0	20.261631907236353	19.882455230082208	20.0	20.060408151591542	19.972860105806703	20.0	20.765436584700563	19.656108201076556	20.0	20.161572096991808	19.927409637583395
2018-01-11 11:30:00	20.0	20.08107731282918	19.96357396090285	20.0	20.24565262984875	19.889634325720117	20.0	20.227049746491765	19.897992142880504	20.0	20.238796542703692	19.8927145967563	20.0	20.03795985705593	19.98294557146764	20.0	20.75957551844975	19.65874143373997	20.0	20.145542012636547	19.9346115595401
2018-01-11 11:40:00	20.0	20.055035239864903	19.97527402266941	20.0	20.2322243615403	19.895667315829705	20.0	20.21302409761693	19.904293521360508	20.0	20.225332494657426	19.898763661820574	20.0	20.024927258839618	19.988800796753225	20.0	20.756805323565136	19.659986014050446	20.0	20.13882629445262	19.93762876626043
2018-01-11 11:50:00	20.0	20.039445537095574	19.98227809202956	20.0	20.22494465457408	19.898937908814545	20.0	20.20538424894208	19.907725917141946	20.0	20.218025669534978	19.90204643832486	20.0	20.01805753015751	19.99188719659591	20.0	20.756079804880052	19.66031197172056	20.0	20.13727587224915	19.93832533275763
2018-01-11 12:00:00	20.0	20.157842035326826	19.929085462389423	20.0	20.2840421110157	19.872386877659594	20.0	20.26845292345773	19.879390715547956	20.0	20.276969196991498	19.875564563670494	20.0	20.079807113358086	19.964144630230436	20.0	20.759459483522527	19.65879356537394	20.0	20.163723257283394	19.92644317426398
2018-01-11 12:10:00	20.01490878948645	20.081661169670326	19.984918589693706	20.0	20.223358896077702	19.89965035103755	20.0	20.2056526731265	19.907605320769235	20.0	20.216242731983996	19.902847468239074	20.00074121122163	20.0243391828744	19.990139223957357	20.0	20.731569422036426	19.6713238828532	20.0	20.099283461095244	19.955394387044194
2018-01-11 12:20:00	20.07480647717262	20.142587606076148	20.04435408592613	20.0	20.183637397351344	19.917496241769683	20.0	20.16458673320716	19.926055235805464	20.0	20.17648600788837	19.920709184861735	20.028523016392313	20.05418350274374	20.016994392089487	20.0	20.71315127970443	19.679598700422645	20.0	20.06364346556667	19.971406558948317
2018-01-11 12:30:00	20.134739077665376	20.203552160250638	20.10382305505462	20.0	20.157544022205794	19.929219352342315	20.0	20.137632457214394	19.93816512791814	20.0	20.15036449819555	19.932444935593296	20.056728889156556	20.08444885013273	20.0442749936455	20.0	20.70096725885774	19.685072680803046	20.00108448450284	20.046098629264122	19.980860738305765
2018-01-11 12:40:00	20.194711324710667	20.2645581112088	20.163330884399926	20.0	20.14040320458427	19.936920299389683	20.0	20.119940742983346	19.94611357923931	20.0	20.133201918683618	19.940155659721867	20.085357650653272	20.115134292757375	20.071979738983316	20.0	20.69290727355697	19.688693833619325	20.01437090370068	20.061833380705508	19.993047182147805
2018-01-11 12:50:00	20.25472378559877	20.325606401577062	20.222877972622996	20.0	20.12914334908454	19.941979075049005	20.0	20.10832860550846	19.951330626510668	20.0	20.121925612529182	19.945221826254993	20.114408280845385	20.14623985420235	20.10010713919226	20.0	20.687575424231703	19.69108930215677	20.02857808197062	20.078470182685265	20.006162790345172
2018-01-11 13:00:00	20.37584761771831	20.52227258589116	20.310062487089965	20.026791905131617	20.14413863238964	19.974070911725846	20.042026265740926	20.160490794587275	19.988803071621533	20.032231906776545	20.149718754806088	19.97944796056038	20.209009542305683	20.309974845877974	20.163648318961634	20.0	20.63808255523626	19.71332522880688	20.159783500551626	20.28156959098513	20.105068010646704
2018-01-11 13:10:00	20.473991375346163	20.60398756049321	20.41558729216416	20.0454702684055	20.14767851576137	19.999550621042715	20.065426169116233	20.168452250499655	20.0191390890744	20.05260695294169	20.15494030939729	20.006631097142787	20.259766396000042	20.344081997013518	20.2218854738056	20.0	20.5972463822951	19.731671915200735	20.231791218370248	20.3360440512555	20.184952989102953
2018-01-11 13:20:00	20.568775437553033	20.68241948197857	20.51771796831838	20.061381409592354	20.148503571327538	20.02223956881278	20.08602118238821	20.17366243904965	20.046646125047545	20.070200402180227	20.157432620430583	20.03100911571991	20.307582323356876	20.375306493588795	20.27715552223819	20.0	20.569132681394084	19.74430270835917	20.297999475944515	20.384835889412017	20.25898601482143
2018-01-11 13:30:00	20.66025439590066	20.757611211930055	20.616514377104863	20.074548872409128	20.146639190153095	20.042160468785028	20.103833701547845	20.176145902800158	20.07134561113014	20.085035156972282	20.157220681597835	20.05260397924195	20.352477536658554	20.403670198555005	20.32947793493696	20.0	20.549427805203013	19.753155623749365	20.358489032424682	20.42803182975726	20.327245166956402
2018-01-11 13:40:00	20.74845637085379	20.829590036825778	20.71200501367798	20.085000639521944	20.142112800277175	20.059341552805847	20.118891341536838	20.17592970797429	20.093265408789563	20.09713913767123	20.15433185812509	20.07144385746733	20.39447310731233	20.42919304370426	20.37887429531017	20.0	20.535285563902253	19.759509384333768	20.413353554857885	20.465723519507435	20.38982502001531
2018-01-11 13:50:00	20.833409248169655	20.898383058530328	20.804218115978614	20.092764401394366	20.13495154673683	20.07381075638544	20.13122142127506	20.17304061458914	20.112433088047013	20.106539993174867	20.14879327899061	20.087556632880833	20.43358980030475	20.45189468913628	20.42536586474276	20.0	20.524823130975516	19.76420989767766	20.462685162822936	20.498001108167102	20.44681857868278
2018-01-11 14:00:00	21.037455362732263	21.14706951241888	20.988208425916497	20.21769769712233	20.307309001549868	20.177437545857785	20.260958063334616	20.350764674707875	20.220610165471285	20.233013061689554	20.322579175826803	20.192773213309053	20.57413124348443	20.643445575606762	20.542990021806276	20.0	20.454644836109033	19.79573927653071	20.653399552654772	20.73884017035732	20.615013188179717
2018-01-11 14:10:00	21.14887480720422	21.254082012209437	21.101607802056918	20.260565741601287	20.346839518834415	20.22180505907626	20.30744142539495	20.39379253994352	20.26864599711952	20.27722731079955	20.363434061534306	20.23849674162888	20.63987889044472	20.705172931554102	20.610543886468037	20.0	20.419925737410267	19.811337712177988	20.75210791928009	20.832732119069078	20.715885452708193
2018-01-11 14:20:00	21.258855914257843	21.359649519846812	21.213571830587426	20.30243424849233	20.385354715171687	20.265180125781328	20.352904949540786	20.435784947612404	20.31566900837818	20.320432596575202	20.403263918103804	20.283218524584086	20.704537892982653	20.76580513683865	20.677012029800977	20.0	20.396945839836214	19.821662013986625	20.84813005855085	20.923957576325733	20.814062623028775
2018-01-11 14:30:00	21.36732974642025	21.46373965279932	21.324015150800648	20.343241557526788	20.422829753518158	20.30748454193646	20.39728374695135	20.476714410198085	20.361597506941976	20.36256647644175	20.4420435839925	20.326859370150814	20.768077902766212	20.825341304145383	20.742350867363967	20.0	20.3817440900943	19.8284917856098	20.94143964254733	21.012528862637083	20.909501007434528
2018-01-11 14:40:00	21.474309560414802	21.56636555192381	21.43295107147597	20.382998610059982	20.459275319543224	20.348729363770403	20.44058870115337	20.516591552422454	20.406442492612214	20.403639907528806	20.479783746768447	20.36943035656607	20.830507998155802	20.883791440106194	20.80656906046795	20.0	20.37168776180099	19.833009846147377	21.032081156310642	21.09848938852076	21.002245573723457
2018-01-11 14:50:00	21.579808398726037	21.667540153218198	21.540392682939682	20.421716096136716	20.49470186164355	20.38892538989451	20.482830465416786	20.555426818201326	20.450214712716487	20.443663613916815	20.516494906957718	20.410942308347714	20.89183695550618	20.941164608262	20.86967525644195	20.0	20.365035255324837	19.835998653404786	21.120098288270285	21.1818818985805	21.092340434362825
2018-01-11 15:00:00	21.713680260299032	21.771326965661757	21.687781015860708	20.471638459121795	20.525551408041906	20.447416699462053	20.53746517212846	20.590631810044215	20.51357871161558	20.49482803482551	20.548539962931955	20.47069658886464	20.965482199978542	20.996601596775363	20.951501021707486	20.0	20.359222826911044	19.838610034286347	21.202041016363363	21.242580016966073	21.18382784217954
2018-01-11 15:10:00	21.786622872144935	21.842857351811176	21.76135810591805	20.490871887145175	20.544428434591538	20.466810249886663	20.560160657115947	20.612897146119366	20.536467451911506	20.51529138466558	20.568623440740566	20.49133060584927	21.009906412697596	21.040106375066586	20.99633831366225	20.0	20.371316724444846	19.833176544089994	21.25325177240852	21.292714282997977	21.235522238665453
2018-01-11 15:20:00	21.859022922398108	21.913820808814506	21.834403582124054	20.509957183201422	20.563136425314738	20.48606505993314	20.582681997366436	20.63496704904898	20.5591916118279	20.535595981942024	20.588527230132556	20.511815276233236	21.054032869758785	21.08331013294766	21.04087931673189	20.0	20.379300293777042	19.829589723085675	21.303666318058273	21.342046273065108	21.286423149866806
2018-01-11 15:30:00	21.930798078742455	21.984172075406462	21.90681845705282	20.528847837794956	20.58165365111539	20.50512348688288	20.60497989108041	20.656818030778183	20.581690292085753	20.55569505980965	20.60822958420657	20.532092592326975	21.097830470291598	21.126193169114103	21.085087808501783	20.0	20.384581636546706	19.82721694589931	21.353255296342212	21.39057041217275	21.33649053415749
2018-01-11 15:40:00	22.0	22.04932886142031	21.977837757912596	20.547545914274878	20.599982108193274	20.523987624253564	20.627056624812703	20.678452277077454	20.603965824519832	20.575590780468875	20.627732599725036	20.552164745730593	21.14130145964089	21.168756880092843	21.12896641566971	20.0	20.388075373019532	19.825647296179632	21.402032290014812	21.438299985430305	21.385738108016568
2018-01-11 15:50:00	22.0	21.953733530816187	22.020786384705758	20.566053367090674	20.618123699693264	20.542659449544594	20.648914398691705	20.699871956175585	20.62602042359024	20.595285193780743	20.647038274179813	20.572033809833336	21.184447993477548	21.211002805168874	21.172517570833605	20.0	20.39038656453673	19.824608934773355	21.45001060617166	21.485248034451928	21.434179297813863
2018-01-11 16:00:00	22.0	21.767094967389223	22.104638492912073	20.628104724730466	20.668017089415095	20.61017308262577	20.71623054956879	20.754760456223707	20.698920011796282	20.65841332940069	20.697924700570887	20.640661843802484	21.269573263463318	21.286923312194276	21.26177831403345	20.0	20.376884076798316	19.83067526984424	21.521995730181164	21.544073980251696	21.512076516381363
2018-01-11 16:10:00	22.0	21.816555239839634	22.082417211086522	20.63439047345394	20.688993115479	20.609858851674566	20.725652036824748	20.77900964187566	20.701679779483037	20.66571800378701	20.71988248026635	20.641383238991956	21.303058302965226	21.33535607674615	21.288547708947704	20.0	20.395955597567433	19.822106905440723	21.54008866648729	21.577815113875715	21.523139103167857
2018-01-11 16:20:00	22.0	21.850423191467744	22.06720117484781	20.643280396143233	20.712478750759423	20.612191280301182	20.737650390696345	20.805739458135434	20.707059650252695	20.675616942234686	20.744339811656204	20.64474145017575	21.33891816953121	21.386086332577264	21.317726675988766	20.0	20.409650472946073	19.815954135343066	21.562597350815004	21.61583498170014	21.538678994910093
2018-01-11 16:30:00	22.0	21.874257574625577	22.056492973718917	20.654660982319246	20.738405880241267	20.61703646296298	20.752107765911024	20.834879070634116	20.714920657991946	20.687996231955548	20.77122862062189	20.650601970380812	21.377079828801854	21.439070746185905	21.349228836933662	20.0	20.41981702099034	19.81138655578695	21.589371790188288	21.65802908618774	21.558525758652316
2018-01-11 16:40:00	22.0	21.89148905452889	22.048751294342082	20.66850698608011	20.76674970666039	20.624368952196214	20.76899992512835	20.8664046690578	20.72523837350787	20.702830901593913	20.80052434036631	20.658939646493273	21.41752637572375	21.49429291301381	21.38303706186879	20.0	20.42764946307543	19.80786763253133	21.620342234822303	21.704329094227838	21.582609008132856
2018-01-11 16:50:00	22.0	21.904375486249094	22.042961738062008	20.6847932561569	20.79748554610764	20.634163386758747	20.78830271948925	20.900292587856768	20.737988430802382	20.720096107366803	20.83220261753672	20.669729414391913	21.46024091215296	21.551736316522618	21.419134281204276	20.0	20.433937836313625	19.805042421366345	21.655439976536737	21.754667767867584	21.61085937463447
2018-01-11 17:00:00	22.0	21.85533525625998	22.06499430515856	20.664251035748972	20.733496289525817	20.63314084926952	20.772655647859402	20.840498990347374	20.742175305582194	20.70047422446308	20.769102193818412	20.66964136866576	21.475678415757265	21.52409506729293	21.453926007096317	20.0	20.467869024446475	19.78979797452405	21.615287208635436	21.66798239678765	21.59161255888589
2018-01-11 17:10:00	22.0	21.94769466224144	22.02349949957269	20.62749813203938	20.700018942988994	20.594916318424335	20.739259812435435	20.810357056540465	20.707317572330275	20.664717003090708	20.736596922567696	20.632423126224243	21.473620362198393	21.524787560726615	21.45063220054079	20.0	20.51216054529129	19.76989888544884	21.56421860132916	21.620766434744844	21.538813052982984
2018-01-11 17:20:00	22.0	22.0083064967735	21.996268095652486	20.591801282076627	20.667553340988512	20.55776774836259	20.70687952703305	20.781185600771355	20.673495638831774	20.630003058052818	20.705090726603228	20.596268018559154	21.472259872057425	21.526160473428106	21.44804365984741	20.0	20.541437377461197	19.75674552606816	21.515165080101724	21.57550098663128	21.488057643834818
2018-01-11 17:30:00	21.998185901121182	22.043932961941927	21.977632873795923	20.557102540552364	20.63606613204645	20.521626144373865	20.67545401734297	20.752949822459684	20.640637061420968	20.596274436829667	20.674550432354454	20.561106960579398	21.47155585651678	21.528181406215328	21.446115392159466	20.0	20.56080472669049	19.748044253226013	21.46805496739259	21.532137180486576	21.439264407886593
2018-01-11 17:40:00	21.980033208145006	22.028385065307972	21.958309909999326	20.52339181029838	20.60554739801744	20.48648132885938	20.644973895856634	20.725640487732264	20.608732383564686	20.563521247495423	20.64496631635702	20.52692998467354	21.471504284805047	21.530845798982636	21.444843604522358	20.0	20.573616691504544	19.74228815309216	21.422856489536425	21.49064391886949	21.392401267662148
2018-01-11 17:50:00	21.96260060847602	22.01354337307285	21.939713279454256	20.49065902103415	20.575987272730433	20.452323139837276	20.615429795394675	20.69924842938864	20.57777214823797	20.531733616840583	20.61632869555387	20.49372713220128	21.472101330061086	21.534149818878948	21.44422447276611	20.0	20.582092112729427	19.738480355150546	21.379538376245392	21.450990655027223	21.347436627807173
2018-01-11 18:00:00	21.891821623961032	21.89415156895927	21.890774837077768	20.395762946087707	20.438096701134874	20.376743432950576	20.524246519258412	20.56440210954679	20.50620560188248	20.437786693743774	20.479406509985083	20.419087935722317	21.42002400763444	21.43653113145512	21.412607763599055	20.0	20.623401218516193	19.719921191681127	21.249602788731146	21.275209836757597	21.238098172951148
2018-01-11 18:10:00	21.823968092851263	21.795528517769945	21.836745293250118	20.315562578282723	20.327328433421123	20.310276469452432	20.448077591568104	20.45717040198693	20.44399241587269	20.358590287679508	20.369658377684566	20.35361766753231	21.380463301479445	21.363778504752368	21.38795936957422	20.0	20.653665094040267	19.70632437803988	21.12722863806795	21.120652773380947	21.130183012057763
2018-01-11 18:20:00	21.74338870993502	21.684440176741973	21.76987283354349	20.222816068665082	20.20427504086861	20.231146095646103	20.35930671188325	20.337601965362587	20.36905811974036	20.266831774939284	20.247609227155486	20.27546799205954	21.327771631981733	21.278180854441157	21.350051546528952	20.0	20.67885378845735	19.695007718229306	20.98282628466869	20.944553356155133	21.00002136849362
2018-01-11 18:30:00	21.650206748811197	21.56100769129405	21.69028168769571	20.117678424623037	20.069075370313293	20.139514579457845	20.258087506236517	20.20583481740821	20.281563351941987	20.162665654950327	20.113397272139935	20.18480072548833	21.26206555104656	21.179844248052323	21.299005556739623	20.0	20.70068278092192	19.685200489730732	20.81678295430719	20.747277302954657	20.848010131001814
2018-01-11 18:40:00	21.54460960499498	21.425519414445223	21.59811389350284	20.000275994552894	19.921853402250314	20.03550933312362	20.14454336973293	20.061989797663404	20.18163265573518	20.046217468851193	19.967145675980632	20.081742477242315	21.18344307389886	21.0688646532095	21.234920335367995	20.0	20.720289256356658	19.676391783375994	20.62945313868327	20.52917182761147	20.674507061048864
2018-01-11 18:50:00	21.426670784873647	21.27796269070616	21.493481667760488	20.0	20.0660190825513	19.970339252766813	20.018796556853736	19.90618670528056	20.069389388719948	20.0	20.002123644690148	19.999045898762397	21.092001489515525	20.94533731465933	21.157894089813237	20.0	20.73842548605373	19.668243622207747	20.421185458599872	20.29057812333184	20.47986411647392
2018-01-11 19:00:00	21.296969834368983	21.118474704192955	21.377163298650974	20.0	20.167962765125683	19.92453846784209	20.0	20.019848692391644	19.99108247153419	20.0	20.123952653162824	19.944311126839892	20.988054640651427	20.809342666774324	21.06834552746578	20.0	20.755565983541153	19.66054281898876	20.192266094658265	20.031504463863516	20.26449233458054
2018-01-11 19:10:00	21.172155897986563	20.996242800252624	21.251189318707606	20.0	20.25035739051903	19.887520592665368	20.0	20.14854368486902	19.9332629821603	20.0	20.21937521472802	19.901440120919293	20.887677982469178	20.711095341182006	20.96701221261269	20.0	20.77161906244726	19.653330566146884	20.0	19.870925257708773	20.057990101609096
2018-01-11 19:20:00	21.04841834462619	20.87500742386384	21.126327598881737	20.0	20.30446082505437	19.86321325251181	20.0	20.232993051699463	19.895321962279958	20.0	20.28204867950979	19.873282477321688	20.788068369375846	20.61359418681095	20.866455320962977	20.0	20.78223356778435	19.64856173041573	20.0	20.088190585030983	19.96037814295709
2018-01-11 19:30:00	20.92575845068688	20.754825228982618	21.00255453580039	20.0	20.340001653975445	19.847245633721183	20.0	20.288422425626372	19.87041891022583	20.0	20.32322707239245	19.854782039939625	20.68920903270881	20.516827535409174	20.766655792365167	20.0	20.789255310541854	19.64540703439424	20.0	20.20872117238797	19.90622671965178
2018-01-11 19:40:00	20.8041683205671	20.63569143425706	20.879860834706392	20.0	20.363348589637415	19.836756430742618	20.0	20.324804152051954	19.854073496904192	20.0	20.350282521493185	19.84262669324219	20.59109428652598	20.420789712680886	20.66760793564479	20.0	20.793900353612344	19.643320130985757	20.0	20.275561764380537	19.876196888466712
2018-01-11 19:50:00	20.683638537303224	20.517596607975225	20.758237085262177	20.0	20.37868530018714	19.829866024553603	20.0	20.348683729352253	19.843344991160578	20.0	20.36805876956941	19.834640262947076	20.49371853014908	20.325475247376147	20.569306091974603	20.0	20.796973155607166	19.6419395967562	20.0	20.31262844180428	19.85954374353721
2018-01-11 20:00:00	20.495549983525766	20.293306850869094	20.586412840226593	20.0	20.44345944008611	19.8007645993816	20.0	20.42006920515493	19.811273255655028	20.0	20.434306335318862	19.804876863842246	20.33722154271546	20.12981123050409	20.43040588588289	20.0	20.835417699436945	19.624667410397894	20.0	20.382690510662616	19.82806658216607
2018-01-11 20:10:00	20.350118053499965	20.138556871429408	20.445167280227317	20.0	20.447434564611175	19.798978673870344	20.0	20.42692688158214	19.808192270593526	20.0	20.439158409988778	19.80269694623692	20.216184203481316	19.998364837892353	20.314045077876365	20.0	20.854910802460477	19.615909639474275	20.0	20.388466208356263	19.825471703492116
2018-01-11 20:20:00	20.203996568198754	19.983156589220467	20.30321452976871	20.0	20.448557165190213	19.798474317088456	20.0	20.429918664062672	19.806848136435608	20.0	20.44086008955505	19.801932423533238	20.09410074279266	19.86590393081172	20.1966239481754	20.0	20.86670397696653	19.610611256725182	20.0	20.389532553858235	19.82499262073036
2018-01-11 20:30:00	20.057223954080904	19.827118676184853	20.160604586179133	20.0	20.447753168960375	19.798835532785922	20.0	20.43031624211071	19.80666951441403	20.0	20.440438627711686	19.80212177595562	20.0	19.803004444547057	20.088505249551325	20.0	20.873398387671884	19.607603622930018	20.0	20.38795006544697	19.825703593784695
2018-01-11 20:40:00	20.0	19.882219795103502	20.052915744228862	20.0	20.445683659038664	19.79976531260582	20.0	20.429011169010504	19.807255851603973	20.0	20.438622276380183	19.80293781785818	20.0	19.956268744851453	20.01964737550152	20.0	20.876719861752083	19.60611136645921	20.0	20.384898705074455	19.827074494821623
2018-01-11 20:50:00	20.0	20.031449757097935	19.985870398984982	20.0	20.442782828338213	19.801068584369787	20.0	20.426588543127536	19.808344277725308	20.0	20.435889441696045	19.80416561315105	20.0	20.05492729607126	19.975322519156393	20.0	20.87781006565469	19.60562156470586	20.0	20.381032778591045	19.828811360343153
2018-01-11 21:00:00	20.0	20.1281123216823	19.94244229025868	20.0	20.439335900862407	19.802617203960374	20.0	20.42343239886172	19.809762255583863	20.0	20.43255445150483	19.805663942077537	20.0	20.11784194017583	19.947056519631154	20.0	20.877424236312024	19.60579490832358	20.0	20.376715133230633	19.830751172026815
2018-01-11 21:10:00	20.0	20.18858511915962	19.915273352261618	20.0	20.43395054348293	19.805036712348254	20.0	20.418092602775364	19.81216129440527	20.0	20.427254603807032	19.808045033072197	20.0	20.15526817157732	19.93024183595802	20.0	20.87621477066698	19.606338291439467	20.0	20.37192437199152	19.832903543018304
2018-01-11 21:20:00	20.0	20.228383323090487	19.89739299977094	20.0	20.430417323665456	19.806624100961898	20.0	20.41459259240804	19.813733762831166	20.0	20.423776900038245	19.809607479692957	20.0	20.17976874793367	19.919234330638496	20.0	20.875415688342144	19.606697299440484	20.0	20.36927053063843	19.83409584855375
2018-01-11 21:30:00	20.0	20.254572479360245	19.88562685709902	20.0	20.42809633277798	19.80766686498381	20.0	20.412295316018884	19.814765872513256	20.0	20.421491941058907	19.810634055466288	20.0	20.195805151545983	19.912029569595283	20.0	20.87488707712698	19.6069347914357	20.0	20.36779883389175	19.83475704564284
2018-01-11 21:40:00	20.0	20.27180622316011	19.877884160609224	20.0	20.42657166568027	19.808351860346548	20.0	20.410787474077296	19.81544330874788	20.0	20.419990656505814	19.811308545627824	20.0	20.206301488558086	19.907313823981156	20.0	20.87453738943215	19.607091897501498	20.0	20.366982701387087	19.83512371386957
2018-01-11 21:50:00	20.0	20.28314686820321	19.87278908819856	20.0	20.425570106482105	19.808801836218187	20.0	20.409797785876258	19.81588795127298	20.0	20.419004268853687	19.811751705297617	20.0	20.21317167549601	19.90422721825542	20.0	20.87430606349585	19.607195826545343	20.0	20.366530113399758	19.835327050501558
2018-01-11 22:00:00	20.0	20.290609566470536	19.86943628173063	20.0	20.42491217870929	19.809097426956697	20.0	20.409148193430013	19.81617979715463	20.0	20.418356183453618	19.81204287410055	20.0	20.217668431698222	19.90220693648341	20.0	20.874153036410235	19.607264577844674	20.0	20.36627912978491	19.83543981125605
2018-01-11 22:10:00	20.0	20.295520386376865	19.867229971337927	20.0	20.424479983632924	19.809291601556225	20.0	20.408721826473638	19.816371353323433	20.0	20.41793037248064	19.812234180479713	20.0	20.22061170187792	19.900884597707027	20.0	20.87405180569958	19.60731005830888	20.0	20.366139946296375	19.835502342968297
2018-01-11 22:20:00	20.0	20.298751945698804	19.865778111352707	20.0	20.424196073161607	19.80941915553609	20.0	20.408441975957263	19.81649708326558	20.0	20.41765060227663	19.812359874339478	20.0	20.222538165969098	19.90001908485447	20.0	20.873984839405715	19.60734014461482	20.0	20.366062761801597	19.83553702006015
2018-01-11 22:30:00	20.0	20.30087846954828	19.86482271657976	20.0	20.424009571370988	19.809502946195643	20.0	20.408258293074766	19.816579607459158	20.0	20.417466785108797	19.81244245886416	20.0	20.22379909808485	19.899452579121302	20.0	20.873940539761033	19.607360047353737	20.0	20.366019958978615	19.835556250313957
2018-01-11 22:40:00	20.0	20.302277826091583	19.86419402016175	20.0	20.423887057686333	19.809557988575712	20.0	20.408137730848424	19.816633773097088	20.0	20.417346011878752	19.812496719300853	20.0	20.224624418321774	19.89908178307283	20.0	20.873911234592654	19.60737321344388	20.0	20.365996222583743	19.835566914491363
2018-01-11 22:50:00	20.0	20.303198671035737	19.863780307215826	20.0	20.423806578014247	19.809594146109543	20.0	20.40805859854043	19.816669325293432	20.0	20.417266660351103	19.812532369987185	20.0	20.225164616707822	19.89883908524721	20.0	20.873891848593033	19.607381923095886	20.0	20.36598305951629	19.835572828333262
2018-01-11 23:00:00	20.0	20.277076734585116	19.875516249679148	20.0	20.396607762410035	19.821813903844767	20.0	20.380365867469102	19.829110987079098	20.0	20.39013524853958	19.82472184485903	20.0	20.20339494220503	19.908619663647016	20.0	20.855695251713666	19.615557205751834	20.0	20.341296307173216	19.84666397793667
2018-01-11 23:10:00	20.0	20.28266058610982	19.87300756276225	20.0	20.399746588209396	19.820403706746504	20.0	20.384053250504824	19.827454336729716	20.0	20.393348808004653	19.823278071766026	20.0	20.20912976247958	19.906043150190335	20.0	20.846178650245037	19.619832780324693	20.0	20.3441948186893	19.845361748125097
2018-01-11 23:20:00	20.0	20.285065451567174	19.87192711596257	20.0	20.40054375019799	19.82004556150525	20.0	20.385186560661857	19.826945168398293	20.0	20.39419675982064	19.82289710790667	20.0	20.211532727462245	19.904963557227106	20.0	20.83899400039534	19.623060666489053	20.0	20.34404108820449	19.84543081544436
2018-01-11 23:30:00	20.0	20.285410220869124	19.87177221960952	20.0	20.399834364665338	19.820364270947458	20.0	20.384677649780674	19.82717380951883	20.0	20.393522385543058	19.82320008765457	20.0	20.21177715671858	19.904853741184407	20.0	20.83335558210269	19.625593868910386	20.0	20.342216833297506	19.846250408228656
2018-01-11 23:40:00	20.0	20.284399304719287	19.872226399329012	20.0	20.398135278089505	19.821127628684422	20.0	20.383090799815598	19.827886742111826	20.0	20.391847751404317	19.823952459514004	20.0	20.210608730108948	19.90537868647279	20.0	20.828740026434087	19.6276675243557	20.0	20.339466158914952	19.847486218458503
2018-01-11 23:50:00	20.0	20.28249628048141	19.873081381232986	20.0	20.395786052953707	19.82218307765848	20.0	20.380796432195716	19.828917544955544	20.0	20.389515917189495	19.825000095175735	20.0	20.208515544263932	19.906319103301712	20.0	20.824801116887073	19.629437179369575	20.0	20.33620173590412	19.848952843289453
2018-01-12 00:00:00	20.0	20.280006205008778	19.874200110793154	20.0	20.39300974871747	19.82343040275012	20.0	20.37803767734055	19.830156985542647	20.0	20.386752283188805	19.826241727842714	20.0	20.205817073945678	19.907531459531654	20.0	20.821309823671886	19.631005731393792	20.0	20.332652412129825	19.850547467014138
2018-01-12 00:10:00	20.0	20.27585891095404	19.876063387832243	20.0	20.388689137554103	19.825371546895983	20.0	20.37361235695122	19.83214517296394	20.0	20.38244956550082	19.828174832890937	20.0	20.201048113080326	19.909674036152317	20.0	20.818236871686636	19.632386333010352	20.0	20.328767004898626	19.85229308475569
2018-01-12 00:20:00	20.0	20.273133109001762	19.87728802349196	20.0	20.385854465118427	19.826645095381576	20.0	20.370711608097583	19.83344840795616	20.0	20.37962611500863	19.829443339633805	20.0	20.19792980894921	19.91107501337065	20.0	20.816204850783915	19.633299269937663	20.0	20.32661465159448	19.853260084066246
2018-01-12 00:30:00	20.0	20.27133939270427	19.87809389603141	20.0	20.383992352423856	19.827481696737106	20.0	20.368807663465986	19.83430380337035	20.0	20.37777101943488	19.83027678836984	20.0	20.195888775266116	19.911991999518122	20.0	20.81486062328716	19.633903198233305	20.0	20.325421055627825	19.853796337326628
2018-01-12 00:40:00	20.0	20.27015903906629	19.878624199839777	20.0	20.38276912317105	19.82803126350286	20.0	20.36755798813367	19.834865251708056	20.0	20.376552166789825	19.830824388833555	20.0	20.19455285303678	19.912592196461738	20.0	20.813971387148484	19.6343027101217	20.0	20.324759143849267	19.854093717980764
2018-01-12 00:50:00	20.0	20.269382308253522	19.878973165857108	20.0	20.381965578993466	19.828392276104385	20.0	20.36673774976059	19.835233764600318	20.0	20.375751344556964	19.831184178532382	20.0	20.193678448943206	19.91298504467769	20.0	20.81338313782833	19.63456699604814	20.0	20.32439207893194	19.85425863120449
2018-01-12 01:00:00	20.0	20.268871181133598	19.879202802679103	20.0	20.381437727616575	19.828629426722987	20.0	20.366199377136105	19.835475642156247	20.0	20.375225180667286	19.831420571004553	20.0	20.19310612332267	19.91324217647822	20.0	20.81299399792764	19.634741827018015	20.0	20.324188522116824	19.85435008426635
2018-01-12 01:10:00	20.0	20.26853483432151	19.87935391501497	20.0	20.381090979940645	19.828785211910724	20.0	20.365846010246248	19.835634401193715	20.0	20.37487947543158	19.83157588784958	20.0	20.192731517784882	19.913410477516937	20.0	20.812736573299873	19.63485748156093	20.0	20.324075639149793	19.854400799802267
2018-01-12 01:20:00	20.0	20.268313501557934	19.87945335437252	20.0	20.38086320000862	19.828887547822216	20.0	20.365614073938204	19.83573860446254	20.0	20.374652336868227	19.831677935609928	20.0	20.19248632640421	19.913520635963327	20.0	20.812566281230435	19.634933989592124	20.0	20.324013039603553	19.854428924236085
2018-01-12 01:30:00	20.0	20.268167853701375	19.87951879036605	20.0	20.380713570462266	19.828954772690864	20.0	20.365461839949926	19.835806999442788	20.0	20.37450310011492	19.831744984006342	20.0	20.19232584075448	19.913592738211754	20.0	20.812453629270234	19.634984601342357	20.0	20.32397832486052	19.85444452071484
2018-01-12 01:40:00	20.0	20.26807201024028	19.879561850471756	20.0	20.38061527821616	19.82899893297535	20.0	20.365361919470097	19.83585189125256	20.0	20.3744050471547	19.83178903678557	20.0	20.192220797731647	19.9136399314539	20.0	20.812379107513753	19.635018082131502	20.0	20.323959073708554	19.854453169783113
2018-01-12 01:50:00	20.0	20.268008940523647	19.87959018614155	20.0	20.38055070964746	19.82902794204245	20.0	20.36529633554628	19.835881356493694	20.0	20.374340623460125	19.83181798076429	20.0	20.19215204369279	19.913670820949616	20.0	20.81232980972805	19.635040230412038	20.0	20.32394839793157	19.854457966146683
2018-01-12 02:00:00	20.0	20.267768458260516	19.87969822889745	20.0	20.38031211219115	19.829135138001078	20.0	20.365046142891735	19.835993761889213	20.0	20.374101151065865	19.831925569810984	20.0	20.191956849471207	19.913758516904238	20.0	20.812275883155714	19.635064458292362	20.0	20.323871361937115	19.854492576521004
2018-01-12 02:10:00	20.0	20.267911136665397	19.879634127005403	20.0	20.38047834604608	19.82906045322568	20.0	20.365216588814555	19.835917184735482	20.0	20.374268859975086	19.831850222330033	20.0	20.19206498973587	19.91370993214765	20.0	20.812480880340033	19.6349723581081	20.0	20.324059255832818	19.854408160422935
2018-01-12 02:20:00	20.0	20.26800462758974	19.879592123836495	20.0	20.380587085939286	19.82901159907076	20.0	20.36532796882803	19.835867144439575	20.0	20.37437858404753	19.83180092600763	20.0	20.192135524763685	19.913678242497472	20.0	20.8126162368226	19.634911545775356	20.0	20.324163175061752	19.854361472073702
2018-01-12 02:30:00	20.0	20.268066149757818	19.87956448344214	20.0	20.38065851827536	19.82897950628209	20.0	20.36540107508665	19.835834299598744	20.0	20.374450676686806	19.831768536561	20.0	20.192181692472165	19.91365750048352	20.0	20.81270577840579	19.634871316948125	20.0	20.324220804091187	19.854335580770623
2018-01-12 02:40:00	20.0	20.268106634378764	19.8795462946994	20.0	20.380705442468724	19.82895842439811	20.0	20.365449059203698	19.835812741517174	20.0	20.374498043689762	19.831747255733582	20.0	20.192211910726222	19.91364392416648	20.0	20.81276501214902	19.634844704686678	20.0	20.32425276242782	19.854321222677353
2018-01-12 02:50:00	20.0	20.26813327525653	19.879534325609384	20.0	20.38073626716364	19.82894457562214	20.0	20.365480554120488	19.83579859162703	20.0	20.374529165216465	19.8317332735984	20.0	20.19223168954826	19.91363503802904	20.0	20.812804196584086	19.634827100085413	20.0	20.324270485011407	19.85431326035719
2018-01-12 03:00:00	20.0	20.268150806268377	19.879526449357687	20.0	20.38075651603201	19.82893547830446	20.0	20.365501226164664	19.835789304186882	20.0	20.374549612983216	19.831724086920584	20.0	20.192244635425595	19.913629221765312	20.0	20.81283011795708	19.634815454251168	20.0	20.324280313119026	19.85430884483058
2018-01-12 03:10:00	20.0	20.268162342538993	19.879521266395525	20.0	20.380769817596647	19.82892950223919	20.0	20.365514794494203	19.835783208270716	20.0	20.374563047773005	19.831718051000532	20.0	20.19225310891972	19.91362541483317	20.0	20.81284726552032	19.634807750273485	20.0	20.324285763323168	19.85430639618814
2018-01-12 03:20:00	20.0	20.268169933974185	19.879517855750727	20.0	20.380778555448966	19.828925576537422	20.0	20.3655237002204	19.835779207147358	20.0	20.374571874828593	19.831714085221932	20.0	20.192258655095113	19.91362292307321	20.0	20.81285860901378	19.63480265392135	20.0	20.324288785748877	19.854305038286732
2018-01-12 03:30:00	20.0	20.26817492951304	19.879515611378203	20.0	20.380784295379954	19.82892299772785	20.0	20.365529545594338	19.835776580964865	20.0	20.374577674466053	19.831711479587714	20.0	20.192262285245672	19.913621292136	20.0	20.81286611298632	19.634799282571365	20.0	20.324290461843336	19.854304285258788
2018-01-12 03:40:00	20.0	20.26817821682402	19.87951413447037	20.0	20.38078806596413	19.82892130369728	20.0	20.365533382271437	19.835774857240366	20.0	20.37458148500006	19.831709767608668	20.0	20.192264661296562	19.913620224634876	20.0	20.81287107703062	19.634797052348567	20.0	20.324291391326163	19.854303867665053
2018-01-12 03:50:00	20.0	20.268180380036785	19.879513162592165	20.0	20.380790542876337	19.828920190881647	20.0	20.365535900517873	19.83577372585428	20.0	20.374583988634	19.83170864278762	20.0	20.192266216498314	19.913619525921042	20.0	20.812874360856036	19.634795577006706	20.0	20.324291906773464	19.854303636087288
2018-01-12 04:00:00	20.0	20.21428185527993	19.903728441830754	20.0	20.32606237465366	19.853508208488936	20.0	20.309793597531037	19.860817369225188	20.0	20.319987035774975	19.856237708564866	20.0	20.147685473686433	19.933648555300294	20.0	20.77646141431226	19.65115501675826	20.0	20.27477454808742	19.876550565352034
2018-01-12 04:10:00	20.0	20.22249065882857	19.900040428642235	20.0	20.330316326029383	19.851597012943323	20.0	20.314957678408344	19.858497274917987	20.0	20.324409452659857	19.85425082561659	20.0	20.155651466046105	19.930069631196673	20.0	20.758196774658295	19.659360869356416	20.0	20.280650388534593	19.8739106950062
2018-01-12 04:20:00	20.0	20.227834551916064	19.897639549139157	20.0	20.333053456694774	19.850367287571913	20.0	20.318285467878816	19.857002181097922	20.0	20.32725731881233	19.8529713495191	20.0	20.16082664474391	19.927744550912152	20.0	20.74610814097558	19.664791994634157	20.0	20.283868644930994	19.87246481169767
2018-01-12 04:30:00	20.0	20.231351179036746	19.896059615215375	20.0	20.334851573703748	19.849559437901217	20.0	20.320469794984554	19.856020816746064	20.0	20.329128537409257	19.852130657105985	20.0	20.164214010721658	19.926222690835196	20.0	20.738111232945226	19.668384808386925	20.0	20.28565339045969	19.87166296950362
2018-01-12 04:40:00	20.0	20.233665296389965	19.895019939303054	20.0	20.336032765963996	19.849028757320525	20.0	20.32190350502188	19.85537668614959	20.0	20.330357985486472	19.851578296375642	20.0	20.16643115359674	19.925226583166676	20.0	20.732821090842567	19.670761538896816	20.0	20.286643128205572	19.87121830471924
2018-01-12 04:50:00	20.0	20.235188101958183	19.89433578027966	20.0	20.336808697277995	19.848680150498293	20.0	20.322844538376987	19.85495390304802	20.0	20.33116577070384	19.85121537837943	20.0	20.167882346840916	19.924574597796113	20.0	20.729321537849845	19.67233380183558	20.0	20.28719199124958	19.870971714076276
2018-01-12 05:00:00	20.0	20.23639394218336	19.893794025975595	20.0	20.33751930234092	19.84836089315118	20.0	20.323674316257634	19.85458110429005	20.0	20.331898387401832	19.850886231746998	20.0	20.168986000809625	19.924078753259447	20.0	20.72702832762194	19.673364084691592	20.0	20.28756918872066	19.870802248545793
2018-01-12 05:10:00	20.0	20.236879291315304	19.893575970568488	20.0	20.337655379291206	19.84829975713004	20.0	20.32387625380744	19.854490378724204	20.0	20.332046885976137	19.850819514996225	20.0	20.169466811207545	19.923862736993716	20.0	20.72526487354632	19.67415636116035	20.0	20.287542213321043	19.870814367928226
2018-01-12 05:20:00	20.0	20.237199083948003	19.89343229561757	20.0	20.337745240318306	19.848259384784534	20.0	20.32400930453634	19.85443060230977	20.0	20.332144931480006	19.850775465566954	20.0	20.16978176992902	19.923721233800006	20.0	20.724098567631664	19.674680353672734	20.0	20.287527538854764	19.87082096080438
2018-01-12 05:30:00	20.0	20.237409523009394	19.893337750532016	20.0	20.337804269811578	19.848232864287553	20.0	20.324096633269143	19.854391367661695	20.0	20.332209349698395	19.850746524048546	20.0	20.169987920529028	19.923628615414497	20.0	20.723327028793584	19.675026987063752	20.0	20.287519400728645	19.87082461706394
2018-01-12 05:40:00	20.0	20.23754800247468	19.893275535120075	20.0	20.337843046586553	19.848215442837926	20.0	20.324153952557495	19.85436561551765	20.0	20.332251674444567	19.85072750858287	20.0	20.17012285289166	19.923567993628385	20.0	20.722816637858337	19.675256293136112	20.0	20.28751488769952	19.870826644656738
2018-01-12 05:50:00	20.0	20.237639128913226	19.893234594256377	20.0	20.33786851924699	19.848203998599182	20.0	20.32419157477722	19.854348712781245	20.0	20.332279483100695	19.850715014838816	20.0	20.17021117057001	19.923528314671444	20.0	20.72247900235114	19.675407984450942	20.0	20.287512384981586	19.870827769066242
2018-01-12 06:00:00	20.0	20.291395262849786	19.86908328770517	20.0	20.39241412491147	19.823698001851376	20.0	20.379748073915707	19.829388546501637	20.0	20.386694444390955	19.826267713389573	20.0	20.21469692579613	19.903541960874204	20.0	20.7586489343269	19.65915772515748	20.0	20.33695580873586	19.848614056944758
2018-01-12 06:10:00	20.0	20.289543718611384	19.86991514091373	20.0	20.39447922045411	19.82277020530323	20.0	20.381386667670547	19.828652366698737	20.0	20.388553060177202	19.82543268310879	20.0	20.215002881816382	19.90340450237235	20.0	20.776408544480347	19.65117876987115	20.0	20.332135936639897	19.850779506727
2018-01-12 06:20:00	20.0	20.282384025772327	19.87313181450809	20.0	20.38991544985513	19.824820594992623	20.0	20.37644935459786	19.83087057981835	20.0	20.38386176297392	19.827540367359543	20.0	20.20880585279851	19.906188674829654	20.0	20.78387842514425	19.6478227365294	20.0	20.321086471088034	19.855743759366245
2018-01-12 06:30:00	20.0	20.271689880066898	19.877936430694586	20.0	20.380957505930162	19.82884517849515	20.0	20.3671533312975	19.835047054054748	20.0	20.374826892651388	19.8315995119972	20.0	20.19832901231631	19.91089566113325	20.0	20.784539430089705	19.647525763293036	20.0	20.3065536175798	19.86227301239168
2018-01-12 06:40:00	20.0	20.25866994812123	19.88378596533684	20.0	20.369113070488144	19.834166591519825	20.0	20.354996479933583	19.840508827855924	20.0	20.362938225910373	19.83694079705476	20.0	20.185050917952243	19.91686118178957	20.0	20.780696214799526	19.649252425234998	20.0	20.29008907755458	19.869670124576928
2018-01-12 06:50:00	20.0	20.244119526637668	19.89032311122076	20.0	20.355372480563837	19.84033990003654	20.0	20.340961895221216	19.846814220987564	20.0	20.349174525536014	19.843124488527295	20.0	20.1699393207633	19.92365045009185	20.0	20.77387335786033	19.652317766758404	20.0	20.272553312392326	19.877548511823736
2018-01-12 07:00:00	20.0	20.228561978808116	19.897312734158675	20.0	20.340386308808714	19.847072817781594	20.0	20.325694834100382	19.853673335404174	20.0	20.334178879100108	19.849861663012994	20.0	20.15362762445784	19.93097889335952	20.0	20.76507940199424	19.65626867446636	20.0	20.254423502132568	19.88569378889696
2018-01-12 07:10:00	20.0	20.20461031414055	19.908073626980332	20.0	20.316894045694468	19.857627312803935	20.0	20.30133478860092	19.864617703672042	20.0	20.310736915843915	19.860393559548385	20.0	20.12634503403058	19.943236289058724	20.0	20.755725105422215	19.660471329447994	20.0	20.234880869939808	19.894473812056027
2018-01-12 07:20:00	20.0	20.190416386776214	19.914450608839672	20.0	20.3030248672394	19.863858392979402	20.0	20.286935305892868	19.871087036482912	20.0	20.29689596094228	19.866611959576655	20.0	20.110167282972952	19.950504554026644	20.0	20.750648948024505	19.662751921902036	20.0	20.226231287063484	19.898359856536693
2018-01-12 07:30:00	20.0	20.182623294467778	19.91795185321013	20.0	20.295455476383225	19.867259133798846	20.0	20.279050034507705	19.87462969464146	20.0	20.289341448500203	19.870006015891214	20.0	20.10123891959991	19.95451584771598	20.0	20.748397974058282	19.663763229046282	20.0	20.223608406127568	19.8995382523195
2018-01-12 07:40:00	20.0	20.17904229478619	19.91956070813954	20.0	20.292024473165316	19.868800599012687	20.0	20.27544047332581	19.876251381549274	20.0	20.28591734692265	19.871544380368086	20.0	20.097055533627245	19.95639533996457	20.0	20.74801592676676	19.663934873481605	20.0	20.22432766672873	19.899215106252306
2018-01-12 07:50:00	20.0	20.178233060108113	19.919924277342734	20.0	20.291311993961852	19.869120698364966	20.0	20.27463732361849	19.876612216925018	20.0	20.285207047832465	19.87186350024918	20.0	20.095977888063896	19.956879499565495	20.0	20.748870215922263	19.663551062411738	20.0	20.226900321145834	19.898059276006943
2018-01-12 08:00:00	20.0	20.179247782649245	19.919468387505415	20.0	20.292385323545563	19.86863847782736	20.0	20.275676192462697	19.87614547874864	20.0	20.286279797770668	19.871381540132017	20.0	20.09693305076969	19.956450368494778	20.0	20.750542369061826	19.66279980520411	20.0	20.23050077974154	19.896441678666843
2018-01-12 08:10:00	20.0	20.184640034805486	19.917045781464203	20.0	20.297791151730777	19.866209772410812	20.0	20.281328491483542	19.873606040058117	20.0	20.29166250950895	19.868963220365544	20.0	20.103404532068268	19.95354289138962	20.0	20.752449974454155	19.66194276510031	20.0	20.23511643802374	19.894367977119767
2018-01-12 08:20:00	20.0	20.186632857565186	19.9161504552968	20.0	20.299792014733317	19.865310833960393	20.0	20.2834627648953	19.87264716359776	20.0	20.293650767295993	19.868069945127885	20.0	20.105971973261067	19.952389403317493	20.0	20.752602864026763	19.661874075582183	20.0	20.235496503114263	19.89419722323852
2018-01-12 08:30:00	20.0	20.186397005369276	19.916256417877573	20.0	20.299565042398985	19.86541280703814	20.0	20.283297608367597	19.872721364356586	20.0	20.29341768715703	19.868174662291768	20.0	20.10599193803572	19.952380433636122	20.0	20.751596984077974	19.662325992660623	20.0	20.2335334902131	19.895079156570922
2018-01-12 08:40:00	20.0	20.184694563500948	19.91702128306479	20.0	20.297874582714183	19.86617228892551	20.0	20.281623179698823	19.873473643903424	20.0	20.291725109292614	19.86893509582506	20.0	20.104344489755277	19.953120591559223	20.0	20.74982455026361	19.663122303504757	20.0	20.230271109562395	19.89654486381979
2018-01-12 08:50:00	20.0	20.182027032993968	19.91821973879981	20.0	20.29522275194935	19.86736369115319	20.0	20.27895812389469	19.874670987815428	20.0	20.289073597875475	19.870126354577685	20.0	20.10160566619847	19.954351077505038	20.0	20.74754502406555	19.664146438463305	20.0	20.226288160916223	19.8983343045159
2018-01-12 09:00:00	20.0	20.187269505505633	19.91586442506269	20.0	20.296130193726817	19.866955999919835	20.0	20.280114598593205	19.87415141222624	20.0	20.2899738800957	19.869721879957005	20.0	20.102494384934936	19.953951798072715	20.0	20.74511509382296	19.66523814625345	20.0	20.223595259085414	19.899544158961625
2018-01-12 09:10:00	20.0	20.17466023061105	19.921529461609534	20.0	20.286706033298376	19.871190043010873	20.0	20.270380943024374	19.878524503858614	20.0	20.28056175203194	19.873950517203042	20.0	20.092503055655733	19.95844065615467	20.0	20.740463997151203	19.667327769395833	20.0	20.214226331321477	19.903753387377307
2018-01-12 09:20:00	20.0	20.166383971996826	19.92524778069708	20.0	20.280529529406888	19.873964994034583	20.0	20.264007639640738	19.881387872045465	20.0	20.274392035532255	19.876722418818837	20.0	20.08597444580494	19.961373799710827	20.0	20.73739040197589	19.668708659981846	20.0	20.20904025525674	19.906083363580308
2018-01-12 09:30:00	20.0	20.160937757378516	19.927694630742995	20.0	20.276472138379543	19.875787879858464	20.0	20.2598244271539	19.883267286351142	20.0	20.270338328138518	19.8785436496769	20.0	20.081701248524027	19.963293641967468	20.0	20.73535714720619	19.66962215125519	20.0	20.206164291056652	19.907375463438314
2018-01-12 09:40:00	20.0	20.15735387952195	19.929304778765502	20.0	20.27380682161582	19.876985341013178	20.0	20.257078728453404	19.88450086112963	20.0	20.267674922091945	19.879740252393468	20.0	20.078904303063112	19.964550240652812	20.0	20.734012104077348	19.67022644599423	20.0	20.204569417200116	19.90809200096806
2018-01-12 09:50:00	20.0	20.15499551109115	19.930364335596742	20.0	20.27205596411131	19.87777195815289	20.0	20.25527655811861	19.88531053185975	20.0	20.26592498526691	19.880526455894582	20.0	20.07707361202994	19.965372725030022	20.0	20.733122328211515	19.67062620036874	20.0	20.203684975508782	19.908489358829385
2018-01-12 10:00:00	20.0	20.170265794507852	19.92350377348199	20.0	20.25658241994248	19.884723840315694	20.0	20.240932514280704	19.891754957352163	20.0	20.25049467871069	19.887458912463323	20.0	20.070698717047744	19.968236808282896	20.0	20.70471052943911	19.68339092155634	20.0	20.175453120546475	19.921173235696507
2018-01-12 10:10:00	20.0	20.12460179223349	19.944019484648727	20.0	20.230081898173307	19.89662987183518	20.0	20.214134127859563	19.903794812121085	20.0	20.224120181056048	19.899308324453088	20.0	20.048355104314776	19.978275242989014	20.0	20.675795145071596	19.696381891344647	20.0	20.14796477230958	19.933523073310184
2018-01-12 10:20:00	20.0	20.0946264413534	19.957486671276023	20.0	20.212696854575885	19.904440543596344	20.0	20.19657037131415	19.911685775206692	20.0	20.20681461360815	19.90708328953837	20.0	20.03374946334612	19.9848371976271	20.0	20.656677628104323	19.704970920706753	20.0	20.132735276303983	19.94036531064603
2018-01-12 10:30:00	20.0	20.07490106258792	19.966348797967747	20.0	20.201276500928866	19.909571427118912	20.0	20.18504214890506	19.916865121506426	20.0	20.19544429463685	19.912191693713886	20.0	20.024189571886264	19.989132221326457	20.0	20.644030937300233	19.710652767299894	20.0	20.12428968571304	19.94415970641878
2018-01-12 10:40:00	20.0	20.06192077640953	19.972180520743542	20.0	20.193774414609027	19.912941929668406	20.0	20.177475460484104	19.920264648188308	20.0	20.18797364835659	19.915548071028205	20.0	20.01793230902862	19.991943455363945	20.0	20.635664858910054	19.71441144019983	20.0	20.11960615221051	19.946263902630058
2018-01-12 10:50:00	20.0	20.053379098555936	19.976018086156017	20.0	20.18884625728189	19.915156029337112	20.0	20.172508972845975	19.922495968721407	20.0	20.183065205915522	19.917753313284337	20.0	20.013836725017985	19.99378350035424	20.0	20.630130504602263	19.716897889236673	20.0	20.11700888136951	19.947430792428193
2018-01-12 11:00:00	20.022604818212223	20.103378354256904	19.986315258539975	20.0	20.13884375765725	19.937620920472824	20.0	20.123860130953688	19.944352694788932	20.0	20.13320038543383	19.94015634857321	20.050003329164053	20.10492002537019	20.025330610578692	20.0	20.56661843626471	19.74543229675064	20.016336728465877	20.083473188934718	19.986173970863945
2018-01-12 11:10:00	20.093193764812295	20.187026990867565	20.051036808178765	20.0	20.09658378496982	19.956607285013547	20.0	20.081432869433996	19.96341421808036	20.0	20.091231194214213	19.959012072164626	20.101158077461495	20.170622685647857	20.069949340450222	20.0	20.511455913590936	19.770215459111323	20.076857057611463	20.158681767836086	20.040095231278656
2018-01-12 11:20:00	20.165600599375775	20.272482435987598	20.117581223506676	20.017028469485876	20.110332530237457	19.975109253785874	20.028524337504663	20.12271370197263	19.98620737665675	20.020947595535667	20.114319426171235	19.978997932496497	20.154490708274267	20.23846151946745	20.116764691651255	20.0	20.476086615433374	19.786106013356022	20.141008338319686	20.23745003461073	20.097679460275884
2018-01-12 11:30:00	20.239870776493508	20.35976203775033	20.18600658665349	20.044981543276123	20.152504079181767	19.996674316999673	20.060118435048924	20.168646485875186	20.011359455692215	20.050137390048686	20.15768658197208	20.001818187880204	20.20999421463805	20.30842525085889	20.16577157517652	20.0	20.453795944761918	19.79612066249827	20.20874358647844	20.31972525685336	20.158882256309994
2018-01-12 11:40:00	20.315987827144326	20.448850030340765	20.256296112664756	20.075230209831375	20.196926317784417	20.020555146837978	20.093977322446325	20.216798756976374	20.03879667794733	20.08161187423304	20.203293675826785	20.026943238734404	20.267652272429274	20.380497962496207	20.21695348413833	20.0	20.440157128504442	19.802248246613953	20.280004250434622	20.405450326139686	20.22364441932075
2018-01-12 11:50:00	20.393936945833193	20.539734084294622	20.328433883625905	20.10775194852118	20.243576700193884	20.04672923400156	20.130078578033487	20.267148458296234	20.06849645791543	20.115348548615135	20.251118310983173	20.054350539435305	20.327448641991868	20.454663725288015	20.27029403935157	20.0	20.432241729838317	19.805804440217578	20.0	19.768577311626593	20.103972512167758
2018-01-12 12:00:00	20.510812325342464	20.73534800500377	20.409933976509137	20.198662488703555	20.40375133287631	20.10652112393028	20.223281992660098	20.430521345464584	20.13017445734215	20.207477555378258	20.41244452355683	20.115390946486443	20.435020519063276	20.632893795871738	20.34612093093193	20.0	20.39323176665614	19.823330655560298	20.0	19.827907669120783	20.077316844308058
2018-01-12 12:10:00	20.632153707464123	20.85649230467311	20.53136390292096	20.265972374160604	20.47225204932215	20.173295998363386	20.293534956851055	20.50192133568875	20.199912090996435	20.275902700914568	20.482037507176088	20.183291411144907	20.521001318622876	20.719724019685017	20.431720105102187	20.0	20.356878557229837	19.83966325689675	20.351418987985788	20.570965968513576	20.252781938763178
2018-01-12 12:20:00	20.752958298851553	20.977131678605673	20.652242722440292	20.33322171348352	20.540697688293704	20.240007869728217	20.363714503007067	20.573254183770445	20.26957348701194	20.34426113362953	20.551569310797348	20.251122677220806	20.606961232093113	20.806537712039756	20.517296436754748	20.0	20.3328411295051	19.850462680946997	20.492309758556985	20.711585875315237	20.393794401752558
2018-01-12 12:30:00	20.873278775851677	21.097297391959756	20.772632730933566	20.400419814251936	20.609093054369268	20.306668068691963	20.433831794178595	20.644526045092988	20.33917205826053	20.4125621592622	20.621044809853174	20.31889604088076	20.692908936016057	20.893339449055304	20.60286044465056	20.0	20.316939738610092	19.85760678410272	20.632070296433277	20.85108002440684	20.533674621546595
2018-01-12 12:40:00	20.993119463008462	21.21699370583221	20.892538281449987	20.467567216042536	20.67743873884264	20.37327711159611	20.503887409385474	20.715737454436848	20.408708403637746	20.480806377843386	20.69046465180469	20.38661208084629	20.77884449088215	20.98012926158347	20.688412202596027	20.0	20.30642055796971	19.86233279279623	20.77068285522703	20.989450865986726	20.67239577792921
2018-01-12 12:50:00	21.112484706364818	21.33622486247114	21.011963766664877	20.534664417231166	20.745735199838578	20.43983551490031	20.573881980611	20.78688906347145	20.47818314628239	20.548994315167075	20.75982927547625	20.454271361984695	20.864768025276433	21.066907340675442	20.773951811111658	20.0	20.29946184836955	19.865459169573107	20.90816625600344	21.126716766540085	20.809976896197128
2018-01-12 13:00:00	21.254527450568304	21.507092905306024	21.141056014381775	20.63167371038392	20.869090465671178	20.525008211631672	20.673336629273123	20.913003249454093	20.565660321655585	20.64708716593433	20.884228352213498	20.540545473548022	20.975575150786476	21.204533251931622	20.872709916938675	20.0	20.27719669939433	19.87546235244602	21.08922968504924	21.334504192249952	20.979033891959062
2018-01-12 13:10:00	21.37969722638554	21.615282271141268	21.273854670046006	20.70208678919914	20.92334257807066	20.602682014488764	20.74632085278677	20.96955482799784	20.64602732769194	20.718532137598572	20.939511805476243	20.61925141724774	21.061044930983453	21.272559482104896	20.96601665439269	20.0	20.2590642272119	19.883608825455532	21.235526460238653	21.461668651621324	21.13392634526963
2018-01-12 13:20:00	21.501285673570955	21.71996435783123	21.403038728468516	20.769205889762716	20.974363395995454	20.677033676817572	20.816008027716457	21.02287337106594	20.723068525631902	20.78667902842933	20.991559824780325	20.694631134416568	21.143300544779123	21.33743883818164	21.056078992670763	20.0	20.24596453477264	19.88949419452244	21.275901268036947	21.379550450492957	21.22933424403496
2018-01-12 13:30:00	21.619332844596393	21.821175585424612	21.528649874079377	20.833059442369304	21.022183252855243	20.74809077389014	20.882425992951756	21.072988253859165	20.796811064138296	20.851555895152952	21.040402364661745	20.76671182914174	21.222364262615965	21.39919389689382	21.1429190646071	20.0	20.23619172487827	19.893884877228608	21.46474411280329	21.6539699220657	21.379729618786854
2018-01-12 13:40:00	21.733869325420525	21.91894592996016	21.650718966859245	20.89368072484167	21.066834731304	20.81588689585135	20.945607119212283	21.119931106441456	20.86728764668902	20.913195830127812	21.086071865091824	20.835526886883102	21.298260094735692	21.457848108245855	21.226561132144184	20.0	20.228619737629536	19.897286784543255	21.59098814500034	21.761513910037607	21.514375120128534
2018-01-12 13:50:00	21.84492544401007	22.01330510358025	21.769276611449556	20.95110268529819	21.108350130170166	20.880455282529624	21.00558354228204	21.163733494208714	20.93453066532946	20.97163159967579	21.128600471573762	20.90110935288105	21.37101190895673	21.513424859881653	21.30702927883101	20.0	20.222503652287887	19.900034591001095	21.157235156587095	20.73011655755751	21.349129019919232
2018-01-12 14:00:00	21.997030589238122	22.159278263660724	21.924136706526525	21.04414521634125	21.19929466784572	20.974440390303016	21.101605606479904	21.25757403483962	21.031532834318284	21.06564372055418	21.220477233377395	20.996080837981438	21.475170670663974	21.616183189892908	21.411817219995896	20.0	20.198645954263654	19.910753266925028	21.628366003767706	21.781884107708862	21.559394101997015
2018-01-12 14:10:00	22.0	22.010741691614562	21.995174022607955	21.108706035568208	21.260069913538345	21.040701974451196	21.168483612563342	21.32056835606474	21.100155684323568	21.131110942543128	21.282146096604876	21.063254568979147	21.553762176709512	21.690447185352696	21.492352969927765	20.0	20.19043460733537	19.914442422791353	21.75539025579566	21.903492033147685	21.68885177611577
2018-01-12 14:20:00	22.0	21.906960671807962	22.041800277883368	21.172007190048227	21.31959420935185	21.105699978477034	21.234099213422297	21.382309103851014	21.16751216120069	21.195314726927915	21.342560120332195	21.12916099945643	21.631146791307202	21.763520529614098	21.571674532067846	20.0	20.184994564344	19.916886500077332	21.879279376467938	22.02198633329141	21.815164656735647
2018-01-12 14:30:00	22.0	21.838666931002845	22.072482973027718	21.234028842483223	21.37786433957814	21.169407097411593	21.298430396459104	21.442791165148364	21.233572659801595	21.258234849773206	21.401715879091967	21.19377235834014	21.707313601793587	21.83540185949346	21.64976670340667	20.0	20.18139583904114	19.918503318691663	22.0	22.137380280187273	21.938278424843418
2018-01-12 14:40:00	22.0	21.79372604761967	22.092673804692623	21.294784085899337	21.43489310846593	21.231836554021612	21.361489943437874	21.502027039322215	21.29835008876519	21.319884321538876	21.459626053272757	21.257101804383083	21.782271794445624	21.90610014864866	21.72663876574569	20.0	20.179015186089117	19.919572887409238	21.576347823566458	21.141996197665648	21.771491307666807
2018-01-12 14:50:00	22.0	21.764152575779303	22.10596043696873	21.354285800486938	21.490693098531096	21.293001362235216	21.42329050334807	21.560029188686087	21.361857180949826	21.380275984257526	21.5163032195387	21.31916229884135	21.85603047251901	21.97562431313645	21.802299906444503	20.0	20.17744032055194	19.920280435694053	22.0	22.131882370124707	21.940748500378746
2018-01-12 15:00:00	22.0	21.683807990153582	22.142057279786087	21.42386616883276	21.541975251093078	21.370802668107103	21.496284264238238	21.614405485675533	21.44321530967946	21.450692489866565	21.56838488496568	21.39781619641623	21.940984285074578	22.043181214911627	21.895069722394155	20.0	20.1750800321063	19.92134085514064	22.0	21.99402184100367	22.002685839549073
2018-01-12 15:10:00	22.0	21.72301520747609	22.12444244301801	21.464903993795495	21.58222400477767	21.412195003354242	21.53959625079499	21.656872437065886	21.486906949716754	21.492558916829747	21.609447333096355	21.440043831260695	21.99891415568477	22.099898730525396	21.95354427423463	20.0	20.188405715484453	19.915353953912778	22.0	21.956508861793004	22.019539496875595
2018-01-12 15:20:00	22.0	21.748693131892768	22.112905984222095	21.50556798584732	21.622084192511636	21.453220124882193	21.58252595684566	21.698941723849245	21.5302232209455	21.534046608500446	21.65011618684474	21.48189940663562	22.0	22.01889374831491	21.991511504380256	20.0	20.19720524618732	19.911400541568014	22.0	21.93565863625859	22.028906989507007
2018-01-12 15:30:00	22.0	21.76559072358953	22.105314312590195	21.545817445045564	21.661538080198113	21.49382701475963	21.625029887723063	21.740593814706358	21.573109862556663	21.5751145248851	21.69037355123656	21.52333148406052	22.0	21.96360879695071	22.0163496709352	20.0	20.20302638755902	19.90878524616914	22.0	21.924096048142548	22.03410177547218
2018-01-12 15:40:00	22.0	21.776710230035597	22.10031859230287	21.5856566458221	21.700589795999974	21.5340200131335	21.667112333701674	21.7818328657508	21.6155712250999	21.615766996221325	21.73022366766827	21.564344433687182	22.0	21.927422829290457	22.03260713466662	20.0	20.206877228095628	19.90705515839182	22.0	21.917683930215976	22.036982582076874
2018-01-12 15:50:00	22.0	21.78402745181698	22.09703114483584	21.625089769514283	21.739243446253234	21.57380333503737	21.708777464997002	21.822662951523654	21.657611521774875	21.656008219154316	21.769670642811818	21.604942492583547	22.0	21.90373784544916	22.04324821436343	20.0	20.209424662002455	19.905910659100346	22.0	21.914128043294347	22.038580154461954
2018-01-12 16:00:00	22.0	21.735787850468643	22.118704009209736	21.64439807554369	21.71940916000645	21.61069744339376	21.731762174602935	21.805891309829327	21.69845778051571	21.676075290114863	21.750576917042522	21.642603544683595	22.0	21.86990053163264	22.058450485788242	20.0	20.227594001391626	19.897747622563184	22.0	21.921112233991593	22.035442329655957
2018-01-12 16:10:00	22.0	21.80161260088176	22.089130570618337	21.66162714146617	21.751086710775468	21.62143516105185	21.751501178124954	21.84022519262927	21.71163966436214	21.694101717343464	21.783019050072525	21.654153350465194	22.0	21.890896133116726	22.04901767932438	20.0	20.256313892786515	19.884844482950985	22.0	21.959339840476964	22.018267607901656
2018-01-12 16:20:00	22.0	21.846348289840886	22.069031927752647	21.681297328516376	21.785139562726073	21.63464357111782	21.77366078837359	21.87691265128526	21.727272270253856	21.714561916228917	21.817829236635646	21.668166453437486	22.0	21.90625551032125	22.04211708956582	20.0	20.276403366685123	19.875818777286394	22.0	21.982674066367803	22.007784115110127
2018-01-12 16:30:00	22.0	21.877334116767116	22.055110759133598	21.703348374030515	21.821526237551907	21.650253971578884	21.798178746059957	21.91591122345836	21.745284444620083	21.73739569601532	21.854966188204592	21.684574170538973	22.0	21.91796931132766	22.036854367374545	20.0	20.290800115259366	19.86935067285449	22.0	21.997788043066798	22.00099377775259
2018-01-12 16:40:00	22.0	21.899271644846287	22.045254768257465	21.727756065953415	21.860222977832414	21.66824194612372	21.82503172467178	21.957198020225306	21.765652664350633	21.762579099027334	21.894406390695153	21.70335234479976	22.0	21.92729690979987	22.032663707191375	20.0	20.301430959218536	19.86457449658298	22.0	22.00834337773062	21.99625152594711
2018-01-12 16:50:00	22.0	21.915254918851133	22.038073877037895	21.754496380070655	21.90120622975993	21.688583259195767	21.854196561731058	22.00075033447053	21.788353562384337	21.790088352633234	21.93612653593303	21.72447699491883	22.0	21.935062655507803	22.029174748974764	20.0	20.309570558510856	19.860917575161785	22.0	22.016370686428232	21.99264505392355
2018-01-12 17:00:00	22.0	21.862163760671095	22.06192642636516	21.795659268683544	21.940919353411424	21.730397491486954	21.898963027549286	22.04397269682842	21.83381375584416	21.831960709373945	21.976491702809213	21.767026494932004	22.0	21.908699252851186	22.041019176255265	20.0	20.314651136887306	19.85863499647092	22.0	22.010112560793942	21.995456675585334
2018-01-12 17:10:00	22.0	21.928902644151226	22.03194229030887	21.797777586541326	21.945546836003665	21.73138850344955	21.903410653682162	22.050917464267954	21.837139477911734	21.834782739399287	21.98180630152239	21.768728675257023	22.0	21.947196618732402	22.023723258250666	20.0	20.33489808214408	19.84953854280483	22.0	22.05081720930181	21.9771690798789
2018-01-12 17:20:00	22.0	21.972685131310595	22.01227189752713	21.800559762029483	21.950799598880373	21.733060704893575	21.90850202017527	22.058466598517086	21.84112662990576	21.838261948268336	21.987739406278045	21.771105409162523	22.0	21.972336042323047	22.012428734608488	20.0	20.348274094582834	19.84352902997003	22.0	22.073336809895657	21.96705157816282
2018-01-12 17:30:00	22.0	22.001496480989978	21.999327667961026	21.80394774201812	21.956646189859367	21.73534409153872	21.91417649647911	22.066587197268724	21.845702123660594	21.842339992191164	21.99425949469815	21.774086302659043	22.0	21.988790729731075	22.005036048961404	20.0	20.35712269659272	19.83955357109602	22.0	22.085825272792576	21.96144081947001
2018-01-12 17:40:00	22.0	22.020455858004865	21.99080968698332	21.807935464574562	21.963080688597543	21.7382325378396	21.92042840290933	22.07527367771252	21.85086023596876	21.847010976720767	22.001360887767444	21.777665364511392	22.0	21.999560894256128	22.00019727939218	20.0	20.362976278908416	19.836923700780275	22.0	22.092750835072454	21.95832933496745
2018-01-12 17:50:00	22.0	22.032932121190235	21.985204409320325	21.8125167844151	21.970097020693984	21.741719866666607	21.927251998670034	22.08452038575431	21.856595187081446	21.852268857039203	22.009037573923298	21.781836534960842	22.0	22.006610341122922	21.99703013659694	20.0	20.366848577154652	19.835183972582694	22.0	22.096591452915053	21.956603839994685
2018-01-12 18:00:00	22.0	22.068069466340837	21.969418065846863	21.753596299052663	21.868689548735755	21.70188773760084	21.87102233353133	21.985162978265755	21.819741754012963	21.79403888004213	21.908347805447562	21.74268269616433	22.0	22.042034602020617	21.981114888947253	20.0	20.405218413211763	19.81794535058602	21.976342281261132	22.094444980421333	21.9232816483051
2018-01-12 18:10:00	21.99100960795291	22.0597845193426	21.960110734719862	21.711463566994443	21.795234376373955	21.673827406258724	21.83201499367501	21.914345898027687	21.795025746791925	21.75265663907516	21.835665387055002	21.71536285375088	22.0	22.03993906880485	21.982056360392022	20.0	20.432343318262543	19.805758799041467	21.925441573973934	22.009827826214476	21.887528909923837
2018-01-12 18:20:00	21.953177034495106	21.990735477202872	21.93630295153944	21.65639273624575	21.709111801820058	21.63270735895874	21.780033080460115	21.83082904211338	21.757211706384012	21.69832580319199	21.75030507009805	21.674972799219706	21.99736745935491	22.039946192588683	21.97823788355423	20.0	20.45545683731127	19.79537446439639	21.851345088473252	21.902524428327524	21.82835147201698
2018-01-12 18:30:00	21.90240700531846	21.909010075207373	21.899440408701697	21.58854661600183	21.61046637508428	21.578698608298115	21.71523788615683	21.734755782622727	21.706468976150415	21.63120861521726	21.652410684823646	21.621683047712946	21.96486677169411	21.97411220213579	21.960713027582635	20.0	20.475913097949924	19.78618397048627	21.754456175387308	21.772917636721047	21.746161895657654
2018-01-12 18:40:00	21.83880946199128	21.814714806576852	21.849634597032537	21.508055427521185	21.49942585584882	21.511932481460942	21.637756381306048	21.626250458171214	21.642925709091266	21.55143439608133	21.542109064703634	21.55562403771479	21.919199867845453	21.89539054455624	21.92989681019278	20.0	20.494611518502758	19.777783230817604	21.635148140030125	21.62137310222845	21.641336925129423
2018-01-12 18:50:00	21.762496198122882	21.707959638586978	21.786998130667996	21.415048058889724	21.376116560097152	21.43253902211537	21.547714400073335	21.505436416466836	21.566708856476257	21.459131219141938	21.419525789682005	21.476924962812344	21.860465631977863	21.80387815918303	21.885888989320467	20.0	20.512147083194158	19.769904933637406	21.493788064135423	21.44825005435114	21.51424716998054
2018-01-12 19:00:00	21.674061039906675	21.588919386757293	21.712313086973783	21.309850698864683	21.24060567329649	21.34096078281561	21.445454750755733	21.37239354118264	21.478279352158136	21.354623558350863	21.28472590143648	21.38602685348631	21.788979760214417	21.699657294493363	21.82911014336445	20.0	20.528890258100496	19.762382637664995	21.330680329947032	21.25357460689756	21.365322031606944
2018-01-12 19:10:00	21.590156655338575	21.50678585643067	21.627613101224732	21.210015540174837	21.142749688421272	21.240236430093105	21.34810190516645	21.27699747039919	21.380047375858986	21.255496497484852	21.187560999958354	21.28601824275038	21.720819542900916	21.632944373459733	21.760299691490438	20.0	20.544680528103232	19.755288458388403	21.17734839226711	21.10353796440957	21.21050959898572
2018-01-12 19:20:00	21.506975195149906	21.42530190977834	21.543668990026983	21.111210807142246	21.045897942297398	21.1405542681595	21.25172884696435	21.18255613543872	21.282806441997607	21.157385146338594	21.091386044015792	21.187036916947388	21.65318368836902	21.566740103974137	21.692020661068167	20.0	20.555121207123833	19.75059771853857	21.02653677949562	20.955964184371243	21.058243307739907
2018-01-12 19:30:00	21.424520918012913	21.34452725279177	21.460460100938356	21.01341326552815	20.95003356870304	21.041888201782914	21.156311439781277	21.08905111016209	21.18652984874062	21.060266410373274	20.996184202519927	21.089056967524773	21.58605718870027	21.501034483755586	21.624255795269622	20.0	20.562027986710113	19.747494672637487	20.878194528519398	20.810807176133306	20.908470005678367
2018-01-12 19:40:00	21.342788997593672	21.264460297193363	21.377980152845982	20.916612643594657	20.855146428616393	20.94422789959939	21.061840286429454	20.996473325035808	21.091208051693272	20.96413021003589	20.9019454798228	20.992068277233077	21.519436195404765	21.43582368053836	21.55700123831576	20.0	20.56659699679894	19.74544192897439	20.73228109764921	20.668026938275997	20.761148908382108
2018-01-12 19:50:00	21.261773295721046	21.18509526955284	21.296222843709657	20.82079881384302	20.76122663526688	20.847563125956942	20.968306063442437	20.90481374471783	20.996831597941902	20.868966634043822	20.80866020814324	20.89606082539046	21.453316893087568	21.371103943396765	21.4902531458472	20.0	20.569619513002944	19.74408398691172	20.5887566560081	20.52758437989945	20.616239852520682
2018-01-12 20:00:00	21.18146764466668	21.1064261712421	21.21518192982844	20.7259616434936	20.668264134527547	20.751883712739218	20.8756994394156	20.81406315187319	20.90339110483321	20.77476583080933	20.716318706409126	20.801024683800726	21.387695502434454	21.306871573014597	21.424007702608595	20.0	20.571618984228866	19.743185673752247	20.447582084617142	20.38944122189487	20.473703341782223
2018-01-12 20:10:00	21.091762612002313	21.006313606597516	21.13015274486533	20.62197122429205	20.554085210637798	20.652470737672946	20.773843900689908	20.70183888017939	20.806193982368548	20.671402377709807	20.602765962959253	20.702239027815125	21.312216138490477	21.220029266756836	21.353633428689648	20.0	20.57278889376404	19.74266006222195	20.296097764810387	20.227952155642555	20.326713908059705
2018-01-12 20:20:00	21.00092749140151	20.905103024433753	21.04397906351745	20.51709714166087	20.439038273456646	20.552167067955526	20.67105741825003	20.58870027884066	20.70805845189772	20.567141684505952	20.488331874482103	20.602548990458693	21.23537009343655	21.131848029111904	21.281880006393997	20.0	20.57245479134158	19.74281016620885	20.143603094068695	20.065472095447163	20.178705426782717
2018-01-12 20:30:00	20.908964093930898	20.802787547233653	20.95666660041807	20.4113449889195	20.323130684739542	20.450977502391655	20.567345862741885	20.474655217319018	20.608989486047815	20.461989316989875	20.373023689962757	20.501959381306406	21.15716529609337	21.0423367711261	21.20875492325258	20.0	20.571126757032875	19.74340681930407	20.0	19.922254677565274	20.034929057905458
2018-01-12 20:40:00	20.81588198245424	20.69937595830278	20.86822526866721	20.304723660847827	20.20637105635627	20.348911062865774	20.462718348062076	20.359712507597806	20.50899633435762	20.35595430619885	20.256850273840765	20.40047930624378	21.077611994438772	20.95150555309439	21.134268511564507	20.0	20.569141210472107	19.74429887645456	20.0	20.069451916134334	19.968796965215013
2018-01-12 20:50:00	20.72169089049994	20.594877765136776	20.778664903344257	20.19724201142205	20.088768074356135	20.245976678799487	20.35718398446883	20.24388113071748	20.408088165139727	20.24904558803607	20.139820397138035	20.298117775251132	20.996720349225853	20.859364329387255	21.058431024805508	20.0	20.56672070286015	19.74538635088892	20.0	20.148941209420055	19.9330843841736
2018-01-12 21:00:00	20.62640067296858	20.489302887591272	20.687995330167077	20.088908849202678	19.970330440121348	20.142183206905884	20.250751828266985	20.1271700457241	20.30627407839495	20.14127198140638	20.02194267693489	20.194883697908065	20.9145004409498	20.765922966035603	20.981252639824298	20.0	20.56401245746698	19.746603098819183	20.0	20.190848654270624	19.914256401704506
2018-01-12 21:10:00	20.541843835102572	20.408831608619113	20.601602951348767	20.0	19.89703821652287	20.046258192576683	20.155442470113837	20.03632901797019	20.20895720948272	20.044607281023854	19.929706712597113	20.09622927553442	20.84315289433125	20.698757885247595	20.908026014354345	20.0	20.561266657681845	19.747836719012504	20.0	20.21169228696389	19.904891871074195
2018-01-12 21:20:00	20.458622883804534	20.329681086182937	20.516553256649015	20.0	20.026360791317625	19.98815674592976	20.061708349377927	19.947033415013355	20.113228972063464	20.0	19.957319205345115	20.019175429482633	20.772975325466223	20.63273910544186	20.835980004027892	20.0	20.5594512505452	19.748652336711576	20.0	20.223254144813566	19.899697413199704
2018-01-12 21:30:00	20.37673030013531	20.25183985490886	20.432840500164584	20.0	20.111329295392338	19.949982490475907	20.0	19.931403895519644	20.030818539694074	20.0	20.064433311920855	19.971051700441357	20.703961309074494	20.567859214994424	20.765108626704667	20.0	20.55825031155471	19.74919188901165	20.0	20.229665838795764	19.896816797062773
2018-01-12 21:40:00	20.296156375297006	20.175298320322234	20.350454921734944	20.0	20.16714566669945	19.92490557003358	20.0	20.04564353798761	19.9794934829331	20.0	20.134818765165907	19.939429250432713	20.63610210623462	20.504109710007587	20.695403037872858	20.0	20.55745585991572	19.749548816559603	20.0	20.23322148208025	19.89521933413786
2018-01-12 21:50:00	20.21689151983959	20.10004707238747	20.269386851303583	20.0	20.20381182420729	19.908432368834404	20.0	20.12063546018114	19.945801459918624	20.0	20.181064281679944	19.91865227924525	20.56938900951226	20.441482045717425	20.62685445701429	20.0	20.556930309981425	19.749784933196754	20.0	20.2351932853487	19.89433345151
2018-01-12 22:00:00	20.070346839067742	19.918856306829312	20.13840780282704	20.0	20.282530102274237	19.873066185934764	20.0	20.22549813860783	19.89868924207474	20.0	20.265949429236965	19.880515473821077	20.443979285487767	20.278898987566677	20.518145796147962	20.0	20.592987131724165	19.73358549154422	20.0	20.28576898506766	19.871611035694237
2018-01-12 22:10:00	20.0	19.88414825680874	20.05204933389752	20.0	20.29419635558471	19.867824825751796	20.0	20.252741751533826	19.886449358006548	20.0	20.281589331256598	19.873488851174574	20.362897998997155	20.19952319661246	20.436298272532305	20.0	20.61113623670147	19.725431545829778	20.0	20.280594905035237	19.87393562237547
2018-01-12 22:20:00	20.0	20.002141048793792	19.999038079527423	20.0	20.301917124954205	19.864356074295937	20.0	20.270684989055816	19.878387903467686	20.0	20.291922861937397	19.86884625043393	20.282404716637064	20.12073379960918	20.355039476461187	20.0	20.623148337939718	19.720034804693753	20.0	20.277765707754085	19.87520671100903
2018-01-12 22:30:00	20.0	20.07979759914662	19.96414890473123	20.0	20.306988863168236	19.862077467272243	20.0	20.282462179497944	19.87309670196469	20.0	20.29871223539245	19.86579595221499	20.202517650449234	20.042537758916986	20.274392674181122	20.0	20.63109462956117	19.716464731646436	20.0	20.276196713876654	19.87591162130179
2018-01-12 22:40:00	20.0	20.130899554604454	19.941190055177703	20.0	20.310320518559198	19.860580636589347	20.0	20.29019229449159	19.869623751750154	20.0	20.30317306840828	19.86379180984556	20.123232206944664	19.964930589612063	20.194353223427434	20.0	20.636351295314082	19.714103041235703	20.0	20.275326620568414	19.8763025327881
2018-01-12 22:50:00	20.0	20.164527247388406	19.926081961318253	20.0	20.312509102983196	19.85959735952929	20.0	20.295266057802372	19.86734423490038	20.0	20.306103976657273	19.86247502498007	20.044543855119205	19.887907861977652	20.11491654769005	20.0	20.6398287079386	19.712540725418886	20.0	20.27484410599189	19.876519314699294
2018-01-12 23:00:00	20.0	20.21343324192056	19.90410970290526	20.0	20.34114141285963	19.84673356813553	20.0	20.326288468956566	19.853406629889083	20.0	20.335157857986278	19.849421831919212	20.0	19.915256681629312	20.038073085065093	20.0	20.660318155267223	19.703335321546604	20.0	20.29927362284076	19.865543734665742
2018-01-12 23:10:00	20.0	20.22530960705174	19.89877394465792	20.0	20.34139162335065	19.84662115472652	20.0	20.327427032819536	19.852895101197017	20.0	20.335637514111305	19.849206334239852	20.0	20.009288567545767	19.995826875450454	20.0	20.671047431526652	19.69851492206773	20.0	20.29653141327808	19.86677574186057
2018-01-12 23:20:00	20.0	20.231912364779234	19.895807488287588	20.0	20.340347612655883	19.847090203009678	20.0	20.32694810527202	19.85311027154446	20.0	20.334746055154373	19.84960684478572	20.0	20.069524508862134	19.96876435109093	20.0	20.677261536560813	19.695723077777018	20.0	20.29328924527541	19.868232368064664
2018-01-12 23:30:00	20.0	20.235019490592094	19.89441153321225	20.0	20.33842867475458	19.84795233453055	20.0	20.32538089715301	19.85381437953995	20.0	20.332928756944312	19.850423312097487	20.0	20.10762251254001	19.951647856684925	20.0	20.680486697566053	19.694274092397855	20.0	20.289752239278332	19.869821457715528
2018-01-12 23:40:00	20.0	20.23582634858378	19.894049031795696	20.0	20.33593502872903	19.849072668252177	20.0	20.323099422992595	19.854839389669998	20.0	20.330503188471614	19.851513060251886	20.0	20.131230514876673	19.9410413628815	20.0	20.681734602887936	19.693713439282227	20.0	20.28605175162959	19.87148399564467
2018-01-12 23:50:00	20.0	20.235119513447188	19.894366595407785	20.0	20.333063853610053	19.850362616494035	20.0	20.320349130735764	19.856075028220165	20.0	20.32767796758009	19.852782362391558	20.0	20.145354328778502	19.934695881273427	20.0	20.681674506201	19.69374043924303	20.0	20.282260604164396	19.873187264795703
2018-01-13 00:00:00	20.0	20.17963936502799	19.919292459190324	20.0	20.275335896589745	19.876298365300258	20.0	20.26167494268383	19.88243589531596	20.0	20.270113172145255	19.87864480671735	20.0	20.108781298426198	19.951127242736057	20.0	20.644347173495067	19.710510690168885	20.0	20.228945401015196	19.89714047200766
2018-01-13 00:10:00	20.0	20.184113130429985	19.917282506618413	20.0	20.274923252876842	19.876483755953885	20.0	20.262093686803823	19.882247763899734	20.0	20.269898243080405	19.878741369050832	20.0	20.11884041286205	19.946607930453283	20.0	20.624565703299155	19.71939801735835	20.0	20.23065578469743	19.89637203875912
2018-01-13 00:20:00	20.0	20.18700267502023	19.915984305425695	20.0	20.274598633874678	19.8766295992737	20.0	20.26231089830462	19.882150176124007	20.0	20.269703002215085	19.87882908596134	20.0	20.12538885476246	19.943665876845856	20.0	20.61147457520355	19.725279538676666	20.0	20.231566499490167	19.895962877040645
2018-01-13 00:30:00	20.0	20.188904216214805	19.91512998981654	20.0	20.274385465999075	19.876725370348243	20.0	20.262453553388667	19.88208608470944	20.0	20.26957480031431	19.87888668391676	20.0	20.12967506963335	19.941740186106756	20.0	20.602814472757988	19.729170309340617	20.0	20.232071587082732	19.895735953629494
2018-01-13 00:40:00	20.0	20.190155528003604	19.91456780625925	20.0	20.27424543452976	19.876788283037357	20.0	20.26254718688609	19.88204401748596	20.0	20.269490567440442	19.878924527671685	20.0	20.132480542790468	19.94047975613762	20.0	20.597085598865245	19.73174415123446	20.0	20.232351686152427	19.89561011201847
2018-01-13 00:50:00	20.0	20.190978955504256	19.914197860570553	20.0	20.274153446949413	19.876829610790843	20.0	20.26260864451823	19.882016406086006	20.0	20.269435223739567	19.878949392232947	20.0	20.134316820247527	19.939654761917776	20.0	20.593295805816965	19.733446811879332	20.0	20.232507016644604	19.895540325855322
2018-01-13 01:00:00	20.0	20.172847042699328	19.922344082265518	20.0	20.255126122712653	19.88537811878127	20.0	20.243337665043402	19.8906743823718	20.0	20.250478807360416	19.887466043069956	20.0	20.120059435152914	19.946060253771876	20.0	20.578063958579357	19.740290105565794	20.0	20.21533032134005	19.903257391861718
2018-01-13 01:10:00	20.0	20.175913032163827	19.92096660873799	20.0	20.25638842860933	19.88481099584218	20.0	20.244980260993376	19.88993640448123	20.0	20.25181450845094	19.88686594547856	20.0	20.123501779286304	19.944513693364122	20.0	20.569794592292702	19.744005328100382	20.0	20.217250867892787	19.902394537613386
2018-01-13 01:20:00	20.0	20.177910689804893	19.92006911037751	20.0	20.257197993733445	19.884447278177724	20.0	20.24603723751373	19.889461530972085	20.0	20.25267229044288	19.886480565163343	20.0	20.125741534652736	19.943507426460364	20.0	20.564322287353743	19.74646389988455	20.0	20.218302085559834	19.901922251415144
2018-01-13 01:30:00	20.0	20.179225278118896	19.919478498236437	20.0	20.257729830565502	19.88420833699231	20.0	20.246731030161936	19.88914982702869	20.0	20.253235909410257	19.886227345047566	20.0	20.127207544978333	19.942848784140164	20.0	20.5607022216261	19.748090306225954	20.0	20.21888506114546	19.90166033484769
2018-01-13 01:40:00	20.0	20.180090345056602	19.919089844974568	20.0	20.258079197712767	19.88405137494064	20.0	20.247186410612873	19.8889452358116	20.0	20.25360622524635	19.886060971266133	20.0	20.12816709874944	19.942417680271987	20.0	20.5583074568344	19.749166215045413	20.0	20.219208353625536	19.90151508750157
2018-01-13 01:50:00	20.0	20.180659603758496	19.918834091065023	20.0	20.258308699338553	19.88394826551456	20.0	20.24748530593384	19.888810949507985	20.0	20.253849534718924	19.88595165831469	20.0	20.128795159437157	19.94213550807896	20.0	20.55672325952036	19.749877955867667	20.0	20.219387637349925	19.901434539741338
2018-01-13 02:00:00	20.0	20.19992044136404	19.91018067127123	20.0	20.277635831549972	19.875265061187694	20.0	20.267213989435906	19.879947338079518	20.0	20.273139952191638	19.87728494901535	20.0	20.144825912356247	19.93493328575299	20.0	20.56842283479239	19.74462162494835	20.0	20.236825829760054	19.893599989528095
2018-01-13 02:10:00	20.0	20.197276022192874	19.911368743652478	20.0	20.27622562309497	19.875898633102256	20.0	20.265514479183878	19.88071088616376	20.0	20.271676630976035	19.87794238318468	20.0	20.14229240578244	19.936071527836873	20.0	20.574098560144545	19.742071661384337	20.0	20.234804056933267	19.894508322247372
2018-01-13 02:20:00	20.0	20.195556199481505	19.912141417624255	20.0	20.275319385133468	19.87630578349076	20.0	20.264420667757854	19.881202308688497	20.0	20.27073549000763	19.878365214634254	20.0	20.140647774832875	19.936810420002622	20.0	20.577855374938977	19.740383817056404	20.0	20.23369699668406	19.895005697141944
2018-01-13 02:30:00	20.0	20.19442444083062	19.912649888902187	20.0	20.274724042874933	19.876573256099665	20.0	20.263702697605602	19.88152487498878	20.0	20.27011710110883	19.878643041530815	20.0	20.13957129385778	19.937294056382736	20.0	20.580340598976928	19.739267267126312	20.0	20.233083053338834	19.895281526760815
2018-01-13 02:40:00	20.0	20.193679685568345	19.91298448909248	20.0	20.27433295877888	19.876748960548618	20.0	20.26323144814988	19.881736595758753	20.0	20.269710799858952	19.878825582672064	20.0	20.13886670058614	19.93761061278014	20.0	20.581984636438495	19.738528641600098	20.0	20.232742587738645	19.8954344895667
2018-01-13 02:50:00	20.0	20.19318959836905	19.913204673196514	20.0	20.274076053134966	19.87686438192487	20.0	20.262922137140983	19.881875561574336	20.0	20.26944384693823	19.878945518042244	20.0	20.138405520406973	19.93781780967223	20.0	20.583072208073812	19.738040022459593	20.0	20.23255378068847	19.895519315922574
2018-01-13 03:00:00	20.0	20.192867095830223	19.913349565641496	20.0	20.273907290174446	19.876940202965102	20.0	20.26271911664093	19.881966773683057	20.0	20.26926845032814	19.87902431941779	20.0	20.138103662347525	19.937953427061256	20.0	20.583791663736815	19.73771678875593	20.0	20.232449076712058	19.895566356839513
2018-01-13 03:10:00	20.0	20.19265487260203	19.913444912309235	20.0	20.27379642870639	19.87699001029133	20.0	20.26258586136632	19.88202664199484	20.0	20.269153209143564	19.87907609444275	20.0	20.137906086015978	19.9380421932392	20.0	20.58426760153642	19.737502961628568	20.0	20.232391012552515	19.89559244363583
2018-01-13 03:20:00	20.0	20.192515218822074	19.91350765531182	20.0	20.273723603099004	19.877022729042476	20.0	20.262498397449093	19.88206593737794	20.0	20.269077491998132	19.879110112290693	20.0	20.13777676560986	19.93810029371151	20.0	20.584582446217933	19.737361509670205	20.0	20.23235881275711	19.895606910210578
2018-01-13 03:30:00	20.0	20.192423319464847	19.913548943428836	20.0	20.273675763491795	19.877044222199338	20.0	20.262440989313767	19.882091729438738	20.0	20.26902774341112	19.87913246310515	20.0	20.137692121020784	19.938138322439936	20.0	20.584790723798697	19.737267935684645	20.0	20.232340956185446	19.895614932728282
2018-01-13 03:40:00	20.0	20.192362844969562	19.91357611312962	20.0	20.273644337347804	19.877058341191564	20.0	20.262403308701153	19.882108658409628	20.0	20.268995056997667	19.879147148305396	20.0	20.137636718268098	19.938163213531723	20.0	20.584928504594085	19.73720603416788	20.0	20.232331053726504	19.895619381659106
2018-01-13 03:50:00	20.0	20.19232304964681	19.913593992187664	20.0	20.273623693312828	19.877067616047864	20.0	20.262378576517015	19.882119769970615	20.0	20.26897358097832	19.879156796951776	20.0	20.13760045528833	19.938179505595095	20.0	20.585019650014097	19.737165084776272	20.0	20.232325562264116	19.895621848837862
2018-01-13 04:00:00	20.0	20.211196771075567	19.90511449415446	20.0	20.292799984965107	19.868452180667855	20.0	20.281909077675078	19.87334519698656	20.0	20.288103573674974	19.87056216255182	20.0	20.153206705450526	19.93116800189904	20.0	20.5978289719908	19.731410172004132	20.0	20.249666173390587	19.88783113949119
2018-01-13 04:10:00	20.0	20.20827693553368	19.906426304325457	20.0	20.2912684978547	19.869140240094268	20.0	20.28005649419589	19.8741775171004	20.0	20.28651251490553	19.871276986056934	20.0	20.150379141147052	19.93243835687596	20.0	20.604222278600446	19.728537816860666	20.0	20.247574440531956	19.888770903529124
2018-01-13 04:20:00	20.0	20.206375894945577	19.907280395024458	20.0	20.29028261536201	19.869583172808376	20.0	20.278862237132998	19.87471406737503	20.0	20.285487470829498	19.871737513105593	20.0	20.14854205167581	19.933263715913764	20.0	20.608453805317236	19.72663669616182	20.0	20.24642859792659	19.88928570238081
2018-01-13 04:30:00	20.0	20.205124886177344	19.907842442442067	20.0	20.28963495441395	19.869874150915475	20.0	20.278078338507047	19.875066253714223	20.0	20.28481395523231	19.872040107069537	20.0	20.147339600512513	19.933803947595823	20.0	20.611253061403232	19.72537905936956	20.0	20.245793148059697	19.889571194349994
2018-01-13 04:40:00	20.0	20.204301658586818	19.908212298316073	20.0	20.289209502056117	19.87006529617769	20.0	20.277563816271073	19.87529741587821	20.0	20.284371434208065	19.87223892086304	20.0	20.14655255577387	19.93415754740594	20.0	20.61310483776451	19.724547101873917	20.0	20.24544075615299	19.889729515351558
2018-01-13 04:50:00	20.0	20.20375993281107	19.908455682360245	20.0	20.288930019825724	19.870190860658006	20.0	20.27722610276151	19.87544914223758	20.0	20.28408068388801	19.87236954781843	20.0	20.14603740850518	19.93438899038173	20.0	20.614329833114095	19.72399674164439	20.0	20.24524533544446	19.889817313061187
2018-01-13 05:00:00	20.0	20.184503538179364	19.91710710603536	20.0	20.269556569941614	19.87889487437406	20.0	20.257457701998213	19.884330597652973	20.0	20.264745545160665	19.881056349275642	20.0	20.130070240307642	19.941562645658884	20.0	20.602391169759123	19.729360488948803	20.0	20.22779330639858	19.897658079733972
2018-01-13 05:10:00	20.0	20.187171563596422	19.915908427949432	20.0	20.27095855269393	19.878264998065045	20.0	20.259154147354327	19.88356842655095	20.0	20.266201826547572	19.880402077927904	20.0	20.132661576663146	19.94039842207888	20.0	20.596573833574446	19.731974074770903	20.0	20.229823256755335	19.896746073051954
2018-01-13 05:20:00	20.0	20.188906892966916	19.915128787217764	20.0	20.271859355446953	19.8778602895818	20.0	20.2602459130397	19.883077923127086	20.0	20.267138310028493	19.87998133897271	20.0	20.134344042196055	19.939642531766992	20.0	20.59272332220028	19.733704014663648	20.0	20.230934832749682	19.896246669344347
2018-01-13 05:30:00	20.0	20.19004885583207	19.914615731437767	20.0	20.272451127327493	19.877594421055765	20.0	20.260962540492798	19.882755960068447	20.0	20.267753638855126	19.879704886891172	20.0	20.135445287205783	19.939147769516243	20.0	20.590176115564923	19.734848411847647	20.0	20.231551280349116	19.895969714625764
2018-01-13 05:40:00	20.0	20.190800325991237	19.914278114409733	20.0	20.272839866019357	19.877419770339127	20.0	20.261432908649557	19.882544635244404	20.0	20.268157929539587	19.879523249047434	20.0	20.136166089377713	19.93882393085929	20.0	20.58849107507489	19.735605459024328	20.0	20.231893134697035	19.89581612788974
2018-01-13 05:50:00	20.0	20.191294831937416	19.914055945071592	20.0	20.273095230952247	19.877305041166384	20.0	20.261741641205848	19.882405929313318	20.0	20.268423561454572	19.879403907172588	20.0	20.136637878831277	19.9386119674816	20.0	20.587376378917337	19.736106264544386	20.0	20.232082711884804	19.895730955530016
2018-01-13 06:00:00	20.0	20.164606851933236	19.926046196957525	20.0	20.245835577023826	19.88955213206176	20.0	20.23400630128171	19.894866734206772	20.0	20.241235976645928	19.891618619188066	20.0	20.114607924003305	19.948509483418803	20.0	20.568424636242803	19.74462081560106	20.0	20.207406358742755	19.906817433028618
2018-01-13 06:10:00	20.0	20.175121861499733	19.921322062224753	20.0	20.25424224796828	19.885775221927293	20.0	20.243365988716285	19.890661657243406	20.0	20.249691307000404	19.887819847579532	20.0	20.12692909819255	19.942973883420734	20.0	20.558285110333234	19.749176254777822	20.0	20.2113242051798	19.90505724115111
2018-01-13 06:20:00	20.0	20.17601339858748	19.920921516576634	20.0	20.253758651286226	19.88599249000184	20.0	20.243404284525226	19.89064445187997	20.0	20.249247889992457	19.888019063916435	20.0	20.128538358668514	19.942250882337333	20.0	20.54729002396516	19.754116076189565	20.0	20.2050601600001	19.9078715223188
2018-01-13 06:30:00	20.0	20.1706175020499	19.92334575994859	20.0	20.247481138628423	19.888812821775637	20.0	20.23737422376378	19.89335360961337	20.0	20.24300415338153	19.890824220944534	20.0	20.12317107212612	19.944662271943333	20.0	20.53573603245979	19.75930699990937	20.0	20.193181159633337	19.91320846451256
2018-01-13 06:40:00	20.0	20.161084091853258	19.927628886268824	20.0	20.237397499366118	19.8933431524587	20.0	20.2273610353924	19.8978522884469	20.0	20.232949354332042	19.895341594430537	20.0	20.113237356701326	19.94912524553998	20.0	20.523812303524533	19.76466403754695	20.0	20.17818831544418	19.919944380017835
2018-01-13 06:50:00	20.0	20.148827976243712	19.933135257049923	20.0	20.224813583207688	19.89899679595017	20.0	20.21473346860996	19.903525543088282	20.0	20.220390559019673	19.900983951744784	20.0	20.100314765535842	19.95493104736795	20.0	20.511643983850885	19.770130963777138	20.0	20.161468667553905	19.927456105881582
2018-01-13 07:00:00	20.0	20.134651151897888	19.939504554944424	20.0	20.210460005414557	19.905445504813752	20.0	20.20025558000194	19.910030101738258	20.0	20.206058717163327	19.907422895187487	20.0	20.085338438633098	19.96165954206339	20.0	20.499300039804858	19.77567679371086	20.0	20.143745298012032	19.93541877915402
2018-01-13 07:10:00	20.0	20.111803216652017	19.949769569330247	20.0	20.187592727599615	19.915719209339304	20.0	20.176630532299097	19.92064425360476	20.0	20.18326367387793	19.91766414651861	20.017928397365218	20.102702277053794	19.979841581852963	20.0	20.487753383004005	19.780864422128634	20.0	20.124577586446865	19.94403035971228
2018-01-13 07:20:00	20.0	20.098335341992563	19.95582035359754	20.0	20.174133804989417	19.92176597167142	20.0	20.16271315379999	19.926896988872475	20.0	20.169847461100662	19.92369172037506	20.041725208917523	20.136284102385986	19.99924222779401	20.0	20.48122674011394	19.783796681977794	20.0	20.116135710611132	19.94782308653703
2018-01-13 07:30:00	20.003583860561218	20.09943470864967	19.96052043605771	20.0	20.1668338679273	19.925045653539907	20.0	20.155144269389858	19.93029750215819	20.0	20.162571971710854	19.926960418506717	20.066645095131157	20.170965193418628	20.01977664517592	20.0	20.478016212747587	19.78523909282355	20.0	20.11362797786848	19.948949749073588
2018-01-13 07:40:00	20.014497756095988	20.12016000109628	19.96702631269006	20.0	20.163579842199052	19.926507607127963	20.0	20.151742342893133	19.931825903917584	20.0	20.15933116863564	19.92841643148254	20.09267969918293	20.206737412091073	20.041436378890864	20.0	20.47699938524037	19.78569592837027	20.007797954691476	20.130370275421303	19.952729230885325
2018-01-13 07:50:00	20.026700463403518	20.14215960085646	19.974827517591322	20.0	20.16298360382943	19.926775482337504	20.0	20.15107545911244	19.93212551836977	20.0	20.15874128563321	19.928681451382186	20.119820588493354	20.243592446765522	20.064212942023246	20.0	20.47743374602749	19.78550078077026	20.018555112642687	20.151422066779524	19.95886126368266
2018-01-13 08:00:00	20.040122178714302	20.16540910165865	19.983833851014666	20.0	20.1642605038162	19.9262018026333	20.0	20.15233808844773	19.93155825011769	20.0	20.160020987797513	19.928106512728657	20.148020429913327	20.281524665671732	20.088040266021867	20.0	20.478841926189585	19.78486812011772	20.031502304651575	20.174676125377353	19.967177834470426
2018-01-13 08:10:00	20.034695110241636	20.145639000241136	19.98485075386505	20.0	20.169590614687717	19.923807115140303	20.0	20.15792022794934	19.929050332370586	20.0	20.16532888074502	19.925721807201516	20.156692788091576	20.274380671279133	20.103818521731952	20.0	20.480418849120138	19.78415964749675	20.02145795048665	20.148857428750773	19.964220503730306
2018-01-13 08:20:00	20.026838210687455	20.123482742076717	19.983418203831405	20.0	20.171542030903964	19.922930391912715	20.0	20.16000876488577	19.928112004181752	20.0	20.16726827641389	19.924850484509705	20.162731888002142	20.26465680113115	20.11693953572679	20.0	20.48035315228557	19.784189163465904	20.006950652894776	20.118667073234363	19.95675921766975
2018-01-13 08:30:00	20.01656256535815	20.098949961775855	19.979547937982076	20.0	20.17128258892338	19.923046952802544	20.0	20.159813601718092	19.928199686184623	20.0	20.167003104596628	19.92496961967398	20.166152947964644	20.252370255436684	20.127417635911986	20.0	20.47920267598221	19.784706044123936	20.0	20.10863817361845	19.951191545185917
2018-01-13 08:40:00	20.00388890953964	20.072062745120792	19.973260084858254	20.0	20.169570806173674	19.923816014617625	20.0	20.158119484775646	19.928960811187753	20.0	20.165289447940232	19.925739523389172	20.166975768633687	20.237540549829674	20.135272750994908	20.0	20.47733458855026	19.785545329781765	20.0	20.11197850098639	19.94969081839742
2018-01-13 08:50:00	20.0	20.069050688673293	19.96897722682794	20.0	20.16690497056043	19.925013708878645	20.0	20.15544150902552	19.930163959713173	20.0	20.16262408948731	19.92693700327382	20.165220074063797	20.22018719252651	20.14052470200084	20.0	20.474991783134776	19.78659789453365	20.0	20.11165876328208	19.94983446867037
2018-01-13 09:00:00	20.00655031495727	20.06828178869907	19.978815884725453	20.0	20.139527416234607	19.937313769517782	20.0	20.127744035414885	19.942607752204903	20.0	20.135307986124477	19.9392094555093	20.189491271432704	20.250948503495287	20.161880051230675	20.0	20.45428103669217	19.795902722645547	20.0	20.085865667485603	19.961422671129657
2018-01-13 09:10:00	20.010084065907744	20.071767850697395	19.982371061147177	20.0	20.13312489817779	19.940190263137513	20.0	20.121520141977605	19.94540399418397	20.0	20.129001085175588	19.94204299071822	20.20386779523749	20.26502336687423	20.17639210363258	20.0	20.440802894981097	19.801958119646173	20.0	20.0815633754388	19.963355584947784
2018-01-13 09:20:00	20.013591778704903	20.075214643892824	19.98590614362048	20.0	20.12890248817596	19.942087287920945	20.0	20.117417283259982	19.947247307520875	20.0	20.12484050682713	19.943912236063177	20.218141878073467	20.27899522595076	20.19080196815758	20.0	20.431886520769922	19.80596402690047	20.0	20.079165417709206	19.964432928275574
2018-01-13 09:30:00	20.017066607243436	20.07862268646294	19.98941097744917	20.0	20.1261287801621	19.943333446593837	20.0	20.114724338713415	19.94845718115774	20.0	20.122106894300266	19.94514038082162	20.232308463642646	20.292861890534375	20.205103300836218	20.0	20.425988109256444	19.808614037870292	20.0	20.077835629495087	19.96503036935728
2018-01-13 09:40:00	20.02050940717566	20.081995810951817	19.992885080841447	20.0	20.124306711278056	19.944152057251888	20.0	20.112956785481874	19.949251299276256	20.0	20.12031082107399	19.94594731227111	20.24636839964677	20.306624225540816	20.219296941636404	20.0	20.422086157742136	19.810367088550635	20.0	20.077098186894347	19.965361684148917
2018-01-13 09:50:00	20.02392202537149	20.085339181071337	19.996328810491853	20.0	20.123109781053156	19.944689808512347	20.0	20.111796626294403	19.94977253021556	20.0	20.11913074198822	19.946477492729933	20.260322451708213	20.32028290428711	20.233383697651025	20.0	20.41950491606679	19.811526776839557	20.0	20.07668923336999	19.965545416891743
2018-01-13 10:00:00	20.01330238977429	20.086752262423552	19.980303171627526	20.0	20.137515160260033	19.93821782654984	20.0	20.127245198138723	19.94283186750289	20.0	20.133514563856103	19.94001519594871	20.267869970037417	20.3342467534889	20.238048516602692	20.0	20.41846816000825	19.811992565793396	20.0	20.082587388101068	19.962895521287926
2018-01-13 10:10:00	20.03132396884931	20.104396511811014	19.998494275634634	20.0	20.121968458581602	19.945202576579273	20.0	20.111196208946886	19.950042282936906	20.0	20.11797082643688	19.94699861420952	20.289396442427027	20.355310575304053	20.259782846496766	20.0	20.41020819272524	19.815703565587214	20.012198084616717	20.090960674101872	19.9768119936886
2018-01-13 10:20:00	20.049148370548224	20.121864237878032	20.016478922907304	20.0	20.11179145437075	19.94977485383343	20.0	20.1007010289388	19.954757508737643	20.0	20.107794018263416	19.951570803388904	20.310745869849452	20.376208097644348	20.281335303738697	20.0	20.404752024599425	19.818154887498807	20.02602098489902	20.104486600398342	19.990768317065985
2018-01-13 10:30:00	20.066818229154542	20.13918046695435	20.034307658548833	20.0	20.105106055652662	19.952778438764742	20.0	20.093812307888733	19.957852441383324	20.0	20.101107469453602	19.95457490502809	20.331934548367727	20.396948274373663	20.30272548306071	20.0	20.401142620026906	19.819776504045883	20.03961729464263	20.11779098036464	20.004495783666073
2018-01-13 10:40:00	20.08433504917826	20.156347009771558	20.05198184949142	20.0	20.100714368966575	19.95475151539183	20.0	20.08929079604725	19.959883845254133	20.0	20.096714187399357	19.956548698414785	20.35296367450215	20.41753228414963	20.32395458900835	20.0	20.39875490571582	19.82084924525811	20.052991030434626	20.13087758557223	20.017998520155416
2018-01-13 10:50:00	20.101700496516322	20.17336586296844	20.06950301303783	20.0	20.097829438227254	19.95604764369501	20.0	20.086323036202003	19.961217186633895	20.0	20.093827656831117	19.957845545481682	20.373834446105597	20.43796129133522	20.345023834480692	20.0	20.397175371048082	19.821558891268253	20.06614583621091	20.14374997330836	20.031280209399014
2018-01-13 11:00:00	20.12912846631461	20.240580506296922	20.079055810670383	20.00897908103764	20.115737158069884	19.961015307298524	20.017215922030655	20.125121413916872	19.96873664306728	20.011967343536124	20.11873180533275	19.964000701279666	20.413643685281617	20.509471556978	20.370590583504985	20.0	20.379069511068206	19.82969340807081	20.125284617980707	20.236730805440814	20.075214591730514
2018-01-13 11:10:00	20.191630872443223	20.316302672182204	20.135618904444556	20.04218765388077	20.1630488181872	19.98788771049672	20.053272617409117	20.175415276604113	19.998396929944697	20.046135100334908	20.166967058217857	19.991848278677352	20.467153493613452	20.57747605266693	20.41758828592277	20.0	20.357210082888155	19.83951431058648	20.19674410304551	20.322640194574483	20.140182090909306
2018-01-13 11:20:00	20.2560303298589	20.39390769246762	20.1940854278173	20.07761491123659	20.212547335240004	20.0169930975539	20.091524678619077	20.227872737561576	20.03026685503621	20.082513668260905	20.21738149860586	20.021920874917512	20.522816215315824	20.647595714910068	20.466755860425657	20.0	20.3438681450428	19.84550851454599	20.27164903361516	20.4119314111069	20.20862361764061
2018-01-13 11:30:00	20.32236401607419	20.473409401452543	20.25450304583174	20.115262506932638	20.264222275130393	20.048338553104664	20.131975596940745	20.282484951808776	20.06435545200003	20.121104869590567	20.26996487304997	20.054225737601556	20.580632317187693	20.719823158149495	20.51809730168312	20.0	20.336149106649724	19.848976488316787	20.349962053903372	20.5045574914096	20.28050613270493
2018-01-13 11:40:00	20.390614990027906	20.554790696083728	20.316854890205718	20.155107769985275	20.31805143404668	20.081901196276526	20.17460353068323	20.33923054396618	20.100640669643056	20.16188628070966	20.324695219529147	20.088740235732786	20.640585569438564	20.794142512047614	20.571596218411308	20.0	20.33214977659921	19.85077328877427	20.431627328608325	20.600463814016834	20.355773255453784
2018-01-13 11:50:00	20.46076648364042	20.63803472375082	20.381124230837173	20.19712829065166	20.374012835520453	20.117658422667134	20.219386876723753	20.39808832681974	20.139100717984974	20.20483573900165	20.381550808093856	20.125442012308056	20.70265987272509	20.870538009378777	20.62723636205459	20.0	20.330611131529857	19.85146456409528	20.516589936566678	20.699596608706127	20.434369547634468
2018-01-13 12:00:00	20.53017488777114	20.747245186082196	20.432650550848777	20.250459859959875	20.461336913299483	20.155717995415998	20.274664887827267	20.48778518769901	20.178915187884883	20.25911437779419	20.46979071938646	20.16446268809331	20.772905490018598	20.974836974539016	20.682182649147094	20.0	20.322541644480285	19.85508998581321	20.07549819452599	19.714918111065927	20.237497942167472
2018-01-13 12:10:00	20.61890425127272	20.8364276889625	20.521176329991803	20.304440202755814	20.516766578850692	20.209047193205947	20.331194914895345	20.545732428324236	20.234808495818584	20.314015908820398	20.526121944628045	20.2187218927329	20.843502187300054	21.046606603849824	20.752252376966112	20.0	20.308941959953025	19.861199989006607	20.500947165801737	20.724892536505585	20.400334028239136
2018-01-13 12:20:00	20.707382004028542	20.925382518717242	20.609439743806078	20.358485820310065	20.572269501800513	20.262438079350588	20.38777764436069	20.603741000382414	20.29075062933643	20.368977305538387	20.58252116187999	20.27303731210955	20.914189331771674	21.118470826641058	20.822410689149194	20.0	20.29995415467534	19.865237988479194	20.613565494630183	20.837856819760745	20.512796928267186
2018-01-13 12:30:00	20.795654497753077	21.01413645193699	20.69749593862697	20.412614846395734	20.627854155042584	20.315913128018153	20.444432999814833	20.66182074768539	20.346766040626605	20.42401687763944	20.63899697792619	20.32743161519177	20.9849792972534	21.190435676626308	20.892672807969916	20.0	20.294008473492603	19.8679092365468	20.72553447845699	20.950156183120406	20.624617480709652
2018-01-13 12:40:00	20.883723834350775	21.102692005361064	20.785346829983823	20.4668264130426	20.683519722384574	20.36947144797591	20.501160219506705	20.719970918980685	20.40285396322129	20.479133821311105	20.695548648066648	20.381903971609347	21.055871304290733	21.262500413751113	20.9630379362723	20.0	20.290075247473514	19.869676338091608	20.28350508128287	19.929389378165546	20.442600542103698
2018-01-13 12:50:00	20.971592414100733	21.1910521611226	20.872994556743052	20.521119687668634	20.73926539781059	20.4231121947063	20.557958625849054	20.778190898817563	20.459013691616818	20.53432734928736	20.75217539097887	20.43645359142596	21.126864589531177	21.334664296202035	21.033505301026892	20.0	20.287473313989487	19.87084532270038	20.71009475213525	20.94048793846966	20.60658476986906
2018-01-13 13:00:00	21.066797464574748	21.304720209889723	20.959904636969455	20.588840220594808	20.823120900369915	20.483583683304538	20.62779083285029	20.864338103238566	20.521515972241062	20.60295000080434	20.836908232149916	20.497838331649078	21.208602382380544	21.432473146820357	21.108022763574255	20.0	20.277102466242745	19.875504689079346	20.757790476941995	20.911184546255356	20.688874300873678
2018-01-13 13:10:00	21.155180825163026	21.376855838044463	21.05558770343366	20.64066956917989	20.859153214800095	20.542510250133127	20.681935144166026	20.902423946715878	20.582874957513198	20.655654929954895	20.8738180523659	20.557639614089084	21.274794012870256	21.481627543356765	21.181868803521255	20.0	20.266416742029303	19.88030552169698	20.922858534645147	21.151630514509748	20.820076920503084
2018-01-13 13:20:00	21.2402963773796	21.445794300607588	21.147971223465547	20.689387250124344	20.89213640764003	20.598297048921644	20.73296191992909	20.937456165903	20.641087693477033	20.705244144638392	20.907674706086482	20.61429708079939	21.33791260259759	21.52777497919371	21.25261211456167	20.0	20.258243711152435	19.883977463105428	21.031280626962193	21.24173471462207	20.936728790477318
2018-01-13 13:30:00	21.322186880678505	21.511571850276468	21.23710087984462	20.735026971513257	20.922102482815028	20.65097855339217	20.78090448208768	20.969465856732526	20.696188502174778	20.751751115798275	20.938509952846857	20.66784497161703	21.397983418271792	21.570939169904193	21.320278660292033	20.0	20.25173001258268	19.886903907390387	21.133302071153434	21.325570959670216	21.046920396602417
2018-01-13 13:40:00	21.400879888416366	21.574215092622495	21.32300465174403	20.777620101363844	20.949082186758105	20.700586410824393	20.82579352684348	20.998483305430454	20.748208264000056	20.795207003722727	20.966354315525173	20.71831473320279	21.45502939079321	21.6111425327435	21.384891602380776	20.0	20.246314009873313	19.88933718396996	21.22901895028141	21.403238017458634	21.15074661575251
2018-01-13 13:50:00	21.476402672193352	21.63375040052975	21.40571021453499	20.817197693901736	20.973105961969395	20.747151950277143	20.86765924824191	21.024537955945505	20.79717750999827	20.835642704755433	20.99123813044926	20.765737513501684	21.50907329630669	21.648407365017462	21.446473932103288	20.0	20.24162416240116	19.891444216892236	21.318534462944616	21.47483683760153	21.24831165693935
2018-01-13 14:00:00	21.55129715935568	21.69054527233284	21.488736412945656	20.854866760715318	20.993890009392587	20.79240704029509	20.907713506072405	21.047430880001386	20.844941932278225	20.874160889254263	21.012870168432777	20.811842227594347	21.56129157670096	21.68268110703066	21.506754251480373	20.0	20.237275136050695	19.893398127281575	21.40164543418905	21.538707480904236	21.340066833490923
2018-01-13 14:10:00	21.628041390659813	21.763526674834424	21.567171190523396	20.8969285084155	21.032595050081767	20.835976873753836	20.952093680385723	21.088362069675767	20.89087165041483	20.917060557044785	21.05240083286595	20.856255505588898	21.618326271918967	21.735835356235924	21.565532335486708	20.0	20.235019594242686	19.894411486644596	21.488695106510058	21.62115307268698	21.429185005763912
2018-01-13 14:20:00	21.703566412861356	21.835310775580766	21.644376916567126	20.937928060821	21.0702585980207	20.878475210774766	20.995401124868273	21.128241758985816	20.935719100844445	20.958892914451027	21.09088499859798	20.89959212302268	21.67429681466159	21.787947885714914	21.623236188536183	20.0	20.233526834444135	19.895082146843944	21.573179596391654	21.70108884191793	21.515713123763916
2018-01-13 14:30:00	21.777879271174655	21.905907037592343	21.72035955003051	20.977875473929533	21.106890819463644	20.91991205782	21.03764541187887	21.16707955005102	20.97949384255515	20.999667973460692	21.128332767534125	20.941862051485664	21.729210833054353	21.839026275965466	21.67987346015225	20.0	20.232539334380185	19.895525806292962	21.65514080639017	21.778555574331527	21.59969359180782
2018-01-13 14:40:00	21.850990669319064	21.975326180266748	21.795129787588934	21.01678146731969	21.14250220884862	20.960298235618282	21.0788371112836	21.204885852808502	21.022206517265168	21.039396386490683	21.164754509471535	20.983076070368845	21.783076273144808	21.88907828288572	21.735452181811937	20.0	20.231886076523978	19.895819298952997	21.734620025118957	21.85359362292118	21.681168118859986
2018-01-13 14:50:00	21.922911219908247	22.043578766776832	21.86869826406874	21.054656652554872	21.177103162921952	20.99964445224503	21.11898666904035	21.241670913981665	21.063867660443528	21.078088782511294	21.200160713022314	21.023244871701984	21.835901038032844	21.93811165315833	21.78998032688952	20.0	20.23145392887978	19.89601345224242	21.81165789614486	21.926242764348892	21.760177737966252
2018-01-13 15:00:00	22.0	22.09353725569602	21.957976015556866	21.097469119407656	21.208966304094467	21.047376181359958	21.164651644294786	21.276179437580097	21.114544954557907	21.121687164141928	21.232785295168867	21.071773511071846	21.894211701884018	21.985711940429887	21.853102899059067	20.0	20.23047411852905	19.896453656892753	21.88459451365624	21.986727012485282	21.83870889824029
2018-01-13 15:10:00	22.0	22.02062253455563	21.99073480331559	21.125771429954685	21.236720797546468	21.07592461263085	21.19519620918462	21.306123972870303	21.145359097963514	21.1507686215999	21.26130452249909	21.101107564674173	21.93876684100564	22.029331291329235	21.898078464773306	20.0	20.237661251574508	19.893224655089718	21.942763145334574	22.04365803537072	21.897433557057475
2018-01-13 15:20:00	22.0	21.972563819213534	22.0123264000635	21.153808605851044	21.26420377406533	21.104210776653325	21.225462675499706	21.33578383805788	21.175898095219956	21.17957940371265	21.289546677746735	21.13017381682777	21.983001920947	22.072630067934625	21.942734202735167	20.0	20.242407434595993	19.891092311993106	22.0	22.09966596085307	21.95522253932689
2018-01-13 15:30:00	22.0	21.940938745382923	22.026534766567096	21.181559979209695	21.291406612579472	21.132208593202996	21.25542896362418	21.3651495457883	21.206134209318556	21.208098691481773	21.317503085909266	21.158945992536083	22.0	22.05014617958797	21.977470556996707	20.0	20.245547171123967	19.889681705726915	22.0	22.039534443560143	21.982238148545456
2018-01-13 15:40:00	22.0	21.920127774196157	22.035884623187243	21.20902850019806	21.318332189671622	21.15992104550704	21.28509810761669	21.394224080702813	21.23607049652002	21.236329478077455	21.345176682106825	21.187427111049765	22.0	22.0000070006509	21.999996854780036	20.0	20.247624191284938	19.88874855174155	22.0	22.00617450208225	21.997225948339867
2018-01-13 15:50:00	22.0	21.90643305458164	22.0420373233039	21.23621703503789	21.344983292142928	21.187351035468957	21.314473043388784	21.42301029967537	21.26570992824554	21.26427468946629	21.37257034659111	21.215620118873986	22.0	21.967188655545304	22.01474132866806	20.0	20.248998195991824	19.888131245279038	22.0	21.987674512770397	22.00553753774084
2018-01-13 16:00:00	22.0	21.847218871224722	22.06864079698599	21.27246197336115	21.368640337649104	21.229251403898452	21.353813996078937	21.44952854734969	21.31081180637759	21.30122993249469	21.396903966026414	21.258245946415215	22.0	21.920199329384882	22.035852475203903	20.0	20.248819975271854	19.888211315457575	22.0	21.96748857394072	22.01460658272229
2018-01-13 16:10:00	22.0	21.882588305384395	22.0527501816389	21.296354552252556	21.406848578153816	21.246712308731695	21.37990075738376	21.490081612526282	21.330399213768995	21.325820437874324	21.435779549534022	21.276418518143146	22.0	21.9274156567881	22.03261035709521	20.0	20.261130178448564	19.882680644465136	22.0	21.98826188518065	22.00527364578841
2018-01-13 16:20:00	22.0	21.907313644994776	22.041641695726994	21.322618163034758	21.44736452400441	21.266572696512164	21.40834240271115	21.532925211461333	21.352370416171215	21.35277620280237	21.476957105516206	21.296984782742527	22.0	21.93376141660066	22.029759363556238	20.0	20.27036873455189	19.878529988824514	22.0	22.001919588023405	21.999137576395288
2018-01-13 16:30:00	22.0	21.92513158405267	22.033636534700975	21.35119543879505	21.490148431814212	21.288767282511074	21.43908010094236	21.578018862574414	21.376658338469984	21.382039846578156	21.5203970182031	21.319879378166952	22.0	21.93957548767324	22.027147244668555	20.0	20.277587316997522	19.87528685758082	22.0	22.011667386792336	21.994758130571565
2018-01-13 16:40:00	22.0	21.93840395981366	22.02767358327212	21.382062847849284	21.53517720770021	21.31327233835104	21.47209116434253	21.625340343446506	21.40324008387552	21.413588073536875	21.566076424043	21.345078814613835	22.0	21.94504150915336	22.02469149588763	20.0	20.283469619818966	19.872644083849448	22.0	22.019246875646846	21.991352852970262
2018-01-13 16:50:00	22.0	21.94868511500612	22.023054513547976	21.415197045133137	21.58242796354699	21.340064313671835	21.507353016976136	21.674867477234727	21.432092897149815	21.447397773124592	21.61397266864614	21.37255977658593	22.0	21.95027971963217	22.022338096976853	20.0	20.28846793773749	19.870398462755624	22.0	22.02562391206989	21.98848780762078
2018-01-13 17:00:00	22.0	21.93278786226027	22.030196757535236	21.42548830814151	21.57534861348412	21.358159765161503	21.52068152254303	21.670520909306543	21.453362377765217	21.4583386923796	21.607520943873524	21.391314782288127	22.0	21.951691806406913	22.021703681179503	20.0	20.309990695552703	19.860728817940092	22.0	22.045994586639477	21.979335765422846
2018-01-13 17:10:00	22.0	21.980996470816418	22.008537817459292	21.42804923529411	21.580395167013798	21.359603961622952	21.525554494399348	21.677867369955667	21.45712407204796	21.461598078594193	21.613249283613584	21.39346492851302	22.0	21.97858343767945	22.00962193379619	20.0	20.334672569907312	19.84963985989672	22.0	22.07576669359661	21.965959891282687
2018-01-13 17:20:00	22.0	22.012642241596627	21.994320152326154	21.431239625533635	21.586048073083738	21.361688004170546	21.53103569872708	21.685798512701197	21.46150457940538	21.465480039929176	21.61957718640621	21.396247988613403	22.0	21.996157723843666	22.001726240012275	20.0	20.35098922536671	19.842309188603366	22.0	22.092254669871004	21.958552249768104
2018-01-13 17:30:00	22.0	22.03346692467456	21.984964135291143	21.43503171378835	21.59229077953177	21.36437909004856	21.537096239023118	21.694297470951668	21.466469598591452	21.469956857715747	21.626488226220435	21.39963117041654	22.0	22.007660735294365	21.996558220375	20.0	20.36178313574084	19.83745975060919	22.0	22.10139821985815	21.95444427803475
2018-01-13 17:40:00	22.0	22.04717065978052	21.978807384736285	21.43941941331586	21.599117329017087	21.36767107437763	21.543730374822598	21.703358532902953	21.472013376264762	21.47502252058518	21.633976455586563	21.403608433845427	22.0	22.01518985723791	21.99317557138587	20.0	20.36892359261396	19.8342517192604	22.0	22.106468839631376	21.952166173498952
2018-01-13 17:50:00	22.0	22.05618843724449	21.974755919498854	21.444396650658426	21.606521763094722	21.371557832027634	21.550932381095713	21.7129760357296	21.478130159448604	21.48067110177998	21.64203611739847	21.408173775922407	22.0	22.020117930004723	21.99096150970802	20.0	20.373647193485194	19.832129521767524	22.0	22.109280787407037	21.950902834643216
2018-01-13 18:00:00	22.0	22.045032452334315	21.979768028661397	21.45313480547735	21.613571456009158	21.381054571180456	21.562188525050384	21.72246969495429	21.490178144368915	21.490060178982908	21.649714030755135	21.418331636882346	22.0	22.01465975821669	21.993413731815686	20.0	20.37640188262625	19.830891907805597	22.0	22.107460894139408	21.951720467850414
2018-01-13 18:10:00	22.0	22.05612408901737	21.974784829571902	21.434279234180266	21.56294901408464	21.376471072194242	21.545903162421833	21.67393512255561	21.48838155714434	21.471814848199415	21.599727793371258	21.414346713412066	22.0	22.014959648838246	21.99327899834803	20.0	20.38311603765692	19.827875403371532	22.0	22.11637115521856	21.94771730707572
2018-01-13 18:20:00	22.0	22.070628470787334	21.968268368196995	21.402279925197476	21.49944191204379	21.358627438353484	21.516450483782965	21.61249590577528	21.4732996420183	21.44041884401981	21.53684961712116	21.397094873496016	22.0	22.02290903709429	21.989707534059086	20.0	20.392723997932844	19.823558783537422	21.961928332750954	22.05353995513141	21.92076948791336
2018-01-13 18:30:00	21.968357878260285	22.01309946575698	21.948256585326988	21.357270105034075	21.423181396440736	21.327657785706446	21.473961042970572	21.53828130390852	21.445063534433235	21.396004395754534	21.461209853701575	21.366709190010216	22.0	22.035861230170866	21.983888432821782	20.0	20.404245996219032	19.818382233582756	21.89569033007193	21.953926391805613	21.869526302336507
2018-01-13 18:40:00	21.92109906997004	21.93481162445344	21.914938357086193	21.299382403697294	21.33429752866707	21.283695898276093	21.418564138885348	21.451418009580873	21.403803704225044	21.338703244038225	21.37293773665456	21.323322529964216	21.97565027262237	21.99284556169182	21.967924852895514	20.0	20.41703418152483	19.812636816996093	21.806532136214713	21.831884253816305	21.79514205439371
2018-01-13 18:50:00	21.860981730597235	21.843923472643418	21.868645585619966	21.228748084240916	21.232918983238562	21.226874202082552	21.350387627131404	21.35203109252489	21.34964925862129	21.26864573700168	21.27216101369881	21.267066409789923	21.931393210247947	21.915503967509	21.938531855536457	20.0	20.430659982996414	19.806515080103065	21.694828195952045	21.687780484402538	21.697994559111972
2018-01-13 19:00:00	21.788117350868447	21.74054435814014	21.809490724413045	21.145497089780978	21.119173168155704	21.15732377920683	21.269558400532652	21.240245175230633	21.282728110450954	21.18596093032045	21.15900621536462	21.198071019648438	21.874058295335946	21.825361265382572	21.895936671112093	20.0	20.4448398896913	19.800144397385072	21.560947588418845	21.521976205869677	21.57845647043369
2018-01-13 19:10:00	21.720631103274336	21.674493334198004	21.741359666192686	21.06789415746506	21.043109491143348	21.079029297406695	21.193952703166786	21.166159998967398	21.206439280415786	21.108945638909	21.083516249165726	21.120370437199455	21.820426459406345	21.77286894473736	21.841792879040227	20.0	20.45867332482941	19.79392937580128	21.43686393349883	21.400559337279603	21.453174694119063
2018-01-13 19:20:00	21.653722016000515	21.608949187892474	21.6738373445708	20.99109419990742	20.96782749555488	21.001547356935372	21.119110132862424	21.09281746695974	21.130922779862182	21.032721463759895	21.008796372438805	21.043470417831692	21.767209030544244	21.720777856890482	21.788069412910428	20.0	20.467819793437076	19.789820092803634	21.31482090935833	21.28113633937702	21.32995455674123
2018-01-13 19:30:00	21.58739711041027	21.543974042910747	21.606906024794114	20.915077102333633	20.893313026161202	20.92485516554154	21.0450097266796	21.020202210429083	21.05615513253128	20.95726842686806	20.934832542897606	20.967348316767833	21.714392364712158	21.669079152166873	21.734750474696266	20.0	20.473870429059755	19.787101691291994	21.194776062245364	21.163669029650883	21.208751685584915
2018-01-13 19:40:00	21.52165289687935	21.479567806611207	21.54056069105779	20.839834810290345	20.819558006410276	20.848944678700228	20.97164407498856	20.94830686935088	20.982128906506944	20.882578726477586	20.861617036570184	20.891996297305553	21.661973411156033	21.617769741367145	21.681833030916255	20.0	20.47787308437557	19.785303396874745	21.076696548546852	21.048124928302432	21.089533073584203
2018-01-13 19:50:00	21.456484361574656	21.415725651681463	21.474796245729568	20.765359456901678	20.746554780654577	20.77380793463588	20.89900599762947	20.877124593715006	20.908836773301182	20.808644551966555	20.789142058198163	20.81740654192047	21.609949167558046	21.566846674818542	21.629314055600435	20.0	20.48052094661639	19.78411377760713	20.960550181207935	20.934472493359188	20.97226624386462
2018-01-13 20:00:00	21.391986037096622	21.352456729450765	21.409745581111427	20.691725338959667	20.67427169095073	20.69956683299267	20.827177562003644	20.806630965898616	20.83640864141315	20.735540681992262	20.717375664682496	20.743701776725633	21.55838305232819	21.516302779188923	21.57728868228931	20.0	20.482249029858085	19.7833373923826	20.846284240001104	20.82255908993082	20.856943365395
2018-01-13 20:10:00	21.317746879777747	21.267493487687897	21.340324490716664	20.608511034144726	20.58045831702761	20.621114428791547	20.745677423123194	20.714354154961246	20.75975019577566	20.65284842277921	20.62408627514622	20.66577054707809	21.49670524665404	21.442969944188686	21.520847194138476	20.0	20.483505290488534	19.78277298543269	20.721081974787385	20.686787774897994	20.736489513868126
2018-01-13 20:20:00	21.24224206884126	21.181299394742755	21.269622110827537	20.524201559381236	20.48556945611384	20.54155801157383	20.663044790590515	20.620965421442314	20.68195001441072	20.569050012265414	20.529710505468238	20.58672428343516	21.433556962472302	21.36819650712477	21.462921804729895	20.0	20.483228031594805	19.782897551022625	20.594439197881947	20.54960445609335	20.614582342743496
2018-01-13 20:30:00	21.16547420102859	21.093868285740683	21.197644974563737	20.43880425363329	20.38961422735361	20.460904120512563	20.57928714511216	20.526474290543828	20.60301465948344	20.484152842327113	20.4342576510497	20.506569522466243	21.368946735524627	21.291992026617653	21.40352059025095	20.0	20.48193760202704	19.78347730923423	20.466375553598684	20.411030687259164	20.491240638475862
2018-01-13 20:40:00	21.087454028079968	21.005210149678184	21.124404176347436	20.35233024274484	20.292603591498235	20.379163955623756	20.494415614130958	20.430891591715717	20.522955392317513	20.39816803402816	20.337738615283122	20.425317483029552	21.302885601316948	21.214367355475005	21.342654668289413	20.0	20.479976931827863	19.78435819004835	20.336914309705335	20.271089276225027	20.366487875471854
2018-01-13 20:50:00	21.008192433553173	20.91533560946031	21.049910716841268	20.26479051424625	20.194548331095277	20.296348596531473	20.40844124196103	20.334228148673485	20.44178335633659	20.311106624328772	20.240164267077052	20.34297927758679	21.235384484778947	21.135333185208104	21.28033506864411	20.0	20.477572879682832	19.785438271446846	20.20607839216289	20.129802728413516	20.240347168630002
2018-01-13 21:00:00	20.927700147812256	20.824255073284377	20.97417547115086	20.176195915491608	20.095459049622857	20.212469000157277	20.32137496925702	20.236494690118665	20.35950958742062	20.222979468935822	20.14154518661592	20.25956588563027	21.166454225988264	21.05490011992422	21.216572737408345	20.0	20.474875518625602	19.786650129313138	20.073890298621123	19.987193042093097	20.1128412399598
2018-01-13 21:10:00	20.8578008053871	20.758126565644783	20.902581985561184	20.09852607275575	20.021848248667176	20.13297552995496	20.24523938204965	20.16444306631963	20.28153917607328	20.14576232821366	20.0683728091438	20.180531532433456	21.108296202212543	21.000645312976836	21.15666109447786	20.0	20.472136917404075	19.78788051536918	20.0	19.965092854327306	20.015682920519616
2018-01-13 21:20:00	20.789101218057677	20.693180461207735	20.83219605084533	20.02227854887152	19.949633471105773	20.054916192505406	20.170488819231085	20.093750493870463	20.204965458161222	20.069956847622528	19.9965860805887	20.102920525565263	21.0512087915943	20.947439552936817	21.097829753889688	20.0	20.470326270371675	19.788693994470698	20.0	20.070577242250135	19.968291383916608
2018-01-13 21:30:00	20.7215960998953	20.629410607006047	20.763012770613663	20.0	20.002113973093966	19.999050243972274	20.097113215461764	20.024405321338698	20.129779080937343	20.0	19.936599468097366	20.028484296941766	20.995186344092982	20.89527621829472	21.04007350206032	20.0	20.469128478285793	19.789232132944065	20.0	20.129091835099608	19.942002219013222
2018-01-13 21:40:00	20.65527656681813	20.566808378683632	20.69502314409595	20.0	20.081066048610733	19.963579021638658	20.02509893018916	19.9563941843448	20.05596627977141	20.0	20.036705757701604	19.983509007409424	20.940220835475028	20.8441474503846	20.983384240370732	20.0	20.468336107065948	19.789588125810955	20.0	20.161541497454195	19.927423385201738
2018-01-13 21:50:00	20.590133743924785	20.505365031839943	20.628218237760002	20.0	20.132934191883614	19.940275942776925	20.0	19.997606245898623	20.001075454741194	20.0	20.10249152899917	19.953953081174284	20.886304307010857	20.794045459026183	20.92775393436629	20.0	20.467811932496453	19.78982362453058	20.0	20.17953668845434	19.919338589245154
2018-01-13 22:00:00	20.526158893198147	20.445072054291774	20.562589212127097	20.0	20.167006775576475	19.92496797039318	20.0	20.07529925773439	19.96616989869904	20.0	20.145714962267764	19.93453385753187	20.833428856090812	20.74496250340625	20.873174608746197	20.0	20.467465177121706	19.789979413177207	20.0	20.189516049568724	19.914855108164776
2018-01-13 22:10:00	20.461618071427335	20.381870119719984	20.497446861324832	20.0	20.189389322492836	19.91491204351771	20.0	20.126297945814823	19.94325744463391	20.0	20.174114203190136	19.921774778276895	20.779748180079807	20.692417970016745	20.81898349184727	20.0	20.46723578924804	19.790082471497257	20.0	20.19505017522757	19.91236876185428
2018-01-13 22:20:00	20.39763957412143	20.319206462910902	20.432877638578333	20.0	20.204092592746512	19.90830622644722	20.0	20.159771699704415	19.928218511726996	20.0	20.192773454046126	19.91339163658797	20.72647175760907	20.640269189335534	20.76520044770298	20.0	20.467084043088004	19.790150647308288	20.0	20.198119163959085	19.910989940829978
2018-01-13 22:30:00	20.334224010289496	20.25709374347925	20.368876738856418	20.0	20.213751286056073	19.90396681351104	20.0	20.181742703783232	19.91834748090898	20.0	20.205033205758053	19.90788363219566	20.673596528975622	20.588513159370713	20.71182239068218	20.0	20.466983658980016	19.790195747414774	20.0	20.19982109348055	19.91022530582758
2018-01-13 22:40:00	20.271366825560058	20.19552819681607	20.305439252966774	20.0	20.220096157288204	19.90111621918936	20.0	20.196163704237467	19.911868480704907	20.0	20.21308827255553	19.90426468914172	20.621119469870028	20.537146898087215	20.658846277482596	20.0	20.46691725223118	19.79022558233092	20.0	20.20076491059738	19.909801272050455
2018-01-13 22:50:00	20.209063211332538	20.134505167874693	20.24256030332085	20.0	20.224264152860968	19.89924364146826	20.0	20.205629145751338	19.90761589103925	20.0	20.218380720774306	19.901886922550677	20.56903755489262	20.48616739522921	20.606269075900823	20.0	20.46687332240624	19.79024531891894	20.0	20.201288311090117	19.90956612110444
2018-01-13 23:00:00	20.0787961302793	19.966808626989412	20.12910935639504	20.0	20.281487654371336	19.873534532094034	20.0	20.267327953425728	19.879896136866698	20.0	20.27621115459533	19.87590513344268	20.45755855059544	20.3345000255794	20.512845714008446	20.0	20.503232822154015	19.773909891496025	20.0	20.251007667997417	19.88722843901565
2018-01-13 23:10:00	20.0	19.890066175164232	20.049390558984182	20.0	20.28053875198732	19.873960850556422	20.0	20.267851917216067	19.879660732844947	20.0	20.27557329775137	19.876191706807358	20.383124903947504	20.25126284013242	20.442367280444138	20.0	20.52163974169714	19.765640116049113	20.0	20.24570904335677	19.88960898052087
2018-01-13 23:20:00	20.0	19.996059763066857	20.00177025137576	20.0	20.27873563033767	19.87477094868887	20.0	20.267000383341898	19.8800433060348	20.0	20.273976433051303	19.876909138774053	20.30768105136227	20.167046495708227	20.37086469230829	20.0	20.53293581346482	19.76056506931291	20.0	20.24106927735345	19.891693513073083
2018-01-13 23:30:00	20.0	20.06458393457334	19.970984029394586	20.0	20.2763179876687	19.875857135974933	20.0	20.265188566560187	19.880857310675857	20.0	20.271695620442575	19.87793385168522	20.23125537712536	20.08186905390845	20.298370971614126	20.0	20.539522835552773	19.75760568257774	20.0	20.236757198240674	19.893630823978825
2018-01-13 23:40:00	20.0	20.10843859900994	19.951281209140458	20.0	20.2734967391905	19.877124653407165	20.0	20.262746540901468	19.881954452638468	20.0	20.268965508253828	19.87916042382799	20.1538552838057	19.995737831256324	20.224893559588757	20.0	20.54299470574457	19.7560458568394	20.0	20.232626886384423	19.895486471334532
2018-01-13 23:50:00	20.0	20.13605946203764	19.938871835896133	20.0	20.270410359012892	19.878511287979713	20.0	20.259890868091034	19.883237436075042	20.0	20.26594019159301	19.88051962406691	20.07548813365992	19.908660065760216	20.15043987431051	20.0	20.54440582283875	19.75541187669564	20.0	20.228597374343558	19.89729683181666
2018-01-14 00:00:00	20.0	20.152997639743006	19.931261929970532	20.0	20.26714981144756	19.87997617166849	20.0	20.2567636919083	19.88464239928757	20.0	20.26272091603222	19.88196596526089	20.0	19.829982567140977	20.076384643748256	20.0	20.54445369880588	19.755390367203155	20.0	20.22462376136365	19.899082078227924
2018-01-14 00:10:00	20.0	20.16163514528702	19.92738131153771	20.0	20.26251109512319	19.88206023262581	20.0	20.252096550799518	19.886739230800217	20.0	20.258118824668724	19.884033571525645	20.0	19.932790639432852	20.030195509820025	20.0	20.543721988892642	19.755719106439543	20.0	20.220503056570042	19.90093340936708
2018-01-14 00:20:00	20.0	20.16732240680341	19.924826165059336	20.0	20.259467456631352	19.883427664412004	20.0	20.249037079380084	19.888113775930684	20.0	20.255098675352595	19.885390450203907	20.0	20.000087383275815	19.999960740847097	20.0	20.543238751547438	19.755936213072893	20.0	20.21822021176444	19.901959035294237
2018-01-14 00:30:00	20.0	20.171064916058068	19.923144747857968	20.0	20.25746806373051	19.884325942381942	20.0	20.247028945560153	19.88901598098022	20.0	20.253114333270684	19.886281966211723	20.0	20.044135412484014	19.980171046565154	20.0	20.54291907677272	19.75607983507313	20.0	20.21695424302141	19.902527803859943
2018-01-14 00:40:00	20.0	20.17352768167839	19.922038287941593	20.0	20.256154648300186	19.88491602757528	20.0	20.24571087804666	19.889608156239902	20.0	20.251810555588104	19.88686772140245	20.0	20.072966363468293	19.967218010615696	20.0	20.542707603696265	19.756174844716178	20.0	20.21625219209843	19.902843218042733
2018-01-14 00:50:00	20.0	20.175148309464014	19.92131017980602	20.0	20.25529185634896	19.88530365874177	20.0	20.24484574547221	19.88999683899075	20.0	20.250953930981414	19.887252581732987	20.0	20.091837213071166	19.958739802823104	20.0	20.542567708822457	19.756237696036287	20.0	20.21586286534493	19.903018132960966
2018-01-14 01:00:00	20.0	20.203446479219426	19.9085965093362	20.0	20.282367734771043	19.873139133653584	20.0	20.27244316213072	19.877597999622424	20.0	20.277969517748186	19.875115144200084	20.0	20.126692377741012	19.943080236087376	20.0	20.56071289171407	19.748085512418317	20.0	20.240506474006768	19.891946366750577
2018-01-14 01:10:00	20.0	20.19980361361841	19.910233159098976	20.0	20.27959414700749	19.874385238300977	20.0	20.269207601368933	19.879051657355983	20.0	20.275112206929993	19.876398863553188	20.0	20.130599435670796	19.941324891220372	20.0	20.569464038600707	19.744153837730117	20.0	20.237178213758583	19.893441672079472
2018-01-14 01:20:00	20.0	20.19743598987822	19.911296874112683	20.0	20.27780151473918	19.875190623812827	20.0	20.267115507892946	19.87999158341041	20.0	20.27326446916147	19.877229006608612	20.0	20.133176532674987	19.94016706503008	20.0	20.575256579959564	19.74155139161237	20.0	20.235353042907345	19.894261676374956
2018-01-14 01:30:00	20.0	20.195877932255275	19.911996871015745	20.0	20.27662388089887	19.87571970568311	20.0	20.265742286607722	19.880608537900873	20.0	20.27205040345518	19.877774456418685	20.0	20.134863309624894	19.939409237704762	20.0	20.57908848759415	19.73982980992147	20.0	20.234340859288604	19.894716425537
2018-01-14 01:40:00	20.0	20.194852650152736	19.912457505003843	20.0	20.27585028554475	19.876067263016125	20.0	20.26484095389986	19.881013484479773	20.0	20.271252723282426	19.878132834467312	20.0	20.13596736255225	19.938913213925805	20.0	20.581623390525642	19.738690940488482	20.0	20.233779547174738	19.89496860924033
2018-01-14 01:50:00	20.0	20.194177961727906	19.912760625890357	20.0	20.27534210566928	19.8762955757138	20.0	20.264249351714824	19.881279276765806	20.0	20.270728621742034	19.87836830037677	20.0	20.13669000275827	19.93858854948541	20.0	20.583300292339366	19.737937549818547	20.0	20.2334682683709	19.89510845913771
2018-01-14 02:00:00	20.0	20.22094564957332	19.900734563235172	20.0	20.302631171148306	19.86403527093337	20.0	20.292005438985697	19.86880915060063	20.0	20.297942829785992	19.866141627197603	20.0	20.159651415371584	19.928272552514215	20.0	20.602645186671218	19.72924636540859	20.0	20.258147995343794	19.884020465860033
2018-01-14 02:10:00	20.0	20.21632597258751	19.90281007028677	20.0	20.300030169461333	19.865203836908673	20.0	20.288907745500058	19.870200867963742	20.0	20.29524877153305	19.8673520011953	20.0	20.155797361337598	19.93000408403673	20.0	20.612214195223164	19.72494724562438	20.0	20.25486299935334	19.88549633362386
2018-01-14 02:20:00	20.0	20.21331549889762	19.90416260194454	20.0	20.29835084549867	19.86595831579045	20.0	20.286906073846367	19.871100169721203	20.0	20.293508230634306	19.868133983338215	20.0	20.153294509943834	19.93112855350349	20.0	20.618547738286026	19.72210174077005	20.0	20.25306178132072	19.88630557650808
2018-01-14 02:30:00	20.0	20.211334414518014	19.905052654346974	20.0	20.297247645715583	19.866453956272707	20.0	20.2855922034876	19.871690459302677	20.0	20.292364597850977	19.868647789371305	20.0	20.15165628890065	19.93186456585623	20.0	20.622737527916826	19.720219371515633	20.0	20.252062882147136	19.886754357296212
2018-01-14 02:40:00	20.0	20.210030760017816	19.905638354194892	20.0	20.296522947215973	19.866779545453692	20.0	20.284729827352997	19.872077903653	20.0	20.291613195035854	19.868985376143318	20.0	20.15058401817901	19.932346310673196	20.0	20.625509175965444	19.71897413833437	20.0	20.251508937666813	19.887003230903314
2018-01-14 02:50:00	20.0	20.20917288887342	19.90602377456412	20.0	20.296046888421635	19.866993426941008	20.0	20.284163795360207	19.872332207881644	20.0	20.291119499642644	19.869207181319975	20.0	20.149882180946346	19.932661628850195	20.0	20.62734268876005	19.718150386209246	20.0	20.251201744997015	19.887141245001335
2018-01-14 03:00:00	20.0	20.235385635892595	19.89424703314971	20.0	20.322928773728254	19.85491605818006	20.0	20.31148444903854	19.860057711301526	20.0	20.31792330409839	19.857164892361595	20.0	20.171583330707534	19.922911836928503	20.0	20.64674465588424	19.70943356039983	20.0	20.275728485167587	19.8761219849247
2018-01-14 03:10:00	20.0	20.23105775237422	19.896191444585497	20.0	20.320765369734055	19.8558880222934	20.0	20.308831559931917	19.861249589016094	20.0	20.31566921598044	19.858177598617488	20.0	20.16741940711998	19.924782585206966	20.0	20.656876774721745	19.70488144903805	20.0	20.27286210778861	19.877409777660183
2018-01-14 03:20:00	20.0	20.228238409692185	19.89745810579047	20.0	20.319372487750606	19.85651380985118	20.0	20.307120747125765	19.862018215059436	20.0	20.31421671791758	19.858830170210943	20.0	20.164713188945303	19.92599842235791	20.0	20.663582267810295	19.701868836201168	20.0	20.271292420799522	19.878114999350938
2018-01-14 03:30:00	20.0	20.226383101455234	19.89829165007084	20.0	20.318457455461186	19.856924911314543	20.0	20.305997788174885	19.862522732848962	20.0	20.313262340474108	19.85925894848265	20.0	20.16294185887151	19.9267942373186	20.0	20.66801810888979	19.69987592209299	20.0	20.270421919818766	19.878506093994464
2018-01-14 03:40:00	20.0	20.22516221472701	19.89884016439801	20.0	20.317856365686353	19.857194966140913	20.0	20.305260719733766	19.862853879539905	20.0	20.31263528478467	19.859540669154715	20.0	20.16178246432534	19.9273151247234	20.0	20.670952523885564	19.698557561732567	20.0	20.269939179606666	19.87872297727816
2018-01-14 03:50:00	20.0	20.22435880943022	19.899201114603812	20.0	20.31746150644887	19.8573723666679	20.0	20.304776935410764	19.86307123191691	20.0	20.312223289638208	19.859725768423417	20.0	20.161023601955396	19.927656062889607	20.0	20.67289370960519	19.697685434815057	20.0	20.269671473846923	19.87884325088036
2018-01-14 04:00:00	20.0	20.223830128057987	19.899438638118873	20.0	20.317202121205714	19.857488902067	20.0	20.304459397366735	19.863213893936685	20.0	20.31195259597667	19.859847384416284	20.0	20.16052690124337	19.927879218281966	20.0	20.674177850397662	19.69710850199525	20.0	20.26952301641168	19.87890994914837
2018-01-14 04:10:00	20.0	20.223482228940956	19.89959494062073	20.0	20.317031729587722	19.857565454822907	20.0	20.304250977199658	19.863307531982763	20.0	20.311774741797784	19.85992728991694	20.0	20.16020179407351	19.928025280923496	20.0	20.67502734025233	19.696726847133004	20.0	20.269440688672052	19.878946936973424
2018-01-14 04:20:00	20.0	20.223253293703216	19.899697795582618	20.0	20.316919798380173	19.857615742756735	20.0	20.304114177950282	19.863368992515095	20.0	20.311657886055013	19.859979790323113	20.0	20.159989000595964	19.92812088379022	20.0	20.675589298113554	19.696474373311297	20.0	20.269395033453087	19.87896744873846
2018-01-14 04:30:00	20.0	20.22310264272278	19.899765479356432	20.0	20.316846270143465	19.857648777181925	20.0	20.304024388008663	19.86340933292365	20.0	20.311581108187085	19.860014284727544	20.0	20.159849720172993	19.928183459052715	20.0	20.675961046682445	19.696307355838318	20.0	20.269369715145697	19.87897882363019
2018-01-14 04:40:00	20.0	20.2230035067482	19.899810018707335	20.0	20.316797969033214	19.85767047768073	20.0	20.303965453229196	19.863435810868044	20.0	20.311530662733144	19.86003694862714	20.0	20.15975855649452	19.928224416647392	20.0	20.676206967254096	19.696196869784387	20.0	20.269355674764228	19.878985131627662
2018-01-14 04:50:00	20.0	20.222938270256375	19.899839327855826	20.0	20.316766239763535	19.857684732859862	20.0	20.303926770630994	19.863453190006364	20.0	20.31149751849629	19.86005183951616	20.0	20.159698886828497	19.92825122475821	20.0	20.676369649595404	19.696123780616553	20.0	20.269347888607467	19.87898862975607
2018-01-14 05:00:00	20.0	20.249662467366946	19.887832804516297	20.0	20.34393000950513	19.845480720367263	20.0	20.33158299956721	19.851027927730673	20.0	20.338593872132428	19.847878115418762	20.0	20.181812698640275	19.91831603394422	20.0	20.69466523655074	19.68790402415836	20.0	20.294037041316802	19.867896401727236
2018-01-14 05:10:00	20.0	20.245686493103882	19.889619111793905	20.0	20.34196824472254	19.846362092950745	20.0	20.329167434599803	19.852113181556607	20.0	20.336548571986977	19.848797018382662	20.0	20.17793090953013	19.920060026153127	20.0	20.704077709166935	19.683675232113405	20.0	20.291272487779562	19.86913844751933
2018-01-14 05:20:00	20.0	20.243098691657465	19.890781747226352	20.0	20.340707784206327	19.846928386805853	20.0	20.327612353477054	19.852811841191468	20.0	20.335233217300715	19.84938797483591	20.0	20.175409336971178	19.92119290657816	20.0	20.71030712017033	19.68087651122782	20.0	20.289759245122028	19.86981831016257
2018-01-14 05:30:00	20.0	20.24139575028799	19.891546836827132	20.0	20.339879740918803	19.847300406253872	20.0	20.32659161175954	19.853270435296437	20.0	20.33436894795996	19.849776269757122	20.0	20.173758864388688	19.921934423245656	20.0	20.714428018558404	19.679025093111438	20.0	20.288920046377893	19.870195341482397
2018-01-14 05:40:00	20.0	20.24027512929638	19.89205030422916	20.0	20.33933579505167	19.84754478773041	20.0	20.325921635346926	19.853571439191956	20.0	20.33380109646797	19.850031391441924	20.0	20.17267857558917	19.92241977038747	20.0	20.717154089432018	19.67780033663199	20.0	20.28845466537118	19.87040442570281
2018-01-14 05:50:00	20.0	20.239537704340986	19.892381611093178	20.0	20.33897847419406	19.847705323188176	20.0	20.325481888023454	19.853769006830035	20.0	20.33342800056462	19.850199014239085	20.0	20.171971490887707	19.922737446122916	20.0	20.71895744920933	19.67699013151465	20.0	20.288196586463894	19.870520374197383
2018-01-14 06:00:00	20.0	20.266211507707332	19.880397728421343	20.0	20.366314791582166	19.83542378928917	20.0	20.353282899612942	19.841278697275335	20.0	20.360689320867653	19.83795117468265	20.0	20.193957390045888	19.912859723312717	20.0	20.738380367966247	19.668263892652845	20.0	20.312887018647753	19.85942757133217
2018-01-14 06:10:00	20.0	20.267752361508606	19.879705460771497	20.0	20.36993837437494	19.833795802817054	20.0	20.35688501165113	19.839660357084266	20.0	20.36417981610066	19.836382981172168	20.0	20.197619727402284	19.91121432536999	20.0	20.747473741912195	19.664178463778583	20.0	20.31052969838731	19.860486657246284
2018-01-14 06:20:00	20.0	20.26279695301426	19.88193180371823	20.0	20.366370727115612	19.835398658832116	20.0	20.353206693743644	19.841312934694876	20.0	20.360532828444224	19.838021482872886	20.0	20.193600687638448	19.91301998091606	20.0	20.74920817898083	19.663399223936153	20.0	20.300826351340483	19.86484613200645
2018-01-14 06:30:00	20.0	20.253553374533904	19.886084715789114	20.0	20.358067182898207	19.839129236668924	20.0	20.34473707308269	19.845118126586026	20.0	20.352184143244738	19.84177234144077	20.0	20.184549433308664	19.917086486484518	20.0	20.746075066697827	19.664806854092276	20.0	20.287040015269366	19.871039993139853
2018-01-14 06:40:00	20.0	20.241487987860264	19.89150539675843	20.0	20.34665262597049	19.844257515868332	20.0	20.333122641145305	19.850336204702828	20.0	20.340746321134535	19.84691107311347	20.0	20.172204431672146	19.92263279156759	20.0	20.739721959426824	19.667661148663313	20.0	20.27098945661208	19.878251113696024
2018-01-14 06:50:00	20.0	20.22756570368134	19.897760336027222	20.0	20.333194424335503	19.85030395428405	20.0	20.319444078899394	19.85648164571186	20.0	20.327278838370788	19.852961681311676	20.0	20.15770357334982	19.92914766994429	20.0	20.731238752328665	19.67147244460596	20.0	20.253683262871984	19.886026360158965
2018-01-14 07:00:00	20.0	20.21242149988591	19.904564253674444	20.0	20.31839375302373	19.856953531250213	20.0	20.304410695552015	19.863235774462133	20.0	20.312477814091753	19.85961141685733	20.0	20.14179162422485	19.936296516652604	20.0	20.7213464359598	19.67591681862676	20.0	20.235680758335768	19.89411444190712
2018-01-14 07:10:00	20.0	20.188741834207597	19.915202944051657	20.0	20.29502334373105	19.867453280352716	20.0	20.28020402488649	19.87411123519592	20.0	20.289163721164034	19.870085864404565	20.0	20.11477067966421	19.948436361310282	20.0	20.71126554677799	19.680445913766413	20.0	20.21620871977914	19.90286274908474
2018-01-14 07:20:00	20.0	20.174726895839374	19.921499510564917	20.0	20.28123421126416	19.873648397837844	20.0	20.265905211466464	19.880535339775932	20.0	20.275406780547208	19.876266518884588	20.0	20.098764184734204	19.955627685119417	20.0	20.705708728971235	19.682942455099877	20.0	20.207598280610835	19.9067312072618
2018-01-14 07:30:00	20.0	20.1670515805533	19.92494784062098	20.0	20.27371739561314	19.877025517912937	20.0	20.25808600772388	19.884048315370425	20.0	20.26790746061601	19.879635778563824	20.0	20.08994790800761	19.959588621040062	20.0	20.70313978398767	19.684096618788146	20.0	20.20499710105248	19.90789985315034
2018-01-14 07:40:00	20.0	20.16354807989724	19.926521877147618	20.0	20.270320924762355	19.87855146858503	20.0	20.254519806003263	19.88565052194056	20.0	20.2645196176341	19.881157852947	20.0	20.085837882653227	19.961435154170292	20.0	20.702547389874127	19.684362766868148	20.0	20.205728393490723	19.907571301475187
2018-01-14 07:50:00	20.0	20.1627898409647	19.926862535218756	20.0	20.269631127351584	19.878861377566682	20.0	20.253745112930975	19.885998572451292	20.0	20.263833138843818	19.881466270954224	20.0	20.084808251769374	19.96189774195869	20.0	20.703262529024677	19.68404147246718	20.0	20.208307719211174	19.90641247397759
2018-01-14 08:00:00	20.0	20.163838119857186	19.926391569339522	20.0	20.27071935524543	19.87837246358539	20.0	20.254802658048384	19.8855234434855	20.0	20.264921537966895	19.880977280043858	20.0	20.085794840399792	19.9614544919943	20.0	20.704842631111212	19.68333157152975	20.0	20.211911877375492	19.90479321451246
2018-01-14 08:10:00	20.0	20.169252453087818	19.923959042815614	20.0	20.276134969532023	19.875939361514597	20.0	20.26046721472941	19.882978497730257	20.0	20.270314531023367	19.878554341134432	20.0	20.092286890388177	19.958537773883577	20.0	20.706689342900304	19.6825018894216	20.0	20.216529587776098	19.902718590999143
2018-01-14 08:20:00	20.0	20.17125980512897	19.92305718900003	20.0	20.278142259987444	19.875037535367962	20.0	20.26260953235295	19.88201600720374	20.0	20.272309542866108	19.877658031465952	20.0	20.09486779332663	19.957378237780794	20.0	20.706801950520052	19.682451297592436	20.0	20.216910791636288	19.90254732549674
2018-01-14 08:30:00	20.0	20.17103351578118	19.923158855228746	20.0	20.27791951192718	19.87513761058344	20.0	20.26244965793516	19.882087834840718	20.0	20.27208090240317	19.87776075399278	20.0	20.09489657098234	19.957365308689095	20.0	20.705769423835314	19.682915186392833	20.0	20.21494841181455	19.90342897440216
2018-01-14 08:40:00	20.0	20.169337367719862	19.92392089276354	20.0	20.276231828230756	19.87589584528763	20.0	20.26077869737144	19.882838556253407	20.0	20.270391242585138	19.87851987651972	20.0	20.093254891931345	19.958102874639543	20.0	20.703979362687843	19.68371941676343	20.0	20.211686382582876	19.90489452376712
2018-01-14 08:50:00	20.0	20.16667397925554	19.92511748758085	20.0	20.273581821415284	19.877086428059805	20.0	20.258115918339435	19.88403487726779	20.0	20.26774164880249	19.879710273726417	20.0	20.09051984490414	19.95933166388365	20.0	20.701688175299083	19.68474879080766	20.0	20.20770362848274	19.906683877058477
2018-01-14 09:00:00	20.0	20.16764663843425	19.924680495775917	20.0	20.272395061131675	19.877619610216207	20.0	20.257038017184648	19.884519151699653	20.0	20.26655227056954	19.880244632062954	20.0	20.08924009373678	19.959906624553042	20.0	20.699158005933594	19.685885533566065	20.0	20.204166014168074	19.908273240011447
2018-01-14 09:10:00	20.0	20.158689215899724	19.92870484503056	20.0	20.26504481262116	19.880921895778897	20.0	20.249450050450996	19.887928238203177	20.0	20.259214662417104	19.883541238624197	20.0	20.081239239357135	19.96350121130332	20.0	20.69548530483467	19.687535587682973	20.0	20.197068233459007	19.91146209801117
2018-01-14 09:20:00	20.0	20.152807502634722	19.931347353888746	20.0	20.260225760420855	19.883086977202225	20.0	20.244479762915972	19.890161265936303	20.0	20.254403029882422	19.885702986574557	20.0	20.076009901309494	19.96585062404936	20.0	20.69305783795697	19.688626188743967	20.0	20.193138327075715	19.913227708125405
2018-01-14 09:30:00	20.0	20.148937026002987	19.933086263679815	20.0	20.25706008979964	19.884509235017553	20.0	20.24121744130332	19.89162694666083	20.0	20.251241628860903	19.887123326163938	20.0	20.072587121382917	19.967388394741008	20.0	20.691452011288703	19.689347647102174	20.0	20.19095897715261	19.914206836351724
2018-01-14 09:40:00	20.0	20.14639005995119	19.934230552775553	20.0	20.254980546401626	19.885443522631157	20.0	20.23907617821937	19.892588963408688	20.0	20.2491644931544	19.888056532061064	20.0	20.070346800423184	19.968394915751905	20.0	20.690389720496665	19.689824908182658	20.0	20.189750411521814	19.91474981511339
2018-01-14 09:50:00	20.0	20.144714029646966	19.934983551897744	20.0	20.25361448489341	19.88605726041021	20.0	20.2376707350452	19.893220394399982	20.0	20.247799752409865	19.888669676453535	20.0	20.068880437370414	19.96905371654373	20.0	20.689686991023144	19.690140627221485	20.0	20.189080197491936	19.915050925764493
2018-01-14 10:00:00	20.0	20.159633139736666	19.928280763306724	20.0	20.260574863566752	19.88293013375987	20.0	20.245132769262256	19.88986788627348	20.0	20.25474402795293	19.885549784542885	20.0	20.076061686731155	19.965827358135275	20.0	20.689569086053883	19.69019359901927	20.0	20.19187660182843	19.913794570193023
2018-01-14 10:10:00	20.0	20.145219638603272	19.934756394250712	20.0	20.252211151688698	19.886687743444213	20.0	20.236484627874738	19.893753283128746	20.0	20.24637853359357	19.889308195052163	20.0	20.06797525984864	19.96946039050278	20.0	20.68557343881365	19.691988744880824	20.0	20.18315390864829	19.91771346133193
2018-01-14 10:20:00	20.0	20.13576694298524	19.939003257499387	20.0	20.246735417803453	19.889147855769465	20.0	20.230828328197806	19.89629451921548	20.0	20.240900681925694	19.891769258844977	20.0	20.06269578548588	19.97183232825996	20.0	20.682934359392736	19.69317441824384	20.0	20.178329094675885	19.919881131377505
2018-01-14 10:30:00	20.0	20.12954655671733	19.941797923793665	20.0	20.243138357083748	19.89076392652759	20.0	20.227115719914764	19.897962502646998	20.0	20.237301541769387	19.89338626384274	20.0	20.059240183573145	19.973384845061336	20.0	20.681188544089267	19.69395877004685	20.0	20.175653463351498	19.921083226610197
2018-01-14 10:40:00	20.0	20.12545323331494	19.943636953148363	20.0	20.24077543158832	19.891825530735687	20.0	20.224678905907332	19.89905730314308	20.0	20.23493679828069	19.89444868483041	20.0	20.056978379560316	19.974401017878694	20.0	20.680033647639434	19.694477636567786	20.0	20.174169683252902	19.9217498524516
2018-01-14 10:50:00	20.0	20.122759622985424	19.9448471259051	20.0	20.2392232150926	19.892522903364195	20.0	20.22307947441321	19.899775888307108	20.0	20.233383090557254	19.8951467274308	20.0	20.05549795514939	19.975066136092302	20.0	20.679269657421216	19.694820878549884	20.0	20.17334684813791	19.92211953199601
2018-01-14 11:00:00	20.0	20.150028787082075	19.932595762325448	20.0	20.252546722973552	19.88653697953363	20.0	20.23733214078106	19.893372516460683	20.0	20.246676161813838	19.88917447802566	20.0	20.069335341123537	19.968849339495222	20.0	20.679410444727107	19.69475762628202	20.0	20.178665289782835	19.919730087199014
2018-01-14 11:10:00	20.0	20.122463206424687	19.944980298562825	20.0	20.236106508875558	19.8939231626791	20.0	20.220262327781164	19.901041562880923	20.0	20.230240246789684	19.89655872970318	20.0	20.05304370322813	19.976168771013448	20.0	20.67236020901706	19.697925123485085	20.0	20.16266564953334	19.92691833136908
2018-01-14 11:20:00	20.0	20.105933265939097	19.952406793563597	20.0	20.22688629507508	19.898065577574968	20.0	20.21066572378557	19.905353080618074	20.0	20.221019072234384	19.90070157624252	20.0	20.04406901843413	19.98020087577597	20.0	20.66881204094735	19.69951922798017	20.0	20.15599224329096	19.929916528376523
2018-01-14 11:30:00	20.0	20.09660290017652	19.956598697022145	20.0	20.222370800683166	19.900094277953947	20.0	20.205932845385203	19.907479446276216	20.0	20.216499864736747	19.90273194482841	20.0	20.039855281873432	19.982094003795993	20.0	20.667571859928234	19.70007641075688	20.0	20.154465239086413	19.930602573743784
2018-01-14 11:40:00	20.0	20.092010295193763	19.95866204128977	20.0	20.220945912182287	19.900734445251437	20.0	20.204392390382232	19.908171534755805	20.0	20.215070046197834	19.90337432707053	20.0	20.038757769535522	19.98258708904926	20.0	20.667858473639434	19.699947642277934	20.0	20.15579221951085	19.930006394132803
2018-01-14 11:50:00	20.0	20.090535372133232	19.95932468788215	20.0	20.221551256595024	19.900462478921078	20.0	20.204947320409147	19.907922218366906	20.0	20.21567004888455	19.903104760646073	20.0	20.039699926855974	19.982163800977744	20.0	20.669155096528225	19.699365101559785	20.0	20.158701886114144	19.928699152615387
2018-01-14 12:00:00	20.0	20.086795185876767	19.961005061417673	20.0	20.207325665523836	19.90685368650378	20.0	20.190954509738916	19.914208843450623	20.0	20.201482159174205	19.90947902993622	20.02452777212445	20.090911913752308	19.99470301284238	20.0	20.653419725641648	19.706434616016075	20.0	20.142238015328708	19.93609596412768
2018-01-14 12:10:00	20.000982708853254	20.077386166223093	19.96665651786099	20.0	20.202765663746153	19.908902382954622	20.0	20.186609442096056	19.916160975290182	20.0	20.19698628661524	19.9114989147091	20.035587112195262	20.104411792959688	20.004665878808346	20.0	20.641146950986165	19.711948471296076	20.0	20.137554967186926	19.938199942278345
2018-01-14 12:20:00	20.008603028681303	20.087132730282924	19.97332156854143	20.0	20.199763357997302	19.910251244957728	20.0	20.183750353273425	19.91744549345686	20.0	20.19402544145019	19.91282914949339	20.04720094251573	20.11845309842529	20.015189104353475	20.0	20.63303019337259	19.71559513051377	20.0	20.134952602910364	19.93936912043158
2018-01-14 12:30:00	20.016729823991568	20.09738074342056	19.98049535294374	20.0	20.19779113842686	19.911137314619815	20.0	20.18187376634011	19.918288597731248	20.0	20.192080085897224	19.91370314981429	20.059362385183643	20.133030409261224	20.02626515697488	20.0	20.62766076875235	19.718007480705474	20.0	20.133509458732444	19.94001748955499
2018-01-14 12:40:00	20.025360419599764	20.108127213309608	19.98817533836779	20.0	20.196495577759965	19.91171937810784	20.0	20.1806420458122	19.918841979417707	20.0	20.19080192801982	19.914277394657766	20.07206731474869	20.148139685994707	20.03788987259469	20.0	20.62410877040903	19.71960330604812	20.0	20.13270915783326	19.940377045031433
2018-01-14 12:50:00	20.034491778789207	20.119369369111567	19.99635836864438	20.0	20.195644517640396	19.91210173845142	20.0	20.179833591158513	19.919205198175163	20.0	20.189962139355092	19.914654691014384	20.085311660100782	20.163776981724617	20.05005912429877	20.0	20.62175904150311	19.72065898135368	20.0	20.13226534803764	19.940576437838168
2018-01-14 13:00:00	20.06947049518242	20.178605356988683	20.02043889060279	20.0	20.176699429032176	19.920613300000042	20.0	20.160873676774543	19.92772342057956	20.0	20.171073422784122	19.923140925995547	20.123492927172773	20.225582623669702	20.077626541790096	20.0	20.604124435406725	19.728581775396982	20.002425584196953	20.117197728658823	19.950861287409744
2018-01-14 13:10:00	20.07953829474845	20.173974324127855	20.037110513433063	20.0	20.1736496369934	19.92198349642326	20.0	20.15816678204255	19.92893956169103	20.0	20.168088644519713	19.924481913331732	20.133549732693126	20.2197944478203	20.09480210705628	20.0	20.591464623409916	19.73426951701873	20.0	20.107139459864783	19.95186488035062
2018-01-14 13:20:00	20.087024982500054	20.16680287047143	20.051182742976692	20.0	20.170089265942543	19.92358308341712	20.0	20.154807346198112	19.930448873447226	20.0	20.164572392442757	19.926061678757605	20.140964948875304	20.211417547177874	20.109312332246617	20.0	20.58198272241929	19.738529501521775	20.0	20.10323993445643	19.953616841041317
2018-01-14 13:30:00	20.09195148574109	20.15712255563612	20.062671729701307	20.0	20.16620910473236	19.925326344250678	20.0	20.151036341292738	19.93214309304239	20.0	20.160722694769152	19.927791253074737	20.14575178717597	20.200467923081	20.121169175392552	20.0	20.574603203066793	19.741844937752603	20.0	20.098904241801833	19.955564760929626
2018-01-14 13:40:00	20.094340261710318	20.144955686410356	20.071599998439297	20.0	20.162118848964543	19.92716399539274	20.0	20.14699517215268	19.933958690771988	20.0	20.1566538905142	19.929619266580588	20.147930040423624	20.186964927502082	20.130392627388375	20.0	20.56861445814015	19.744535533299356	20.0	20.09432608233686	19.957621615181992
2018-01-14 13:50:00	20.094213404054745	20.130323893045315	20.077989851029997	20.0	20.157890580780165	19.929063652113264	20.0	20.142776678075336	19.935853956227028	20.0	20.152441126296516	19.93151195775083	20.14751936732142	20.170927822610594	20.137002525090047	20.0	20.56354574297585	19.746812782141287	20.0	20.089613462619038	19.959738879113182
2018-01-14 14:00:00	20.096416277259596	20.118798700737614	20.086360405841944	20.0	20.149386101252027	19.932884505234604	20.0	20.134107027757082	19.939749016514945	20.0	20.143958746049652	19.93532288220957	20.14814680545693	20.157389232981892	20.143994410481945	20.0	20.557208807897688	19.749659810944525	20.0	20.081761182976358	19.963266714894672
2018-01-14 14:10:00	20.100816013660776	20.120843664638898	20.091818083511185	20.0	20.145074223080236	19.934821725862513	20.0	20.12973617180159	19.94171273440797	20.0	20.13967428917331	19.93724778312503	20.152948055037058	20.159415592244116	20.150042349915047	20.0	20.55298698270364	19.751556572988218	20.0	20.078587770450827	19.964692450956875
2018-01-14 14:20:00	20.104608199510647	20.12228488927643	20.096666498311535	20.0	20.14223991135095	19.93609511229161	20.0	20.126865356198977	19.943002521127994	20.0	20.13685742116308	19.938513332520927	20.157078302626957	20.160785107330355	20.155412926600782	20.0	20.55019417823292	19.752811311228694	20.0	20.076826517412794	19.965483738553665
2018-01-14 14:30:00	20.10779900523753	20.123136974557937	20.10090803351386	20.0	20.140378040117763	19.936931605164496	20.0	20.12498106391717	19.94384908722561	20.0	20.13500665508821	19.93934483611978	20.160542362084065	20.161502555440137	20.16011097086612	20.0	20.54834667285013	19.75364134987893	20.0	20.075849809350455	19.965922549422253
2018-01-14 14:40:00	20.110394018976507	20.123405829206476	20.10454813322103	20.0	20.139154967410185	19.93748110159833	20.0	20.12374428547497	19.94440474130834	20.0	20.133790644977402	19.939891159502892	20.16334524251809	20.16157282047758	20.16414154807253	20.0	20.547124504913384	19.754190439821524	20.0	20.07530817206172	19.966165893711405
2018-01-14 14:50:00	20.112398621326843	20.12309679894708	20.107592193700363	20.0	20.13835152471407	19.93784206860671	20.0	20.12293251071766	19.944769451706573	20.0	20.13299168901795	19.94025011073106	20.1654919255503	20.16100078137289	20.167509685977826	20.0	20.546316012294028	19.75455367563602	20.0	20.075007804979165	19.96630084124125
2018-01-14 15:00:00	20.121155632364967	20.123211419692545	20.120232017768522	20.0	20.12975916195492	19.941702405498507	20.0	20.113796793760926	19.94887390425235	20.0	20.124417958315785	19.9441020766987	20.17031010772949	20.159576107773326	20.175132629448925	20.0	20.54541173803139	19.754959943783003	20.0	20.071598187254185	19.96783269848001
2018-01-14 15:10:00	20.115972285520225	20.118143407383087	20.11499685395865	20.0	20.137391312527335	19.938273468284816	20.0	20.12169921853622	19.94532353949823	20.0	20.132055540904172	19.940670699014067	20.168894257521217	20.158193949800236	20.17370164214948	20.0	20.54898491348539	19.753354604086272	20.0	20.080223948322473	19.963957356550786
2018-01-14 15:20:00	20.11085967391481	20.11314119659925	20.109834641984115	20.0	20.14238598594241	19.93602948457659	20.0	20.1268655267288	19.94300244451316	20.0	20.137054631864974	19.938424730611384	20.16749689255908	20.156826168727065	20.172290985874916	20.0	20.551344249974093	19.752294612330484	20.0	20.08499471207965	19.961813969935235
2018-01-14 15:30:00	20.105793648909327	20.108184989934934	20.104719278303627	20.0	20.14566703986089	19.934555387888583	20.0	20.13025652763328	19.94147895135318	20.0	20.14033921585888	19.936949047947454	20.166110039901582	20.155468673186427	20.170890943788102	20.0	20.552905011063427	19.751593400826575	20.0	20.08764037371064	19.960625339347402
2018-01-14 15:40:00	20.10077371208663	20.103274000232148	20.09965039422415	20.0	20.14782238120302	19.933587046126174	20.0	20.13248225313681	19.94047898772114	20.0	20.142497288639156	19.93597947901719	20.16473363424193	20.15412140621214	20.16950144683502	20.0	20.553937491137553	19.751129532967187	20.0	20.089107536043084	19.959966179458917
2018-01-14 15:50:00	20.09579946799051	20.098407828418765	20.094627595914048	20.0	20.149238236138604	19.932950937387005	20.0	20.133943135707074	19.939822649175085	20.0	20.143915208904733	19.93534244237613	20.16336759379867	20.1527842823254	20.16812241489536	20.0	20.55462050093066	19.750822673494916	20.0	20.089921156845143	19.95960063967827
2018-01-14 16:00:00	20.02095741562762	19.96660218520085	20.04537788147153	20.0	20.201951243925503	19.909268281714624	20.0	20.186979466713066	19.915994732346306	20.0	20.19649640771679	19.911719005228694	20.095851170934765	20.029809462222186	20.125522083544762	20.0	20.598105644286196	19.73128586995837	20.0	20.14422464505104	19.93520342033939
2018-01-14 16:10:00	20.0	19.96801280673253	20.014371057844805	20.0	20.209624250962143	19.905820988698167	20.0	20.19392231377816	19.912875482215604	20.0	20.203988192500834	19.908353130905414	20.08197568456322	20.031855220011188	20.104493574434418	20.0	20.627543478965276	19.71806017611705	20.0	20.152171999777444	19.931632869665208
2018-01-14 16:20:00	20.0	20.012450712151555	19.99440620178698	20.0	20.21624662256674	19.9028457202961	20.0	20.200088824272765	19.910105020978904	20.0	20.210490931690533	19.905431610399905	20.070760954273883	20.036513031678712	20.08614770210649	20.0	20.648124748260848	19.708813518897294	20.0	20.158782348911185	19.928663002663093
2018-01-14 16:30:00	20.0	20.04324363760276	19.980571699048035	20.0	20.22213818883696	19.900198784725426	20.0	20.20570224596616	19.907583048913743	20.0	20.216302803321074	19.902820479667344	20.062203247770803	20.043771619595763	20.070484124197268	20.0	20.662846740984765	19.702199290282195	20.0	20.16462188794647	19.92603944164724
2018-01-14 16:40:00	20.0	20.065054142253185	19.970772776668852	20.0	20.227549744310945	19.897767506179143	20.0	20.210952705090705	19.905224146988232	20.0	20.22166081359049	19.90041325766224	20.05628253274891	20.053611377666634	20.057482616916307	20.0	20.673692691224723	19.69732647205845	20.0	20.170034007731754	19.923607909569796
2018-01-14 16:50:00	20.0	20.080953773842854	19.96362946392568	20.0	20.232645978794768	19.895477893584957	20.0	20.215964930328504	19.902972277678497	20.0	20.226720623285956	19.898140009828055	20.052978947191278	20.066012863750966	20.04712312960649	20.0	20.681974552359303	19.693605635896546	20.0	20.17520910087748	19.921282867721715
2018-01-14 17:00:00	20.0	20.081155304935237	19.96353892097113	20.0	20.24012989701758	19.892115553513847	20.0	20.222795397773773	19.899903516942214	20.0	20.234168085947307	19.89479404834252	20.04002560747666	20.05026687441961	20.035424458560264	20.0	20.698861172458706	19.686018893533053	20.0	20.189542759130084	19.91484310821692
2018-01-14 17:10:00	20.0	20.11363417494387	19.94894696488029	20.0	20.258863937160744	19.883698810840826	20.0	20.24184917964721	19.891343122187486	20.0	20.25282840741916	19.886410425652265	20.020063512615938	20.033404946939417	20.014069534876405	20.0	20.71628014762207	19.678192977155305	20.0	20.20793431788287	19.906580233994653
2018-01-14 17:20:00	20.0	20.134964038994088	19.939363982480916	20.0	20.271150732651382	19.878178656345032	20.0	20.25433383271171	19.885734075158506	20.0	20.26506907000725	19.88091099753298	20.000895880333395	20.017316380696244	19.993518554083415	20.0	20.727796599674342	19.673018918986898	20.0	20.218120825786084	19.902003686965678
2018-01-14 17:30:00	20.0	20.149000198516937	19.93305788182573	20.0	20.279222006966332	19.87455243165281	20.0	20.26252830743287	19.88205249955914	20.0	20.273111576896245	19.877297697336473	20.0	20.044549148786068	19.979985165038144	20.0	20.735414995110556	19.669596161617	20.0	20.22376979696533	19.89946574339239
2018-01-14 17:40:00	20.0	20.158236683845864	19.928908156533016	20.0	20.28452406009922	19.8721703498105	20.0	20.26790684336587	19.8796360558791	20.0	20.27839574259108	19.87492365187937	20.0	20.064241297975293	19.97113796757632	20.0	20.740454732677232	19.667331931695742	20.0	20.22690244947618	19.898058319800555
2018-01-14 17:50:00	20.0	20.164314746850515	19.92617743257441	20.0	20.28800700052977	19.87060555048663	20.0	20.271437106136418	19.87804999579378	20.0	20.281867596292226	19.87336383354987	20.0	20.077130470077037	19.965347180110317	20.0	20.743788630870355	19.66583409337709	20.0	20.228639670556483	19.897277829170275
2018-01-14 18:00:00	20.0	20.1587011993336	19.92869946116896	20.0	20.285580307959883	19.8716958036702	20.0	20.268723525943674	19.87926914051805	20.0	20.279444136422338	19.874452634360978	20.0	20.080682229943104	19.96375146190962	20.0	20.745785898560275	19.66493677021205	20.0	20.227702207059014	19.89769900842276
2018-01-14 18:10:00	20.0	20.162132169213333	19.92715801093314	20.0	20.284375892460385	19.872236917880123	20.0	20.267126396468832	19.87998669144153	20.0	20.278285660754715	19.874973108936285	20.0	20.08091222102899	19.963648132581177	20.0	20.75017075238383	19.66296676342176	20.0	20.232307537397418	19.895629946966377
2018-01-14 18:20:00	20.0	20.171610497735827	19.92289963145202	20.0	20.290787412242004	19.86935638000722	20.0	20.273396738497745	19.87716958125463	20.0	20.284718221800755	19.87208311774169	20.0	20.08882210361246	19.960094417217586	20.0	20.758239749042303	19.659341562024476	20.0	20.245011820986416	19.889922225353928
2018-01-14 18:30:00	20.0	20.185068150481943	19.916853439638547	20.0	20.302192163269805	19.864232506357048	20.0	20.28482045758172	19.872037185724153	20.0	20.296128627416568	19.86695670362444	20.0	20.101748446355714	19.954286929898156	20.0	20.768743669245865	19.65462240946925	20.0	20.26220134214146	19.882199397008907
2018-01-14 18:40:00	20.0	20.201144402948852	19.90963077548675	20.0	20.316877009052604	19.857634966947387	20.0	20.299626663707684	19.86538512210234	20.0	20.31080964501385	19.86036088412421	20.0	20.117958226293744	19.94700427514339	20.0	20.780858347725736	19.649179582905834	20.0	20.281878176076567	19.873359080313424
2018-01-14 18:50:00	20.0	20.218943819250875	19.901633936278593	20.0	20.33371655905033	19.85006937202087	20.0	20.316653006226037	19.85773560589845	20.0	20.327639548486538	19.852799623143724	20.0	20.1363171260762	19.93875607379185	20.0	20.794038578532916	19.64325802993449	20.0	20.30293435383638	19.86389905842133
2018-01-14 19:00:00	20.0	20.24322414197071	19.89072538549142	20.0	20.35740211246519	19.839428036428686	20.0	20.34066617286263	19.846947081757378	20.0	20.35129857533099	19.842170205286074	20.0	20.16050839827063	19.927887531211745	20.0	20.811560600120064	19.635385817337365	20.0	20.32969184244452	19.85187757803217
2018-01-14 19:10:00	20.0	20.269533277706312	19.878905339001513	20.0	20.383575497767065	19.827668979264075	20.0	20.367576442877585	19.834856960446306	20.0	20.377391193170972	19.83044743495217	20.0	20.190194712837673	19.914550201478725	20.0	20.827074573894414	19.62841577114889	20.0	20.352429755041356	19.841661994111853
2018-01-14 19:20:00	20.0	20.286832304759358	19.871133312354495	20.0	20.40075378969282	19.81995119593511	20.0	20.385222841422	19.82692886834664	20.0	20.394519706019405	19.822752016136207	20.0	20.209610902154466	19.905826985988575	20.0	20.837333275314172	19.623806789351608	20.0	20.36502960827486	19.836001190485206
2018-01-14 19:30:00	20.0	20.298215934704835	19.866018927886234	20.0	20.41203830000504	19.814881343476003	20.0	20.39680527694994	19.82172516542829	20.0	20.405773667429905	19.817695888545984	20.0	20.22231943826281	19.90011735382395	20.0	20.844119637141763	19.620757844182688	20.0	20.37201690172604	19.8328619716883
2018-01-14 19:40:00	20.0	20.30570692386429	19.862653411017494	20.0	20.41945114001768	19.811550937093507	20.0	20.40440753813543	19.81830965677974	20.0	20.413167853046094	19.814373863124214	20.0	20.230637584283446	19.896380215756714	20.0	20.848608965307953	19.61874089964426	20.0	20.37589172380448	19.831121109595085
2018-01-14 19:50:00	20.0	20.310636363685884	19.86043873515562	20.0	20.424320664326814	19.809363179795206	20.0	20.409397367369856	19.81606784944252	20.0	20.41802605178722	19.812191194124583	20.0	20.236082078658235	19.893934138573837	20.0	20.851578755000286	19.61740664630422	20.0	20.378040516652238	19.830155709909864
2018-01-14 20:00:00	20.0	20.30853319423273	19.861383637373702	20.0	20.422088900876602	19.81036585612791	20.0	20.407142878050216	19.817080735948448	20.0	20.415800786355387	19.813190951057724	20.0	20.23521996506856	19.894321464969195	20.0	20.8499064317886	19.618157979921065	20.0	20.37429574294843	19.831838144472442
2018-01-14 20:10:00	20.0	20.31304045912322	19.85935863430696	20.0	20.426153237338287	19.808539849891496	20.0	20.411468091071047	19.81513752430141	20.0	20.41986710149187	19.811364055851474	20.0	20.240412131612462	19.891988752463966	20.0	20.84917767323611	19.618485393183782	20.0	20.37572541520035	19.831195827953465
2018-01-14 20:20:00	20.0	20.31444937154325	19.858725644668976	20.0	20.427271687786934	19.808037357660943	20.0	20.41273008449289	19.81457054174957	20.0	20.420989229235435	19.81085991150292	20.0	20.24214231382367	19.89121142422415	20.0	20.847586996450783	19.61920004507284	20.0	20.374337613885533	19.831819332892007
2018-01-14 20:30:00	20.0	20.313829279584194	19.859004236708554	20.0	20.426465056711468	19.808399757129635	20.0	20.41199239896676	19.814901965681596	20.0	20.420187077695836	19.81122029842651	20.0	20.241614265487303	19.89144866333179	20.0	20.845427708208828	19.620170160080093	20.0	20.37139422708696	19.83314172406238
2018-01-14 20:40:00	20.0	20.311873988993664	19.859882700597048	20.0	20.424393816821933	19.80933031418145	20.0	20.409942184424388	19.815823076562953	20.0	20.418120603027912	19.81214871458166	20.0	20.239608124947015	19.89234997284989	20.0	20.84289226922387	19.6213092703487	20.0	20.3675881773893	19.8348516884193
2018-01-14 20:50:00	20.0	20.309040071553696	19.861155909881674	20.0	20.421491849980107	19.810634096385748	20.0	20.407030477320564	19.817131234826988	20.0	20.41522343031315	19.813450342902783	20.0	20.236634525734733	19.89368593771338	20.0	20.840107998180304	19.62256017473059	20.0	20.363303735575506	19.836776582567524
2018-01-14 21:00:00	20.0	20.30562797519314	19.86268888071033	20.0	20.418044175977492	19.812183051372436	20.0	20.403553319200192	19.81869343630136	20.0	20.411780465059007	19.814997182364795	20.0	20.23302769263101	19.89530639896288	20.0	20.837159119210312	19.623885033398267	20.0	20.358754000559312	19.83882066641538
2018-01-14 21:10:00	20.0	20.300246770391404	19.86510652344734	20.0	20.412658327700296	19.81460278030856	20.0	20.398002821745266	19.82118713805647	20.0	20.406409674096224	19.81741014642054	20.0	20.22691349783138	19.89805335604677	20.0	20.834254139903063	19.62519016902906	20.0	20.35383453223608	19.841030862328715
2018-01-14 21:20:00	20.0	20.296709824863918	19.866695585930707	20.0	20.409124785303405	19.816190313849198	20.0	20.39436451525482	19.822821739523196	20.0	20.40288535842346	19.81899353462134	20.0	20.22291547837972	19.899849567684473	20.0	20.832333437550446	19.62605309327444	20.0	20.351109314753096	19.84225523540078
2018-01-14 21:30:00	20.0	20.29438233472156	19.867741269907707	20.0	20.40680358049667	19.81723317397976	20.0	20.391976464597995	19.82389463184727	20.0	20.40056977204146	19.820033870532097	20.0	20.22029864158295	19.90102524798447	20.0	20.83106284927836	19.62662393728074	20.0	20.349598034411745	19.842934216423707
2018-01-14 21:40:00	20.0	20.29285073139442	19.868429381547436	20.0	20.405278771556045	19.817918233069022	20.0	20.39040904060434	19.824598836829928	20.0	20.399048363068754	19.820717402099543	20.0	20.218585837485225	19.901794768666058	20.0	20.83022232695303	19.62700156325299	20.0	20.34875994973925	19.843310747218595
2018-01-14 21:50:00	20.0	20.291842860847428	19.868882192952608	20.0	20.40427711831441	19.81836825119208	20.0	20.3893802441737	19.82506104971906	20.0	20.39804875221673	19.821166502627268	20.0	20.21746475194871	19.90229844477667	20.0	20.829666302790173	19.627251371210214	20.0	20.3482951875752	19.84351955340824
2018-01-14 22:00:00	20.0	20.26423738895222	19.88128465134031	20.0	20.37626185170385	19.830954820249	20.0	20.360841051176862	19.837883005993007	20.0	20.370100337908834	19.83372303659168	20.0	20.194445920313132	19.912640238699897	20.0	20.811091748923143	19.635596460628733	20.0	20.323281392946193	19.854757635053154
2018-01-14 22:10:00	20.0	20.267898271364665	19.879639907068054	20.0	20.377948506953697	19.830197047600517	20.0	20.36297160407979	19.836925801065604	20.0	20.371871880963184	19.832927125944078	20.0	20.197942944530592	19.911069111877563	20.0	20.80170658716985	19.63981298257586	20.0	20.326068876000832	19.853505287593826
2018-01-14 22:20:00	20.0	20.270278391690276	19.8785705776464	20.0	20.37902785833298	19.82971212161852	20.0	20.364339196638564	19.836311375423264	20.0	20.3730069755005	19.832417155934557	20.0	20.200212469514494	19.910049470218127	20.0	20.79549502704546	19.642603683501314	20.0	20.327594600246776	19.85281981728043
2018-01-14 22:30:00	20.0	20.271844667751726	19.877866888401403	20.0	20.37973693004312	19.829393553169037	20.0	20.365236877754988	19.83590806941443	20.0	20.37375280830588	19.83208207163069	20.0	20.201697967976273	19.909382072358486	20.0	20.791385941499577	19.64444979439874	20.0	20.328440720023625	19.85243967651112
2018-01-14 22:40:00	20.0	20.272875355370665	19.877403825847967	20.0	20.38020272248706	19.829184284100023	20.0	20.36582608132708	19.8356433547661	20.0	20.374242842949908	19.831861911138446	20.0	20.20267027520173	19.908945238677486	20.0	20.788667687634877	19.64567103888868	20.0	20.328909938591213	19.85222886816916
2018-01-14 22:50:00	20.0	20.273553599165947	19.8770991076211	20.0	20.380508703708756	19.829046814275777	20.0	20.36621281207431	19.835469606169518	20.0	20.374564810527023	19.831717259038584	20.0	20.20330668202834	19.908659316769878	20.0	20.786869500670587	19.646478919988578	20.0	20.329170145341845	19.852111963686994
2018-01-14 23:00:00	20.0	20.247245961924303	19.888918480874594	20.0	20.353538071532636	19.841164054818673	20.0	20.33879873490244	19.847786075623546	20.0	20.347671266667792	19.843799865699978	20.0	20.181580307115684	19.918420441730635	20.0	20.767493398488334	19.655184125316836	20.0	20.304625679302248	19.86313918755986
2018-01-14 23:10:00	20.0	20.252747042494278	19.88644698090837	20.0	20.356869095309943	19.83966750790423	20.0	20.34271285277561	19.84602755889792	20.0	20.35108368872738	19.84226674854277	20.0	20.187374379609302	19.915817307711766	20.0	20.757228006778565	19.65979611289659	20.0	20.3076332991345	19.86178793807
2018-01-14 23:20:00	20.0	20.25509735506572	19.885391043376274	20.0	20.35779241808193	19.839252681731306	20.0	20.343994881253952	19.84545157508881	20.0	20.352062203360735	19.84182712602633	20.0	20.18981607264089	19.914720315190326	20.0	20.749547966050276	19.663246565977413	20.0	20.307540016843433	19.86182984750512
2018-01-14 23:30:00	20.0	20.255406230384985	19.8852522733053	20.0	20.357165911512855	19.839534155697127	20.0	20.34358358731462	19.845636359322423	20.0	20.351473616238522	19.842091563718924	20.0	20.190085854405286	19.914599108890382	20.0	20.743581827284185	19.665927005133195	20.0	20.305749286301005	19.862634378618388
2018-01-14 23:40:00	20.0	20.254371696608292	19.885717063842655	20.0	20.355521270011135	19.840273052603695	20.0	20.342060811215536	19.846320505106068	20.0	20.34985534839816	19.84281861158923	20.0	20.188934023804173	19.915116598001028	20.0	20.738749470936433	19.668098063782185	20.0	20.303017203331564	19.86386183618437
2018-01-14 23:50:00	20.0	20.25245313191103	19.88657902769215	20.0	20.353207810505122	19.84131243296147	20.0	20.33980849984915	19.847332413111253	20.0	20.347560548978745	19.843849608429835	20.0	20.186851701454138	19.9160521341293	20.0	20.734667138034858	19.669932155375644	20.0	20.299763089428676	19.865323829387115
2018-01-15 00:00:00	20.0	20.249952830311113	19.88770235159936	20.0	20.350455000568942	19.84254920264294	20.0	20.337077348927586	19.848559451931084	20.0	20.344821247662725	19.845080309021093	20.0	20.184160341794378	19.917261295715573	20.0	20.731080963132474	19.671543335404255	20.0	20.29621948112434	19.86691588529196
2018-01-15 00:10:00	20.0	20.245798806667242	19.889568652077042	20.0	20.346149822141548	19.844483413240756	20.0	20.33267014599574	19.850539499625107	20.0	20.3405345165093	19.84700623171321	20.0	20.179396034763187	19.91940178148321	20.0	20.727945241471236	19.672952137889737	20.0	20.292337241580686	19.868660079869542
2018-01-15 00:20:00	20.0	20.243068576591234	19.89079527718365	20.0	20.343325287371133	19.84575240712312	20.0	20.32978128873789	19.851837392016307	20.0	20.33772156947935	19.84827001950928	20.0	20.176280777016633	19.920801390036004	20.0	20.72587169410176	19.673883731635446	20.0	20.290186642927416	19.869626290858697
2018-01-15 00:30:00	20.0	20.24127194375886	19.891602460050372	20.0	20.341469831059907	19.846586017929607	20.0	20.32788514605044	19.852689282209226	20.0	20.33587337189242	19.84910036914978	20.0	20.17424173486574	19.92171748143713	20.0	20.724499993306505	19.674500003007225	20.0	20.28899401726409	19.870162108185696
2018-01-15 00:40:00	20.0	20.240089669186325	19.892133626887308	20.0	20.340250972390944	19.847133621099722	20.0	20.326640589495724	19.853248430806268	20.0	20.334659049401015	19.84964593432708	20.0	20.172907114576578	19.922317093451102	20.0	20.723592581239977	19.674907680892186	20.0	20.288332642052644	19.870459247773447
2018-01-15 00:50:00	20.0	20.23931167317816	19.892483161325757	20.0	20.339450297939727	19.847493344403894	20.0	20.32582370950105	19.853615434861847	20.0	20.33386120228108	19.850004387380963	20.0	20.172033561609368	19.922709559276953	20.0	20.72299230699497	19.6751773693211	20.0	20.28796587384867	19.87062402769118
2018-01-15 01:00:00	20.0	20.23879971275641	19.892713172529735	20.0	20.33892433082545	19.847729648469727	20.0	20.325287540274225	19.8538563224855	20.0	20.33333699225342	19.85023990203107	20.0	20.171461792401093	19.922966441095166	20.0	20.722595211582046	19.675355774506617	20.0	20.28776248111018	19.87071540703746
2018-01-15 01:10:00	20.0	20.238462817103102	19.89286453144644	20.0	20.338578820356243	19.847884877810966	20.0	20.32493561901075	19.854014432038657	20.0	20.332992570187866	19.850394642379364	20.0	20.171087550609137	19.92313457871184	20.0	20.7223325237052	19.675473793697666	20.0	20.287649688873472	19.870766081810466
2018-01-15 01:20:00	20.0	20.23824112285412	19.89296413321047	20.0	20.338351852773933	19.84798684875374	20.0	20.324704631163296	19.8541182091875	20.0	20.332766274327323	19.8504963115341	20.0	20.17084259702183	19.923244630323527	20.0	20.722158749548147	19.67555186614504	20.0	20.287587139498577	19.870794183703538
2018-01-15 01:30:00	20.0	20.238095236911242	19.893029676170315	20.0	20.338202756616138	19.848053833984057	20.0	20.32455301944986	19.854186324594995	20.0	20.332617591006585	19.850563111286895	20.0	20.170682266825274	19.923316662730677	20.0	20.722043793890407	19.67560351288982	20.0	20.28755245249868	19.87080976771798
2018-01-15 01:40:00	20.0	20.237999236638686	19.89307280672755	20.0	20.33810481459271	19.84809783692212	20.0	20.32445350723791	19.854231032980074	20.0	20.332519901504742	19.85060700077323	20.0	20.17057732542755	19.92336381031516	20.0	20.721967748041752	19.675637678416024	20.0	20.28753321668747	19.870818409894035
2018-01-15 01:50:00	20.0	20.23793606364098	19.893101188798976	20.0	20.338040475979977	19.84812674267566	20.0	20.324388191174275	19.854260377878227	20.0	20.332455716505862	19.85063583751186	20.0	20.17050863782378	19.923394669963226	20.0	20.721917441939315	19.67566027970842	20.0	20.287522549393366	19.870823202446456
2018-01-15 02:00:00	20.0	20.237833291115177	19.893147361962743	20.0	20.337937870913873	19.848172840603908	20.0	20.324281607210054	19.85430826342736	20.0	20.332352908371654	19.850682026673603	20.0	20.17041748347093	19.92343562336813	20.0	20.721877607514987	19.675678176333843	20.0	20.287494760306036	19.870835687398735
2018-01-15 02:10:00	20.0	20.23785822024366	19.89313616191951	20.0	20.337969806556803	19.84815849270636	20.0	20.32431458359605	19.8542934479496	20.0	20.33238533746703	19.85066745708003	20.0	20.170430378241075	19.923429830065604	20.0	20.72192527822345	19.675656759059027	20.0	20.287550281285018	19.870810743190788
2018-01-15 02:20:00	20.0	20.23787450214571	19.89312884686207	20.0	20.337990643650954	19.848149131113335	20.0	20.32433607590281	19.85428379198569	20.0	20.332406500983236	19.85065794883362	20.0	20.170438742457947	19.923426072229034	20.0	20.721956735388066	19.675642626129996	20.0	20.28758098510159	19.87079694872247
2018-01-15 02:30:00	20.0	20.237885216617617	19.893124033113825	20.0	20.3380043318464	19.848142981344367	20.0	20.324350182868137	19.854277454073728	20.0	20.332420406268938	19.850651701531348	20.0	20.17044421719293	19.923423612565493	20.0	20.721977545119643	19.6756332768303	20.0	20.2875980121272	19.870789298899368
2018-01-15 02:40:00	20.0	20.2378922672779	19.893120865425868	20.0	20.338013323691644	19.848138941529836	20.0	20.324359442148314	19.854273294107276	20.0	20.332429542468347	19.850647596862046	20.0	20.17044780058755	19.923422002634577	20.0	20.721991311243038	19.675627092050227	20.0	20.28760745453112	19.870785056659926
2018-01-15 02:50:00	20.0	20.237896906966448	19.893118780928113	20.0	20.338019230480732	19.848136287755036	20.0	20.324365519590973	19.85427056366202	20.0	20.3324355452318	19.85064489996832	20.0	20.1704501460373	19.92342094888179	20.0	20.722000417855234	19.675623000673735	20.0	20.28761269085343	19.87078270410933
2018-01-15 03:00:00	20.0	20.237757403856214	19.89318145623851	20.0	20.337882559540628	19.848197690641168	20.0	20.32422110247763	19.85433544671295	20.0	20.332298248813625	19.85070658386634	20.0	20.170344077074972	19.92346860305327	20.0	20.72199117180902	19.675627154694496	20.0	20.28756464490024	19.87080428997236
2018-01-15 03:10:00	20.0	20.237881199901853	19.89312583772525	20.0	20.338024165628294	19.848134070514824	20.0	20.324366076104212	19.854270313634338	20.0	20.33244091696965	19.850642486578856	20.0	20.170443660974357	19.923423862460794	20.0	20.722157474367542	19.67555243905226	20.0	20.287703221107737	19.870742031096526
2018-01-15 03:20:00	20.0	20.237962378058448	19.893089366379535	20.0	20.33811685756264	19.84809242631244	20.0	20.324460876909093	19.85422772196838	20.0	20.3325343203026	19.8506005227626	20.0	20.17050866526854	19.923394657632972	20.0	20.72226730542299	19.67550309466503	20.0	20.28777986978801	19.870707594732924
2018-01-15 03:30:00	20.0	20.238015797745977	19.893065366230065	20.0	20.338177747844604	19.848065069808946	20.0	20.32452310111641	19.854199766165088	20.0	20.332595689645483	19.85057295102884	20.0	20.170551212910762	19.923375542025596	20.0	20.722339961432503	19.675470452110034	20.0	20.287822375862078	19.870688497801098
2018-01-15 03:40:00	20.0	20.238050950585713	19.893049572925257	20.0	20.33821774698552	19.84804709918042	20.0	20.324563942745474	19.85418141702739	20.0	20.332636011191475	19.85055483555166	20.0	20.17057906174784	19.92336303022923	20.0	20.72238802508551	19.67544885829491	20.0	20.287845947775924	19.870677907520964
2018-01-15 03:50:00	20.0	20.2380740829217	19.893039180136626	20.0	20.338244022628405	19.848035294181443	20.0	20.32459074965497	19.854169373343417	20.0	20.332662503687803	19.850542933125766	20.0	20.170597289731543	19.92335484084525	20.0	20.722419820318514	19.67543457348009	20.0	20.287859019675455	19.87067203463856
2018-01-15 04:00:00	20.0	20.21935337699709	19.90144993207377	20.0	20.319233098009665	19.856576434227545	20.0	20.305232313880822	19.86286664158977	20.0	20.3136982677453	19.859063097099934	20.0	20.155103014072584	19.930316037155794	20.0	20.70970938835785	19.681145057404443	20.0	20.270581217964132	19.878434525262485
2018-01-15 04:10:00	20.0	20.222125899493133	19.900204306024825	20.0	20.320607058578087	19.855959147595353	20.0	20.306922039258804	19.862107489608363	20.0	20.315130362142003	19.85841969237098	20.0	20.157809449886123	19.929100102225078	20.0	20.703183206871575	19.68407710995625	20.0	20.272517732745634	19.877564496882393
2018-01-15 04:20:00	20.0	20.223930341986605	19.899393614469783	20.0	20.321489853401268	19.855562529631317	20.0	20.30800982386167	19.861618774786777	20.0	20.31605135897079	19.858005911187036	20.0	20.1595674681452	19.928310267934766	20.0	20.698863995461615	19.686017625227393	20.0	20.273577736040483	19.87708826351804
2018-01-15 04:30:00	20.0	20.225117782885242	19.89886012652982	20.0	20.322069794340063	19.855301976455912	20.0	20.30872383657658	19.861297986465594	20.0	20.316656511101442	19.857734031244277	20.0	20.16071816357756	19.927793288827477	20.0	20.696006736505346	19.687301321280202	20.0	20.27416558226355	19.876824158693186
2018-01-15 04:40:00	20.0	20.225899178968444	19.898509064521424	20.0	20.32245076067662	19.855130817667025	20.0	20.30919248784095	19.861087432998993	20.0	20.317054114809853	19.85755539769412	20.0	20.161471331971068	19.927454908824593	20.0	20.6941165917607	19.68815051674519	20.0	20.274491574929772	19.876677698219954
2018-01-15 04:50:00	20.0	20.22641337707889	19.898278047979044	20.0	20.32270101954821	19.85501838252182	20.0	20.30950009304853	19.860949233557903	20.0	20.317315352798246	19.857438029902237	20.0	20.161964305719536	19.927233427865133	20.0	20.692866216066292	19.68871227973833	20.0	20.274672355584514	19.8765964779258
2018-01-15 05:00:00	20.0	20.24548767127236	19.889708437544297	20.0	20.34189359815582	19.846395629814054	20.0	20.329078021337317	19.852153352732504	20.0	20.33646863358405	19.8488329327376	20.0	20.177793178607704	19.9201219052632	20.0	20.704770527436427	19.683363965934355	20.0	20.292057658135988	19.868785689822964
2018-01-15 05:10:00	20.0	20.24294783500003	19.89084952340578	20.0	20.340638975835336	19.846959300711664	20.0	20.32753237172581	19.852847775021733	20.0	20.33516075625014	19.849420529800664	20.0	20.175305752198035	19.921239444664646	20.0	20.710763448317245	19.68067149423428	20.0	20.29018076267492	19.869628932711272
2018-01-15 05:20:00	20.0	20.241296505570254	19.89159142503365	20.0	20.339834568529223	19.847320701095565	20.0	20.326539146224164	19.853294006768852	20.0	20.334321367420642	19.84979764652116	20.0	20.17369107877653	19.92196487765112	20.0	20.714729892420763	19.678889468622554	20.0	20.289153817400962	19.87009031392131
2018-01-15 05:30:00	20.0	20.240209821247046	19.892079645526685	20.0	20.3393061210348	19.84755811953509	20.0	20.32588719889573	19.85358691064104	20.0	20.333769834548555	19.8500454366521	20.0	20.172634207652376	19.922439703808347	20.0	20.717353786065146	19.677710617854785	20.0	20.288584304011128	19.870346182255872
2018-01-15 05:40:00	20.0	20.239494728361024	19.892400919142148	20.0	20.33895898117871	19.84771408091971	20.0	20.32545928523203	19.853779161707347	20.0	20.333407460521606	19.85020824237435	20.0	20.171942450607627	19.922750493205264	20.0	20.719089553212687	19.676930780440674	20.0	20.28826847809258	19.870488075059857
2018-01-15 05:50:00	20.0	20.23902416128839	19.892612333334206	20.0	20.33873094320915	19.847816532761108	20.0	20.325178418794426	19.853905348077863	20.0	20.333169369635616	19.85031521074342	20.0	20.17148967277307	19.922953915130943	20.0	20.72023780386416	19.676414899713205	20.0	20.28809333556042	19.87056676228445
2018-01-15 06:00:00	20.0	20.21174121099521	19.904869890712305	20.0	20.311193262085425	19.86018853442539	20.0	20.297097821018443	19.866521268817802	20.0	20.30569054044937	19.862660771682172	20.0	20.148884828807144	19.933109714593893	20.0	20.70278734507397	19.684254960908795	20.0	20.263229054311722	19.881737671251255
2018-01-15 06:10:00	20.0	20.221804037928568	19.900348910495865	20.0	20.31935220826303	19.856522920925308	20.0	20.306163447328313	19.862448306272782	20.0	20.313889007070436	19.858977402620532	20.0	20.160782159977593	19.927764536821666	20.0	20.693592514545923	19.688385971725744	20.0	20.266996211307845	19.880045180426908
2018-01-15 06:20:00	20.0	20.222398136651368	19.90008199657693	20.0	20.31870601418018	19.85681324000601	20.0	20.30600887670548	19.862517751045363	20.0	20.31327695834716	19.859252381032437	20.0	20.16211407881999	19.927166138501168	20.0	20.68322243532423	19.693044992825346	20.0	20.260648680448234	19.882896969653693
2018-01-15 06:30:00	20.0	20.216806498544393	19.9025941818134	20.0	20.312321678998497	19.859681564507927	20.0	20.29985221293208	19.86528378839283	20.0	20.306922413951504	19.86210732126817	20.0	20.15656525223605	19.929659089575114	20.0	20.672081909772597	19.698050156478978	20.0	20.24872337724836	19.888254714569577
2018-01-15 06:40:00	20.0	20.207144275141612	19.906935180733484	20.0	20.302167863148167	19.864243423803	20.0	20.28975592203451	19.869819803143915	20.0	20.29679480641136	19.86665740581519	20.0	20.14651270808445	19.934175449991045	20.0	20.660431708043117	19.70328430508208	20.0	20.233704858001314	19.89500216524579
2018-01-15 06:50:00	20.0	20.19480339282214	19.9124796351089	20.0	20.2895378477844	19.86991777853165	20.0	20.27707380961195	19.875517563797526	20.0	20.284188173829843	19.87232125523587	20.0	20.13351233865162	19.94001619567826	20.0	20.64844434323257	19.70866993275058	20.0	20.216970978540772	19.902520285003423
2018-01-15 07:00:00	20.0	20.18069982832683	19.918816019157518	20.0	20.27528121268151	19.87632293343295	20.0	20.262694454887658	19.881977853601192	20.0	20.26995275092226	19.878716880020438	20.0	20.118582506757864	19.94672380131169	20.0	20.63623393705982	19.714155767407906	20.0	20.199285843905244	19.910465780274457
2018-01-15 07:10:00	20.0	20.157704951526146	19.929147050763618	20.0	20.252268178261836	19.886662122809902	20.0	20.238917058671642	19.89266045190114	20.0	20.24701027011758	19.889024371396452	20.0	20.092204386712886	19.958574840752185	20.0	20.62461956862246	19.719373816995706	20.0	20.179989793733643	19.91913502020662
2018-01-15 07:20:00	20.0	20.1441406396009	19.93524116191844	20.0	20.238713806645453	19.892751768028855	20.0	20.224900005044177	19.89895796874827	20.0	20.23349748947871	19.895095330813916	20.0	20.076618643098886	19.96557713136137	20.0	20.618048308990492	19.72232612204775	20.0	20.17147693895886	19.922959636119934
2018-01-15 07:30:00	20.0	20.136761842472776	19.938556273671658	20.0	20.23135118786435	19.896059611249353	20.0	20.217265717959222	19.902387865844407	20.0	20.226158571331677	19.89839252592345	20.0	20.068077746682643	19.96941434569331	20.0	20.614808277364503	19.72378178843044	20.0	20.16892986016376	19.924103975868455
2018-01-15 07:40:00	20.0	20.133453455345833	19.940042650496807	20.0	20.228055998234623	19.897540058764157	20.0	20.213820876371432	19.90393554829689	20.0	20.22287610570385	19.899867256857693	20.0	20.064147957396774	19.971179903198557	20.0	20.613771938314123	19.724247390032783	20.0	20.169691147424395	19.923761948258605
2018-01-15 07:50:00	20.0	20.13282360474263	19.940325626854758	20.0	20.227432726186738	19.897820079539287	20.0	20.213125832290135	19.904247814478335	20.0	20.22225885625183	19.900144571828893	20.0	20.063236291347163	19.971589492293305	20.0	20.614193394861978	19.724058039989544	20.0	20.17228710437869	19.9225956487574
2018-01-15 08:00:00	20.0	20.133915220478624	19.939835190799457	20.0	20.22852408442841	19.89732975916984	20.0	20.21419281807626	19.903768444052687	20.0	20.223351971705398	19.899653461987434	20.005834404956946	20.07846401401887	19.973203711030575	20.0	20.615574810850536	19.723437403820775	20.0	20.175885779961384	19.92097885248112
2018-01-15 08:10:00	20.0	20.139420296865623	19.93736189561109	20.0	20.23400853752757	19.894865729516596	20.0	20.219932771586848	19.901189624359528	20.0	20.228815276125818	19.897198933914492	20.0	20.06797316666773	19.969461330917397	20.0	20.61733985198668	19.722644414324826	20.0	20.18054813823192	19.918884169779858
2018-01-15 08:20:00	20.0	20.14148727692711	19.936433252395062	20.0	20.236060950513714	19.893943630928618	20.0	20.222124471283784	19.900204947684095	20.0	20.230856385451343	19.896281913782737	20.0	20.071595965666933	19.96783369658442	20.0	20.617398381297974	19.722618118547288	20.0	20.180954046203446	19.918701805328887
2018-01-15 08:30:00	20.0	20.14130023082937	19.9365172875984	20.0	20.235867849211314	19.894030386586216	20.0	20.22199701533764	19.900262210500472	20.0	20.23065803800798	19.896371026402218	20.0	20.072306872008188	19.967514303880378	20.0	20.616330082318523	19.723098078958344	20.0	20.17900537034413	19.919577297381622
2018-01-15 08:40:00	20.0	20.139629909384	19.937267721870953	20.0	20.23419964337453	19.89477987036796	20.0	20.220347336021376	19.901003370773	20.0	20.228988284393008	19.897121205562566	20.0	20.071111671186557	19.968051278162562	20.0	20.614516357130277	19.72391294099944	20.0	20.175750941605678	19.92103943203223
2018-01-15 08:50:00	20.0	20.136983517209128	19.938456680674165	20.0	20.231562432700553	19.89596470414903	20.0	20.217698526368	19.902193415689737	20.0	20.226351770631496	19.89830572623802	20.0	20.068668860080173	19.96914877300746	20.0	20.61220951457493	19.724949348524312	20.0	20.171772401518577	19.922826892071363
2018-01-15 09:00:00	20.0	20.135872237101232	19.938955951447277	20.0	20.229376944939318	19.8969465899548	20.0	20.215554693073372	19.90315658716994	20.0	20.22416629190631	19.89928760798412	20.0	20.066525973876196	19.97011151898316	20.0	20.609627132604125	19.726109549119883	20.0	20.167829417867814	19.924598377479676
2018-01-15 09:10:00	20.0	20.128712051885653	19.942172846254277	20.0	20.223028644087925	19.899798725119915	20.0	20.20900400995926	19.906099647699463	20.0	20.217830745374695	19.9021340129476	20.0	20.059616292697772	19.9732158684981	20.0	20.606392478685965	19.72756279943094	20.0	20.161828941913793	19.927294243488003
2018-01-15 09:20:00	20.0	20.12400881620545	19.94428589416857	20.0	20.218865416237385	19.901669160820887	20.0	20.204711992501352	19.908027945397947	20.0	20.2136751252729	19.904001030674493	20.0	20.055099435358134	19.97524518121591	20.0	20.6042542893706	19.728523435210313	20.0	20.158505953868666	19.928787180145964
2018-01-15 09:30:00	20.0	20.1209138372299	19.94567639196918	20.0	20.216130558166125	19.902897865171745	20.0	20.201894860129322	19.90929361356509	20.0	20.210944742754368	19.905227724269775	20.0	20.05214299536185	19.976573436866413	20.0	20.602839824045912	19.729158919631544	20.0	20.156663169946825	19.929615097560124
2018-01-15 09:40:00	20.0	20.11887718407977	19.94659141005112	20.0	20.21433401434389	19.903705008048398	20.0	20.20004579891134	19.910124351213746	20.0	20.209150796027366	19.90603370033553	20.0	20.05020790665834	19.977442824544806	20.0	20.601904121239613	19.729579307848873	20.0	20.15564124561971	19.930074222982448
2018-01-15 09:50:00	20.0	20.117536962993846	19.947193538365088	20.0	20.213153854479632	19.90423522479901	20.0	20.198832143687856	19.91066961660401	20.0	20.207972116899885	19.90656325182759	20.0	20.04894132647804	19.97801186781421	20.0	20.60128513134414	19.729857404758427	20.0	20.15507453276481	19.930328833105662
2018-01-15 10:00:00	20.0	20.113264978283013	19.949112835843867	20.0	20.19940361482401	19.91041286870226	20.0	20.185252533836795	19.916770600739987	20.0	20.19425619748837	19.91272547649073	20.0	20.039514886461347	19.982246935068083	20.0	20.586704085972052	19.736408309200964	20.0	20.13854784677325	19.937753865942454
2018-01-15 10:10:00	20.0	20.100445059372717	19.954872509557187	20.0	20.191773356659663	19.913840955703634	20.0	20.17766823434723	19.9201780396411	20.0	20.186691271534308	19.91612421133966	20.0	20.03369770603143	19.98486045091341	20.0	20.574933614990552	19.74169649181584	20.0	20.13106052662344	19.941117734415556
2018-01-15 10:20:00	20.0	20.09202218290881	19.958656700432282	20.0	20.186758992608716	19.91609378592942	20.0	20.1726882119883	19.92241544099076	20.0	20.181718798067177	19.918358221158226	20.0	20.029889796512386	19.98657125084226	20.0	20.56714940533218	19.74519374543047	20.0	20.12690636942794	19.942984094894697
2018-01-15 10:30:00	20.0	20.086479482502615	19.961146899165495	20.0	20.18346502927148	19.91757368250122	20.0	20.169419510939214	19.923883987838906	20.0	20.17845172850787	19.9198260350182	20.0	20.027397391922754	19.98769102681731	20.0	20.561999957756083	19.747507265355964	20.0	20.124602662979434	19.94401909344402
2018-01-15 10:40:00	20.0	20.08283210265689	19.962785577067198	20.0	20.181301204750042	19.918545835547086	20.0	20.167274055494907	19.924847888110982	20.0	20.1763051603378	19.920790435210552	20.0	20.025766029210224	19.988423957891058	20.0	20.558593472156005	19.74903771540817	20.0	20.123325130907716	19.944593057128415
2018-01-15 10:50:00	20.0	20.080431940488282	19.963863910795112	20.0	20.179879775283037	19.919184448785877	20.0	20.16586585725838	19.92548055688391	20.0	20.17489479706995	19.921424076678715	20.0	20.024698247393967	19.988903685953428	20.0	20.55633999855941	19.75005014557476	20.0	20.122616669031597	19.94491135159449
2018-01-15 11:00:00	20.0	20.102251540408595	19.95406090213526	20.0	20.18756710087407	19.9157307227957	20.0	20.1744066065433	19.921643408654454	20.0	20.182571851017627	19.917974965484834	20.0	20.034156822839165	19.984654181043272	20.0	20.55182687792511	19.752077779482924	20.0	20.122956467075372	19.944758688705264
2018-01-15 11:10:00	20.0	20.07584964130447	19.965922624921177	20.0	20.171855064373087	19.922789753687454	20.0	20.15818777414192	19.928930130457978	20.0	20.166888208771056	19.92502123953764	20.004968826485065	20.031102260572585	19.993227718416758	20.0	20.54258590392425	19.756229521425333	20.0	20.10782232537487	19.951558085701137
2018-01-15 11:20:00	20.0	20.060079238794412	19.973007878222795	20.0	20.163106916388436	19.926720081042873	20.0	20.149142963892196	19.932993740860027	20.0	20.15815496689795	19.9289448699444	20.023057824703155	20.06444340443068	20.00446430337629	20.0	20.537587571352837	19.758475149102352	20.0	20.10162452001488	19.95434260694983
2018-01-15 11:30:00	20.007852864085276	20.06968678738626	19.980072405790636	20.0	20.15890151314673	19.92860946510799	20.0	20.14477225063685	19.934957394641415	20.0	20.153956334872007	19.9308312118691	20.04358295922837	20.100169198325542	20.01816015615572	20.0	20.535388062191515	19.759463334377728	20.0	20.100361248934565	19.954910163522143
2018-01-15 11:40:00	20.024212574083812	20.10025590962932	19.990048176954673	20.0	20.15768031304776	19.92915812022492	20.0	20.14346949437317	19.935542690933787	20.0	20.1527371321294	19.931378969623022	20.066526041574548	20.13826175759549	20.03429695176803	20.0	20.53504005182326	19.759619686862017	20.0	20.101834475457114	19.954248279142448
2018-01-15 11:50:00	20.04293275467324	20.13313918732519	20.002405226960043	20.0	20.158419454655373	19.928826042111346	20.0	20.14418043367518	19.935223283421287	20.0	20.15347550906321	19.931047235058564	20.091868861981922	20.178703257520304	20.052856307464673	20.0	20.535916853462616	19.759225761487812	20.0	20.10482524095341	19.952904601890488
2018-01-15 12:00:00	20.053371672313766	20.166876041790566	20.002376955592304	20.0	20.17197105708905	19.92273764101796	20.0	20.158510374053726	19.928785194265707	20.0	20.167000140268748	19.92497095147347	20.11481293938615	20.22178555689929	20.066752777894735	20.0	20.53811278263022	19.75823918461542	20.005253631494007	20.124056090780755	19.951878613553582
2018-01-15 12:10:00	20.077775113888006	20.19308226048259	20.025970453823767	20.0	20.165021384907547	19.925859957505295	20.0	20.151316836571738	19.932017073424284	20.0	20.160033673374542	19.92810081341144	20.140452419223678	20.24955147402327	20.091436901849946	20.0	20.534773783095172	19.759739314841305	20.017522582652578	20.138789873117204	19.963040176791658
2018-01-15 12:20:00	20.10252232323568	20.219647024519965	20.049901080629702	20.0	20.160478725458056	19.92790086247536	20.0	20.146619828424953	19.934127323461247	20.0	20.15547924881108	19.930147004157348	20.166524931695786	20.27774540603263	20.116556312790827	20.0	20.53257001619634	19.760729413013244	20.03071858767704	20.154437220291996	19.97513485418336
2018-01-15 12:30:00	20.12763515338142	20.24657303879158	20.074199291820342	20.0	20.15749459206811	19.92924156008533	20.0	20.14353684769401	19.935512430746165	20.0	20.15248681441228	19.931491431206084	20.193036177965258	20.306368753237578	20.14211864414726	20.0	20.53111216480879	19.761384389723595	20.044838768067507	20.17098883660332	19.98816265031953
2018-01-15 12:40:00	20.15311125481468	20.2738581814507	20.0988626356014	20.0	20.15553429642413	19.930122272621034	20.0	20.141513291944076	19.936421564488896	20.0	20.150520689941665	19.932374762489985	20.219982856646695	20.33541831576556	20.168120548926616	20.0	20.53014776024467	19.76181767293356	20.05986801258972	20.188430008038885	20.002108275503865
2018-01-15 12:50:00	20.178948859947077	20.301501543218336	20.123888958767253	20.0	20.15424656608505	19.930700818135705	20.0	20.140185103953556	19.93701828662956	20.0	20.14922888366925	19.932955139221058	20.247361707203435	20.364890929256823	20.194558723382343	20.0	20.529509782892298	19.76210430043969	20.075791430545745	20.20674615204858	20.016956700595202
2018-01-15 13:00:00	20.234559474311297	20.382450442331915	20.168115706070154	20.012946854338068	20.16180449924007	19.94606878199079	20.024345928388286	20.17484400342694	19.95673085119701	20.016621439498223	20.165429362573512	19.949765705942653	20.302881448627403	20.44546050756678	20.23882419026333	20.0	20.511128235686762	19.770362676720442	20.13655104664438	20.293293187079172	20.066130664709902
2018-01-15 13:10:00	20.261207718099033	20.39405358635733	20.20152334250473	20.008045658382745	20.142235328146683	19.9477575458801	20.022987636241304	20.158547846670487	19.962083773584723	20.012891627536398	20.14702615872413	19.952628287437562	20.327206857156725	20.45363974474816	20.27040367577507	20.0	20.49892654138403	19.775844597349202	20.15803946360623	20.298334155197267	20.095008515210253
2018-01-15 13:20:00	20.285127969362623	20.402966716901503	20.2321859233669	20.00062674838523	20.12019152812357	19.946909238647713	20.019079731967047	20.13974632575718	19.96486720432221	20.006633106527474	20.126137291822012	19.95294282038065	20.348785170491723	20.459126149591455	20.29921168712808	20.0	20.489746670186538	19.7799688873075	20.174558296842335	20.298503564161138	20.118872741959976
2018-01-15 13:30:00	20.306339924771777	20.409225063368268	20.260116166851617	20.0	20.11750659685687	19.947207181122273	20.01263238087915	20.118456222420214	19.96508833612883	20.0	20.107804135507298	19.95156625796048	20.3676284597688	20.461935441284773	20.325258656479022	20.0	20.482566938000335	19.78319456408681	20.186172318378706	20.293873613836055	20.137784779839897
2018-01-15 13:40:00	20.324867363140502	20.4128525375871	20.285337792012328	20.0	20.115453668676295	19.948129511174415	20.003670790965874	20.094702241086388	19.962772603230576	20.0	20.10744788462106	19.95172631270647	20.38375733203783	20.462087784231635	20.34856538974786	20.0	20.476710346701374	19.7858257862646	20.19296181823051	20.284522761864146	20.151825742105252
2018-01-15 13:50:00	20.340733184279813	20.413871083275147	20.30787412820945	20.0	20.112563840565585	19.949427839745894	20.0	20.08693184946123	19.96094366183626	20.0	20.105675577595836	19.95252256658737	20.39719221106635	20.459603140591973	20.369152518091063	20.0	20.471729046258766	19.788063761825764	20.1950057626532	20.270528240817455	20.161075373912738
2018-01-15 14:00:00	20.35492566389538	20.41243347055108	20.329088823223984	20.0	20.108076439493303	19.951443918488515	20.0	20.08655411180309	19.96111337005948	20.0	20.101926222560127	19.9542070594295	20.40838798938113	20.454473287276876	20.387683000471434	20.0	20.467280510448216	19.790062379363835	20.192268503198516	20.25131170271937	20.16574184834132
2018-01-15 14:10:00	20.374632687712385	20.429454363838865	20.350002659307748	20.0	20.10373239119357	19.953395592362305	20.0	20.08484462986958	19.961881398174526	20.0	20.098077870694265	19.955936029108372	20.426311108826063	20.469343038371946	20.406977923088057	20.0	20.46390581896044	19.791578545104723	20.196563351144917	20.252778166794776	20.171307419476136
2018-01-15 14:20:00	20.393590926431287	20.44573541621594	20.37016369189037	20.0	20.10088075088011	19.954676764097343	20.0	20.083724751837252	19.962384531783265	20.0	20.09555136943018	19.95707112387919	20.44346284680586	20.483458419310693	20.42549382147761	20.0	20.461673832549582	19.792581321608157	20.199645410950367	20.253059388063996	20.175647827029742
2018-01-15 14:30:00	20.411811505718607	20.461295042553452	20.38957977177833	20.0	20.09900748675903	19.955518375514053	20.0	20.0829897012026	19.96271477192346	20.0	20.093891373946448	19.957816918951586	20.459850341004703	20.49682574922238	20.443238201080824	20.0	20.460197317122685	19.793244683611537	20.201536796401435	20.252175546756384	20.178786053488338
2018-01-15 14:40:00	20.4293014904791	20.476140577795725	20.40825784255425	20.0	20.097776927242943	19.9560712355865	20.0	20.082507240560155	19.962931529603402	20.0	20.09280070350401	19.95830693030978	20.475479345441244	20.509450655541734	20.46021687278739	20.0	20.45922056516703	19.793683514200314	20.20225697802121	20.250145653783598	20.18074177586709
2018-01-15 14:50:00	20.446067692547413	20.490278703996054	20.426204774360357	20.0	20.096968564604683	19.956434413003695	20.0	20.082190570846794	19.963073801503615	20.0	20.09208409792886	19.958628883539216	20.4903555616399	20.521338700135487	20.476435600866516	20.0	20.458574419270903	19.793973811631904	20.201825141322352	20.246988491323016	20.181534360887273
2018-01-15 15:00:00	20.504185256704723	20.55838237992362	20.47983582453392	20.00000187877945	20.06062817894213	19.972763975807812	20.011676059702875	20.07274474011307	19.98423940618525	20.003557811055877	20.06422342706546	19.97630224444288	20.537914016222803	20.582802413042693	20.517746765477632	20.0	20.43956201694608	19.802515615574944	20.24272209837018	20.30146217491948	20.21633162919586
2018-01-15 15:10:00	20.521512241620858	20.57538344541303	20.497309237018584	20.0	20.07075964371558	19.968209435432133	20.007591233020595	20.068757458691934	19.98011075482042	20.0	20.064531135695965	19.97100775062935	20.556200659339712	20.60071127602643	20.53620313590075	20.0	20.434157850939155	19.804943574215738	20.249510793057688	20.30812185358517	20.223178287603307
2018-01-15 15:20:00	20.53873794831854	20.592275075294495	20.514685036198927	20.0	20.077370234707214	19.965239459769226	20.00357898716615	20.06482558830968	19.976062398246587	20.0	20.071778599699016	19.967751643613493	20.574369257314757	20.618495303594727	20.55454451188462	20.0	20.430575269371083	19.806553139847768	20.256218590534942	20.31468566891039	20.229950772714087
2018-01-15 15:30:00	20.5558177997223	20.609025072518094	20.53191308295898	20.0	20.081712848198887	19.963288430519345	20.0	20.06186452997925	19.972205790878885	20.0	20.076541132188552	19.9656119551037	20.592401013106283	20.636145384512133	20.57274774479351	20.0	20.428205307989497	19.807617905106166	20.262816495116017	20.32114191038466	20.236612323038802
2018-01-15 15:40:00	20.572752601378625	20.625633051521874	20.548994717980932	20.0	20.084565541464627	19.962006785718795	20.0	20.067141492905435	19.96983498144827	20.0	20.079670270468707	19.964206110369144	20.61029696998162	20.653662521980607	20.590813895895117	20.0	20.426637517865167	19.808322274582313	20.269306362107326	20.327492413903396	20.24316480260475
2018-01-15 15:50:00	20.58954305224158	20.642098888555164	20.565931009839826	20.0	20.086439495747996	19.961164864229158	20.0	20.07060563232045	19.96827862895747	20.0	20.081726216461124	19.96328242448848	20.62805816097647	20.671047748910613	20.608743998281426	20.0	20.425600384568696	19.80878823301986	20.27568995184116	20.33373890201002	20.249609988721804
2018-01-15 16:00:00	20.6182606075988	20.66006089058381	20.599480770315683	20.0	20.07457425836178	19.966495623054858	20.0	20.058905180057494	19.973535353887208	20.0	20.07000878786705	19.968546776465534	20.65111788861407	20.68795031153792	20.634569988459887	20.0	20.424336016796904	19.80935628230864	20.280552418986716	20.331703797354372	20.257571364937473
2018-01-15 16:10:00	20.633909275650115	20.689958314016973	20.60872782363023	20.0	20.086760285446122	19.961020741321303	20.0	20.072099840160522	19.967607318188747	20.0	20.082287707163086	19.963030160549916	20.67409474853775	20.72608085879708	20.650738670015443	20.0	20.430181815766943	19.80672990885833	20.28802199200231	20.35501484187547	20.25792375510277
2018-01-15 16:20:00	20.65196043360532	20.722198537440015	20.620404184056408	20.0	20.096280383995868	19.956743595596063	20.00185276678609	20.086685046325734	19.963739713659585	20.0	20.091868282798906	19.958725843959915	20.699481577449266	20.76656543696045	20.66934245216163	20.0	20.43515008203213	19.804497789231945	20.300016963972322	20.38274682033251	20.262848477781507
2018-01-15 16:30:00	20.672361599723846	20.756742884494557	20.634451167435554	20.0	20.104075593917603	19.953241399834116	20.00730681969271	20.107001736921053	19.962516349633603	20.0	20.09970250103304	19.955206122724288	20.727249743612152	20.809380962586317	20.69035021044985	20.0	20.439543741475834	19.802523826293466	20.3164499123695	20.414821492372	20.27225398512199
2018-01-15 16:40:00	20.695092810675924	20.79357189802221	20.650848583027592	20.001963997101342	20.11534565206616	19.951024412986715	20.015284857119706	20.129791875843573	19.963839674794492	20.005175043553383	20.11852137446198	19.954251329666914	20.75738131342846	20.854509854214754	20.713743853075194	20.0	20.44355727755458	19.800720643417506	20.337248196425726	20.451167767507616	20.286066939852706
2018-01-15 16:50:00	20.720134289968264	20.83266636046271	20.66957640322439	20.009099034450298	20.137111013657137	19.95158640611099	20.025761933952086	20.155030964747674	19.96768454330479	20.01336345018652	20.14130198891995	19.955883816842523	20.789858497803298	20.90193471503563	20.73950541469892	20.0	20.44731935230431	19.799030435921253	20.362340349409045	20.491715716983528	20.304215184266887
2018-01-15 17:00:00	20.759537625410786	20.87564633606239	20.707372842364414	20.023707126129544	20.159887255247373	19.962524749279503	20.044169293424527	20.18164021568763	19.98240699501646	20.028992511180988	20.165050746620068	19.967864898157632	20.830095923228445	20.951286514332608	20.775647976500494	20.0	20.450336801398766	19.797674770386056	20.390239511734208	20.528217311809023	20.32824948561364
2018-01-15 17:10:00	20.766389687238625	20.884695795163225	20.713237667736273	20.01788741000522	20.15671965591342	19.955513502423273	20.041573034246518	20.181667783637735	19.97863191495481	20.02418593688365	20.16287323983073	19.961877148603083	20.850150885281618	20.973597473779368	20.794689374507264	20.0	20.459816566811593	19.79341574534551	20.397199933963424	20.537774647674617	20.334043178527963
2018-01-15 17:20:00	20.77380941076012	20.894298011252538	20.7196768511186	20.01278430057062	20.154243025099298	19.949230380854836	20.03966042858294	20.182353321533647	19.975552027402195	20.020085306889637	20.161376104880304	19.956606832430065	20.870705141660846	20.99638995942277	20.81423804962288	20.0	20.46607975828267	19.790601847728073	20.405207584737443	20.5483450646191	20.3408994416022
2018-01-15 17:30:00	20.78175088176332	20.904416404922095	20.726640284402137	20.00836741334205	20.15243902368482	19.943639588405446	20.038400447771224	20.183678443023304	19.97313062381739	20.016660267217826	20.160541219705372	19.95201810015821	20.89173967402292	21.019652535362383	20.834271576899397	20.0	20.470223028127375	19.78874037866741	20.41422432788965	20.55990285838628	20.348774553318698
2018-01-15 17:40:00	20.790210510604425	20.915046981400934	20.73412455995672	20.004629810644232	20.15130087920217	19.938734113176174	20.037786674455308	20.185636857004848	19.97136123012146	20.013904037466624	20.160361953385625	19.948104104227653	20.913250905332266	21.043381736124147	20.854786329179394	20.0	20.472963907172637	19.787508969241273	20.42423370424403	20.572431970849696	20.35765187431975
2018-01-15 17:50:00	20.799184893049468	20.926186392808592	20.742126248230157	20.001564582980578	20.150821839025	19.934506975192505	20.03781266820936	20.188222195522222	19.970237373329663	20.01180985022009	20.16083166731875	19.94485801934968	20.93523523472675	21.06757401534375	20.875778681116216	20.0	20.474777068816856	19.78669436038663	20.43521944028743	20.58591645480322	20.367514984490473
2018-01-15 18:00:00	20.8134990675342	20.938486842252644	20.757345139762144	20.001150726869206	20.150415926896066	19.93408955004554	20.040654516135383	20.19100649747861	19.973105075242046	20.012348182778286	20.161351681255653	19.945404582013097	20.9598620100809	21.09208517813488	20.900457398346504	20.0	20.475745210634475	19.786259398120745	20.446598927621707	20.597068985548958	20.378996437828306
2018-01-15 18:10:00	20.798719256661606	20.891977865637685	20.756820461324526	20.0	20.149528050020578	19.93282073115018	20.01921386767699	20.137417456611214	19.966107907431176	20.0	20.13296745915912	19.940260996609673	20.96157746962633	21.05974092998065	20.917475045409173	20.0	20.479710455691635	19.784477911211003	20.41976300584504	20.536011819437707	20.36753527799906
2018-01-15 18:20:00	20.770819678075636	20.832653540179905	20.74303924727517	20.0	20.158442974281122	19.928815475322978	20.0	20.107314897681356	19.951786060462002	20.0	20.14613483369928	19.93434521964236	20.949863452381233	21.014253550937713	20.92093456752253	20.0	20.48750159800283	19.780977542926266	20.369359215600287	20.451892385070654	20.33227909598317
2018-01-15 18:30:00	20.729893234422658	20.760566613538643	20.71611244090678	20.0	20.171492417154482	19.922952682147987	20.0	20.133628101897393	19.93996418610407	20.0	20.161972441125727	19.927229772827573	20.92482639722457	20.955725080537903	20.910944380083798	20.0	20.49782171955058	19.776340966578726	20.295775039093183	20.345089913623024	20.27361908097108
2018-01-15 18:40:00	20.676052034613967	20.675824537836867	20.676154243310933	20.0	20.187257670635372	19.915869742178316	20.0	20.15821007362028	19.928920111851756	20.0	20.17956227004691	19.919327096065885	20.886566657363364	20.884253807071264	20.887605764016335	20.0	20.509814827657657	19.77095275858859	20.199390135301904	20.21597624521811	20.191938404759846
2018-01-15 18:50:00	20.609408180694345	20.578536901870674	20.623277885673097	20.0	20.204806956038276	19.907985280620483	20.0	20.181652882984412	19.918387835180912	20.0	20.19830336561906	19.910907183562454	20.835183778310128	20.799937135235158	20.85101922664815	20.0	20.522914659193585	19.765067327028966	20.080577870621433	20.064916822547826	20.087613993668995
2018-01-15 19:00:00	20.56432517979153	20.522417960222405	20.583153061047224	20.0	20.196293750205246	19.91181005425561	20.0	20.17661376571795	19.92065178641657	20.0	20.190632684627356	19.91435343154423	20.800668665262183	20.753407945661245	20.82190174218434	20.0	20.518553238111128	19.767026806066013	20.0	19.990957551397933	20.004062549371945
2018-01-15 19:10:00	20.49892424122287	20.458416166702477	20.517123521079856	20.0	20.225154157329758	19.898843784388077	20.0	20.20921110399025	19.90600660545365	20.0	20.220030919096402	19.90114552910162	20.747446779340226	20.70132222126457	20.768169406881462	20.0	20.52287271487386	19.765086171578407	20.0	20.106027853968314	19.952364297492494
2018-01-15 19:20:00	20.434101818061244	20.394914299370235	20.45170780471953	20.0	20.24406353281457	19.890348267865917	20.0	20.23055363089693	19.89641793394485	20.0	20.239297003520416	19.892489752041556	20.694647524519198	20.649640437450312	20.71486809986898	20.0	20.525722537014623	19.763805816703574	20.0	20.16982641005991	19.923701178089026
2018-01-15 19:30:00	20.36984491935443	20.33196330946321	20.38686419336353	20.0	20.256485311849012	19.884767468589576	20.0	20.244562190374094	19.89012423331019	20.0	20.251955528094406	19.886802588827155	20.642245895824995	20.598347999045583	20.6619681393056	20.0	20.527607776567308	19.76295882502048	20.0	20.205206338515065	19.90780584791352
2018-01-15 19:40:00	20.306150075924176	20.269562829382	20.322587824370657	20.0	20.264645270301784	19.881101400299197	20.0	20.25375691376161	19.88599327062884	20.0	20.260272596436092	19.883065934934514	20.590238869592966	20.547441815936647	20.609466531380594	20.0	20.528854911567688	19.762398517991326	20.0	20.224826511680277	19.89899098750596
2018-01-15 19:50:00	20.243012549556934	20.207708504226805	20.25887378731395	20.0	20.270005607383176	19.878693132914805	20.0	20.259792005334646	19.883281852675736	20.0	20.26573718484449	19.88061082999741	20.538623453208437	20.496918926268634	20.557360269659654	20.0	20.52967992381486	19.76202786031506	20.0	20.235707008398528	19.894102648400658
2018-01-15 20:00:00	20.18042765618775	20.146395951068214	20.195717262835657	20.0	20.273526852471782	19.87711112425181	20.0	20.26375322621738	19.88150217372842	20.0	20.269327599789236	19.87899774502223	20.487396728648697	20.44677652811191	20.505646383962322	20.0	20.530225690879206	19.761782660619485	20.0	20.24174085977372	19.891391787637893
2018-01-15 20:10:00	20.108286773716898	20.063485771303203	20.128414760308562	20.0	20.27741968091	19.875362172344783	20.0	20.268055431477723	19.879569298901313	20.0	20.273255843987506	19.877232881686776	20.426203603949535	20.373918040708983	20.449694219318474	20.0	20.53043393853307	19.761689100079344	20.0	20.24530958574714	19.889788446983168
2018-01-15 20:20:00	20.0348601901335	19.979324121083383	20.059811177677755	20.0	20.27843109574621	19.87490776857779	20.0	20.269308385615524	19.879006377477076	20.0	20.274292931203533	19.87676694395204	20.363536210070297	20.29961532647202	20.39225428820865	20.0	20.529463672584445	19.76212501666496	20.0	20.24511197159218	19.889877230154237
2018-01-15 20:30:00	20.0	19.987469022621024	20.005629859402145	20.0	20.27755415638424	19.87530175582737	20.0	20.268564771321604	19.87934046505841	20.0	20.273434909393444	19.877152432011645	20.29940328045019	20.223878073777993	20.333334895042043	20.0	20.527714800075913	19.76291074199488	20.0	20.242828610961418	19.890903087828928
2018-01-15 20:40:00	20.0	20.061042301519958	19.972575197867844	20.0	20.27543673627609	19.87625306051364	20.0	20.266510671783223	19.880263321372748	20.0	20.271331731966498	19.878097337812157	20.233815845629014	20.146717076324116	20.272947176765996	20.0	20.52545085800273	19.763927875390078	20.0	20.239388581897806	19.89244860813287
2018-01-15 20:50:00	20.0	20.107915763861353	19.951516106091276	20.0	20.27250443493589	19.87757047126069	20.0	20.26359641669196	19.881572624384773	20.0	20.2684104459664	19.879409799638285	20.166784880179733	20.068143117762375	20.211102193729566	20.0	20.52284618401407	19.765098091240063	20.0	20.235307114674573	19.894282310798378
2018-01-15 21:00:00	20.0	20.16381794518246	19.92640063332382	20.0	20.2960608542647	19.866987152431804	20.0	20.28762963882003	19.87077508980549	20.0	20.29190838818228	19.8688527531355	20.06849361431149	19.937626663280696	20.12728891115141	20.0	20.538186624465403	19.758206009298156	20.0	20.25550519163498	19.88520781245385
2018-01-15 21:10:00	20.0	20.17615306101132	19.920858769690565	20.0	20.288872688226796	19.87021661833289	20.0	20.27984175365797	19.87427399473338	20.0	20.284656205323135	19.872110980217144	20.003290292366206	19.876470476306253	20.060267311175753	20.0	20.54488700690887	19.75519569254819	20.0	20.24804245423267	19.888560636504163
2018-01-15 21:20:00	20.0	20.184302702940553	19.91719733636004	20.0	20.284183109346927	19.872323530583266	20.0	20.27476497362976	19.87655486691996	20.0	20.279923905705587	19.87423708584242	20.0	19.964335928306422	20.0160229887319	20.0	20.549323129315642	19.753202652046603	20.0	20.243926512241153	19.890409827833682
2018-01-15 21:30:00	20.0	20.189665547741434	19.914787942319066	20.0	20.28110244531818	19.873707597030958	20.0	20.27143270429892	19.878051973430914	20.0	20.27681458308265	19.875634027890406	20.0	20.02870520900782	19.987103456822577	20.0	20.552257734413683	19.751884206277914	20.0	20.241643963446414	19.89143532077045
2018-01-15 21:40:00	20.0	20.19319457842302	19.91320243578096	20.0	20.279078735241185	19.87461680010903	20.0	20.269245521461574	19.879034620792623	20.0	20.27477165642708	19.876551864503774	20.0	20.070837211459402	19.968174586155925	20.0	20.55419905109357	19.751012020523184	20.0	20.240378161693695	19.892004014311528
2018-01-15 21:50:00	20.0	20.195516864040297	19.91215909006885	20.0	20.277749345677304	19.87521406208701	20.0	20.267809932541105	19.879679595525012	20.0	20.273429386754763	19.87715491319714	20.0	20.09841405689024	19.955784988933367	20.0	20.555483281958637	19.750435047235978	20.0	20.239676203372753	19.8923193868905
2018-01-15 22:00:00	20.0	20.170224171277404	19.923522473773918	20.0	20.249638460205812	19.887843590342317	20.0	20.23913009441481	19.892564740190448	20.0	20.245376093706543	19.889758566595614	20.0	20.094270614482998	19.95764653552213	20.0	20.538139112546574	19.7582273552327	20.0	20.21457424778164	19.90359707708361
2018-01-15 22:10:00	20.0	20.175223482623448	19.921276406357578	20.0	20.25106533144238	19.887202532250527	20.0	20.240964236263633	19.89174070544677	20.0	20.2468804896486	19.889082678563675	20.0	20.109978372029335	19.950589427059285	20.0	20.52942098148434	19.76214419672443	20.0	20.217172185838486	19.90242988752184
2018-01-15 22:20:00	20.0	20.178484516252865	19.91981130429219	20.0	20.2519742201157	19.88679419096251	20.0	20.24213748149835	19.891213595268862	20.0	20.247840254102496	19.88865148004091	20.0	20.120240338809612	19.94597897821597	20.0	20.523650793963153	19.76473659981366	20.0	20.21859290936939	19.901791591442734
2018-01-15 22:30:00	20.0	20.180630485157597	19.91884717333499	20.0	20.252571316525415	19.8865259302567	20.0	20.24290760370457	19.890867598335632	20.0	20.24847089234513	19.88836814981596	20.0	20.12695717207243	19.942961270518182	20.0	20.519833667340905	19.766451540759885	20.0	20.219380805298883	19.90143760921354
2018-01-15 22:40:00	20.0	20.1820426448596	19.91821272477322	20.0	20.252963553565714	19.8863497078183	20.0	20.24341308470916	19.89064049817415	20.0	20.24888524247773	19.888181992510006	20.0	20.131353572287313	19.940986076218742	20.0	20.517308538409473	19.767586018975454	20.0	20.219817738240923	19.9012413060077
2018-01-15 22:50:00	20.0	20.182971919785974	19.91779522444398	20.0	20.25322121701188	19.88623394598017	20.0	20.243744864624013	19.890491437632694	20.0	20.249157484225137	19.888059681000303	20.0	20.134231168647002	19.939693243071638	20.0	20.515638099688637	19.768336505936993	20.0	20.220060042334154	19.901132444748423
2018-01-15 23:00:00	20.0	20.183583431279693	19.91752048739608	20.0	20.25339047805734	19.886157901162644	20.0	20.243962633265998	19.890393599547163	20.0	20.249336356061217	19.88797931829134	20.0	20.136114655227534	19.938847038955743	20.0	20.51453306085858	19.768832972657744	20.0	20.220194413693854	19.901072075007107
2018-01-15 23:10:00	20.0	20.185256747593126	19.916768707603087	20.0	20.254765423829483	19.885540171902694	20.0	20.245467328431126	19.889717577081672	20.0	20.25070925950774	19.887362506597974	20.0	20.1390217751006	19.937540941621464	20.0	20.513679815662645	19.769216314702295	20.0	20.220447021241338	19.900958584659687
2018-01-15 23:20:00	20.0	20.185116757721165	19.916831601603533	20.0	20.25443198644108	19.885689977106182	20.0	20.245198269347572	19.88983845869892	20.0	20.250376182396725	19.887512149937706	20.0	20.139593030612282	19.937284290594484	20.0	20.512228949992284	19.76986815290202	20.0	20.21884576713323	19.90167798867927
2018-01-15 23:30:00	20.0	20.18378685551054	19.91742909390106	20.0	20.25297987170024	19.886342376482503	20.0	20.24376885969219	19.890480657239742	20.0	20.248925802662658	19.88816376981823	20.0	20.138638534229102	19.937713122302867	20.0	20.510383551407298	19.77069724501991	20.0	20.216218762419512	19.90285823717384
2018-01-15 23:40:00	20.0	20.18167392572686	19.918378381195176	20.0	20.250792885493926	19.88732493550273	20.0	20.241577832567575	19.891465031745007	20.0	20.246741312147364	19.889145207585972	20.0	20.136685375513085	19.938590628392667	20.0	20.508277158273103	19.771643595558466	20.0	20.213022918885606	19.904294050935448
2018-01-15 23:50:00	20.0	20.179045722496667	19.919559168153672	20.0	20.248123156672065	19.88852437888647	20.0	20.23888690622653	19.892673998651848	20.0	20.24407448673345	19.890343346540046	20.0	20.134078558055585	19.93976180725038	20.0	20.505998110360654	19.772667515635067	20.0	20.209511621668533	19.905871590264862
