date	HL_CI4_T_op	HL_CI4_T_air	HL_CI4_theta_c	HL_CE2_T_op	HL_CE2_T_air	HL_CE2_theta_c	HL_CJ1_T_op	HL_CJ1_T_air	HL_CJ1_theta_c	HL_CL1_T_op	HL_CL1_T_air	HL_CL1_theta_c	HL_CI3_T_op	HL_CI3_T_air	HL_CI3_theta_c
2025-01-01 00:00:00	17.74350649	0	0	17.50392927	0	0	17.50754815	0	0	17.68249534	0	0	16.93586168	0	0
2025-01-01 00:15:00	17.74350649	0	0	17.50392927	0	0	17.50754815	0	0	17.68249534	0	0	16.93586168	0	0
2025-01-01 00:30:00	17.74350649	0	0	17.50392927	0	0	17.50754815	0	0	17.68249534	0	0	16.93586168	0	0
2025-01-01 00:45:00	17.74350649	0	0	17.50392927	0	0	17.50754815	0	0	17.68249534	0	0	16.93586168	0	0
2025-01-01 01:00:00	17.74350649	0	0	17.50392927	0	0	17.50754815	0	0	17.68249534	0	0	16.93586168	0	0
2025-01-01 01:15:00	17.74350649	0	0	17.50392927	0	0	17.50754815	0	0	17.68249534	0	0	16.93586168	0	0
2025-01-01 01:30:00	17.74350649	0	0	17.50392927	0	0	17.50754815	0	0	17.68249534	0	0	16.93586168	0	0
2025-01-01 01:45:00	17.74350649	0	0	17.50392927	0	0	17.50754815	0	0	17.68249534	0	0	16.93586168	0	0
2025-01-01 02:00:00	17.74350649	0	0	17.50392927	0	0	17.50754815	0	0	17.68249534	0	0	16.93586168	0	0
2025-01-01 02:15:00	17.74350649	0	0	17.50392927	0	0	17.50754815	0	0	17.68249534	0	0	16.93586168	0	0
2025-01-01 02:30:00	17.74350649	0	0	17.50392927	0	0	17.50754815	0	0	17.68249534	0	0	16.93586168	0	0
2025-01-01 02:45:00	17.74350649	0	0	17.50392927	0	0	17.50754815	0	0	17.68249534	0	0	16.93586168	0	0
2025-01-01 03:00:00	17.74350649	0	0	17.50392927	0	0	17.50754815	0	0	17.68249534	0	0	16.93586168	0	0
2025-01-01 03:15:00	17.74350649	0	0	17.50392927	0	0	17.50754815	0	0	17.68249534	0	0	16.93586168	0	0
2025-01-01 03:30:00	17.74350649	0	0	17.50392927	0	0	17.50754815	0	0	17.68249534	0	0	16.93586168	0	0
2025-01-01 03:45:00	17.74350649	0	0	17.50392927	0	0	17.50754815	0	0	17.68249534	0	0	16.93586168	0	0
2025-01-01 04:00:00	17.74350649	0	0	17.50392927	0	0	17.50754815	0	0	17.68249534	0	0	16.93586168	0	0
2025-01-01 04:15:00	17.74350649	0	0	17.50392927	0	0	17.50754815	0	0	17.68249534	0	0	16.93586168	0	0
2025-01-01 04:30:00	17.74350649	0	0	17.50392927	0	0	17.50754815	0	0	17.68249534	0	0	16.93586168	0	0
2025-01-01 04:45:00	17.74350649	0	0	17.50392927	0	0	17.50754815	0	0	17.68249534	0	0	16.93586168	0	0
2025-01-01 05:00:00	17.74350649	0	0	17.50392927	0	0	17.50754815	0	0	17.68249534	0	0	16.93586168	0	0
2025-01-01 05:15:00	17.74350649	0	0	17.50392927	0	0	17.50754815	0	0	17.68249534	0	0	16.93586168	0	0
2025-01-01 05:30:00	17.74350649	0	0	17.50392927	0	0	17.50754815	0	0	17.68249534	0	0	16.93586168	0	0
2025-01-01 05:45:00	17.74350649	0	0	17.50392927	0	0	17.50754815	0	0	17.68249534	0	0	16.93586168	0	0
2025-01-01 06:00:00	17.74350649	0	0	17.50392927	0	0	17.50754815	0	0	17.68249534	0	0	16.93586168	0	0
2025-01-01 06:15:00	17.74350649	0	0	17.50392927	0	0	17.50754815	0	0	17.68249534	0	0	16.93586168	0	0
2025-01-01 06:30:00	17.74350649	0	0	17.50392927	0	0	17.50754815	0	0	17.68249534	0	0	16.93586168	0	0
2025-01-01 06:45:00	17.74350649	0	0	17.50392927	0	0	17.50754815	0	0	17.68249534	0	0	16.93586168	0	0
2025-01-01 07:00:00	17.74350649	0	0	17.50392927	0	0	17.50754815	0	0	17.68249534	0	0	16.93586168	0	0
2025-01-01 07:15:00	17.74350649	0	0	17.50392927	0	0	17.50754815	0	0	17.68249534	0	0	16.93586168	0	0
2025-01-01 07:30:00	17.74350649	0	0	17.50392927	0	0	17.50754815	0	0	17.68249534	0	0	16.93586168	0	0
2025-01-01 07:45:00	17.74350649	0	0	17.50392927	0	0	17.50754815	0	0	17.68249534	0	0	16.93586168	0	0
2025-01-01 08:00:00	17.74350649	0	0	17.50392927	0	0	17.50754815	0	0	17.68249534	0	0	16.93586168	0	0
2025-01-01 08:15:00	17.74350649	0	0	17.50392927	0	0	17.50754815	0	0	17.68249534	0	0	16.93586168	0	0
2025-01-01 08:30:00	17.74350649	0	0	17.50392927	0	0	17.50754815	0	0	17.68249534	0	0	16.93586168	0	0
2025-01-01 08:45:00	17.74350649	0	0	17.50392927	0	0	17.50754815	0	0	17.68249534	0	0	16.93586168	0	0
2025-01-01 09:00:00	18.7775974	0	0	18.61787819	0	0	17.93857366	0	0	18.65875233	0	0	17.98326827	0	0
2025-01-01 09:15:00	18.85064935	0	0	18.82563851	0	0	18.10567413	0	0	18.65875233	0	0	18.19074177	0	0
2025-01-01 09:30:00	18.9788961	0	0	19.03339882	0	0	18.24622592	0	0	18.48556797	0	0	18.42665923	0	0
2025-01-01 09:45:00	18.9788961	0	0	19.42387033	0	0	18.31650182	0	0	18.79283054	0	0	18.53039598	0	0
2025-01-01 10:00:00	19.10714286	0	0	19.51522593	0	0	18.67725143	0	0	18.76908752	0	0	18.79475739	0	0
2025-01-01 10:15:00	19.25324675	0	0	19.78929273	0	0	19.16137428	0	0	19.2886406	0	0	19.20970441	0	0
2025-01-01 10:30:00	19.42694805	0	0	19.69793713	0	0	19.35502343	0	0	19.33612663	0	0	19.18126046	0	0
2025-01-01 10:45:00	19.5	0	0	19.81434185	0	0	19.451848	0	0	19.55679702	0	0	19.18126046	0	0
2025-01-01 11:00:00	19.7012987	0	50.0	19.93074656	0	-50.0	19.451848	0	-50.0	19.88780261	0	-50.0	19.18126046	0	50.0
2025-01-01 11:15:00	19.875	44.224485738175844	48.17139082060686	19.93074656	45.57908977557845	46.46233721395086	19.74232171	47.775209344647266	48.81414672161389	20.14757914	42.19373414431649	43.17714425400244	19.28499721	47.81393435369742	48.596328987087716
2025-01-01 11:30:00	19.875	47.002861498552704	47.86869247128237	19.93074656	45.369565146714066	45.958873381253326	19.90942218	47.410946925665456	48.249162506064756	20.23417132	50.0	43.99779793420575	19.28499721	47.36233479187631	48.16146980184149
2025-01-01 11:45:00	19.97564935	46.59880488417066	47.5055875119559	19.81434185	45.07460599666462	45.59002534136887	19.78604893	50.0	48.32483721516432	20.18668529	42.756530175649544	43.67420305083479	19.10596765	46.9208295196546	47.72902274965133
2025-01-01 12:00:00	20.0487013	46.33161654035715	47.149467629764096	19.74803536	44.3449521702945	45.12438182364569	19.73295159	50.0	48.32960090554323	20.18668529	50.0	44.495591807879535	19.10596765	46.47924664322348	47.278959233265304
2025-01-01 12:15:00	19.97564935	46.068270432120734	46.82917248835698	19.63163065	40.12216023572258	44.06829255461841	19.75950026	43.51938768661652	47.246469362212736	19.8556797	43.30831117364957	44.17434658854911	18.73786949	46.27076883206304	46.91186995803782
2025-01-01 12:30:00	19.4724026	45.5657295569986	46.463198361612406	19.42387033	42.816611098929194	43.7462763614583	19.68922436	46.115426833454144	46.92824730853965	19.48556797	43.040408579724144	43.90378286354009	18.91689905	45.70488955174747	46.475080459467755
2025-01-01 12:45:00	19.3262987	41.22251249252881	45.45011080300003	19.25736739	42.449521090577676	43.34499091109042	19.75950026	45.92576002416875	46.56378145972292	19.63500931	42.84195246460506	43.645827781323334	18.8131623	45.21836253492023	46.04694509488121
2025-01-01 13:00:00	19.4724026	40.523314323742596	44.486353464201784	19.2824165	42.3074423564619	42.968660063141144	19.81259761	45.537115835547155	46.14559922115461	19.74534451	42.5356181135282	43.3358224645599	18.91689905	44.93502751675592	45.59499111487389
2025-01-01 13:15:00	19.4724026	39.937277492956014	43.734385242008784	19.39882122	42.012832226415654	42.66097946013535	19.81259761	45.28744502293661	45.83993131355027	19.8556797	42.40363491751825	43.14002410528147	18.99219186	45.03044911150246	45.40173365527414
2025-01-01 13:30:00	19.4724026	39.12184954994237	42.95193550451282	19.2824165	41.57093959223002	42.32431924401503	19.61894846	44.91593257630025	45.514286400739024	19.74534451	42.17454612461029	42.930437739024455	18.8884551	44.61971770067257	45.116646645786716
2025-01-01 13:45:00	19.54545455	42.42601750770581	42.864713662349004	19.16601179	41.30193166802222	42.01727312440599	19.71577303	44.63537657352001	45.20563803165868	19.74534451	41.99521612584323	42.72991160400932	18.945343	44.300592838514206	44.84321825253892
2025-01-01 14:00:00	19.34415584	42.34785325833178	42.620906024169926	19.07465619	41.101224285212524	41.69679906903701	19.3815721	44.41527674980244	44.88257378991469	19.54841713	41.86942631337359	42.505055304536825	18.6809816	43.99415841971279	44.50075740172451
2025-01-01 14:15:00	19.4724026	42.159464538399845	42.51486529148599	18.98330059	40.86202171703467	41.454497872413725	19.28474753	44.15812213749117	44.634024473451205	19.54841713	41.8279180082316	42.37783408788391	18.6809816	43.96949186243893	44.36765923809719
2025-01-01 14:30:00	19.2987013	41.98264245273111	42.402449238273505	18.98330059	40.667591439756194	41.22294808726406	19.21447163	40.46198735791582	43.80314545565716	19.35148976	41.66289958087643	42.23462717025973	18.6809816	43.73560358391103	44.195898114925456
2025-01-01 14:45:00	19.2711039	41.74664402346957	42.27105988074112	19.07465619	40.4714815522084	40.99487658094344	19.3112962	39.67656739607096	43.05488706611959	19.35148976	41.52302127788128	42.093117710738966	18.8131623	43.543179178988	44.02942400842585
2025-01-01 15:00:00	19.2711039	41.6736249585789	42.146239402342076	19.07465619	40.57258647826455	40.84683343554042	19.14419573	39.33906095309166	42.4150041906822	19.2886406	41.44914373413809	41.96683772873092	18.70942554	43.6565499769668	43.92837706256512
2025-01-01 15:15:00	19.14285714	37.57986936718913	41.420406582012674	19.1910609	40.39256030913657	40.686893457193236	19.11764706	38.45099711753134	41.71361840631397	19.2886406	41.36734240212891	41.871832019222666	18.50195204	43.6897705372952	43.88977336135156
2025-01-01 15:30:00	19.14285714	37.00061562777313	40.79997760304826	18.93320236	40.38254143823582	40.562952888877476	19.21447163	37.82327829820035	41.053428109176224	19.2886406	41.32755339776007	41.78711923431706	18.16229782	43.59523023312414	43.82909697228894
2025-01-01 15:45:00	19.14285714	36.377644749882734	40.17597461933644	18.93320236	40.128842847659946	40.3968117384554	19.11764706	37.162591403646815	40.393918886322325	19.1783054	41.11444703107946	41.67134101494935	18.16229782	43.64534674313035	43.799775747414856
2025-01-01 16:00:00	19.21590909	35.78516143391454	39.53434258498271	18.93320236	39.877105469382784	40.21804673714834	19.11764706	36.5435318299238	39.7393289359388	19.1783054	41.16123601357875	41.589267520493024	18.16229782	43.82453530650588	43.78765303825668
2025-01-01 16:15:00	19.16071429	35.25933687438476	38.966331271618685	18.86689587	39.80518413049825	40.09778296591949	19.14419573	35.92909186165909	39.11722088898492	19.0679702	41.13923218529932	41.52876834266664	18.08700502	43.671099546288474	43.76394112068192
2025-01-01 16:30:00	19.13311688	34.821952303989974	38.42267973021643	18.86689587	39.70022397307708	39.97582902694572	18.89744925	35.33549632287898	38.50319095585573	19.0679702	41.09583083348648	41.468162979376075	18.08700502	43.56123857353708	43.73893297608845
2025-01-01 16:45:00	19.23376623	34.27146728968114	37.86636072788525	18.86689587	39.67170372753122	39.87162837409849	18.92399792	34.63335140854016	37.87203701947996	19.02048417	41.005454253778396	41.39917595776427	18.08700502	43.52408711354889	43.723281242766745
2025-01-01 17:00:00	19.23376623	33.8200074246638	37.32170159594688	18.89194499	39.50379721918692	39.74383194988323	18.85372202	34.13183173482608	37.279045725198756	19.02048417	40.941608045989994	41.329966020371046	18.08700502	43.850149006091954	43.782663997521354
2025-01-01 17:15:00	19.16071429	33.436016526876585	36.82838393386049	19.07465619	39.298836020843936	39.61751942305162	18.82717335	33.64600506542694	36.71280968073452	19.02048417	41.056677044285514	41.30813973230801	18.08700502	43.88302591126376	43.82188248173577
2025-01-01 17:30:00	19.16071429	36.255357972314435	36.8841786584249	19.1910609	39.14896516507375	39.49625821802678	18.78344612	32.987313463255916	36.12060076381951	19.02048417	40.960042616287865	41.255414333277145	17.98326827	43.90105857105323	43.85697755789022
2025-01-01 17:45:00	19.33441558	37.11594276754684	37.000787985316606	19.42387033	38.99962160021884	39.37348754693119	18.88027069	32.38001447467049	35.534427112320174	18.91014898	40.71709976529978	41.17034629408249	17.98326827	39.731338739271166	43.014943963165194
2025-01-01 18:00:00	19.33441558	32.880093452321894	36.35540128746709	19.42387033	38.8545744483625	39.25116139483595	18.88027069	31.78960865061207	34.9553890888192	18.91014898	40.901165811444386	41.15784424391785	18.11544897	38.96415711264825	42.381014901949925
2025-01-01 18:15:00	19.36201299	36.4182209053293	36.52402784701246	19.1910609	38.76598360599854	39.13949083050767	18.90681936	31.395423808567095	34.42067464462613	18.91014898	41.09910823675831	41.1663966040868	18.32292248	38.437446131245224	41.79838901921431
2025-01-01 18:30:00	19.36201299	36.48718814682629	36.59920047116191	19.33251473	38.747395310563135	39.04550776527418	19.05674128	30.99190299690813	33.899279696832	18.8235568	41.02673824113381	41.13581486196847	18.63413274	37.81040392165289	41.20032814024364
2025-01-01 18:45:00	19.59090909	36.48971729474354	36.65850056921971	19.12475442	38.670480630636405	38.94621489647582	19.05674128	30.383912218090302	33.34814326129009	18.84729981	40.755849821139364	41.06241463662957	18.73786949	37.22958371721779	40.61480202272884
2025-01-01 19:00:00	19.49025974	36.60392269272795	36.76313234930848	19.00834971	38.53239516882623	38.858808140166815	18.7397189	29.903995291770226	32.84367495056239	18.52467412	40.645332827903964	41.02241759809061	18.63413274	36.68007509677096	40.068138408137145
2025-01-01 19:15:00	19.59090909	36.63280572037997	36.82175231382939	19.12475442	38.39680482984201	38.748616706125944	18.83654347	29.49461520514596	32.3407229057114	18.63500931	40.77335788011471	41.00546727814401	18.66257669	36.083252354924355	39.481033590947504
2025-01-01 19:30:00	19.66396104	36.74698341825299	36.895333604284986	19.03339882	38.40290362823445	38.6680976726889	18.83654347	29.027074112333782	31.836652356875504	18.52467412	40.59811345513015	40.941291734001766	18.50195204	35.7833772699384	38.96633448346978
2025-01-01 19:45:00	19.66396104	36.81757941869293	36.962803381290996	18.94204322	38.264692350281315	38.562924553495435	18.76626757	28.581883773281426	31.344766951755105	18.43808194	40.48321206239946	40.880535927512256	18.57724484	35.10411052086005	38.38434595036523
2025-01-01 20:00:00	19.51785714	32.85220987748791	36.40879011398715	19.12475442	38.19113277037842	38.504466325600276	18.76626757	28.011421204334372	30.8663802930609	18.52467412	40.44168197181052	40.861307766960294	18.57724484	34.58898356702366	37.88711024588338
2025-01-01 20:15:00	19.44480519	36.35033708858801	36.54427533915941	19.12475442	38.02565021686963	38.383726538481056	18.7397189	27.425574529932412	30.33776231845775	18.57216015	40.37440455886012	40.7963004987331	18.31288344	34.06123641521634	37.31770023258838
2025-01-01 20:30:00	19.2711039	36.369376756004904	36.58259645066198	19.1910609	37.966522754633885	38.28258025773016	18.64289433	27.13121323203446	29.86962424058396	18.50931099	40.3328610400341	40.73824010452148	18.44506414	33.45673601605898	36.73687992520934
2025-01-01 20:45:00	19.2711039	36.41938190140454	36.62551685019446	19.1910609	38.02399078067304	38.21030078193863	18.71317022	26.592972035420505	29.3670152169623	18.50931099	40.45906941163928	40.71377371151988	18.54880089	32.95487476486289	36.18253640019071
2025-01-01 21:00:00	19.31655844	36.51692780230209	36.74620438292601	19.2824165	37.78408187288571	38.123885913967	18.80999479	26.067896149127915	28.904407595962198	18.75372439	40.460641476694136	40.71220107176151	18.54880089	32.5395672848374	35.71745285207163
2025-01-01 21:15:00	19.34415584	36.50974483716851	36.74413901321674	19.4651277	37.76833482808825	38.018725809057486	18.97709526	25.587024808804046	28.39347848931206	18.84031657	40.269806766845655	40.622804942044695	18.44506414	31.990798052015975	35.13185248973076
2025-01-01 21:30:00	19.31655844	36.491169552773464	36.7391384056657	19.3737721	37.68759101129141	37.907937303094	18.97709526	25.099514781059188	27.886482193107355	18.68249534	40.26500636141426	40.561514882219456	18.23759063	31.18620312360912	34.4918185243655
2025-01-01 21:45:00	19.31655844	36.96239121087686	36.837798242387805	19.07465619	37.711896894476496	37.82207746463946	18.95054659	24.965612852490075	27.45976158950188	18.68249534	40.02599962099192	40.458498122256785	17.95482432	30.743201315727042	33.92548535130868
2025-01-01 22:00:00	19.38961039	32.75202626636044	36.372247815793514	19.04960707	37.46109063600988	37.79160536930025	18.66007288	24.403397142926195	27.072307959460304	18.70623836	40.01509484230109	40.49565904785884	17.95482432	30.114851700537663	33.51697981443557
2025-01-01 22:15:00	19.38961039	35.958291677551294	36.28672181376176	19.04960707	37.15077275978124	37.54714014817803	18.66007288	23.559166595500756	26.429652438726592	18.70623836	39.95244708970657	40.34562011708155	17.95482432	29.429937651136612	32.7491192255265
2025-01-01 22:30:00	19.21590909	35.76214530846438	36.11683320183465	19.25736739	33.36531942072187	36.71803128740014	18.73034878	22.84227210672818	25.802436775416673	18.92690875	39.65732516478338	40.15650029753097	18.16229782	28.44775767902307	31.92376766525389
2025-01-01 22:45:00	19.24350649	35.60494467578673	35.95502068359419	19.25736739	32.62706820902744	35.97450192328209	18.82717335	22.340810531632133	25.216027211353627	18.92690875	35.874307516696135	39.46329652232719	18.29447853	27.66111473473908	31.13430427333688
2025-01-01 23:00:00	19.44480519	35.53627264306955	35.80387271360099	19.49017682	31.892671475309292	35.22255644905948	18.92399792	21.73973063701638	24.60376327069389	18.95065177	35.08711535470474	38.74452495929839	18.55883993	31.068825967026456	31.213504683321354
2025-01-01 23:15:00	19.2711039	35.45598426310329	35.65321513537108	19.49017682	31.21642496602989	34.492789717751975	19.02082249	21.15521888233583	24.00353316771494	19.16294227	34.446889844590565	38.05273179513743	18.79475739	30.866393325246648	31.038940752692035
2025-01-01 23:30:00	19.22564935	35.22789652665412	35.47778497519685	19.30746562	30.68311376210237	33.80241803176452	19.02082249	20.53723481027609	23.401750509302076	19.18668529	33.68794331865529	37.34563360925896	18.79475739	30.73306517393246	30.879167419626647
2025-01-01 23:45:00	19.2987013	35.07980956749473	35.31694660631105	19.54027505	29.963824168162176	33.090450173722814	19.11764706	19.993828533367502	22.817920918548282	19.47020484	32.96885715298118	36.64559596955226	18.79475739	30.607746732815976	30.724791667857232
2025-01-02 00:00:00	19.2987013	35.00915425730236	35.181102457272644	19.54027505	29.347210075018282	32.404610333336954	19.11764706	19.425954453806185	22.234623084087794	19.47020484	32.38128153357454	35.974845131447566	18.69102064	30.515924218207957	30.58721400847049
2025-01-02 00:15:00	19.22564935	34.90943550185434	35.03155138762375	19.63163065	28.45420080173833	31.662268387007984	19.11764706	18.974220366225676	21.673938283836634	19.47020484	35.46384386666485	35.840568104851044	18.69102064	30.222597143839238	30.392434571825866
2025-01-02 00:30:00	19.3262987	34.677609685174104	34.85846423057579	19.72298625	27.847305338180252	30.97363780854012	19.18792296	18.27699628888955	21.07538985246572	19.55679702	31.758261149297393	35.17449364845122	18.92693809	50.0	34.3886637255717
2025-01-02 00:45:00	19.3262987	34.50395080303709	34.69514399752893	19.65667976	30.650617327999967	30.863663079328227	19.3815721	17.85799395362873	20.531527532566134	19.55679702	30.90680831243617	34.47166331775562	18.92693809	32.711874061190024	33.014423564335836
2025-01-02 01:00:00	19.42694805	34.47197556949886	34.551382917189855	19.74803536	30.37447392454667	30.648890327220585	19.3815721	17.445939868337426	19.991915806198485	19.533054	30.541526825606116	33.84904670263892	18.92693809	32.651916283198005	32.82863194145915
2025-01-02 01:15:00	19.65584416	34.24546761147177	34.382765484461956	19.74803536	30.44290160503503	30.510495559699372	19.61894846	16.843416219668377	19.432819950741052	19.77746741	29.928522056398467	33.20534368601769	19.16285555	32.83073939623234	32.72060899092793
2025-01-02 01:30:00	19.7288961	29.8222954043683	33.50042373967534	19.88064833	30.354499283118386	30.359468958983804	19.61894846	16.494068588020074	18.927926523023814	19.77746741	29.206931090398292	32.54521541838146	19.16285555	28.404323505197638	31.667165167870365
2025-01-02 01:45:00	19.65584416	29.07343418703884	32.7443033207426	19.88064833	30.107687282136435	30.180330928552333	19.61894846	15.934244486315816	18.394115081633984	19.97439479	28.710816328313992	31.926583431210894	19.16285555	27.60884847886348	30.871752698529804
2025-01-02 02:00:00	19.9025974	28.402180982299296	31.995675681519636	19.88064833	29.69707206637315	29.949544447662905	19.78604893	15.430133395701816	17.861279459864797	20.14757914	28.131652395410335	31.29642245301882	19.03067485	27.093287232811576	30.13431094177603
2025-01-02 02:15:00	20.00324675	27.73486834704411	31.265514029489836	20.06335953	29.709348424778543	29.800382577661072	19.78604893	14.870436466874706	17.32993077083581	20.34450652	27.70376772423698	30.70800040406892	19.23814835	26.476803631656495	29.40542679048042
2025-01-02 02:30:00	20.00324675	27.203687337598193	30.572133862971185	20.06335953	29.56453169766749	29.634004023866414	19.68922436	14.350191758592889	16.807098121376796	20.34450652	27.194101045748294	30.11835890016446	19.34188511	25.7147113842664	28.656560341586626
2025-01-02 02:45:00	20.0762987	26.539023312624053	29.868295900099987	20.20481336	29.218369271974243	29.428201018934086	19.68922436	13.75174602481479	16.271707647875015	20.34450652	26.298057820125013	29.461954047215926	19.34188511	24.633395789211416	27.834540638555104
2025-01-02 03:00:00	20.17694805	25.690903409772993	29.132908376201122	20.20481336	29.1434910046314	29.269520203382367	19.52212389	13.520110075244176	15.810647586354886	20.40735568	25.688428004571836	28.8457893289224	19.34188511	23.895922263319747	27.073269103619154
2025-01-02 03:15:00	20.25	24.9430796125634	28.41616966822461	20.29616896	25.683206255534493	28.558782526071166	19.61894846	13.05538662523006	15.324870274101489	20.40735568	25.111287239509466	28.241477768123616	19.34188511	23.07356753979415	26.301734510488707
2025-01-02 03:30:00	20.32305195	24.335376850743987	27.729916777627622	20.29616896	24.956720494606557	27.883420255189147	19.61894846	12.765775577958157	14.881396445519353	20.49394786	24.60101880421241	27.65428986273063	19.34188511	22.197545141025543	25.51551953525051
2025-01-02 03:45:00	20.32305195	23.670807151394722	27.039628102943958	20.29616896	24.10346475886184	27.18028975812927	19.57522124	12.396488339805257	14.436490481508313	20.49394786	23.880522215462513	27.0327983995074	19.47406581	21.656459663060883	24.805011901956313
2025-01-02 04:00:00	20.2224026	23.031372697501425	26.354030664204082	20.29616896	23.41024946581053	26.497097796472374	19.71577303	11.71599399244246	13.929268582729938	20.40735568	23.35243473853512	26.43857308056704	19.47406581	20.932170622265247	24.064494725948343
2025-01-02 04:15:00	20.2224026	22.152191130670513	25.630046816331486	20.50392927	22.73885736647614	25.826646570946934	19.64549714	11.212238597286841	13.45114324726625	20.38361266	22.798923104769127	25.851999717345826	19.57780257	20.172876974163565	23.32611447835388
2025-01-02 04:30:00	20.2224026	21.52658982084816	24.94922561843618	20.41257367	22.128973156015334	25.173355736005306	19.64549714	10.78598376316032	12.989348033096855	20.44646182	22.270285620197598	25.27532581183506	19.65309537	19.75326004675427	22.670840344540238
2025-01-02 04:45:00	20.2224026	20.851314655912113	24.266023161398053	20.41257367	21.51826163172672	24.52674556377871	19.71577303	10.27949238242307	12.516002844393741	20.44646182	21.9179779865506	24.740577660473335	19.65309537	19.100745867414314	21.98698350585215
2025-01-02 05:00:00	20.2775974	20.163014357761888	23.57961152069975	20.41257367	20.90504778007049	23.881928025606086	19.68922436	13.277762457767567	12.635777646580538	20.35986965	21.218192207120666	24.148865823968727	19.65309537	18.567394951294286	21.333459868129346
2025-01-02 05:15:00	20.35064935	19.659533094403155	22.936264119491916	20.41257367	20.234169681003905	23.232269605186836	19.75950026	9.965855830851753	12.102563804483276	20.24953445	20.589846060707416	23.565983480979355	19.78527607	18.001315916550762	20.688492959676772
2025-01-02 05:30:00	20.35064935	18.988274006170922	22.273011929623465	20.32121807	19.686324935896767	22.61002659598276	19.75950026	9.400723589479997	11.625276304657133	20.24953445	20.208355182222146	23.0299994192884	19.78527607	17.19131044303648	19.996969779955812
2025-01-02 05:45:00	20.35064935	18.344998388698997	21.6177381243729	20.32121807	19.13040886097964	21.99635523358929	19.92660073	8.927484797786505	11.162669491465683	20.31238361	19.700804436703137	22.482954189634082	19.78527607	16.688403033228592	19.3704227370056
2025-01-02 06:00:00	20.35064935	17.84534740010708	20.986032343515404	20.32121807	18.63298787182005	21.393571085227656	20.0234253	8.4224763133768	10.683422996397828	20.31238361	22.711656655729044	22.438352595739484	19.78527607	15.915673868879837	18.683408442689068
2025-01-02 06:15:00	20.4237013	17.288497328245658	20.366099389991	20.08840864	18.165860043566465	20.81792590440751	20.0234253	7.8937076384282605	10.207841736679567	20.31238361	18.73510573213926	21.814779608436634	19.78527607	15.254472145179776	18.028237987409025
2025-01-02 06:30:00	20.4237013	16.63439133415957	19.733693051749405	20.02210216	17.48447725323448	20.20969411798312	20.12024987	7.5449291089885	9.768446867091916	20.24953445	18.21987167297847	21.24933365895504	19.78527607	14.414101003444244	17.333633343845033
2025-01-02 06:45:00	20.4237013	15.94154435915264	19.093743936023237	20.02210216	16.820927407348215	19.602781204816004	20.12024987	10.231848162379807	9.845699981597082	20.35986965	17.692405908949876	20.68767617544848	19.65309537	17.747541225881537	17.502492976227288
2025-01-02 07:00:00	20.4237013	15.465038569884914	18.49285712735545	20.11345776	16.26138958430319	19.01070912898905	20.12024987	10.55291845518062	9.905839763183607	20.35986965	17.31729208142756	20.157953179883357	19.65309537	13.61985554037366	16.59994900832049
2025-01-02 07:15:00	20.4237013	14.674917066998317	17.84287900616716	20.22986248	15.691499745754475	18.425490295569745	20.12024987	10.481413941925998	9.92428338980504	20.55679702	16.566988187901607	19.569601989135563	19.65309537	12.99272926554138	15.942202513062128
2025-01-02 07:30:00	20.32305195	14.229985088366153	17.258114738107217	20.29616896	15.089745323077967	17.838181232761507	20.12024987	10.67223630227805	9.99128663904493	20.61964618	16.058991284684353	19.01821247331728	19.65309537	16.459338333334518	16.144524003461594
2025-01-02 07:45:00	20.32305195	13.647703559088864	16.65859337796795	20.29616896	14.51348375441907	17.257868033582966	20.12024987	10.469350674601454	9.984494420912293	20.61964618	15.434922318924363	18.449984024157864	19.65309537	12.320748137014306	15.257822861347021
2025-01-02 08:00:00	20.25	12.907107192938321	16.021964097433244	20.29616896	13.950350565177127	16.677044132219095	20.04997397	10.542222820327494	10.011322407180936	20.533054	14.931468901266015	17.89614932194302	19.65309537	11.611625803642072	14.584216057429087
2025-01-02 08:15:00	20.25	12.373240244506068	15.425578845424457	20.38752456	13.420590701486873	16.111971795980523	20.04997397	10.49462876396385	10.020638216569461	20.533054	14.361417863267473	17.338233223499316	19.65309537	10.951426675728857	13.92632776092214
2025-01-02 08:30:00	20.17694805	11.739356977031456	14.817421283350768	20.20481336	12.8136798858969	15.536837666659759	19.9531494	10.371855278929129	10.009969140929124	20.44646182	13.733204068429732	16.769795758840537	19.72838818	14.530467348104702	14.159750032016946
2025-01-02 08:45:00	20.14935065	11.142166496313777	14.216782187130864	19.99705305	12.267666848101708	14.975439557706784	19.59239979	10.544915062705108	10.050619088377195	20.18668529	13.30417430365986	16.237594580174324	19.28499721	10.317074817628773	13.26700988495189
2025-01-02 09:00:00	20.0762987	10.553068988941359	13.612108196486012	19.99705305	11.905577141355202	14.449307074525679	19.59239979	10.47281040162156	10.041940402255888	20.18668529	16.867166323600433	16.30992269650188	19.28499721	9.693874147030124	12.616913126822851
2025-01-02 09:15:00	20.14935065	14.005622433553242	13.697642315104925	19.99705305	11.234538701084649	13.88038662396472	19.39875065	10.34591067029416	10.022327080388715	20.12383613	16.519634436105868	16.253969857199618	19.28499721	13.197465802468738	12.842444357238271
2025-01-02 09:30:00	20.0211039	9.853838165595862	12.992105617866567	19.88064833	10.646176972321074	13.32370644268921	19.39875065	10.30859159464214	10.01226334178355	19.95065177	16.420862981727957	16.224717195690488	19.28499721	8.996411792567992	11.956371578270307
2025-01-02 09:45:00	19.92045455	9.221386524741218	12.38601732955441	19.88064833	10.017663804786498	12.758928756470798	19.27537741	10.253104478007524	9.99502948504974	19.6433892	16.32619294651582	16.18961721196394	19.28499721	8.335207451387475	11.311623581026733
2025-01-02 10:00:00	19.6737013	12.73508382906038	12.476409980708432	19.62278978	9.486423894106427	12.209375776147922	19.08172827	10.24017893244176	9.981240234116475	19.38361266	16.33387269723806	16.167628684030348	19.04907975	7.634902731593863	10.65598656590059
2025-01-02 10:15:00	19.17045455	8.651860935700837	11.783967243729098	19.41502947	8.987853693905917	11.672588501960497	18.58042686	10.256542305880373	9.975574463620214	19.14757914	16.300382065810055	16.141201543571377	18.66257669	11.169182127252293	10.888033746001746
2025-01-02 10:30:00	19.17045455	8.031410262676646	11.182955623512012	19.41502947	8.380862024285044	11.118576601991556	18.60697553	10.280886708985314	9.973685340402925	18.95065177	16.266349453694858	16.113144943728607	18.39821528	7.164929706400477	10.049421567264876
2025-01-02 10:45:00	18.96915584	11.544396410358903	11.280517570960656	18.90815324	7.837077374452917	10.576301462705542	18.60697553	10.20969631702107	9.954532721011171	18.86405959	16.233318925696683	16.08493471441122	18.29447853	6.536867205524416	9.427457155271634
2025-01-02 11:00:00	18.81331169	7.398811291471949	10.578021826763079	18.70039293	7.265450244924062	10.029067700414442	18.41332639	10.181426712024663	9.938195700563588	18.91154562	16.22287051829046	16.060462630789928	18.29447853	7.348687462978633	9.101742186126637
2025-01-02 11:15:00	18.46590909	50.0	17.237247042721542	18.84184676	50.0	16.785832342830666	18.34305049	50.0	16.6539682249419	18.80121043	16.207535049820248	16.035136940610286	17.98326827	50.0	17.712164758093685
2025-01-02 11:30:00	18.29220779	12.23536226384894	15.57592162968857	18.51768173	12.302767528874115	15.15750881254156	18.2024987	12.34295646351113	15.044811915763985	18.49394786	12.414141821159067	15.454572680828749	18.01171221	11.346834434387631	14.45348816589699
2025-01-02 11:45:00	18.29220779	50.0	21.387857391488676	18.33497053	50.0	21.016724139716725	17.96512233	50.0	20.94230200419916	18.27327747	50.0	20.479989189778422	17.64361405	50.0	21.995847352292387
2025-01-02 12:00:00	18.743506489999998	16.37709414634751	19.806677253090253	18.503929270000008	16.38601580224169	19.455455610587077	18.507548150000005	16.518053116971924	19.40137925179523	18.68249533999999	16.45073657160048	19.685169569280923	17.935861679999995	15.645202993678502	18.964998191245883
2025-01-02 12:15:00	18.74350649	17.287531082068032	19.39764036892596	18.50392927	17.236813109914962	19.073213341922266	18.50754815	17.33138105809938	19.03597104636115	18.682495339999992	17.302046837546353	19.302696841102346	17.93586168	16.52636286678318	18.569114769995963
2025-01-02 12:30:00	18.74350648999999	17.879876797614568	19.131514032955767	18.50392927	17.812713237496688	18.81447560344352	18.507548149999998	17.869200255181553	18.794342131730023	18.682495339999992	17.863222252542254	19.050574553205642	17.93586168	17.117401888717183	18.303575499271986
2025-01-02 12:45:00	18.74350649000001	18.27519879989835	18.95390559714713	18.503929270000004	18.188208537675102	18.64577481640684	18.507548150000005	18.2244286943205	18.634746746029933	18.682495339999996	18.22021160565036	18.89018803224404	17.93586168	17.5092285282624	18.12753744382413
2025-01-02 13:00:00	18.743506490000005	18.532169640033676	18.838454929839944	18.503929269999993	18.442218627354336	18.53165434133355	18.507548150000005	18.44247591310632	18.53678350280731	18.68249534	18.462214875476032	18.78146192551077	17.935861679999995	17.765622763804796	18.012345830754356
2025-01-02 13:15:00	18.74350649	18.69944367738227	18.763302826103622	18.3986798794024	18.35143613928379	18.419905327861482	18.425693335876236	18.42022008113681	18.428152334382354	18.682495339999992	18.61609624816327	18.712326816042577	17.934866913540464	17.9353061121813	17.934669592411964
2025-01-02 13:30:00	18.701106717137105	18.707169914839767	18.698382671792434	18.319636967881156	18.30780012416991	18.32495497012823	18.323603096521154	18.31657942839461	18.32675865756351	18.6669117987863	18.671012155864844	18.6650696093742	17.878566439413238	17.918576937373984	17.860590708445358
2025-01-02 13:45:00	18.625560700455615	18.627134934859008	18.624853435723654	18.22080831915621	18.213347326934734	18.224160359139773	18.224059260813902	18.218210555861578	18.226686939850456	18.61489154678808	18.623246536244302	18.611137855872965	17.7915257764077	17.828160203765542	17.77506683078316
2025-01-02 14:00:00	18.541646763667607	18.525470690559192	18.548914274774287	18.110474303676128	18.089857175020292	18.119737071622957	18.12323394437766	18.114011825062462	18.127377215374345	18.52683016365849	18.492049608407264	18.54245621022064	17.707613412832284	17.741019470505677	17.692604894167417
2025-01-02 14:15:00	18.469822140108448	18.458324643570826	18.474987682031145	17.99752356996093	17.96536754722709	18.01197047872541	18.016087688612682	17.998765319465942	18.02387020228731	18.437401456691994	18.368133582363207	18.468521806028118	17.591370451934928	17.59053139137059	17.591747421173977
2025-01-02 14:30:00	18.3962880437446	18.38620455830565	18.400818305318626	17.913733668191558	17.906040464764693	17.917190034948554	17.92369372854854	17.91621276388341	17.927054741658957	18.41731100939766	18.404878327692952	18.422896706975145	17.527202440237684	17.5564501095056	17.514062183030354
2025-01-02 14:45:00	18.345195952047497	18.36248189075843	18.337429805670126	17.804026497384697	17.78429163059347	17.81289288681264	17.83071564173003	17.829507169726565	17.831258578427235	18.37267310890578	18.37612461666221	18.371122431507956	17.467931924182373	17.526031540694348	17.441829197923365
2025-01-02 15:00:00	18.233264208087675	18.217575051424532	18.240312959631993	17.681165954493032	17.652915179302337	17.693858331752615	17.719486630814583	17.7186504124902	17.71986232310524	18.281486023173702	18.253409512414326	18.29410010771776	17.357883573576974	17.401675783070033	17.33820881279023
2025-01-02 15:15:00	18.195519452312862	18.22625284613325	18.181711695668923	17.557949457268613	17.509584019098394	17.579678857026238	17.61838919337293	17.61675291590026	17.619124332527317	18.194972962596285	18.13725066846849	18.220906167204426	17.25501437145998	17.279188784262754	17.24415340338916
2025-01-02 15:30:00	18.122705317315976	18.149145489831785	18.11082639922917	17.449756641848865	17.40198726446127	17.471218246182417	17.508426302831456	17.4949736713686	17.514470238706068	18.1622526586874	18.144890503488252	18.17005304725513	17.13999292023357	17.134084822413573	17.14264728302226
2025-01-02 15:45:00	18.054183958225902	18.08144397553731	18.041936704071503	17.368803015275756	17.35301762517734	17.37589500213157	17.411485567225878	17.40288526068403	17.415349473063525	18.116990735091264	18.117468758012834	18.11677597116997	17.087894893771857	17.127215319795123	17.070229195123723
2025-01-02 16:00:00	17.993424254822752	18.027667674338403	17.978039530112824	17.265009693314873	17.245025309109614	17.27398818476941	17.315157922845138	17.30842702559776	17.318181949144687	18.03571544507319	18.0044075091903	18.049781329310427	17.0107037826399	17.05531513628266	16.990661000568515
2025-01-02 16:15:00	17.94720748964763	18.00603052145253	17.920779750720797	17.158645212463966	17.132569463502698	17.170360404026283	17.199603174971084	17.17215734416685	17.211933910549803	17.961115971495747	17.91307619728394	17.98269905846047	16.927077781834484	16.970002212070863	16.907792892887706
2025-01-02 16:30:00	17.84564072033683	17.858245466584144	17.839977718399638	17.05926068720016	17.03563713601805	17.06987416671677	17.103947430791532	17.08247857615617	17.11359285823641	17.899393986701885	17.85293036425361	17.92026894751198	16.8280479208278	16.851570057876337	16.817480004182805
2025-01-02 16:45:00	17.761460445991126	17.756563406678783	17.763660565102473	16.97696216137105	16.974932185901245	16.977874179335736	17.030955369490357	17.04045274024312	17.026688434804335	17.873728195457147	17.872599630653227	17.874235231818325	16.75858832336342	16.798746119156757	16.740546415108447
2025-01-02 17:00:00	17.70911647673244	17.715642391376324	17.70618454406635	16.883101291149693	16.873054554910166	16.887615042213824	16.952775275374748	16.969894351401063	16.945084096290458	17.835692335878278	17.847745280399156	17.830277244861655	16.710538803931065	16.77507606469282	16.68154380271927
2025-01-02 17:15:00	17.64598098645438	17.658262732586433	17.640463100510996	16.79774012693	16.798392444732716	16.79744705661284	16.84833957308837	16.847246210140337	16.848830794122996	17.7924081005519	17.81509874852909	17.782213751460702	16.62978135357556	16.686960314694833	16.604092255101683
2025-01-02 17:30:00	17.58396482582184	17.601398043416808	17.576132510670487	16.70031821259993	16.69420206080569	16.703066048913286	16.749847619162352	16.74020314134812	16.754180645426715	17.695959279596643	17.661616015179614	17.711388862160817	16.539687644484307	16.579701491050443	16.521710409070536
2025-01-02 17:45:00	17.52720356458673	17.555392778664288	17.514538845218553	16.59793392175456	16.579846443281635	16.606060180198924	16.681392372585425	16.699757022863658	16.67314158767781	17.635031297181268	17.597655300974694	17.651823411419006	16.45938844295631	16.496290209233262	16.442809388542024
2025-01-02 18:00:00	17.43151481293973	17.44153542518064	17.427012798744542	16.50392927	16.505748783056312	16.503111807612385	16.572216525773207	16.582948876597246	16.567394744968205	17.575509535236087	17.551062810355507	17.58649284641432	16.379857369507555	16.43543777401919	16.354886463132758
2025-01-02 18:15:00	17.355094595008524	17.355821165281114	17.354768164886053	16.50392927	16.629775203973203	16.447389792417844	16.50754815	16.555522840875554	16.485994303374753	17.518330242066533	17.49623939140295	17.52825511700235	16.299842683884442	16.35290591955265	16.27600267945379
2025-01-02 18:30:00	17.298754738803936	17.316502682987547	17.29078102475043	16.50392927	16.71340136388958	16.409818619122078	16.50754815	16.670055621715484	16.434537546765505	17.45398448736462	17.424541044385897	17.467212700876804	16.239731279532975	16.312440449376986	16.207064840907407
2025-01-02 18:45:00	17.204149021058583	17.189960345758095	17.210523643295026	16.503929270000004	16.771930842622993	16.383522766357792	16.50754815	16.737602608243655	16.404190349919514	17.385752512349594	17.34530767608458	17.40392338081648	16.121882556567783	16.145385453533436	16.111323284017992
2025-01-02 19:00:00	17.12133562321105	17.09533470828519	17.133017193684985	16.503929270000004	16.802483033295555	16.36979641982375	16.507548150000005	16.779631411350643	16.385307844175802	17.369970574179785	17.385241223742767	17.363109847564523	16.043988737598895	16.07207435276213	16.03137056267048
2025-01-02 19:15:00	17.082859358100144	17.100030181642826	17.075144930131692	16.503929270000004	16.82228710705649	16.36089893740941	16.50754815	16.80905558284043	16.37208828886879	17.304980802151146	17.304974348912808	17.304983701432135	15.976131474475366	16.019272141918258	15.956749435479281
2025-01-02 19:30:00	17.00951330395204	17.0195532694239	17.005002594826998	16.503929270000004	16.840727482881615	16.35261413087928	16.507548150000005	16.82886537487492	16.363188237375038	17.24807881586093	17.245268004067206	17.249341644347965	15.93586168	16.022814849712965	15.896795763172427
2025-01-02 19:45:00	16.920921094859057	16.907156756337287	16.92710507303551	16.503929270000004	16.85574481562698	16.345867213269052	16.507548150000005	16.850075139227194	16.353659212810978	17.165095200822165	17.12715609968052	17.182140304233624	15.935861680000002	16.10768249969132	15.858666818979263
2025-01-02 20:00:00	16.89464688638652	16.92441290762424	16.88127374641016	16.50392927	16.844405955700992	16.350961483670574	16.50754815	16.848791017175273	16.35423613721111	17.110591943323662	17.072151925236827	17.127862096377168	15.935861680000002	16.145353373807083	15.841742223362033
2025-01-02 20:15:00	16.829372494438697	16.85699894961707	16.816960608778857	16.642070184938085	17.17492612345699	16.402671140096267	16.50754815000001	16.854990515722925	16.351450855254928	17.077164145265243	17.06905668237966	17.080806628590643	15.93586168	16.177051541279777	15.82750101768589
2025-01-02 20:30:00	16.760475149476783	16.78137366105696	16.751085963114672	17.152244706283586	18.317389911231164	16.628773672176713	16.619947283872648	17.124791744469334	16.393133105923415	17.042104070289707	17.056500234622778	17.035636228342963	15.93586168	16.20498342084042	15.814951912376038
2025-01-02 20:45:00	17.05979672392292	17.569783740572927	16.830672122239584	17.42539476550955	18.68988488735279	16.857290507869838	17.138158539280646	18.28894083516928	16.62114040634517	17.30266169638281	17.75907189744086	17.097607837936433	16.31207754910241	17.049457060925125	15.980791101761756
2025-01-02 21:00:00	17.503246750000006	18.545382997625623	17.035040609762405	17.653395240925978	18.930566329801138	17.079593737228446	17.42350393273444	18.701089280363117	16.849516312785326	17.43572508710955	18.022529551452653	17.172088298781485	16.77579476	17.945492528359356	16.250278371316806
2025-01-02 21:15:00	17.64935065	18.628820918016693	17.209298790456273	17.890839396409923	19.18487087308253	17.309462935875853	17.66322570009385	18.953313790136043	17.083620906016925	17.650733655506368	18.413624987269472	17.307985376018593	16.98326827	18.11506697537531	16.474778996570503
2025-01-02 21:30:00	17.823051950000004	18.79288482411457	17.387329934093458	18.08593813872371	19.34404845926175	17.52070016862691	17.89202954187913	19.182163502659538	17.312404139209676	17.876507618924073	18.78001115224942	17.47058574163297	17.190741769999995	18.302615611766882	16.691204246887335
2025-01-02 21:45:00	17.850649349999994	18.641668150946842	17.495264091603588	18.361564309657506	19.688879095489032	17.765234478341892	18.23377803635419	19.659638833423266	17.59317391013475	18.08041729773492	19.04457500671475	17.647244993700504	17.39821528	18.512826347914896	16.897447988617945
2025-01-02 22:00:00	17.67694805	18.076320228027754	17.49751997001652	18.505280057987697	19.74406828572281	17.948723028135692	18.413513508053075	19.769184380079054	17.804443985838507	18.181317699392228	19.060461221945605	17.7863401747668	17.515956233314494	18.524410239936607	17.06288269410746
2025-01-02 22:15:00	18.079545449999994	18.970263736754333	17.679367668994423	18.739464700206558	20.006036672980837	18.17042511823551	18.698594480000004	20.118794522899428	18.060533591161132	18.36824953	19.282589991787102	17.957458887747833	18.002230899999997	19.401616165769184	17.373521577697897
2025-01-02 22:30:00	18.1525974	18.973018124256825	17.784002581855624	19.04715128	20.43923350516824	18.421723033909924	18.86569495	20.1790455973156	18.275638862075603	18.391992549999994	19.099734911222527	18.07402134423335	18.10596765	19.309514320251278	17.565243783655223
2025-01-02 22:45:00	18.125	18.74572392281208	17.84612403467864	18.95579568	19.919186754089726	18.522967806133607	18.83914628000001	19.847031190710176	18.386328421564997	18.45484171	19.077159840244818	18.17524950655667	18.1344116	19.134484704869518	17.685103393464416
2025-01-02 23:00:00	18.225649349999994	18.87867769725206	17.932259802683852	19.072200390000003	20.031440642233797	18.641237378126846	18.909422180000004	19.82895053588678	18.49630074474652	18.738361269999995	19.638677375469204	18.333871425513824	18.0022309	18.625903288673594	17.722030261610406
2025-01-02 23:15:00	18.22564935	18.760140726464595	17.985515543182572	19.13850688	20.015194225964887	18.744632855001285	18.93597085	19.7430687501995	18.573361648461095	18.840316570000006	19.678980997493888	18.463525305473777	18.077523699999997	18.70525417433801	17.795499863703206
2025-01-02 23:30:00	18.25324675	18.740560694182758	18.03430860116427	19.047151280000005	19.636268798848704	18.782475293270878	18.93597085	19.6201921834188	18.628567062521988	18.86405959	19.540882052804573	18.559979932797948	18.181260459999997	18.866517671841738	17.873391277868194
2025-01-02 23:45:00	18.399350650000006	19.05485835130792	18.104847189992086	19.047151279999994	19.584776090437952	18.805609698498884	19.07652264	19.872503734635675	18.718907945308608	18.95065177	19.594999009904274	18.661162430332865	18.360290020000008	19.162911992822924	17.99969174235494
2025-01-03 00:00:00	18.399350649999977	18.9730343570981	18.141608694637043	18.839390959999992	19.08175773391503	18.730501539835252	18.742321710000006	18.98430824292106	18.633603122745612	19.01350093	19.63119472993782	18.735986324230822	18.062906801628525	18.408603029122762	17.907594003768807
2025-01-03 00:15:00	18.5	19.09861478748604	18.231057124462794	18.606544547564834	18.59601603639358	18.611274748235978	18.47839667	18.407314736685997	18.510332031343964	18.801210429999994	18.981450537967383	18.72023299018855	17.94508227636944	18.145177427030323	17.85518445505805
2025-01-03 00:30:00	18.39935064999999	18.7609708220433	18.23688361618342	18.55663638659482	18.59426355533322	18.53973142672683	18.398761768140357	18.351778295862168	18.419870284671134	18.80121043000001	19.008078490023326	18.708269707380822	17.871069195899977	18.024856752494088	17.801976235691043
2025-01-03 00:45:00	18.170454549999985	18.190097234857582	18.161629575643673	18.491444660535876	18.554174983776953	18.46326147183335	18.416643930595328	18.507544999511758	18.375804319922736	18.801210429999987	19.016401477929104	18.70453039397384	17.854271435925348	18.03416636951924	17.773449074455613
2025-01-03 01:00:00	18.120988606035343	18.177524027941928	18.0955886338744	18.416128727464763	18.499410483610415	18.37871228629787	18.339316440673898	18.441050326121967	18.293609912429133	18.864059589999986	19.174801916567915	18.724450718643382	17.879682876738332	18.16716167438559	17.75052573576636
2025-01-03 01:15:00	18.243506489999987	18.469604154966653	18.14192637965266	18.494215389148295	18.73081998186555	18.387914775028932	18.264968324985162	18.330815314209786	18.235384895043666	18.816573559999984	18.992887514081634	18.737360044398102	17.86816201544372	18.107980126566492	17.760417646678405
2025-01-03 01:30:00	18.186532537487405	18.285243808329263	18.142183995514984	18.41192418986668	18.58103328982039	18.33594763771356	18.258198849999992	18.387949613921748	18.19990502852791	18.758474890997828	18.82484567680493	18.728656132156956	17.852928856910484	18.050951515520453	17.76396215521615
2025-01-03 01:45:00	18.243506489999945	18.40636852355398	18.17033659086698	18.34872299	18.489276260175355	18.285575868616874	18.258198849999985	18.426677067730882	18.18250573768607	18.683905494412087	18.677115600734393	18.68695602635424	17.89616825343838	18.127339269954057	17.792308811235642
2025-01-03 02:00:00	18.24350649	18.484419609881776	18.135270160777736	18.389821743524568	18.643536584830766	18.275833916271054	18.35502342999997	18.69710774964475	18.201333373347964	18.833686118691475	19.07489281176059	18.725317894269125	17.919482589710203	18.213675967702144	17.787308753221083
2025-01-03 02:15:00	18.243506489999973	18.357796714683246	18.192158707895913	18.401076048147676	18.651768185077675	18.28844624749796	18.284747529999958	18.46452380270424	18.20397847994444	18.777429386496333	18.901160822366734	18.72183990081544	18.035843549192457	18.357875139903246	17.891162689597763
2025-01-03 02:30:00	18.265470840235437	18.32678984393094	18.237921722633104	18.33337216875539	18.488526463461337	18.263665166786055	18.258198849999985	18.398918997588904	18.194976754706417	18.750311432096424	18.812531866540564	18.722357323867897	18.022135077620867	18.221993725179527	17.932343511326394
2025-01-03 02:45:00	18.2965885161618	18.337474995615672	18.27821922829122	18.373772100000014	18.595247433534777	18.274268689281513	18.258198849999985	18.403667714072746	18.192843273387552	18.85339577748117	19.028136518672472	18.774889067670586	18.023597343204777	18.144572215048843	17.96924631382558
2025-01-03 03:00:00	18.367374020477268	18.48073010037607	18.316445926609674	18.373772099999986	18.561699847568196	18.28934079312151	18.258198850000028	18.381481752223507	18.202810879435816	18.900370443665523	19.10942491263286	18.80644742137588	18.1691824272741	18.4121338516855	18.060030338045806
2025-01-03 03:15:00	18.455064750606894	18.555950589975843	18.409739228571596	18.3737721	18.502327430897026	18.31601535713321	18.328474749999973	18.504610574224838	18.249341263754047	18.887803303133538	19.008753777688977	18.83346323485503	18.2940639495967	18.527237517948418	18.189304810192255
2025-01-03 03:30:00	18.558323208793997	18.669489139744847	18.50837909488854	18.462156473711705	18.662947368985883	18.37194607148706	18.42529932	18.66369086127009	18.31819587392212	18.90451901599868	18.98965063823159	18.866271475575218	18.358782982814887	18.518225091210883	18.287149571796363
2025-01-03 03:45:00	18.645818441820023	18.746435521238247	18.600613667008872	18.41056497241181	18.505924920253943	18.367722097294305	18.394775888206237	18.51298366458403	18.341668046645196	18.91506688003424	18.964926246551606	18.892666295077177	18.47836072075941	18.64166853895351	18.404990541570754
2025-01-03 04:00:00	18.827851829021785	18.897916136708556	18.796373661800203	18.475108075177534	18.544631845989976	18.443872757856	18.505630027242727	18.646389446708227	18.442390288062597	19.040098983905747	19.12849867356014	19.000383181307413	18.71874005979592	18.90194488430221	18.63643064588726
2025-01-03 04:15:00	18.873101192971337	18.946173889394306	18.840271430810304	18.490020264762837	18.587704043707056	18.446133349584997	18.569290113671165	18.77897377418429	18.475084411121813	19.15038788781587	19.35351342199407	19.059128589851767	18.7853411219923	18.969003500996244	18.70282614012092
2025-01-03 04:30:00	18.915240683124654	18.986522968188247	18.883215308675773	18.587866240108955	18.805480212216008	18.490097643944907	18.55389369359724	18.726089531141646	18.476530346294695	19.125035892941014	19.25404993799455	19.067073061105347	18.870050199999973	19.07087403784857	18.779824997488305
2025-01-03 04:45:00	18.8961039	18.872607422700533	18.906660288351986	18.596855732899204	18.80634814429376	18.502735953866875	18.556861360767943	18.722879721402865	18.48227340164209	19.108738554037345	19.18641725844377	19.073839425970675	18.8700502	18.99498224776113	18.81392130897683
2025-01-03 05:00:00	18.918422250438443	19.13775648441996	18.819880782997473	18.5093008427247	18.69696490204832	18.424988004477882	18.553784094748465	18.80734176039128	18.43986688264806	19.06230180178663	19.165841888038372	19.015783792021352	18.737869489999945	18.83696771816465	18.69334709763615
2025-01-03 05:15:00	18.996753249999944	19.0828986722143	18.95805023422247	18.68705415620706	18.99569194485407	18.548390801887393	18.62292746361099	18.856536466457733	18.51797269421604	19.14840621513122	19.266529827384034	19.095336186437862	18.73786949	18.667288361189414	18.76957985221918
2025-01-03 05:30:00	18.996753249999944	18.908817447807568	19.036260639390775	18.744490814941457	19.010040891724802	18.62518570798082	18.667801343254027	18.859293070194735	18.581768828251683	19.289943668427604	19.490061672634706	19.200035579580856	18.63413274	18.321049143904187	18.774793486071985
2025-01-03 05:45:00	18.99675325	18.807518582407564	19.08177172384586	18.840132815241294	19.11658287907728	18.715930612648265	18.793530735791034	19.046551497616036	18.679854741347896	19.37399400145585	19.571942870383918	19.285060451647553	19.059030628819713	19.213933769429403	18.989436464198036
2025-01-03 06:00:00	18.996753249999944	18.612857704905714	19.169228060114733	19.226610942201166	19.75095319139783	18.99103688821424	19.02560780052448	19.349171317857536	18.8802386840415	19.470204839999973	19.5623305681839	19.428815020091236	19.558839929999944	19.99618659207882	19.362350849935638
2025-01-03 06:15:00	18.996753249999944	18.54218620356547	19.200979024485036	19.35633912034717	19.83010030453885	19.143489892666793	19.16778436282318	19.4930265543773	19.021661059371326	19.56835961142289	19.696499896626285	19.510789338360553	19.53039598000006	19.59993308878668	19.499154670255336
2025-01-03 06:30:00	19.06980519	18.696327323107738	19.237599593965967	19.785295883735895	20.57590810759096	19.4300932904097	19.23444064134149	19.47264107424813	19.127423055542863	19.787774546759856	20.11930212828497	19.638827372451487	19.45510318	19.215173725961606	19.562897572394093
2025-01-03 06:45:00	19.617109081619713	19.936278587882438	19.473714086052382	19.790685337028414	20.33372577252743	19.5467106486158	19.349064160948707	19.573928268982314	19.24803825733943	19.93011492076962	20.269934129714848	19.777442522547858	19.42665922999997	19.060246320211967	19.59127952280329
2025-01-03 07:00:00	19.990939616118037	20.363981227727038	19.823341210902413	19.94148121600086	20.379166961905973	19.744839793927525	19.547373695589396	19.78396331211559	19.441079809903727	20.08289664941225	20.37294611570992	19.952584570351036	19.558839929999973	19.17181473275524	19.732720815718608
2025-01-03 07:15:00	20.187592382234083	20.551788473215534	20.02396805150329	19.979938506785757	20.29587501117815	19.83799601930511	19.711873641108596	20.012620950021656	19.5767552849303	20.193337068220224	20.47885639686658	20.065060268393665	19.558839929999973	19.167932942083286	19.73446480862924
2025-01-03 07:30:00	20.424137042196307	20.830704183039806	20.241476442686974	20.128660539385148	20.476720899977884	19.972285594770995	19.89045733552271	20.259816150301244	19.724513520187458	20.28325632255073	20.540070771081734	20.167875918138293	19.709425539999945	19.487515840651763	19.809124100576696
2025-01-03 07:45:00	20.426948050000057	20.569312274394825	20.362987311503844	20.233852751033382	20.55870313478479	20.087905477174047	20.014669327254353	20.376848967673403	19.85195093808062	20.336126630000027	20.523282644179773	20.25204204391929	19.70942554	19.435866519243596	19.83232886816586
2025-01-03 08:00:00	20.5275974	20.73536226347403	20.434253765685582	20.442058435478994	20.91309590231981	20.230432906898358	19.80062467	19.761369525081648	19.818261039456104	20.336126630000056	20.43255061031139	20.292805711309427	19.60568878999994	19.283989277791232	19.75022045490533
2025-01-03 08:15:00	20.353896100000114	20.018001719806264	20.50480516936244	20.58153241999997	20.97780633590787	20.40349631285298	19.844351900000028	19.74217244388156	19.890258612169163	20.27327747000003	20.116425252380473	20.343747306901548	19.369771329999942	18.624508562262225	19.704599529998063
2025-01-03 08:30:00	20.45454545	20.12823302496555	20.601149582986523	20.4651277	20.47062998412578	20.462655659305796	19.8443519	19.643646655280428	19.934523821540665	20.50931098999997	20.599990410148486	20.46857096065787	19.29447853	18.45085430265454	19.673498110401567
2025-01-03 08:45:00	20.5275974	20.16966949147912	20.688405590784726	20.5564833	20.570328932446316	20.55026279846612	20.08172826999997	20.139455148172882	20.05579300589332	20.509310990000028	20.444663876746283	20.538355345229945	19.398215279999942	18.70940569393705	19.70768045634702
2025-01-03 09:00:00	20.52759740000003	19.900322369703602	20.80941661651002	20.5564833	20.393716315446294	20.62961049595893	20.15200416	20.081987399257756	20.183460965550864	20.61964617999997	20.542868151301146	20.654140656661752	19.53039598	18.869593258084556	19.82727836230987
2025-01-03 09:15:00	20.5275974	19.97544967862559	20.775663767573974	20.4651277	20.15827140485589	20.602990673180642	20.20510150999997	20.157131336966135	20.22665332687032	20.50931098999997	20.238884601708637	20.63080690358015	19.530395979999973	18.907761050551212	19.81013051352045
2025-01-03 09:30:00	20.67370130000003	20.323576071194303	20.831003939028676	20.25736738999997	19.687333540677646	20.513469554188248	20.10827694	19.870665815765182	20.215029763931597	20.39897579	19.983136944828356	20.585801937830695	19.69102064	19.274187980067534	19.878293284317465
2025-01-03 09:45:00	20.4724026	19.772069931936464	20.78704481318796	20.02455796	19.242539299459466	20.375899677054424	20.10827694	19.858918992337713	20.22030732228306	20.31238361	19.826761356744733	20.530561723781354	19.615727830000008	19.076020638994926	19.858204973784908
2025-01-03 10:00:00	20.2987013	19.114913339642527	20.83054806479828	20.04960707	19.334291041296364	20.37098093796831	20.01145237	19.474269466538352	20.25279541358422	20.22579143	19.540783594721393	20.533548573386042	19.455103180000005	18.466872846391848	19.89909072118627
2025-01-03 10:15:00	20.298701299999994	19.555332069918943	20.632678780181337	19.95825147	19.39994080677774	20.20908669550565	20.10827694	19.930131815352105	20.18831315542153	20.16294227	19.651152985666503	20.392876586149832	19.455103179999984	18.819055430618775	19.740863763055316
2025-01-03 10:30:00	20.5	20.295490616251143	20.591881027481378	19.95825147	19.62280881625335	20.10895758979922	20.23165018	20.326689221679544	20.18895148011499	20.273277469999993	20.133970872618793	20.33586449201185	19.55883993000001	19.27804052258031	19.684996185507416
2025-01-03 10:45:00	20.180194809999993	19.627284848463166	20.428603633299154	19.95825147	19.766813281877198	20.04425993133053	20.161374279999997	20.160329458174193	20.161843692704345	20.359869650000004	20.407309103430382	20.33855627237186	19.82320133999999	19.95299219098515	19.76488950839796
2025-01-03 11:00:00	20.25324674999999	19.949091488154867	20.389896215466642	20.140962670000008	20.26542566529908	20.085044512691724	20.16137428	20.181369053677177	20.152391120811707	20.44646182000001	20.597930925583515	20.378410482708865	19.82320134	19.88393930922453	19.79591326687014
2025-01-03 11:15:00	20.381493509999995	20.39378703393053	20.37597033258193	20.202579423484043	20.433953171192755	20.098628899151144	20.16137428	20.22749075019551	20.131669778897674	20.50162596433135	20.738210229034223	20.39533448308802	19.823201340000004	19.91169355157801	19.783443969580905
2025-01-03 11:30:00	20.36363636	20.383078278091062	20.35490158520546	20.140962670000008	20.27582097091927	20.080374157992807	20.18792296	20.32301739237105	20.12722835994924	20.510460698026176	20.72835852770567	20.41256457164843	19.747908529999997	19.761846778535173	19.74164641833927
2025-01-03 11:45:00	20.484989208410397	20.69899601953402	20.388841220804125	20.13842931341229	20.292063710997905	20.06940516377237	20.273719392823146	20.520407481523407	20.1628885123926	20.625131312997723	20.95902041587386	20.47512316532873	19.95830535642695	20.274717873859466	19.816149008015245
2025-01-03 12:00:00	20.526186756224785	20.776286248419563	20.413823216253217	20.16601179	20.37136515838422	20.07375158101578	20.21521109950554	20.40226950100248	20.131170368398223	20.58007995481152	20.82614455383644	20.469529192930764	19.95065071457886	20.235996115947355	19.822452055993015
2025-01-03 12:15:00	20.49009932475341	20.683727062919882	20.40310715253369	20.19810974047432	20.467488131057387	20.07708466644424	20.174422750391592	20.32782501013366	20.10550289456544	20.597832627178455	20.847273797380822	20.48576485505855	19.898494140000004	20.104039357166148	19.80614773808478
2025-01-03 12:30:00	20.588553121641397	20.897208681775666	20.449881783030346	20.103504985773405	20.257493496966024	20.034321741614406	20.199306881331836	20.405175630739762	20.106815124351463	20.592397804949684	20.8156570740465	20.492092915935178	19.987794122509523	20.304303003658553	19.845594480254164
2025-01-03 12:45:00	20.6039423086319	20.905579294544857	20.46842424249709	20.075921633972975	20.214508873741895	20.01365780161303	20.196166308162574	20.41026442229569	20.09997730036364	20.6224328123332	20.86479574541386	20.513545117760728	19.89260813323601	20.083564241279117	19.806816258607952
2025-01-03 13:00:00	20.575298098437	20.861548693129574	20.4466927587925	20.011701921054346	20.13817651398605	19.954880002490825	20.09257880217972	20.23675650471104	20.027803312636667	20.614746309186067	20.857892517328587	20.505506708426395	19.840334342115355	20.025052115985577	19.757345197333084
2025-01-03 13:15:00	20.647520808389594	21.0082536988511	20.485452408327173	20.07727414951669	20.318738589076077	19.968790125946533	20.110200940195572	20.312606793981406	20.019264976900487	20.64804166367945	20.91920373751714	20.5262152247089	19.938323454325023	20.247586573534917	19.799379154390145
2025-01-03 13:30:00	20.70151028733328	21.101840713607533	20.52165169002166	19.99307206649618	20.148579692613257	19.92320632142909	20.064350310411776	20.238672107344144	19.986031821934915	20.67359451492862	20.959876459158977	20.544975090709187	19.90199616746556	20.160829661013853	19.785708655871396
2025-01-03 13:45:00	20.638807495363658	20.929601975012197	20.508160700159237	19.965130932449473	20.118262001090066	19.8963329161037	20.05312178482297	20.24292623181653	19.96784732313021	20.68372737297996	20.964782440387967	20.55745625573869	19.950524757998178	20.26528210973323	19.809112034754893
2025-01-03 14:00:00	20.790520835701145	21.229457653336482	20.593317337922947	20.04736175228115	20.313770031830973	19.92767107596167	20.094160511729235	20.343958050738234	19.98193263188461	20.773480552521782	21.13627628941568	20.610485366381052	19.9669585904761	20.274657039929558	19.82871725811295
2025-01-03 14:15:00	20.711859655920858	21.011339199032864	20.577310875682137	20.14452093672773	20.530399011031793	19.97115542508388	20.01946615729487	20.189998713520676	19.94285008130936	20.86525808648081	21.30590662516935	20.667285554606252	20.00576067314212	20.34603945020274	19.852881802288795
2025-01-03 14:30:00	20.712703133687892	20.990651574757948	20.587827747120194	20.095329271401667	20.40535764398301	19.956041161981062	20.019854581133313	20.214052005501767	19.932606462938786	20.9230136402826	21.38590088463911	20.715049805861565	19.950076297818807	20.211135476859983	19.83278884056842
2025-01-03 14:45:00	20.779655768017367	21.118586650902028	20.627382472808325	20.02851983029783	20.254754489974744	19.926878171602404	20.04941892338657	20.297863914263317	19.937798710094114	20.918827167399673	21.318842318410052	20.739110215496463	19.888943479486674	20.079065049574172	19.803526542200988
2025-01-03 15:00:00	20.78402885909259	21.136049045724526	20.625874862199986	19.89121633033845	19.999100739853212	19.84274652316516	19.994235875299054	20.221469523971315	19.89214539546079	20.818848844709237	21.07664659302056	20.70302666793169	19.792829244310123	19.926764053450185	19.732655634406623
2025-01-03 15:15:00	20.758744143764442	21.056778821573758	20.624844505908083	20.032675951430164	20.3518536560411	19.88927727254699	20.110968727419582	20.50321800299668	19.934740792015376	20.77730680976153	20.970791512873596	20.690378899667714	19.843094396308732	20.065276068302026	19.74327364512334
2025-01-03 15:30:00	20.97904523945706	21.52740005657111	20.732682930318873	20.202956287093183	20.726718223134792	19.967642953509277	20.111779802774077	20.49988243552976	19.937414851825867	20.925038710252164	21.30230649801466	20.755541588213944	19.93637090016717	20.278786473539416	19.78253201937675
2025-01-03 15:45:00	20.934287917473444	21.37052037551204	20.738299421832913	20.206084249722515	20.698824076526424	19.98470838550626	20.130221512665262	20.53252128844276	19.949478135142034	20.975032581485262	21.3819013460843	20.792236469853805	19.763922525584324	19.907511018744426	19.699411753295003
2025-01-03 16:00:00	20.853662326438513	21.171601982417652	20.710819872302963	20.07393891216817	20.396034562824074	19.92922927201841	20.0302428021721	20.317968113630435	19.900974908618355	20.94885256247036	21.295986164988378	20.79289398742603	19.71402387860046	19.848627884002955	19.65354961530369
2025-01-03 16:15:00	20.85176566927272	21.158631135528882	20.713898575737346	20.070359321194218	20.39759509400089	19.92334035080281	19.95563288834215	20.1723692088628	19.858258599412586	20.921962838800994	21.212338952740698	20.791504005001993	19.648668195112286	19.74525673661765	19.605273343131614
2025-01-03 16:30:00	20.931480082896506	21.325114197149418	20.75462997359447	20.05695933056113	20.37624829711039	19.913510664430305	20.015074442866123	20.332417479508162	19.872500035099403	20.83932970857198	21.01400319411952	20.760853215065115	19.69285858681234	19.881868967017105	19.607940879763824
2025-01-03 16:45:00	20.940248686486214	21.319871086692814	20.769693695089053	20.03006839092243	20.326557281189498	19.896863237324183	20.008883705966745	20.329144571847653	19.864998389411546	20.905881137859595	21.171780179900026	20.78641924940665	19.804748161405758	20.144682727215002	19.652023936187106
2025-01-03 17:00:00	21.012728468198212	21.45564145310263	20.81373857642956	19.903767413688247	20.063509765890032	19.831999110525125	20.03113565989371	20.390814932230157	19.869540624496175	20.83981796145097	21.01656099255012	20.760411672116568	19.70491285932866	19.930033415452442	19.603771739910727
2025-01-03 17:15:00	20.92695928379448	21.23513813782468	20.78850211749106	19.87461419081832	20.040644525662696	19.800020851975194	19.92125190651929	20.153797821242843	19.816774756426096	20.813500372903984	20.965340622390073	20.745282289801537	19.710369434079627	19.960800708705758	19.597856832436
2025-01-03 17:30:00	20.942022030266678	21.262026638921537	20.798251843769567	19.821077473170593	19.96331494083203	19.757173683351684	19.8259043968052	19.97472708733838	19.759042028594642	20.986809956226374	21.366859280953683	20.816063158160482	19.762214270019477	20.086401515775684	19.61656492772321
2025-01-03 17:45:00	20.905900057252982	21.175089682783042	20.78495979071049	19.773596391315774	19.906050790681775	19.714087893049893	19.852892731067634	20.077574847941857	19.75194859160241	20.898460162628176	21.140421974479946	20.789752681941152	19.632605214595863	19.813263325904256	19.55143997618195
2025-01-03 18:00:00	20.83487060797108	21.02583233546248	20.74907620866335	19.727450727218873	19.858608621337957	19.66852471681755	19.76599698575899	19.92182384700334	19.695987816214437	20.97518548691116	21.3094786750816	20.82499579367517	19.61414317753464	19.807617242451446	19.527220046919837
2025-01-03 18:15:00	20.817266319863723	21.00312179062231	20.733766035899723	19.66187610462169	19.762281805493465	19.61676629698365	19.701969538326995	19.824859393620066	19.646758154064894	20.902961128372056	21.126541741881073	20.802511867230315	19.54819605424178	19.6940777512776	19.48265500195032
2025-01-03 18:30:00	20.80328832800623	20.98885019971641	20.71991995086108	19.62421563354773	19.735946697135454	19.574017619472087	19.66882190777335	19.800668907511056	19.60958629919555	20.888629529345295	21.092984404046472	20.7968179189723	19.528501819928707	19.686833432609426	19.457367327275055
2025-01-03 18:45:00	20.802906983543977	21.004227008394952	20.71245885643702	19.599559024423517	19.736337097686196	19.538108006001153	19.669446057742103	19.84866559474349	19.588927135321196	20.876652199536036	21.067483694596238	20.790916310451017	19.539071935139308	19.741173736615416	19.44827257505584
2025-01-03 19:00:00	20.801034971588813	21.020947518439446	20.70223368242404	19.537265949996836	19.656300089269283	19.483786843946895	19.629123210069395	19.805359235648723	19.549944705823616	20.877232418283878	21.080974515582508	20.785696113700435	19.51873139921022	19.73068351047202	19.423506537628832
2025-01-03 19:15:00	20.879592998939405	21.203513853632256	20.734063339584647	19.50392927	19.640433525596443	19.442601271108842	19.61156706194121	19.80626629771798	19.524093492244404	20.85911221629414	21.04303647671256	20.77647957755543	19.509886540396746	19.735257077946155	19.40863311048324
2025-01-03 19:30:00	20.8699250051939	21.173243734479577	20.733651373195993	19.50392927	19.700527736264736	19.41560242283758	19.61729776194758	19.85565921578195	19.510207833413308	20.84029627814338	21.00966511557927	20.764203032338855	19.460605789437732	19.650054699293754	19.375491061821258
2025-01-03 19:45:00	20.873419467248457	21.17634812063299	20.737321086742355	19.503929269999997	19.725796591541467	19.404249748727736	19.693565735244185	20.051374437427985	19.532811100929727	20.86130911254197	21.06765091337952	20.76860482520916	19.45245982438333	19.65756318456363	19.360311937925516
2025-01-03 20:00:00	20.80991651421895	21.03099629382058	20.710590816137056	19.503929270000004	19.744928234478518	19.395654372915445	19.566634584615468	19.777577286602007	19.471863225751946	20.861640509524207	21.07178695920046	20.767226887205886	19.43135893450102	19.633395653104003	19.340588814548955
2025-01-03 20:15:00	20.81673226813704	21.058032069123346	20.708322212621447	19.50392927	19.755565545313363	19.39087529123602	19.52398812994135	19.71617706380361	19.437642377046714	20.846187221148746	21.041024036935067	20.758651840143294	19.378135753431053	19.544286236117724	19.30348843512255
2025-01-03 20:30:00	20.781157663697748	20.987537016051192	20.688436505394016	19.50392927	19.779379699756515	19.380176178370256	19.470094872980617	19.63595438669119	19.395578279864278	20.778545973611443	20.89564183088994	20.725937689906615	19.35977003647201	19.535360362938682	19.280881628929006
2025-01-03 20:45:00	20.821470535709683	21.09001135893364	20.700821760058343	19.45576164965393	19.683182682623286	19.3535869826677	19.4476948928501	19.627845652186465	19.36675759517724	20.830927869183267	21.033327711029447	20.739994606904546	19.350264111574795	19.54402209757361	19.263213422213013
2025-01-03 21:00:00	20.808347041000502	21.07290073427996	20.68948958459959	19.43046131504702	19.6660850499709	19.324601376168168	19.386223085471077	19.540081080687685	19.317098478924486	20.77367096818044	20.918136362969793	20.70876622559392	19.359867620029224	19.59876708940742	19.25253597436656
2025-01-03 21:15:00	20.87941520796577	21.233054817347906	20.72053364433032	19.407139919550126	19.645235183391904	19.300169583621212	19.360788595516528	19.530359561908234	19.284604538152145	20.75430890622645	20.893217702898692	20.691900606272256	19.33790973497186	19.56999191370432	19.233640930034085
2025-01-03 21:30:00	20.75978580097624	20.95869577822932	20.670420448877035	19.35389889925025	19.557238374391	19.262543482882663	19.293916618543868	19.42575489133719	19.23468493076716	20.731110867654554	20.860538206578777	20.672962353065415	19.322915897665954	19.556190073736452	19.218111557692254
2025-01-03 21:45:00	20.726338586067914	20.90152908292127	20.64762981211931	19.37116594356708	19.62990487386989	19.254920916909306	19.252096530571425	19.38240220947749	19.193553399468698	20.689469532621658	20.78781369366867	20.64528592403532	19.287452603649665	19.498927432279157	19.19244217339584
2025-01-03 22:00:00	20.55519481	20.532292216897602	20.565484380814123	19.228198526751584	19.34873812027647	19.174043057196926	19.215340300445224	19.356893596638443	19.151743892010593	20.676246960538926	20.79026169314775	20.625022950236414	19.21843083068371	19.38239479758018	19.14476586004907
2025-01-03 22:15:00	20.180194810000003	19.74490561132114	20.375759522449936	19.20545056766164	19.350361123557178	19.140345825157855	19.18004949949498	19.329072911175228	19.11309695221835	20.58054004	20.584567614373384	20.57873055006413	19.19252857254599	19.36037609201058	19.117118817424213
2025-01-03 22:30:00	20.05194805000001	19.67708057231912	20.22036677185665	19.175964986105026	19.33370049067691	19.105098310137947	19.106199163432514	19.213193157175194	19.058129398127843	20.3207635	20.017876783123892	20.456843039466087	19.156535861504352	19.315992345594033	19.084895991840867
2025-01-03 22:45:00	19.7224026	19.104906085983686	19.999828570065297	19.150299014353504	19.322651391174304	19.072865337810814	19.047491850686846	19.137820899188625	19.006909234693293	20.210428310000005	19.93765468003215	20.332978781434836	19.122652200923195	19.27764359944208	19.053018384197316
2025-01-03 23:00:00	19.79545455	19.577234546636582	19.893495421076317	19.085262548203954	19.22969379606361	19.02037314699164	18.98000327907483	19.053927242207788	18.946791063754223	20.21042831	20.10086618184649	20.259651874822588	19.06939172335117	19.206128148085764	19.007959416586353
2025-01-03 23:15:00	19.66720779	19.434429926923627	19.77178914877344	19.048978270374718	19.20250165222907	18.980003997367685	18.93822226096702	19.026470936338633	18.89857430536528	20.123836130000004	19.985078173662924	20.186176661107964	19.001673170000004	19.10102734393999	18.957035787505227
2025-01-03 23:30:00	19.621753250000005	19.4961749826666	19.67817247155559	18.944052900933627	19.023325014769853	18.908437893268076	18.89237847819101	18.98818779615705	18.849333712148294	19.753724390000002	19.19720542482376	20.003754649716864	18.79419967	18.71167245581671	18.831277114053357
2025-01-03 23:45:00	19.5487013	19.44439071916779	19.595565473997087	18.887753504818374	18.96431942446634	18.853354323527267	18.820314109775786	18.889951762376977	18.78902762817236	19.55679702	18.980536846228546	19.815696518361094	18.586726159999998	18.37237490793418	18.68302889643536
2025-01-04 00:00:00	18.743506489999998	17.662687401364714	19.22909187764774	18.503929270000004	18.13540011990824	18.669500337432538	18.50754815	18.227870593722812	18.633200385428882	18.682495340000003	17.111597268095654	19.388261140420795	17.93586168	17.096763473708947	18.3128478306525
2025-01-04 00:15:00	18.743506489999998	18.10491482706992	19.030409990736707	18.50392927	18.350389076751615	18.572911095952183	18.507548149999998	18.410365192020308	18.551210058657542	18.682495340000003	17.700457808242135	19.123700607891216	17.93586168	17.45540446728002	18.15171926832347
2025-01-04 00:30:00	18.743506489999998	18.38554415591264	18.904330147343597	18.50392927	18.496639710082853	18.507204289672924	18.507548149999998	18.534928387337995	18.495246883949598	18.68249534	18.106244922307717	18.941390455195084	17.935861680000002	17.699881966467785	18.04188155129708
2025-01-04 00:45:00	18.74350649	18.574417377879143	18.819474062112274	18.49983686018824	18.585971405991156	18.461138730914467	18.496132932144683	18.59192296506466	18.45309683039802	18.682495339999996	18.36703427602261	18.824224223815925	17.935861680000002	17.858301223605146	17.97070768214841
2025-01-04 01:00:00	18.743506489999998	18.692783246079614	18.766295193790317	18.44556770980563	18.517690742677388	18.41316460808064	18.45968914748408	18.559731600741262	18.414742538049698	18.682495339999996	18.542672345644384	18.74531436644962	17.935861680000002	17.956156281094586	17.926743815740117
2025-01-04 01:15:00	18.74350649	18.789673138000726	18.722764952492433	18.397592341437747	18.469723302810362	18.365185677632663	18.426277144294183	18.536841614692214	18.376603251796514	18.682495339999992	18.64583710034104	18.698964983904737	17.93207356527942	18.0204987495373	17.89234630858385
2025-01-04 01:30:00	18.73755777007697	18.82898482121664	18.69648184855046	18.363437062168995	18.45182685165383	18.323725707472914	18.376114844410463	18.47465956421089	18.331841129717514	18.682495339999996	18.707538784895476	18.671243937220865	17.92452504496823	18.044160230785604	17.870775903514048
2025-01-04 01:45:00	18.735604608591146	18.855504750070345	18.681736429086	18.335914465260025	18.445043965584524	18.286885269462065	18.337703247187893	18.44044567212607	18.291543606998278	18.682495340000003	18.74925512943404	18.652501811413696	17.916418654249064	18.060715273629064	17.85158973829573
2025-01-04 02:00:00	18.691747243260167	18.794763323215683	18.645464656613484	18.26807726168008	18.357194733030763	18.228038977450062	18.264578865122786	18.340812869602566	18.230328805139123	18.68249534	18.79251442231393	18.633066476931422	17.8900347536072	18.045500532008564	17.820187809687745
2025-01-04 02:15:00	18.658065783398172	18.754166616396347	18.61489004683377	18.188606893410647	18.241335172378452	18.164917376772937	18.203657892012384	18.266679633431927	18.175343776302153	18.660857671806657	18.764403909362844	18.61433689841185	17.80598045827647	17.899801716216345	17.763828878622327
2025-01-04 02:30:00	18.616677924257463	18.69781065333326	18.580226988006018	18.14576669062313	18.212024225869754	18.11599881246885	18.178019988722678	18.271495158760636	18.136023897836065	18.644687678250797	18.74931863171886	18.597679568721666	17.753475843436746	17.832412868433607	17.71801138293091
2025-01-04 02:45:00	18.606064708000382	18.711524351372503	18.558684288514357	18.11290526257298	18.201621845730564	18.07304708753117	18.141103395984814	18.245612298776823	18.094150120817392	18.613277217692506	18.699968563120173	18.574328932065576	17.744069912213856	17.858900360049667	17.69247942115719
2025-01-04 03:00:00	18.55010942729809	18.63838181620784	18.51045081778791	18.048694137249754	18.134570558091266	18.010111977161543	18.068955771909526	18.156764694380453	18.029505386451575	18.585995568832438	18.67566691141337	18.545708443904772	17.69569370579388	17.814259602544638	17.642424969572527
2025-01-04 03:15:00	18.518422889104627	18.6072008495061	18.478537138779327	17.968026858576057	18.01952399326855	17.94489046472871	18.00238102828497	18.07119666284018	17.971463859136982	18.53248837931333	18.582244802490322	18.5101340442628	17.633528969187385	17.72406563421699	17.592853076203074
2025-01-04 03:30:00	18.484539439881132	18.57098355154965	18.445702230290927	17.91982546769813	17.981194230147654	17.89225399471356	17.963855815249662	18.050145150157707	17.925088143044604	18.509592654388207	18.56429613685267	18.485015727483884	17.574057192505418	17.644612248037596	17.542358544367776
2025-01-04 03:45:00	18.44919841956646	18.531825679830476	18.41207602727394	17.87751299396255	17.95368255629077	17.843291886249876	17.90884928870042	17.98934153312546	17.872686106422506	18.52463259658882	18.630147483529544	18.4772273575285	17.587272317132207	17.722641294933943	17.5264543705836
2025-01-04 04:00:00	18.397094971780366	18.46236491946314	18.367770792386665	17.79958109125368	17.85130790474334	17.776341508381513	17.840715213018566	17.90688722885373	17.81098575662886	18.51447467531965	18.634718235156694	18.460452206407357	17.53151901233726	17.648875365251318	17.47879369436138
2025-01-04 04:15:00	18.373800088306	18.45533727117467	18.33716744093023	17.752185265625656	17.81624930776399	17.72340286988235	17.789173765398044	17.859138159339114	17.757740486960756	18.462996519029733	18.541577598978034	18.427691975864555	17.462083764601196	17.54538693786366	17.424657701251398
2025-01-04 04:30:00	18.32713407865209	18.393830714249678	18.297168923528538	17.6954395485706	17.757957323603474	17.66735185254134	17.743766609732056	17.82375580887567	17.707829433305214	18.418390362033502	18.47124744551152	18.3946429767028	17.41159436550793	17.488198663802365	17.377177941636518
2025-01-04 04:45:00	18.300081856136234	18.377862819224084	18.26513678576344	17.65969587637519	17.745575388730366	17.621112327346044	17.678375211734767	17.74212557452906	17.6497337443924	18.424071625266073	18.517639024664387	18.38203409800016	17.38776147580267	17.488372566157693	17.34255939173012
2025-01-04 05:00:00	18.257467809797916	18.328913911652787	18.2253688365008	17.59749545567516	17.67514723224009	17.562608425624244	17.628454009954588	17.701675267726177	17.59555750283981	18.397507469851305	18.487799629978177	18.35694142689575	17.34067384596901	17.439066456510268	17.296468470218592
2025-01-04 05:15:00	18.225040204344054	18.303128002906337	18.189957280352306	17.527371852781556	17.586535902681824	17.500790902826356	17.584995193442033	17.67167411920073	17.54605248766638	18.384482432183987	18.487703046598405	18.338107953244176	17.31142794016318	17.426467440460005	17.259743526986348
2025-01-04 05:30:00	18.19163432446723	18.27371956798394	18.15475544694523	17.456397385741482	17.499381059162104	17.437085880291633	17.51516108644575	17.581067256400285	17.48555106806038	18.322506687530595	18.375921788658207	18.29850859861819	17.25047393334406	17.343028610291192	17.20889139732433
2025-01-04 05:45:00	18.141291309854584	18.20621496976183	18.112122709026693	17.418328221091333	17.486666691706272	17.387625429945494	17.464553479143408	17.53574318128828	17.432569699918908	18.300839153545198	18.363023159886243	18.272901411565883	17.196746023174768	17.279368894943	17.159625602525274
2025-01-04 06:00:00	18.09038918088328	18.1497763500734	18.063707988928304	17.346588852741082	17.403516084155967	17.32101285022135	17.41268608713364	17.494470822624802	17.3759422204637	18.28937667185943	18.37757966400371	18.249749240606196	17.163940312795212	17.271316286657296	17.115698933233986
2025-01-04 06:15:00	18.049372079095814	18.107203079452187	18.02339003545745	17.29972482617904	17.370088514331794	17.268112154690126	17.37019527888894	17.4649140772568	17.32764045643382	18.264116166232444	18.351050181835177	18.225058854874693	17.100467987019837	17.184526387727697	17.062702618585874
2025-01-04 06:30:00	18.04240120843179	18.139361007982714	17.99883955935819	17.248118473202375	17.32331083156162	17.214336399156924	17.30375407526591	17.380069873796383	17.26946726723049	18.215603464902618	18.27270620547349	18.18994861044324	17.06950051695922	17.170647489046257	17.02405767442736
2025-01-04 06:45:00	17.99757166860331	18.080845379630485	17.960158841909944	17.172815125558046	17.223259668136045	17.150151635414304	17.24125422601366	17.306831485508624	17.21179197899418	18.17212942017044	18.210774594287805	18.15476709556698	17.009521858243687	17.09174380402827	16.972581563760762
2025-01-04 07:00:00	17.935200779065035	17.991945677899142	17.909706694081592	17.110837469998227	17.162043651327064	17.08783179432875	17.17496936394871	17.232387020683767	17.149173025415564	18.179402369591056	18.269606936679477	18.138875680029592	16.967975402354426	17.061366258485435	16.926017191628894
2025-01-04 07:15:00	17.915086735794944	17.996038436243044	17.8787171312458	17.127077158075505	17.268210646749214	17.0636693588163	17.13010999178404	17.202445188840397	17.097611569918136	18.14684777016433	18.227200744106014	18.110747158683274	16.930535579963646	17.03244379516528	16.884750729655668
2025-01-04 07:30:00	17.89261762282302	17.989625366474083	17.84903443364645	17.100367793462347	17.262320208353785	17.027606563583582	17.079578658734157	17.15625607586897	17.045129384369236	18.112029885275458	18.181530379652013	18.08080502548308	16.8790512853413	16.971811408036828	16.837376447608523
2025-01-04 07:45:00	17.85099441678843	17.938559347370425	17.811653650874785	16.980153610120656	17.047027831366314	16.95010867014072	17.00823360637395	17.062214976570992	16.98398110672021	18.054452305408343	18.086671463474953	18.039977031494356	16.824362722057323	16.905863505030602	16.787746428257734
2025-01-04 08:00:00	17.798508805289433	17.862594287532982	17.769716777035097	16.95818489522778	17.06461314958732	16.91036930268944	16.97338777748334	17.05352375603379	16.937384656685314	18.02549079277601	18.061743632281075	18.009203285172287	16.778578779678405	16.85906656749345	16.742417599645556
2025-01-04 08:15:00	17.76910148038216	17.845223602227325	17.734901686509705	16.902748172042077	17.002103646581574	16.858110205219987	16.93348475621871	17.030103171185413	16.89007648282788	18.092219165677683	18.251420565974296	18.020693898877756	16.789861405197396	16.936336790305923	16.724053623481964
2025-01-04 08:30:00	17.732722322856805	17.810600125648936	17.697733744790785	17.079709549189154	17.489097059197785	16.89578182730122	16.874738215510558	16.962027984750595	16.835521072808515	18.06244136795364	18.202092338859202	17.999699627401863	16.72355579950574	16.83611429471938	16.67298604078656
2025-01-04 08:45:00	17.691200121739364	17.764132633785888	17.65843334096484	17.55619318948054	18.571254701642467	17.100151060828075	16.815996107997258	16.896721156929047	16.779728332390228	18.02294552702561	18.134983672324125	17.97260954870309	16.685790533026022	16.802809168221973	16.63321694330031
2025-01-04 09:00:00	17.63727247609507	17.697510741814945	17.61020890743832	17.94204322	19.236633901413114	17.360415522553527	17.23841749	17.96145247772545	16.91357568392045	17.97473484322226	18.05814559662911	17.937260446764114	16.79419967	17.100619070820606	16.656532982674808
2025-01-04 09:15:00	17.67806893756086	17.83448771114818	17.60779383638394	17.94204322	18.884738537999482	17.518513439449507	17.405517960000005	18.2056955861647	17.046017867085432	17.983009274221313	18.11090590616588	17.92554846856507	16.897936420000004	17.305287520176154	16.714923606877388
2025-01-04 09:30:00	17.763945397435773	18.078634201759336	17.622563470855617	17.850687620000002	18.461631656400588	17.576205516689598	17.40551796	18.029393163409374	17.125226201946518	18.29702048	18.899865341193273	18.026177136565344	17.03011712	17.544630778880347	16.798958809488543
2025-01-04 09:45:00	18.185649672796387	19.038015628948607	17.802702649017853	17.942043219999995	18.57505579280905	17.657646266998835	17.669443	18.538196962839038	17.279133248579566	18.29702048	18.759495469958548	18.089241861322968	17.04714349907483	17.493505061950586	16.84660424618862
2025-01-04 10:00:00	18.564973999829803	19.720565453632	18.045795230730263	18.357563849999995	19.448128657687256	17.86759995089413	17.809994789999998	18.68532773572727	17.416729263658763	18.40735568	18.947051951867802	18.164883441914462	17.4879185555774	18.426086503395577	17.066422810905465
2025-01-04 10:15:00	18.801948049999996	19.963519150884693	18.280082772790927	18.590373279999998	19.740893397461797	18.07347293737224	18.047371159999997	19.043117106948333	17.60000703890727	18.690875230000003	19.498099771697873	18.32820913155603	17.945343000000005	19.211688055249624	17.376405366482054
2025-01-04 10:30:00	18.875	19.82044675064276	18.4502340685518	18.590373279999998	19.46619653114026	18.196887471516693	18.311296200000005	19.425815892238976	17.810569961457855	18.62802607	19.153158547742976	18.392096985796634	18.181260460000008	19.4031383380539	17.632300833627966
2025-01-04 10:45:00	18.9025974	19.644993514567613	18.569057116643535	18.681728879999998	19.478110372646455	18.32393429634724	18.40812077	19.38334050148108	17.969978571798357	18.80121043	19.508728073158032	18.483340184523207	17.973786949999997	18.643122781885307	17.673070851616735
2025-01-04 11:00:00	19.103896100000004	19.942664323618747	18.72705820243216	18.748035360000003	19.49841603312752	18.410907811203572	18.3112962	18.945855456291827	18.026204360216717	18.628026070000008	18.931159180148715	18.491835832107103	18.105967649999997	18.810326808949952	17.789516433660154
2025-01-04 11:15:00	19.1038961	19.75926086759947	18.809456856585747	18.99705305	19.951288910337837	18.568338388109083	18.43466944	19.13449961167615	18.120252986058546	18.628026070000004	18.895437259443597	18.507884810974616	18.209704409999993	18.92078139798055	17.890235038588443
2025-01-04 11:30:00	19.076298700000002	19.572954036442663	18.85316369377214	18.997053049999998	19.774792290907023	18.64763397075191	18.504945340000003	19.170426335315433	18.20596112471336	18.753724389999995	19.180600235187136	18.56193958998838	18.077523699999997	18.49403306056577	17.890396306122625
2025-01-04 11:45:00	19.0762987	19.47030573602523	18.899281046133595	19.113457760000003	19.89494452642933	18.76235500986509	18.40812077	18.828035952652264	18.219463224170717	18.840316570000002	19.35232661059322	18.61028307350161	18.15281651	18.624449415671375	17.940923465422998
2025-01-04 12:00:00	18.975649350000015	19.232749233323588	18.860140706767687	18.88064833	19.25721022079457	18.7114683500778	18.451847999999995	18.90063630147278	18.250218473251344	18.715293970781385	18.964400462198647	18.603376561593922	18.04907975	18.353019215607354	17.91252723646626
2025-01-04 12:15:00	18.898371896395073	19.048852164444742	18.83076481944522	18.697937130000003	18.841878518849107	18.633267810372153	18.228193616400375	18.34354449421845	18.17636930897487	18.77746741	19.129508544465203	18.619304001762007	17.868354851467565	17.95010472599633	17.83162664696914
2025-01-04 12:30:00	18.74492040852716	18.74643125738262	18.744241621360217	18.606581530000003	18.69010674480654	18.569055708855032	18.17222873553318	18.286059151131983	18.121087534322122	18.669138205171617	18.821930768989226	18.60049227070284	17.78601111308776	17.834426481868224	17.764259280737107
2025-01-04 12:45:00	18.70165043888022	18.716382390222574	18.695031736103218	18.50397770161663	18.54161494083469	18.487068217330258	18.076754055714247	18.144077275761692	18.046507391634957	18.5991825017483	18.68256337830195	18.561721528224197	17.763125389172885	17.85274839348536	17.722859981438305
2025-01-04 13:00:00	18.642185691679334	18.66560605464577	18.63166349962195	18.500006079143475	18.62895080138548	18.44207439233909	18.03838623470235	18.14495724395213	17.99050650590897	18.544681389332872	18.60761088670729	18.51640871659943	17.69159717871416	17.775257896346897	17.654010479487866
2025-01-04 13:15:00	18.661279254034675	18.757364831603073	18.61811037135901	18.436229493312478	18.554454964906288	18.383113701726867	18.01145237	18.148024187427826	17.950094017242574	18.494896150605975	18.53336998940816	18.477610802738326	17.7562744	17.970363547807285	17.66008942055035
2025-01-04 13:30:00	18.60551915411312	18.668794129497737	18.57709126662148	18.348722990000002	18.428922575702785	18.312691292075574	17.994273820000004	18.180290353969934	17.910701174303366	18.47264254143394	18.524209319717393	18.449474858437036	17.6809816	17.81919581831094	17.618885356990745
2025-01-04 13:45:00	18.621390332957336	18.747560752578206	18.564705071968255	18.3431519050312	18.48696950518644	18.278538200613617	17.85961303992295	17.89201599196412	17.845055191904457	18.50575759542636	18.6355864636701	18.44742868360671	17.916899050000016	18.356841954315446	17.719243542264095
2025-01-04 14:00:00	18.571025914552184	18.68092656767762	18.521650258800157	18.323673870000007	18.52116094463271	18.2349477929911	17.858432408745184	17.967967481850337	17.809220999089256	18.4737520306861	18.59582380379267	18.418908190594735	17.916899050000016	18.292089423026464	17.748335259220013
2025-01-04 14:15:00	18.573051949999993	18.715085307900015	18.5092398616681	18.32367387	18.543676866341784	18.224831944107308	17.801123327237793	17.895973630869364	17.758509422707668	18.42440691686622	18.504004532666542	18.388645669187817	17.91689905000001	18.225629051277433	17.778194266817408
2025-01-04 14:30:00	18.583589116744562	18.743301018338038	18.511834494289523	18.20726916	18.31745431883063	18.157765682844214	17.80062467	17.958380717319503	17.729748764682554	18.3434958587245	18.353613801587112	18.33895011627898	17.760786019677866	17.85724940503917	17.717447397269154
2025-01-04 14:45:00	18.447183562892793	18.45947605669592	18.44166084828558	18.20726916	18.364413707963706	18.13666798627716	17.89744925	18.225531093957642	17.75005016068569	18.291552300610842	18.280606597520624	18.29646993533254	17.73786949	17.845059405243816	17.689711701991882
2025-01-04 15:00:00	18.543792359870746	18.75532810739429	18.448754560258706	18.116948108331368	18.236094601916005	18.063418524257102	17.89744925	18.23860157310408	17.744177916431497	18.26946786087736	18.298200982779885	18.256558777124056	17.763205372097353	17.96419141766884	17.67290729365216
2025-01-04 15:15:00	18.540757277413807	18.727663450358413	18.45678493884448	18.065815319999984	18.166994800794686	18.0203578721067	17.99427382	18.440542654473568	17.793776227700278	18.229435234878675	18.23169293908829	18.228420904001894	17.710728475424755	17.839336056879798	17.65294825766958
2025-01-04 15:30:00	18.598441586147782	18.837181577630385	18.49118158997443	17.9973748797738	18.054650475235015	17.971642365870935	17.87090057	18.07746132172299	17.778097913428795	18.23045975408883	18.26405121220945	18.215367939570882	17.730106705774	17.882041124476313	17.661846314762798
2025-01-04 15:45:00	18.495988438372276	18.58695965130439	18.455117313721644	17.958281032085097	18.02278110768111	17.929302737252108	17.77769184157657	17.853587697175094	17.743593703554026	18.336126629999985	18.55491830168847	18.237828922429813	17.69472752347708	17.804052692739837	17.64561041844597
2025-01-04 16:00:00	18.481359870448802	18.568282583021784	18.44230763726381	17.999508839999994	18.187709723900713	17.91495481969678	17.897449249999994	18.173074143663058	17.773617776035408	18.359869649999986	18.572682515550202	18.264258072723806	17.669115598806354	17.76291889026714	17.626972091048586
2025-01-04 16:15:00	18.48885897486097	18.57638931221084	18.449533750834235	17.999508839999994	18.187587862912288	17.915009568836503	18.06454970999998	18.55255657563591	17.84530024862731	18.44646182	18.744429898017263	18.312592103789356	17.67497432350424	17.7717074202243	17.63151452642707
2025-01-04 16:30:00	18.50496387390258	18.604936612167066	18.460048585696796	17.90815324	17.9732049782371	17.878927096734067	18.16137428	18.70469379384531	17.917274208562247	18.44646182	18.663975133522754	18.3487384472579	17.629287186499283	17.67136503626476	17.610382645300305
2025-01-04 16:45:00	18.5073038573505	18.60102110537184	18.465199006790186	17.82136559850007	17.81631390487508	17.823635199983755	18.25819885	18.826082058827975	18.003062915599045	18.44646182	18.6378033890346	18.360496767245323	17.60428511850834	17.625970225010562	17.59454253442763
2025-01-04 17:00:00	18.510216104855452	18.583897043749815	18.47711307433768	17.838017398857858	17.89874435660664	17.810734272912754	18.202582575012578	18.563795097207695	18.04029868822927	18.44646182	18.628093092848047	18.364859364082747	17.639132032510656	17.696469121113306	17.613371891254374
2025-01-04 17:15:00	18.541233693748627	18.65224013163864	18.491361236145863	17.829310922264014	17.924203184549636	17.786678166744395	18.18365023340017	18.508556771085598	18.03767773096179	18.355252593528295	18.369809949519116	18.34871233214112	17.63781314621898	17.70246143578031	17.60876826250299
2025-01-04 17:30:00	18.53974407615644	18.641304754342283	18.49411536566714	17.83101835548538	17.965390384558624	17.770648313437988	18.084599458344204	18.2845187608841	17.99478064126106	18.386585436311858	18.46768791739258	18.35014808973935	17.63832414394293	17.710033362500532	17.606106958793873
2025-01-04 17:45:00	18.672613761770904	18.92635507066719	18.55861404328128	17.793584027260916	17.91216038354604	17.740310591828475	18.05610039467636	18.239245452143066	17.97381783262609	18.346281764482043	18.391290143313658	18.32606060877508	17.632102168775596	17.701589422095058	17.60088325786397
2025-01-04 18:00:00	18.81203010141602	19.181090205824113	18.646220489290656	17.73235618139508	17.800512120777817	17.701735397034724	18.12527547539006	18.400094316197976	18.001806141114038	18.269337380884238	18.228663126708327	18.287611321166167	17.663375310841168	17.75760180715228	17.621041667570964
2025-01-04 18:15:00	18.776761035290853	19.052857193605625	18.65271783372914	17.702338198229565	17.778459421273283	17.668138808166447	18.053264293574582	18.246260811575127	17.966555713023602	18.277865986724862	18.285147832706627	18.274594432733053	17.75655582752894	17.95899557207413	17.665604637950665
2025-01-04 18:30:00	18.670417679568562	18.785931740191103	18.618520058129462	17.62090699261473	17.64162723517132	17.611597898132786	18.011671847379148	18.173313543906637	17.939050215605924	18.271192253371645	18.29715103991309	18.259529610142877	17.772434730804896	17.975777452472055	17.68107785585299
2025-01-04 18:45:00	18.70665994401284	18.858979987135953	18.63822630145029	17.583747803292386	17.61189437110665	17.57110224383959	18.014020609639992	18.20383491981631	17.928741716662216	18.284001364022142	18.34837489199369	18.255079923918984	17.740822818921362	17.89222770629405	17.672800333290127
2025-01-04 19:00:00	18.7270745000809	18.93192275934362	18.63504122418027	17.521064885969093	17.54618831328806	17.509777549057688	17.89744925	17.99056686192718	17.85561380116316	18.206444412157175	18.213677815204505	18.203194622382313	17.699650428774323	17.83242789494375	17.63999678455326
2025-01-04 19:15:00	18.823811722965136	19.101950355350336	18.698850888125406	17.500413868311707	17.538702828360343	17.48321158191304	18.117647059999992	18.532961121816758	17.931056684401156	18.198238116667248	18.20978918430616	18.1930485065686	17.630746622605876	17.66081142684557	17.617239246788046
2025-01-04 19:30:00	18.827723745974726	19.056018974658127	18.725156324392316	17.511405292796216	17.59764174718489	17.47266137850565	18.21447163	18.650617270051022	18.018522139542284	18.24177127808865	18.319779490185034	18.2067241103352	17.73466762363133	17.875092380911063	17.671578239925935
2025-01-04 19:45:00	18.964677449626496	19.311096447416112	18.809039928880452	17.516084843471855	17.63378977072673	17.463202919632707	18.337844869999987	18.881125247655262	18.093762381488204	18.274406343878724	18.391210767015497	18.221928994353505	17.741349361010258	17.861863368298494	17.68720538672133
2025-01-04 20:00:00	19.048539369460673	19.425193993730616	18.879317726672724	17.5008381910724	17.617485879652712	17.448431258521822	18.434669439999993	19.0239781775123	18.169907543436494	18.2886406	18.428427397009795	18.225837836126033	17.768869281920345	17.89242033355231	17.713360838433516
2025-01-04 20:15:00	18.87792281544081	18.980647646593287	18.831771079705646	17.459675504156014	17.547250698219912	17.42033012711282	18.267568969999992	18.51555794749657	18.156153632284145	18.221645356532388	18.245771885189487	18.21080590162849	17.765763301635157	17.862533162874	17.72228698716549
2025-01-04 20:30:00	18.894892204583883	18.997348901489083	18.848860934959816	17.437019049215504	17.523338782548713	17.39823771974696	18.267568969999992	18.492762001542566	18.166395289162026	18.259742006746936	18.3429650325084	18.222351951694677	17.7790765010495	17.871093159974944	17.73773568327138
2025-01-04 20:45:00	18.941211176421454	19.078423555565415	18.879565035066946	17.42642484714636	17.526254295715436	17.381573935470406	18.152931224333962	18.21725393457143	18.12403261538669	18.271576810450636	18.37101483439168	18.226901756216265	17.863386856719796	18.033344351255817	17.787029141783336
2025-01-04 21:00:00	18.92223358011545	18.988200539723167	18.89259625043664	17.609037330000007	17.95554445804395	17.453360214502005	18.24032907633719	18.434745030110246	18.152982778265233	18.271051124017582	18.357982484845895	18.23199500538456	17.948788385490836	18.166637670034326	17.8509140692467
2025-01-04 21:15:00	19.026350733760655	19.21487578216985	18.941651074330437	17.816797639999987	18.431349845850875	17.540694475052497	18.14094946425848	18.236630409066414	18.09796237311287	18.33529316099357	18.51155785608249	18.25610177624347	17.919187227795085	18.078991869522227	17.847390939482892
2025-01-04 21:30:00	19.065338268595596	19.278863778584082	18.969406517731215	17.99950884	18.717499382323965	17.6769333789559	18.10156409970507	18.1882339060369	18.062625491063223	18.299878904842497	18.427412616158175	18.242581150483275	17.90408044774127	18.032796736597618	17.846251390429003
2025-01-04 21:45:00	19.20265702377214	19.553428829662057	19.045063893589713	17.908153239999994	18.31215207436621	17.726646517313718	18.077510279998666	18.176604740410436	18.032989580393373	18.22507554508758	18.2632182221874	18.20793898001375	17.86155044585173	17.93625285080637	17.827988495799644
2025-01-04 22:00:00	19.088520036414764	19.197586771009146	19.039519039712943	17.90815324	18.23943918887626	17.759314625287466	18.034646476998887	18.09810277836758	18.006137124210053	18.16480062639925	18.122138300434266	18.183967758354534	17.879215292927377	17.934363159906763	17.854438715009096
2025-01-04 22:15:00	19.081304727758287	19.209735601433053	19.02360390045513	17.88310413	18.16511934147691	17.75640164368427	17.96204225429287	18.007203418366345	17.941752455941025	18.162008826807384	18.169504261182652	18.158641312812712	17.856515383266174	17.93137504502789	17.822882781605117
2025-01-04 22:30:00	18.975236388331446	19.002052491193545	18.963188574002103	18.11591356	18.709972448735844	17.849017537524468	17.97709525999999	18.11648505081678	17.914470861227226	18.20005011602422	18.297896723818194	18.156090045855905	17.849182290694927	17.95546014914175	17.801434267334756
2025-01-04 22:45:00	18.991893282912606	19.079565227463384	18.952504438259375	18.115913559999992	18.59579063782115	17.900316611993397	17.880270689999996	17.94470260633725	17.851323017442677	18.256101200873385	18.454396715320808	18.16701191177382	17.790710161987867	17.86561298934818	17.757058167086853
2025-01-04 23:00:00	18.96475539629027	19.054902014505785	18.92425474172969	18.20726916	18.76123748249572	17.958384841197585	17.95054658999999	18.18482277319259	17.845292072913463	18.470204839999987	19.010915865260877	18.22727669821611	17.743603072392467	17.814095067718327	17.711932755651873
2025-01-04 23:15:00	18.923719806686215	19.007500355952196	18.88607927005946	18.373772099999996	19.064944869658657	18.0632452034867	17.923997920000005	18.14801555722976	17.823352314867787	18.47020484	18.875478862849228	18.288125206545992	17.707374942959333	17.790763427097282	17.669910551535033
2025-01-04 23:30:00	18.90681660865898	19.015122576548205	18.85815740569425	18.257367390000002	18.66572599118839	18.073901931495087	17.923997919999994	18.17649637920641	17.81055658325509	18.393956049697636	18.621044896362125	18.291930625833885	17.630669750832926	17.6795063908918	17.608728651676046
2025-01-04 23:45:00	18.890622477380788	19.0148707570523	18.834800786513874	18.4651277	19.114466939970292	18.173395577694507	18.047371160000004	18.48032881647679	17.852853952017682	18.446461820000003	18.760976859525993	18.30515796166224	17.658705039073034	17.79575205037274	17.597133193416642
2025-01-05 00:00:00	18.862564641396528	18.953381795891634	18.82176273140597	18.373772099999996	18.75383908465579	18.203017367763337	18.214471630000002	18.832430121198726	17.936838104968693	18.47020484	18.81236296412972	18.31648162481129	17.59564975	17.675918242872324	17.559587093781996
2025-01-05 00:15:00	18.844265454490657	18.971390393184134	18.787151351599384	18.3737721	18.773149524477777	18.194341662915782	18.214471630000002	18.73576731405489	17.980266322671	18.470204840000005	18.746082727044186	18.346259702342472	17.642619917847362	17.85104378819842	17.548980207979493
2025-01-05 00:30:00	18.872211719473867	19.084591055728495	18.776794916229036	18.58153242	19.247709886579706	18.28223529733375	18.381572100000003	19.07077171974501	18.07193169112906	18.623745725467842	19.082660666097524	18.417566549242913	18.095928610000005	18.878345236957102	17.744408096439567
2025-01-05 00:45:00	18.80526407396943	18.97336398778061	18.72974092428615	18.69793713	19.41293104081629	18.376707981662253	18.408120769999993	19.022673966890814	18.132017159802665	18.753724390000002	19.404103918441816	18.46152489171455	18.22810931	19.001855072503705	17.88048440220848
2025-01-05 01:00:00	18.842901699700747	19.10440206906964	18.725416026506036	18.697937129999996	19.30297917353092	18.426106646674516	18.504945339999995	19.169581861022746	18.206340526207164	18.643389200000005	18.99429869487418	18.48573420954929	18.09592861	18.56529548779241	17.885053635919363
2025-01-05 01:15:00	18.875000000000004	19.20966225999995	18.72464449188409	18.814341850000005	19.493245572797093	18.509327133960735	18.50494534	19.08726734211466	18.243322411513695	18.903165740000002	19.552163131031502	18.611587202000347	18.095928610000005	18.52713522327433	17.902198102586908
2025-01-05 01:30:00	19.048701300000005	19.63045257565557	18.787334784850405	18.665277631245235	19.02619068667934	18.503128287499475	18.795419049999996	19.693110533089733	18.392108383684313	19.05260708000001	19.795480738659993	18.718852247848424	18.228109310000004	18.77436090967199	17.98269192464013
2025-01-05 01:45:00	18.97564935	19.370709681801728	18.79815847629198	18.49017682	18.681728087755292	18.4041175547766	18.962519519999997	19.9261749967047	18.52957285655296	19.139199260000005	19.873564110008495	18.809267225938214	18.22810931	18.72141732143374	18.006478174428324
2025-01-05 02:00:00	19.0487013	19.535462700088424	18.830011395612452	18.606581530000003	19.03840107170973	18.412575648942006	18.962519519999997	19.72886905022108	18.61821755714704	19.115456240000004	19.633497595931132	18.882713022117898	18.59620747	19.4802472329204	18.19903018520968
2025-01-05 02:15:00	19.17694805	19.771888786776355	18.909655834926568	18.697937129999996	19.23623614112633	18.45609264674034	18.962519519999997	19.58260321622908	18.683931192708666	19.11545624	19.530723941163846	18.928886693100296	18.52091467	19.140862906467774	18.242387201442018
2025-01-05 02:30:00	19.176948050000004	19.693052409639026	18.945075076828847	18.78929273	19.40895063768056	18.510895699013073	19.17334721	20.03045499438077	18.788269799626026	19.225791429999997	19.7465082705388	18.99184618280141	18.52091467	19.052563249459865	18.282058061836874
2025-01-05 02:45:00	19.350649349999998	20.033282536709912	19.043959077710042	18.99705305	19.808515406863954	18.63248300561185	19.03279542	19.562569950151474	18.794780776018897	19.20204842	19.60840730972754	19.01948138258618	18.520914670000003	18.987672069471245	18.31121207023756
2025-01-05 03:00:00	19.35064935	19.923255306846688	19.093391601271783	19.02210216	19.757853656766002	18.69154713971383	19.00624675	19.480954182724208	18.79297239616738	19.202048419999997	19.56594911757672	19.03855680224814	18.596207469999996	19.135782531370715	18.353789688804447
2025-01-05 03:15:00	19.25	19.60920968438685	19.088615938898677	18.94695481	19.484856498942847	18.705288833808293	19.07652264	19.60128092546419	18.84076167116826	19.20204842	19.52821331248143	19.055510569754723	18.59620747	19.09278252409522	18.373108532652857
2025-01-05 03:30:00	19.25	19.587868958915415	19.098203801066994	18.8305501	19.174046003972897	18.67622585328754	19.04997397	19.471722528136905	18.86049273373559	19.312383609999998	19.757194124313042	19.112541205018776	18.728388180000003	19.343112492305004	18.452207691862966
2025-01-05 03:45:00	19.233530473421	19.561752416983634	19.086068440805906	18.9219057	19.414658482718878	18.70052401501036	18.92660073	19.21023252401195	18.79917195298014	19.312383609999998	19.718452649483105	19.129946795159764	18.728388179999996	19.25306012896739	18.492666000029136
2025-01-05 04:00:00	19.120910315856477	19.33494642083268	19.024749167243986	18.8305501	19.18443711321596	18.671557383917467	18.92660073	19.273902057616358	18.77056680020135	19.162942270000002	19.298786310599475	19.10191088944082	18.728388179999996	19.199396104837327	18.516775923913652
2025-01-05 04:15:00	19.044115612937805	19.204373285854167	18.97211578887394	18.8305501	19.193660514848222	18.667413536807324	19.0234253	19.514944646453827	18.80259776753524	19.273277469999996	19.587212050465464	19.132234397616955	18.728388179999996	19.163350727179754	18.532970224020676
2025-01-05 04:30:00	19.25	19.737750872505845	19.0308655500336	19.013261299999996	19.61724246606446	18.741907442782633	19.19052577	19.919767418456217	18.86289546417185	19.273277469999996	19.550818496383123	19.148585124813376	18.728388179999996	19.126574933125728	18.549492682218872
2025-01-05 04:45:00	19.25	19.67336077797249	19.059794433084825	19.013261300000003	19.579017283901912	18.75908107534842	19.12024987	19.661112491239287	18.877253619877994	19.273277470000004	19.5558902960039	19.146306490201155	18.832124929999996	19.34832527164197	18.600208834479695
2025-01-05 05:00:00	19.323051949999996	19.798848756979712	19.10928816715404	19.24607073	20.072582766673893	18.874739235262457	19.14679854	19.66991621903672	18.911774655215382	19.273277470000004	19.56334835247453	19.142955769178116	18.832124929999992	19.320814539094894	18.612568728812434
2025-01-05 05:15:00	19.25	19.606786833845415	19.08970446595351	19.246070730000007	19.949798773976354	18.929903058068604	19.049973969999996	19.389981498007522	18.897216964663283	19.33612663	19.68830169682906	19.17790304925071	18.728388179999996	19.058791489044967	18.579946113617474
2025-01-05 05:30:00	19.25	19.590928753087592	19.096829110931658	19.24607073	19.863447665111497	18.968698483790487	18.979698069999998	19.266254000304148	18.850955550587983	19.300323798801443	19.578493972224955	19.175348793350302	18.75119951833139	19.12978351085174	18.5811110579237
2025-01-05 05:45:00	19.32305195	19.744034250386395	19.133914974464087	19.154715130000003	19.571657702449173	18.967393104696754	18.97969807	19.307704662042926	18.832332789516947	19.273277470000004	19.530236419252326	19.157832144973597	18.83212493	19.339576366414352	18.604139502045737
2025-01-05 06:00:00	19.323051949999996	19.697182643406194	19.154964247165328	19.15471513	19.565106763641904	18.970336280102917	19.173347210000003	19.794175699911843	18.894424265256994	19.27327747	19.56317885245977	19.143031921358656	18.699944230000003	19.018433245964705	18.5568549619579
2025-01-05 06:15:00	19.4237013	19.902721954829474	19.20848912174328	19.15471513	19.562084543505872	18.97169408914954	19.146798540000002	19.658524924621222	18.916892483141197	19.27327747	19.55253252243949	19.14781505513588	18.699944230000003	19.03524846730992	18.549300297295556
2025-01-05 06:30:00	19.396103900000007	19.771523031664465	19.227437333600033	19.154715130000003	19.556829449874126	18.974055073244966	19.146798539999995	19.634889481264477	18.927511305518856	19.35986965	19.747851115643265	19.185559136450124	18.69994423	19.048069604400325	18.54354007628392
2025-01-05 06:45:00	19.323051949999996	19.558849649876382	19.217113852954085	19.271119840000004	19.81601599386689	19.026311423045307	19.049973970000003	19.4160682111366	18.885496847170515	19.35986965	19.688610826938984	19.212174338621622	18.596207470000003	18.813918669755665	18.4983951918489
2025-01-05 07:00:00	19.4237013	19.800548675765462	19.25439305871408	19.412573670000004	20.099804658946734	19.103817718444226	19.04997397	19.41761831569115	18.884800423385137	19.359869650000004	19.665838379473634	19.222405438207502	18.699944230000003	19.088701241812853	18.525285282663788
2025-01-05 07:15:00	19.423701300000005	19.798112440695135	19.255487599107994	19.41257367	20.009990233772022	19.144169126856042	19.049973970000003	19.42636757389506	18.88086959723556	19.273277470000004	19.445366131754778	19.195962274139163	18.624651419999996	18.910161235894073	18.49637889401859
2025-01-05 07:30:00	19.35064935	19.595535076907932	19.240628226316737	19.412573669999997	19.947914250523098	19.1720583367215	19.12024987	19.593468183160308	18.907644540898993	19.446461820000003	19.886851971719462	19.248605375024596	18.624651419999992	18.927283488838466	18.488686287623274
2025-01-05 07:45:00	19.423701299999994	19.78122503188666	19.26307469581903	19.41257367	19.903758300442018	19.19189651719273	19.120249869999995	19.55543820463558	18.924730473279666	19.446461819999996	19.811794107125948	19.282327024334716	18.624651419999996	18.950935509462198	18.478060017487994
2025-01-05 08:00:00	19.382930562104914	19.658848791523734	19.258967299612394	19.41257367	19.8787390284472	19.203137059683154	19.04997397	19.377572990263644	18.902791801475765	19.336126630000003	19.506103223994455	19.259760334147423	18.624651419999996	18.95673971082293	18.475452332818683
2025-01-05 08:15:00	19.386209605808585	19.690267174531478	19.249604031454815	19.412573670000004	19.870197298443713	19.206974648525303	19.049973969999993	19.383314960948418	18.90021207551593	19.336126629999995	19.53266800511005	19.247825432486785	18.62465142	18.972904936665902	18.468189695121115
2025-01-05 08:30:00	19.386229209249713	19.709095640346977	19.241173276437898	19.41257367	19.841790000725386	19.2197373475002	18.97969807	19.27809196669888	18.845637043946887	19.33612663	19.556731694948006	19.23701420951611	18.69994423	19.148083958979203	18.4986060908934
2025-01-05 08:45:00	19.33212553547053	19.60482799966883	19.209607037062597	19.195197550624318	19.351456035249864	19.124994463328783	18.979698069999998	19.306795713010537	18.832741157922797	19.227232961414025	19.29319949516121	19.197595823063835	18.50035303656791	18.683486486603964	18.41807568945027
2025-01-05 09:00:00	19.32598933138695	19.618346337877565	19.194640531369423	19.151085998030975	19.335133874587086	19.068397821607213	18.818388305280685	18.955861748215703	18.756624874396834	19.22767999153592	19.345807343462234	19.174608282699452	18.520914670000003	18.788348560380303	18.400763212003064
2025-01-05 09:15:00	19.28443830643622	19.545114203798054	19.167323048201197	18.972956690067836	19.01632683900094	18.953471550692086	18.82559434346727	19.04850453224403	18.725446287640025	19.39897579	19.799428077248805	19.219062443554883	18.52091467	18.82727974445476	18.3832723901725
2025-01-05 09:30:00	19.261075877557733	19.517029528235422	19.146082208412686	18.88476134476715	18.9212370898509	18.86837369117879	18.71577303	18.87150260100546	18.64580757056276	19.31238361	19.547720762377267	19.20665242559862	18.549358620000003	18.90628949920413	18.38899836992279
2025-01-05 09:45:00	19.23512953634703	19.48478727860738	19.122964463737304	18.814341849999998	18.869284278302988	18.789657570617493	18.715773029999998	18.94433356717836	18.613086411847398	19.22184985928149	19.335642236741272	19.170725747669128	18.54935862	18.93116123245736	18.377824112953938
2025-01-05 10:00:00	19.17828176968742	19.38720227475759	19.084418934076183	18.814341849999998	18.960451676088955	18.748698304945535	18.553314166668468	18.633781978132276	18.517161961518063	19.145528045753053	19.20608819793015	19.118319861441602	18.34188510999999	18.457920381564957	18.289753321325875
2025-01-05 10:15:00	19.14394151341665	19.344977768038913	19.053620877282015	18.710874969373922	18.806491737646866	18.667916711164345	18.495352409954986	18.592399634969134	18.451751482774718	19.103972082453183	19.1629009346253	19.07749680104252	18.270621229183913	18.372686587166335	18.224765778496156
2025-01-05 10:30:00	19.072174799441335	19.22207642210848	19.004827693605378	18.608907090906797	18.66891872107072	18.581945344021555	18.425641555590374	18.52152071951812	18.382565409477913	19.063150305671066	19.11972232897535	19.037733889403924	18.183372646532906	18.257126510476727	18.150236852587135
2025-01-05 10:45:00	18.97754383376227	19.05948348513733	18.94073036720246	18.52786802342649	18.584307851217037	18.502510999346676	18.329365701825765	18.391775470776665	18.30132653026812	19.028971425615147	19.09141251310922	19.000918183407663	18.134756867276852	18.22839162604757	18.092689077104495
2025-01-05 11:00:00	18.92753845967296	18.997639666048016	18.896043714779818	18.507002182840953	18.6219256875789	18.455369883610857	18.266682970890606	18.333213825541314	18.23679229706203	18.947369051865497	18.950086144428017	18.946148329120014	18.089309753685736	18.192081175031024	18.04313708612481
2025-01-05 11:15:00	18.8743516194356	18.94020984653009	18.844763140596044	18.3751511326168	18.412215658652602	18.358498954252887	18.201217279128624	18.274512287185477	18.168287637827724	18.95616620639516	19.027549353185194	18.924095517257612	18.02224975574875	18.117897564373223	17.979277551873984
2025-01-05 11:30:00	18.809434240495882	18.858050037821222	18.787592360538124	18.29704726676863	18.335039298981446	18.279978382730988	18.125143037754004	18.191708833782293	18.095236665625357	18.9305095293753	19.01515267251377	18.892481450573953	17.961705444980154	18.058069767680113	17.91841132898452
2025-01-05 11:45:00	18.753068648395175	18.797374593181942	18.73316307899822	18.229846332610602	18.2789192360072	18.207799086157053	18.019651346854893	18.044179337225295	18.008631525094277	18.84696207626402	18.871472706587678	18.835950053944686	17.88598138195719	17.966175657793677	17.849952069624855
2025-01-05 12:00:00	18.691435074559752	18.727027606325937	18.675444226954657	18.15632507959968	18.208458578098405	18.13290278317271	17.925133546005476	17.929737170450856	17.923065250964793	18.68249534	18.537198003723418	18.74777385339962	17.784378574387105	17.82362181183015	17.766747554666317
2025-01-05 12:15:00	18.669597042362213	18.742836099715447	18.63669253833395	18.06713158576436	18.10116023424024	18.051843352391145	17.88164949053899	17.928545143906934	17.86058042888093	18.682495339999996	18.644754289510132	18.699451464133126	17.732224884139676	17.790306003652084	17.706130468126858
2025-01-05 12:30:00	18.609326699536727	18.667239861320446	18.583307742793313	17.99004824713629	18.02304549529353	17.97522339651492	17.830546548715404	17.901965699087892	17.798459684055302	18.68214620139148	18.72861149063624	18.66127049173079	17.69398682487559	17.782264995293737	17.654325617876133
2025-01-05 12:45:00	18.535804904594023	18.56521307264494	18.522592539237817	17.92326150291535	17.966955561203335	17.90363083904684	17.73868847354153	17.78137608687181	17.719509980596047	18.639702738358388	18.680651543984762	18.621305448874075	17.640790542384703	17.735923787679777	17.598049519136197
2025-01-05 13:00:00	18.467393693329615	18.495957103960226	18.45456085666949	17.801537896591643	17.80470154459313	17.80011654748953	17.610351222721743	17.602491652141673	17.613882334141778	18.55276635193837	18.546634172144092	18.55552138923725	17.531503734237678	17.587088339620788	17.506530940514835
2025-01-05 13:15:00	18.406849929604594	18.432436387335272	18.39535456453719	17.72588377741401	17.74024601310424	17.719431178770577	17.550669728044465	17.572133155043133	17.541026739103035	18.522450165663884	18.539370826052238	18.51484812983724	17.435150181250034	17.460615838910694	17.423709088677853
2025-01-05 13:30:00	18.370407764495894	18.421400339031962	18.34749805709563	17.663332338138204	17.700945367516095	17.646433730736547	17.48446254301938	17.52155367009251	17.46779841346479	18.510780980024442	18.569115592305412	18.48457267595618	17.382652149587543	17.432446643716105	17.36028071019645
2025-01-05 13:45:00	18.30989672632297	18.353041546959297	18.29051282139941	17.59523205027054	17.644820613013458	17.572953130777346	17.45538476710412	17.548710374368316	17.41345587108688	18.461754512680667	18.507964588241137	18.440993464240456	17.321516746826642	17.381172493147965	17.294714889783727
2025-01-05 14:00:00	18.241399837103405	18.269995863838574	18.22855234683108	17.51295776061673	17.55816582546293	17.49264689090322	17.391865072920385	17.492616742176747	17.346599830211005	18.398713016965438	18.419526333612144	18.38936210658793	17.2546246831058	17.317957988640757	17.226170589314727
2025-01-05 14:15:00	18.156874691682898	18.15538948815979	18.157541957033864	17.401675960841086	17.407762949325406	17.398941226884364	17.25374072970892	17.27061901176262	17.246157733423924	18.32421126901569	18.309832591553587	18.330671254542146	17.14253890662174	17.1587260355981	17.135266428385975
2025-01-05 14:30:00	18.09711102900658	18.10020457070732	18.095721176938135	17.32036078188852	17.329540109053653	17.316236736350564	17.176881644834907	17.198071950857194	17.1673613624191	18.306443064951882	18.332986316553257	18.294517835971554	17.10360601423433	17.16237905933263	17.077200733103197
2025-01-05 14:45:00	18.06219578046252	18.09820255563211	18.046018823502273	17.253207304878078	17.281022873016056	17.24071045542478	17.084168268982364	17.089165748288572	17.081923024656383	18.262460717435932	18.290317358709938	18.249945414834563	17.05324175837479	17.132741759667777	17.01752436648954
2025-01-05 15:00:00	18.02334186397709	18.08365059045417	17.99624663903812	17.187299700727127	17.232386575431853	17.16704327875834	17.016801120872728	17.039463417086225	17.00661950953043	18.223938212977387	18.26061474386623	18.2074603512737	16.979171361862836	17.050424948246626	16.947158881023746
2025-01-05 15:15:00	17.96020252278626	18.00663083710908	17.939343425047028	17.10392482345426	17.139071692946082	17.088134200928952	16.938885049712095	16.960438576304146	16.929201581243206	18.145366808379347	18.136497452569824	18.149351591424207	16.887385461750075	16.92751210907094	16.869357547736357
2025-01-05 15:30:00	17.888999134027596	17.913798210704222	17.877857519868535	17.034465314750037	17.07653290785337	17.015565381616657	16.859725323043026	16.87824099497041	16.851406687829275	18.09825551927309	18.091142305610084	18.101451310918783	16.82016159058995	16.862025345234883	16.801353237053824
2025-01-05 15:45:00	17.835782473731708	17.864266242832016	17.822985418048965	16.951043008796706	16.982105396647547	16.93708744324053	16.808319814771878	16.856718110321147	16.786575653003368	18.08393935014136	18.118373624203144	18.068468879186064	16.79006903949905	16.87427603982772	16.752236908916604
2025-01-05 16:00:00	17.788348305759797	17.831007379941965	17.769182634750422	16.861172987067572	16.879700073652725	16.85284922352932	16.733494996310682	16.78281572222083	16.711336409307577	18.036639374541927	18.0678427393786	18.02262047149936	16.710599139210405	16.778803118941173	16.679956771505275
2025-01-05 16:15:00	17.732711279116703	17.774116371629084	17.71410899117636	16.78425345977308	16.804611780848273	16.775106967695816	16.63682676014766	16.65764104993219	16.627475412563307	17.98187335427837	17.998889023139117	17.974228633485858	16.65378203604479	16.730625512518532	16.619258155310206
2025-01-05 16:30:00	17.662234018231956	17.68457609077694	17.65219627549436	16.68494268899836	16.67974428661224	16.687278203113863	16.542687448790236	16.542562745973736	16.542743474693303	17.913982457766377	17.903149779974047	17.91884931300641	16.57109709108529	16.62542906666881	16.546687073069503
2025-01-05 16:45:00	17.615175989284797	17.649507588755412	17.59975164749365	16.632388251916556	16.66144729498743	16.619332739812258	16.50754815	16.56330911422645	16.482496122593915	17.886833622210037	17.90289261845684	17.879618710852775	16.509684540706104	16.56922864032112	16.48293284377762
2025-01-05 17:00:00	17.57294297827171	17.623620723524745	17.550174715911652	16.572995194062237	16.624068199316948	16.550049351121714	16.50754815	16.653820482152266	16.44183159497507	17.839654580351404	17.854234920582993	17.83310399271112	16.44474597264294	16.506108945108192	16.417177100955662
2025-01-05 17:15:00	17.487388066539193	17.500974615074355	17.481283965023394	16.503929270000004	16.561212653953586	16.47819325691941	16.50754815	16.717913459974877	16.41303619914173	17.80131668377316	17.825681304578435	17.79037025993311	16.377840034876744	16.439194697739268	16.35027489648924
2025-01-05 17:30:00	17.430038420086635	17.446610236520335	17.422593111254102	16.503929270000004	16.661004042599448	16.43335944462924	16.507548150000005	16.760839884083452	16.393750414397296	17.741739898840194	17.74795955234023	17.738945561760467	16.30026406004221	16.34918196094621	16.278286452389693
2025-01-05 17:45:00	17.373697167945323	17.393518850630294	17.364791774275265	16.50392927	16.72182533298352	16.406033937355225	16.50754815	16.783587514580375	16.383530464463895	17.70338491628925	17.72078476162331	17.695567594472493	16.212848497430617	16.240182759002767	16.200567887159075
2025-01-05 18:00:00	17.341653827906885	17.391925531630122	17.319067990002242	16.50392927	16.74869244501356	16.393963205863464	16.50754815	16.80040325407363	16.3759755670104	17.680209676390593	17.72347518855903	17.6607715477352	16.178213235585638	16.244836819599307	16.148280900738918
2025-01-05 18:15:00	17.29075471779582	17.340921914898438	17.26821583214102	16.50392927	16.778227276046202	16.380693933950248	16.50754815	16.81144592320323	16.37101436783624	17.641107900796243	17.685345942527828	17.621232838569	16.14109147658338	16.234608800105384	16.099076447174944
2025-01-05 18:30:00	17.256959170709074	17.327061638660037	17.22546385902096	16.50392927	16.805309943883174	16.368526358545232	16.507548150000005	16.807921880507728	16.372597633395088	17.579734762444392	17.597130299806697	17.571919376093206	16.083061445414867	16.174490573782002	16.041984590641228
2025-01-05 18:45:00	17.19650491047247	17.25076956530864	17.172125138009854	16.50392927	16.81061701861466	16.366142020622398	16.50754815	16.831692338846537	16.36191815211243	17.506059354970898	17.486164047166774	17.514997826593046	15.978213796263034	16.01506591195833	15.961657048631817
2025-01-05 19:00:00	17.10803785884792	17.128501382302087	17.098844101933736	16.50392927	16.82729571607439	16.358648692778175	16.50754815	16.840325911481877	16.358039300638584	17.47864839572905	17.494472689014597	17.471538930629748	15.93586168	16.01488368981486	15.900359037909258
2025-01-05 19:15:00	17.073290875892322	17.120755129607456	17.051966356107272	16.50392927	16.835597632402497	16.354918846311918	16.50754815	16.839010417945946	16.358630319473566	17.451757348923124	17.490634311355613	17.434290887540413	15.93586168	16.08223282346546	15.87010073148652
2025-01-05 19:30:00	17.02417503672129	17.075945364736	17.000915903845126	16.50392927	16.841639163505995	16.35220453523643	16.50754815	16.83824545140976	16.358974000091273	17.417857159283937	17.46688850302181	17.395828584561123	15.93586168	16.131853788425925	15.847807254475303
2025-01-05 19:45:00	16.950970257727263	16.977183004452012	16.93919351644513	16.50392927	16.8351388529178	16.35512496463114	16.50754815	16.84951379430136	16.353911411255915	17.316320934760615	17.289909164627304	17.328187092356735	15.93586168	16.1664563543311	15.832261174141095
2025-01-05 20:00:00	16.879494311581972	16.892043262047743	16.873856377314745	16.503929270000004	16.862604683375295	16.34278524370096	16.507548150000005	16.855635795113905	16.351160947122743	17.267235795716985	17.247679607629507	17.276021909205568	15.93586168	16.194759319223422	15.81954534933439
2025-01-05 20:15:00	16.830001280503893	16.855736334019586	16.81843915501134	16.50392927	16.856702845512736	16.34543679404501	16.50754815	16.85015605333423	16.353622860096223	17.244413139848344	17.26167251481909	17.236658927904962	15.93586168	16.205270365483912	15.814822995217362
2025-01-05 20:30:00	16.79808639215644	16.85486619390333	16.772576626154212	16.50392927	16.845544836375694	16.35044981264281	16.50754815	16.849580262264766	16.35388154883757	17.200905445266322	17.22242151149147	17.19123880681734	15.95475087331863	16.260764897131747	15.817266311895342
2025-01-05 20:45:00	16.74350649000001	16.798361002938933	16.718861708824548	16.50392927	16.862195599375262	16.342969035063287	16.59937158032176	17.06044359416517	16.392223284247184	17.12482303602594	17.109191913391616	17.131845714310927	16.422945636636758	17.29132020824465	16.032806336349154
2025-01-05 21:00:00	16.743506490000012	16.88240787921766	16.681101518032662	16.828094300000004	17.622973659178356	16.47097458790538	17.15877147	18.335207503654747	16.630227744734825	17.202048419999997	17.37880855211455	17.122634447600717	16.804238709999996	17.952924943984407	16.28816228603599
2025-01-05 21:15:00	16.743506490000005	16.91821919304356	16.66501237703841	16.9194499	17.681354957841737	16.5771447290856	17.15877147	18.078016120841625	16.745777496433476	17.20204842	17.3702189000616	17.126493566639	16.804238710000003	17.6618470840776	16.418936397008622
2025-01-05 21:30:00	16.816558439999998	17.114230991449496	16.682821496595153	17.03585462	17.818485809620128	16.684237708721387	17.15877147	17.90358615913035	16.824144580680567	17.20204842	17.394252953791074	17.115695658441695	16.804238710000007	17.483011336379853	16.49928289235109
2025-01-05 21:45:00	16.816558439999998	17.10676129964663	16.686177445086294	16.94449902	17.46652545763024	16.709965403093655	16.991670999999997	17.383138004317416	16.81579451979941	17.288640599999997	17.61431022982308	17.142325259064993	16.90797546000001	17.59512201996585	16.59925744030521
2025-01-05 22:00:00	16.917207789999996	17.31066658314061	16.740436448154213	16.94449902	17.385767832850256	16.74624781422669	17.061946899999995	17.515835095723062	16.858026116414266	17.398975790000005	17.834303744489596	17.203393665519172	16.90797546	17.451124842722642	16.663951824284027
2025-01-05 22:15:00	17.090909090000004	17.66496695880138	16.83299903300228	17.24361493	18.049059812871754	16.881748388419936	17.29932327	18.028851089574047	16.971564394539186	17.33612663	17.592409504204802	17.220985048835526	17.04015616	17.661836559599443	16.760850473223435
2025-01-05 22:30:00	17.090909089999997	17.54003449126873	16.889128112618394	17.59282908	18.703822008498985	17.093687329514957	17.43987507	18.21760406572461	17.090460593659948	17.595903170000003	18.19330734709499	17.327504191884863	17.48354713	18.52370536293423	17.01622966302955
2025-01-05 22:45:00	17.23701299	17.81649598157339	16.976665559003266	17.684184679999998	18.65532498369344	17.2478752681957	17.60697553	18.470490375767383	17.219019584800158	17.831936689999996	18.636702099811178	17.470375418925407	17.48354713	18.277499843773086	17.126843736855584
2025-01-05 23:00:00	17.23701299	17.7036674376007	17.027356643976503	17.775540280000005	18.653179218242748	17.38123872803587	17.60697553	18.29800214948599	17.296514295158467	17.94227188	18.696271292885235	17.603518520587798	17.615727830000008	18.405115275502478	17.261075499411945
2025-01-05 23:15:00	17.56655844000001	18.406457416698217	17.189212522932692	18.00834971	19.02388032675011	17.55209682421372	17.897449250000008	18.8610195115231	17.464540871634554	17.989757909999998	18.620801343637787	17.706245642713455	17.719464579999997	18.47884974979155	17.37829153270235
2025-01-05 23:30:00	17.566558440000005	18.20747279101354	17.27861141273305	18.00834971	18.787198978162508	17.658431922854522	17.89744925	18.64053798236315	17.563597790532498	17.903165739999995	18.25169546315684	17.746579922349824	17.58728388	18.035387826276448	17.385961817180153
2025-01-05 23:45:00	17.745200649678388	18.48499568623687	17.412828966586893	18.44891945	19.681913153361137	17.894965757185574	18.09109839	18.967019813525734	17.697568475082633	18.063333162110396	18.599327056652136	17.82252431093947	17.82320134	18.523847746662135	17.508418171789486
2025-01-06 00:00:00	18.09740260000002	19.23722823749903	17.585307023732362	18.44891945	19.438527121321147	18.004313104913685	18.3815721	19.505300250498152	17.87670872803706	18.461824950000008	19.4948600495238	17.99770773137338	18.105967649999993	19.093628748046612	17.662235852326887
2025-01-06 00:15:00	18.097402600000013	18.89881674569616	17.73734696932494	18.44891945	19.219153470354957	18.102872281434728	18.57522124	19.68752326308367	18.075491345571102	18.52467412	19.368267287222736	18.14566849414632	18.34188511	19.37835009623493	17.876226927778518
2025-01-06 00:30:00	18.426948050000007	19.46070452075307	17.962506737052998	18.56532417	19.333494408137597	18.22020420793819	18.67204581	19.65070235816232	18.23235953473867	18.74534451	19.67014907713776	18.32985260302506	18.34188511	19.118242572795193	17.993086829613773
2025-01-06 00:45:00	18.5	19.371432447912028	18.108486871227925	18.68172888	19.46944663629783	18.3278266996343	18.575221240000015	19.23856233066938	18.27719843114855	18.76908752	19.459439779127294	18.458929258652958	18.65309537	19.61367620887164	18.2215300655794
2025-01-06 01:00:00	18.573051950000014	19.380889913233435	18.210110256373397	18.77308448000001	19.584748259950878	18.408423941181496	18.54867257	19.095511539844498	18.302991293693054	18.879422719999994	19.547994789258766	18.579049761347505	18.520914670000014	19.147358271867816	18.23946899379854
2025-01-06 01:15:00	18.746753250000015	19.547618600980442	18.386944179269662	18.86444008	19.615225525517506	18.52713067694141	18.839146279999994	19.685214977237745	18.459028459501866	19.10009311	19.96829055745428	18.710033387230666	18.492470719999986	18.944021527226486	18.289600067477963
2025-01-06 01:30:00	19.149350650000013	20.24720566453055	18.656111440573227	19.072200389999992	19.951335218457807	18.67722677141748	18.86569495	19.55181741348047	18.557437031624715	19.320763499999973	20.280098992804387	18.889757698884964	18.49247072	18.87230975005022	18.321818402151365
2025-01-06 01:45:00	18.980224931034886	19.531276479254643	18.732651047052002	18.955795679999973	19.46823286853046	18.72557027645729	18.76887038	19.175081741344748	18.586369623453777	19.40735568	20.192593367552327	19.054567733418565	18.54212027439636	18.903735040825495	18.37965566918905
2025-01-06 02:00:00	18.948051949999943	19.604236325844887	18.65324447679427	18.86925704574177	19.278011947761737	18.685613539037178	18.76887037999997	19.238133611268363	18.558041971748935	19.40735568	20.10405820675477	19.094344399863814	18.41717790999997	18.816139758270022	18.237934181066976
2025-01-06 02:15:00	19.076298700000056	19.556740992347947	18.860447815032103	18.85722144869171	19.14843688667379	18.72638552727949	18.76281401847224	19.045735511347694	18.635704362252824	19.347287832176576	19.654760587615584	19.209147898573548	18.59745037025732	18.963988696739438	18.432773730823328
2025-01-06 02:30:00	19.122903461814364	19.377951083652412	19.00831684910446	18.948477421085332	19.266884531476475	18.805424951199484	18.755085077350145	18.949228850479045	18.66786106333575	19.44646182	19.750016650483836	19.31008211355075	18.742992490075068	19.06154951370708	18.599872667863565
2025-01-06 02:45:00	19.351145255097098	19.689011291039794	19.199350369383723	18.888280048319967	19.049989893623383	18.815627798980742	18.829031057219524	19.047333974790895	18.730952934832402	19.493796859369315	19.73310166205594	19.386283107437606	18.861554560890706	19.11259909932956	18.748766434925386
2025-01-06 03:00:00	19.646671843151584	19.952247029882717	19.509384440417335	18.953891322055892	19.052713843785224	18.909492797800667	18.95554816835127	19.17156033237753	18.858499225093098	19.58442175214022	19.746830338506342	19.511455575656868	19.101201833799703	19.282160457248146	19.01990158268518
2025-01-06 03:15:00	19.759230138444483	20.12355875243991	19.59554626838863	19.08409287100049	19.369269952266734	18.95596983448958	18.96613302189536	19.19976832472232	18.861166436567316	19.59482037566558	19.74997410601238	19.525113627248885	19.082894513574924	19.19990643289743	19.03032394112563
2025-01-06 03:30:00	19.979292788930284	20.51867115903456	19.73696337627476	19.08077188127997	19.357715990482802	18.956347716275786	18.832763989621355	18.912495508800237	18.796942582454037	19.58050968685715	19.70120780507624	19.52628299606303	19.09303519593897	19.193140462720855	19.048060365935527
2025-01-06 03:45:00	19.98345014065057	20.41003079305378	19.7917979634839	19.02042106432057	19.223279125264398	18.929281935490735	18.83474580010781	18.949002092330268	18.783413263022368	19.55615052841213	19.63445057372333	19.52097224718537	19.129050433068922	19.246973770027115	19.076070383131224
2025-01-06 04:00:00	20.012481046331303	20.397734313550174	19.83939624511703	19.014059595391455	19.23456627115974	18.91499137874193	18.80549990900468	18.92105842343073	18.753582315566888	19.56274084342169	19.65610334673278	19.520795370919615	19.15483503670239	19.29368677119228	19.092452373380866
2025-01-06 04:15:00	20.051482420709487	20.386232663111215	19.901087384268152	19.051049217651528	19.319714910157025	18.93034434130847	18.80027374877146	18.930327228122096	18.741843924715383	19.5614751530141	19.644717681125176	19.52407633603667	19.146709731396186	19.236730253805025	19.10626572857481
2025-01-06 04:30:00	20.06389884893782	20.325535492791246	19.946351950974673	19.05256685529648	19.318311955738874	18.933174129010766	18.782017983888153	18.907509808600544	18.725637598872453	19.58789886593084	19.69799889481978	19.538433635560466	19.277247963576144	19.48172283448742	19.185382441862373
2025-01-06 04:45:00	20.102807006644536	20.336750799421782	19.997701824382375	18.92315247954092	19.031983084243457	18.874257570181825	18.790923157317906	18.94528089082407	18.721574030670197	19.60080670971124	19.715218464066606	19.549404327319678	19.280270674560228	19.43416988691808	19.21112755016759
2025-01-06 05:00:00	20.05135676643756	20.16910873001677	19.998453710336804	18.911493062281455	19.0332090821015	18.856809053376793	18.88363822681521	19.163014177282786	18.758121495445707	19.628679280993968	19.770193422541432	19.565100463776986	19.489191039628285	19.84168998182795	19.330821949654506
2025-01-06 05:15:00	20.092653384879195	20.205507939418982	20.041950613999006	18.846803444698867	18.907385237068468	18.81958553798208	18.788781853053383	18.937334719325303	18.722040710235547	19.661311461463537	19.81894461011192	19.59049077149109	19.548800890000027	19.872303992747188	19.40345891630207
2025-01-06 05:30:00	20.126460174725988	20.227341246835394	20.081136794502953	18.86922643372811	18.982198989071513	18.81847064799409	18.88202390829132	19.14672674715412	18.763099444454383	19.62544239802447	19.711950362041865	19.58657650114708	19.475959502809676	19.644562019162805	19.400210546187225
2025-01-06 05:45:00	20.183949641070562	20.30421078643178	20.12991927141556	18.82059247725625	18.89246304215456	18.78830280317152	18.85632483	19.081717921182896	18.75506126729465	19.64672866242094	19.74761281268964	19.601403899256766	19.507897694280818	19.65653710681592	19.441117668359226
2025-01-06 06:00:00	20.30989434600722	20.455505604680347	20.244474795009182	18.852813985910043	18.947724282470872	18.81017312803489	18.826337560446905	18.95023395301422	18.770673963786223	19.708028501192853	19.828592304721315	19.65386215468004	19.505144063822815	19.533446299251572	19.492428566746128
2025-01-06 06:15:00	20.374128582793546	20.572400878239517	20.28504972541927	18.892975879713386	19.075707290740983	18.810879158816945	18.777365639446206	18.86958680931627	18.735932939939374	19.787899597554524	20.003540311072864	19.69101753785789	19.473508089999985	19.46863755837976	19.475696299858356
2025-01-06 06:30:00	20.366749499494308	20.52143852171659	20.29725153298864	18.969680165669015	19.265174172706743	18.8369219885941	18.809165115449563	18.972514518473414	18.73577625322146	19.798949213154128	20.008336671690415	19.704876586855207	19.555779131665386	19.664241037093724	19.50704986980631
2025-01-06 06:45:00	20.369215964312765	20.50016286812625	20.310384746657434	18.85042585213332	19.00391855045056	18.781465364483537	18.84561346761883	19.073618814473626	18.7431762828	19.85613797626316	20.116959701414203	19.73895720119529	19.63301549337986	19.81610855639716	19.550756291154713
2025-01-06 07:00:00	20.396013041644082	20.483372060680857	20.356764786714535	18.918943344022313	19.147578471624954	18.816223214229822	18.792495350342854	18.93509114391991	18.72843057351836	19.85048424550517	20.045026917726737	19.76308101595636	19.828674896469455	20.155903048547767	19.68165934988353
2025-01-06 07:15:00	20.387915600399577	20.466687682560554	20.352525244646102	18.91115291561135	19.15056094973384	18.80359278433893	18.79754218650008	18.979377171242984	18.715848207847465	19.76331744083161	19.840133521473998	19.728805868369093	19.806883888102885	20.07581818497932	19.686058334433753
2025-01-06 07:30:00	20.415697728821907	20.529159640024865	20.3647220875568	18.861934912924873	19.06153192244869	18.772260894153305	18.786048929999986	18.988415988475467	18.695130396482007	19.875509238966796	20.10814350254395	19.770992395910383	19.855786622196028	20.15460649771239	19.721534214355344
2025-01-06 07:45:00	20.55142637204956	20.823410583542568	20.429230566886048	18.84977284090056	19.060663750783085	18.755024750953332	18.811748914289648	19.044021364669298	18.707394624988652	19.91813291001709	20.192106321921095	19.795043406118197	19.85328111203342	20.11938630757244	19.73372660389269
2025-01-06 08:00:00	20.416493654283318	20.48472701743764	20.385838085329922	18.862432832960287	19.11006025762165	18.751179932025472	18.797465660686562	19.024531322668718	18.695450653129356	19.848637161923545	20.01249916821628	19.775017999676095	19.8814084450314	20.145203034448294	19.762892035293362
2025-01-06 08:15:00	20.482478768443006	20.64439889628869	20.409732044338426	18.745316870156003	18.877531133095975	18.685916259269938	18.642865902254968	18.705651242949955	18.614657995565906	19.816019609804265	19.94599384233204	19.757625389393255	19.954799943169423	20.284396931244327	19.806720136932867
2025-01-06 08:30:00	20.402926780849416	20.46542477401852	20.37484797232416	18.736836684296097	18.903966646914647	18.66174930978631	18.712564051850904	18.912126276614813	18.62290566101494	19.78423479822551	19.88770677201752	19.73774738971025	19.877206410852995	20.092026453383777	19.78069305841163
2025-01-06 08:45:00	20.377725319425547	20.425297607055477	20.35635226266426	18.731121789124632	18.929027882950912	18.642207457115724	18.68848474277649	18.886923392179447	18.59933114666792	19.84279451765931	20.03337114936527	19.75717313240012	19.908322574743064	20.151007893422353	19.799290040263948
2025-01-06 09:00:00	20.393550611276627	20.439847079132598	20.37275074890654	18.682057644044843	18.834015221186448	18.613786848517464	18.6470641382754	18.801416368419943	18.577717484152487	19.83025489888835	19.98289450229821	19.761677685762173	19.949912957805015	20.189122884987466	19.84244183109984
2025-01-06 09:15:00	20.374597032632945	20.444211224286512	20.343321091455238	18.72298625	18.9961070982519	18.600279781944813	18.521395172574305	18.57693687642227	18.496441653454205	19.753713050940977	19.83366186644178	19.717794017889908	19.852835417983638	19.999489638705917	19.786947289833044
2025-01-06 09:30:00	20.336477945564678	20.400703031331336	20.307623196886894	18.72298625	19.017399305709993	18.590713717724498	18.52788205469171	18.66032471404108	18.46837883092605	19.697059399749268	19.744092900999508	19.675928406433947	19.879073768885387	20.08828372075067	19.785080891960398
2025-01-06 09:45:00	20.273381584658626	20.30091587555222	20.261011106141225	18.930746559999996	19.518003133664166	18.66690665009291	18.464757432367133	18.575090869023196	18.415187337637597	19.705104593092	19.80332064345822	19.660978541478183	19.936466699138702	20.23011617763201	19.80453722329389
2025-01-06 10:00:00	20.259927939562093	20.286777193312677	20.247865231355313	18.6321721834899	18.71989548930874	18.592760263484326	18.478396669999995	18.65610288642816	18.398557645227918	19.72915231776353	19.872231833069826	19.66487021668389	19.98321595331038	20.304969031698505	19.838660222440353
2025-01-06 10:15:00	20.267343145861087	20.362814968207168	20.224450008285324	18.568859659330315	18.65818856532556	18.52872638272375	18.4060586305379	18.53302468777478	18.349015909170596	19.723508110989197	19.892400404487105	19.647628964635057	19.951913466840015	20.251924616967358	19.81712584866687
2025-01-06 10:30:00	20.28890380047351	20.454908529335285	20.21432196576751	18.5564833	18.7234607853665	18.48146442976287	18.445763985752816	18.682700381393616	18.339314300754765	19.617584765693127	19.682634227738298	19.588359645064134	19.822397710009934	19.99456329576855	19.745047954089394
2025-01-06 10:45:00	20.206024594086454	20.30480658106563	20.161644281095803	18.465127700000004	18.553549622563715	18.42540190870327	18.384522419735163	18.591337157134735	18.291605653657093	19.625057768314978	19.743785995587462	19.57171610098966	19.773813659565157	19.931180183964898	19.70311275729862
2025-01-06 11:00:00	20.18345675760587	20.27341386780975	20.143041244325865	18.465127699999996	18.623394213794693	18.394022454671955	18.236602502922203	18.30196092198498	18.207238575517184	19.643774753037977	19.806245252594852	19.570780760483444	19.76130303812108	19.9225978905927	19.688837234836733
2025-01-06 11:15:00	20.146490445141133	20.251581239016613	20.09927574064635	18.5564833	18.887641383394612	18.407702132098073	18.19447403524656	18.290173295278837	18.151478715521915	19.64588602992232	19.843052156580832	19.557304146930818	19.79494972946992	20.04922337777091	19.680710844001368
2025-01-06 11:30:00	20.122829534912338	20.255040556160914	20.063430380438334	18.556483299999996	18.89972854342034	18.402271668898102	18.110912482495426	18.18129583760889	18.079290975125613	19.565579117984644	19.689580617764044	19.50986829924318	19.73249733758955	19.953871709039408	19.63303928664832
2025-01-06 11:45:00	20.091454613148038	20.235636949735497	20.026677041637733	18.556483300000004	18.900059168447417	18.402123127219276	18.13964089455978	18.331145493399436	18.05360259653037	19.52651646385376	19.63900765795085	19.47597694186811	19.599413557029226	19.714973723673257	19.54749522129061
2025-01-06 12:00:00	20.051733935829432	20.179133631792574	19.99449639126629	18.647838900000004	19.098592491864398	18.445326416698606	18.575221239999998	19.395128028802514	18.206857320393073	19.573227545051736	19.7755548256072	19.482326882773194	19.57697888550441	19.71806153525285	19.513593926921786
2025-01-06 12:15:00	20.01556853100346	20.15028676812077	19.955042946211627	18.622789780000005	18.997516881739735	18.454434125595192	18.575221239999994	19.22836562607654	18.281779559298943	19.57916813585406	19.813154998390775	19.47404360341003	19.590540609621605	19.80940257530385	19.492211320691915
2025-01-06 12:30:00	20.042097192796653	20.257562587142274	19.94529389968485	18.622789779999998	18.99424199851793	18.45590544994122	18.742321709999995	19.532396400546723	18.38736061714567	19.631976032388916	19.94691568193509	19.49048140723049	19.594265487074367	19.864121751194183	19.473025716237927
2025-01-06 12:45:00	20.063031948806135	20.33732748544555	19.939797722200005	18.764243610000005	19.32437288724711	18.51259132601942	19.00624675	20.00046019796738	18.55957114294219	19.579159776595052	19.829700442414513	19.46659802818342	19.4609832075306	19.618814755350588	19.390073381698432
2025-01-06 13:00:00	20.098294692854513	20.438378727187526	19.945503315110685	18.764243610000005	19.25167526791494	18.5452525752846	19.006246750000003	19.766677240687102	18.664604065778256	19.530197483598435	19.733180180302654	19.439002358992198	19.42644342888695	19.603833981766265	19.34674622397016
2025-01-06 13:15:00	20.038717082990974	20.31485251489776	19.914656236771982	18.789292730000003	19.259756436111	18.577924977979116	19.006246750000003	19.605154378126485	18.737172308377957	19.436810074740517	19.54471537970329	19.38833087975724	19.434511423936737	19.670692501072814	19.328401084933578
2025-01-06 13:30:00	19.90387027779521	20.040196575142804	19.842622231160775	18.880648330000003	19.430521314968757	18.633603945448826	18.909422180000007	19.32251702842017	18.723828842303988	19.422779697780093	19.55246922151586	19.36451339001475	19.450467931261514	19.744055997315346	19.31856604651269
2025-01-06 13:45:00	19.87221777992724	20.017512353516878	19.80694050773479	18.880648330000003	19.383774158391386	18.6546062911575	18.909422179999993	19.320662090083022	18.724662220397473	19.356652832672193	19.436622949788553	19.320724229330054	19.365716451055416	19.591257034582394	19.26438662367373
2025-01-06 14:00:00	19.948331500733094	20.237000147472113	19.818639789879324	18.88064833	19.339460028543215	18.67451553790088	18.812597609999997	19.093097921408603	18.686575730961348	19.31852988444558	19.396601569998406	19.283454199631997	19.31295374696466	19.529753356417473	19.21555102387716
2025-01-06 14:15:00	19.739991681748023	19.80198193844906	19.712140986708423	18.97200393	19.514348407140144	18.728341918531243	18.88287349999999	19.303949630537133	18.6936943688891	19.354288127197922	19.517379439072677	19.281015218964335	19.285546454065	19.519652553523454	19.180368351409754
2025-01-06 14:30:00	19.702022677235355	19.78260390130985	19.665819518593192	18.972003929999996	19.470359734645896	18.748104945304014	18.8828735	19.28646468750124	18.701549923006684	19.39988947615721	19.645061961296975	19.289739519065428	19.22933142668112	19.445011021234876	19.132431898693206
2025-01-06 14:45:00	19.625909051230217	19.674895540285558	19.60390062861115	18.972003930000003	19.434845428846003	18.764060647909776	18.65733089551308	18.757441382876546	18.612353720030946	19.353169856903005	19.55245746935229	19.2636348426142	19.14706620631419	19.31799952075477	19.07027007953654
2025-01-06 15:00:00	19.61157483004871	19.720026564436584	19.562850137787485	18.972003930000003	19.41856768813815	18.771373835764027	18.64549714	18.834785934381404	18.5604543483214	19.387683597541724	19.653609837355216	19.268209489799432	19.048035920935018	19.173258926124785	18.991776309907742
2025-01-06 15:15:00	19.553350516943233	19.649928090981337	19.509960592375393	19.08840864	19.67484782679735	18.82493596187366	18.54867257	18.66092969267375	18.498238210537885	19.41070002507637	19.711549216229805	19.275535895717585	18.979008331844216	19.09309834743765	18.92775049875152
2025-01-06 15:30:00	19.489236865686028	19.56749913877346	19.45407555458877	19.08840864	19.61403425979372	18.852257999223117	18.812597610000005	19.34444949799004	18.57364966032332	19.323720993246145	19.51882187724494	19.23606697289886	18.958740859151565	19.117811265212623	18.88727444483429
2025-01-06 15:45:00	19.49555308900966	19.644640957073683	19.42857158306785	19.179764240000004	19.785535951414754	18.907605934871636	18.882873499999995	19.459400948041466	18.6238539218944	19.431098700000003	19.808508674439583	19.261537696990906	18.880023807632234	19.009818048456925	18.82171045305882
2025-01-06 16:00:00	19.420649144287857	19.539887021218156	19.367078503927864	19.271119840000004	19.959610719102987	18.961797850837794	18.8828735	19.407379018896027	18.64722609295975	19.431098699999993	19.791067432417712	19.269373617319566	18.79976317733309	18.91406500593167	18.748410181875762
2025-01-06 16:15:00	19.350615898621346	19.445420758445465	19.308022410874273	19.29616896	19.905873632486813	19.022243672361004	18.882873499999995	19.359286093366514	18.66883305950199	19.352887259186446	19.54720263370273	19.265586148896524	18.73176550241706	18.83899552710616	18.683589694223414
2025-01-06 16:30:00	19.323051949999996	19.452916870160667	19.264706840942303	19.29616896	19.841524647909658	19.051154085721755	18.882873499999995	19.329859345929776	18.682053772118493	19.34536727247865	19.55544358966194	19.250985158961527	18.846869969020055	19.152419534895404	18.709594077105052
2025-01-06 16:45:00	19.323051949999996	19.510079418538247	19.23902511630891	19.29616896	19.783100450085083	19.077402638367577	18.97969807	19.543968152279845	18.72618542433805	19.344506520000003	19.597470947291658	19.230855835274763	18.810934553259454	19.106828819925752	18.677996549394898
2025-01-06 17:00:00	19.323051950000004	19.531187130073988	19.229541941560967	19.179764240000008	19.478881605689185	19.04537817715414	19.04997397	19.63151601610433	18.78870145653284	19.26101564088724	19.378593213572625	19.20819093431845	18.810729085357597	19.135464415460696	18.664833502267797
2025-01-06 17:15:00	19.323051950000004	19.587268342710953	19.204346034434217	19.29616896	19.79871547805676	19.070387191017986	19.049973969999996	19.57169861282729	18.8155759420631	19.25142582747205	19.39551336313018	19.186690847683618	18.723378026387667	18.97823990524125	18.60887486342446
2025-01-06 17:30:00	19.3961039	19.765022967269246	19.23035765238628	19.41257367	20.027991099304234	19.136081781472008	19.04997397	19.53080993992317	18.833946215396836	19.223755567335864	19.36794006694869	19.15897702403155	18.655565034565907	18.876638898978765	18.55624199403259
2025-01-06 17:45:00	19.396103900000007	19.723518488565798	19.249004592093648	19.412573670000004	19.93823517672476	19.176406906109168	18.889337050926077	19.124642345020625	18.783620179666205	19.186685290000003	19.321349524923942	19.126183967063156	18.665631078298105	18.944988272180293	18.540122773800306
2025-01-06 18:00:00	19.3961039	19.74422869752654	19.2397000054591	19.41257367	19.915621030278444	19.186566884947364	18.882873500000006	19.182075518267016	18.74844940483656	19.297020480000004	19.60590791744164	19.158244964627674	18.68546638384904	19.02259537363156	18.534002634816304
2025-01-06 18:15:00	19.29545455	19.481200023471338	19.212003685107085	19.32121807	19.66534886530265	19.16660858225534	18.9531494	19.382061686756018	18.760449676964686	19.237551291017812	19.46020590512111	19.13751805859459	18.624651419999996	18.917866175182755	18.492917254628026
2025-01-06 18:30:00	19.29545455	19.509808755061492	19.19915048685644	19.20481336	19.409043386746905	19.113057840736897	18.8828735	19.21609634478731	18.733164685675263	19.234171319999998	19.482261644029823	19.122710449783703	18.624651420000003	18.953314633770656	18.47699113555231
2025-01-06 18:45:00	19.29545455	19.532810276349746	19.188816470045765	19.10736426667947	19.23827285426506	19.048550263561296	18.97969807	19.45755639809626	18.765008096507486	19.31278993137899	19.646751615272656	19.162749174847058	18.624651420000006	18.962049518978155	18.473066766835906
2025-01-06 19:00:00	19.222402600000006	19.37463296688782	19.154009246760552	19.05935869006333	19.20982146690721	18.991759471481295	18.97969807	19.424990731218884	18.77963904829297	19.19831454661486	19.387098113434494	19.113498741232128	18.52091467	18.73850207798323	18.423158008442307
2025-01-06 19:15:00	19.32305195	19.652081455783023	19.175227099575736	18.978103024812658	19.104272856614035	18.92141802791639	19.076522639999997	19.628145345868052	18.828692148957835	19.227916208940208	19.478418400325967	19.11537174614371	18.52091467	18.784709366697857	18.402398212063275
2025-01-06 19:30:00	19.323051949999996	19.64199374610312	19.179759258997144	19.088408640000004	19.457063580286036	18.922781058132365	19.07652264	19.57407806242291	18.852983247317248	19.12612637357875	19.26164679769909	19.06524038593048	18.520914670000003	18.81733882591012	18.387738599953423
2025-01-06 19:45:00	19.323051949999996	19.629268595466264	19.18547635566008	19.08840864	19.453008618722283	18.924602852458108	19.00624675	19.362164978936814	18.846341458738536	19.123836130000008	19.289802623522363	19.049271473489956	18.520914670000003	18.828623283681427	18.382668771099656
2025-01-06 20:00:00	19.323051950000004	19.616194435190785	19.19135025375487	19.08840864	19.44171476786224	18.929676901395226	19.006246749999995	19.404081227840532	18.82750952082526	19.12383613	19.315839549118955	19.037573724308874	18.41717791	18.6038384676248	18.333315920342482
2025-01-06 20:15:00	19.35064935	19.687770712661685	19.199189027644753	19.08840864	19.452650113114025	18.924763920195147	19.00624675	19.396817146555307	18.830773093576596	19.12383613	19.334055278141065	19.029389846052567	18.417177909999996	18.6570097663208	18.309427365855868
2025-01-06 20:30:00	19.277597400000005	19.49246216415585	19.181063955234336	19.229862480000005	19.82572136638827	18.96215776292702	19.10307132	19.617912017146722	18.87176607925292	19.093417033220543	19.271729831716325	19.013305486070266	18.41717791	18.69177479451727	18.293808295216877
2025-01-06 20:45:00	19.210610929416674	19.35236592048234	19.14692390444515	19.229862480000005	19.74545756372929	18.998218311947724	19.226444559999997	19.855455869593456	18.943845275979747	19.013500930000003	19.121635096701613	18.964918913076097	18.332943939667352	18.52210804851611	18.247957166126596
2025-01-06 21:00:00	19.204545450000012	19.396086401909347	19.11849081943205	19.113457760000003	19.417982278171277	18.976642396763644	19.129619990000002	19.556073785230932	18.938024806635383	18.996421925150447	19.1138007066412	18.94368653056764	18.303462589090696	18.51292683167678	18.20935546560999
2025-01-06 21:15:00	19.204545450000005	19.428955610267476	19.10372349393781	19.20481336000001	19.678763305099253	18.99187932669455	19.059344090000003	19.37306087852289	18.918398866170875	18.952591143254185	19.051069520573897	18.908347234603305	18.30000526554614	18.550395871274908	18.18751093543611
2025-01-06 21:30:00	19.095302302229815	19.191227080192768	19.052205662855155	19.13850688	19.49678300945324	18.977542242129715	18.865694949999998	18.93585550540772	18.834173541048706	18.909475458380644	18.995516415587964	18.870819376157066	18.29772111973396	18.582024851251933	18.169990457747623
2025-01-06 21:45:00	19.049912108473876	19.143216119314026	19.007992915197867	18.93074656	19.013349531384552	18.893635080102598	18.795419049999996	18.87417106734742	18.760037708872893	18.846426316027028	18.89669537798208	18.82384166500374	18.193087599923118	18.389437427867204	18.104872459832293
2025-01-06 22:00:00	18.994677344029785	19.070431436250395	18.960642896800238	18.930746559999996	19.10257489875964	18.853548320847118	18.719058407139975	18.781345349539603	18.691074418525652	18.83352809869704	18.91152446853563	18.798486251378254	18.173974922012608	18.388911281694817	18.07740931114089
2025-01-06 22:15:00	18.959010750007717	19.047257215426775	18.91936378728321	18.93074656	19.166631902774647	18.82476908715922	18.662001172113833	18.744151020270873	18.62509326931864	18.809618694295757	18.899167380572383	18.769386675823647	18.125046908318296	18.324485513688412	18.03544405663027
2025-01-06 22:30:00	18.932170095365944	19.039913658495525	18.883763567003378	18.814341849999998	18.935650594944626	18.759840819662557	18.585374159980613	18.65939913620971	18.552116561964645	18.81574574515943	18.951822767567425	18.7546096916138	18.02923632679059	18.163148189115343	17.969073026325844
2025-01-06 22:45:00	18.89121996606937	18.99881242694382	18.842881324227225	18.713909285083822	18.78144396791782	18.683567615984487	18.50335358018885	18.562180834695944	18.476923944105955	18.727395478807527	18.783151208515058	18.702345803141824	18.05247114895597	18.266373931643848	17.956369898762865
2025-01-06 23:00:00	18.832051995083475	18.9108703642489	18.796640843719302	18.651193673967136	18.72512787924414	18.617976857103553	18.451755348836734	18.52895982458005	18.41706928002452	18.702830401394113	18.767998687751813	18.67355189592906	17.93766696135098	18.05530063916224	17.88481704813143
2025-01-06 23:15:00	18.79601385403932	18.884381492185632	18.756312451393878	18.596671174019352	18.688595303765467	18.555371927321822	18.393291442339006	18.48206760485691	18.3534064997585	18.685043669749696	18.768582987910026	18.647511512315347	17.992391225268733	18.227458890493914	17.886781114805252
2025-01-06 23:30:00	18.747740088368484	18.830265576621994	18.710663419732857	18.5564833	18.684419613924167	18.49900466620798	18.328751276172966	18.418667036131108	18.2883543405396	18.653822934995485	18.73618871846895	18.616818017782776	17.90304771571432	18.07282592224925	17.8267705504595
2025-01-06 23:45:00	18.695788601347676	18.769884789941543	18.66249900937072	18.460244414326105	18.53740962074874	18.425575988252163	18.245216591116773	18.313694328826998	18.214451230696238	18.598881871206267	18.6525500749974	18.574770069503003	17.84953959930915	18.00598662263559	17.77925180622045
2025-01-07 00:00:00	18.622157868837537	18.66114694729366	18.604641036487678	18.37927912042321	18.438777421088012	18.352547999834677	18.154622941777713	18.193151242663706	18.137313125437625	18.547366501956617	18.577450614566516	18.533850451363765	17.78892461220213	17.92446221543343	17.72803090640256
2025-01-07 00:15:00	18.579768097308797	18.62747718234099	18.55833358084505	18.388278033091616	18.539986468121057	18.320119170976945	18.084863553425492	18.124834909453543	18.066905407963617	18.55952948191125	18.6488537093577	18.519398307261397	17.73335572713784	17.857292582823227	17.67767395139513
2025-01-07 00:30:00	18.542499744491522	18.602583986913686	18.51550537470765	18.278237345414734	18.363283740957407	18.24002809524339	18.02246527688672	18.072373910190407	18.000042557576364	18.525341863648237	18.606926448556525	18.488687919703935	17.687839143232857	17.81303775490794	17.631590491610716
2025-01-07 00:45:00	18.50525236754814	18.57565300513393	18.47362309558932	18.18220802870513	18.229131314741217	18.161126552370074	17.9600817345987	18.01769089642317	17.934199357547126	18.49701382302404	18.578813761545312	18.460263126007234	17.65299397362747	17.791279176600206	17.590865838958564
2025-01-07 01:00:00	18.47329180215699	18.557413901772676	18.435497815373136	18.095583544820354	18.121469699480784	18.083953533306243	17.88809515075166	17.940291291717273	17.86464471060769	18.421133607393767	18.44431381418995	18.41071931158678	17.588792047411935	17.704468397319204	17.53682151339563
2025-01-07 01:15:00	18.427475182330433	18.505556548448165	18.392395148277547	18.03860350375083	18.083551627075575	18.01840941935855	17.831270920861616	17.895843016510355	17.802260269193336	18.387263981516334	18.415684290083767	18.374495437087482	17.51608365558223	17.603521338774105	17.476800058785877
2025-01-07 01:30:00	18.381996226118414	18.456201505626524	18.348657622281447	17.972856226291967	18.02108692305538	17.951187362528692	17.77238589876479	17.84335172397959	17.740502701929152	18.37803953748622	18.44057638321598	18.3499432734627	17.480696907317604	17.586573950525256	17.43312896036924
2025-01-07 01:45:00	18.30791409875997	18.344724001951104	18.291376316166854	17.905782001584466	17.95523703690369	17.88356307267294	17.734465605580823	17.835473786490784	17.689085118505325	18.366361269620743	18.4535003355817	18.327211834189008	17.418023827924277	17.50783336754321	17.377674614472287
2025-01-07 02:00:00	18.26985254877025	18.314504638120404	18.249791465149166	17.847640408922253	17.90501209768324	17.82186472266732	17.63065402137232	17.674593074309396	17.610913287444063	18.319098819569064	18.37959944443608	18.29191737941141	17.3713806548623	17.4619265498189	17.33070061509919
2025-01-07 02:15:00	18.226135443914593	18.275549299428057	18.203935016075214	17.777574037046435	17.829876702304762	17.754075738162268	17.5386326301276	17.552222167428706	17.532527185832897	18.243783314809402	18.25142318905853	18.24035090753805	17.307853359014935	17.385709016721172	17.272874730190388
2025-01-07 02:30:00	18.184895588154554	18.24061530604435	18.15986209171131	17.70893753745048	17.757928581446958	17.686927068408593	17.478435922570934	17.505248424107883	17.466389726228243	18.232755710250405	18.276105964530824	18.21327950905195	17.277151721021895	17.380604021537184	17.23067315122517
2025-01-07 02:45:00	18.1614317280728	18.243140961892166	18.124721782443807	17.652666113925033	17.713693548013072	17.625247991363736	17.440157658287223	17.50306435399755	17.41189522977968	18.209529537741805	18.267057121629307	18.183683811647423	17.239526814902447	17.355992383054062	17.187201704573454
2025-01-07 03:00:00	18.09372433159511	18.14809363107863	18.06929754487063	17.602849409707098	17.683933471927222	17.566420338274867	17.386153264367117	17.462292178524326	17.351945926122575	18.18086118341202	18.245142203545996	18.151981304801104	17.180704132900424	17.287227335945683	17.132845882256902
2025-01-07 03:15:00	18.06444489258938	18.13657107879908	18.032040374147343	17.512170582052224	17.556868928374637	17.49208871631317	17.31812217198901	17.384482386037377	17.28830816277887	18.12329640707077	18.154644943895303	18.10921228183077	17.099804103041027	17.16771686420229	17.06929257266423
2025-01-07 03:30:00	18.023455280836938	18.0958471124079	17.990931414478972	17.435178260078157	17.466511997210716	17.42110078397512	17.26567810512017	17.342378119773798	17.231218678246798	18.096106827753406	18.13741356799658	18.077548727064446	17.060294389989252	17.142546632855588	17.023340483773936
2025-01-07 03:45:00	17.983997069114526	18.05816157949226	17.95067678184337	17.39491608465946	17.458061421497153	17.36654644057296	17.208473361934903	17.28663053131894	17.173359271342072	18.091743884799808	18.16910739905487	18.056986363902606	17.04362144811085	17.162851990161208	16.990054103131705
2025-01-07 04:00:00	17.9507703426944	18.032768876510293	17.913930421704652	17.333492275686623	17.39615743442107	17.305338363791435	17.136040425721458	17.196664110678597	17.10880369769723	18.059007907888752	18.130383040845437	18.026940819169077	16.996834098415718	17.111139571327968	16.94547946565804
2025-01-07 04:15:00	17.89847826722992	17.964868537037276	17.86865075470777	17.263724594037907	17.316111417480016	17.24018848495522	17.058796662826154	17.099360264531757	17.040572435972905	18.00611207003014	18.04816801922543	17.987217368217767	16.97418388966509	17.1127725883614	16.911919401845005
2025-01-07 04:30:00	17.848282637220983	17.904221420113405	17.823150720269314	17.210090926171862	17.27273170407868	17.18194796798185	16.99009933269829	17.02421506934145	16.974771972757154	17.951531169979944	17.96707701320798	17.94454680563112	16.886429424877264	16.97092112885907	16.848469383957898
2025-01-07 04:45:00	17.79853403930064	17.846219863761803	17.77710997323838	17.162755351069706	17.240865338690977	17.12766245808044	16.94182193515345	16.99450767247066	16.91815153143122	17.959338767890312	18.03035055606361	17.927434921029842	16.85068147973528	16.948954294551477	16.806529925252633
2025-01-07 05:00:00	17.772904048615903	17.839066209456764	17.743179019832326	17.105314146841042	17.181238565306863	17.071203176225964	16.88706955495687	16.94441693411962	16.86130479040549	17.9370893504625	18.01443434771556	17.902340148798082	16.813898084006926	16.919227141496165	16.76657633354074
2025-01-07 05:15:00	17.743647110631994	17.824493471066347	17.707324832755695	17.057840500051743	17.145945989709354	17.01825687426354	16.84678144388687	16.92781464319369	16.810375223908437	17.899704679531546	17.965888241903013	17.86997003556755	16.77054549485426	16.878152899651134	16.72220013907595
2025-01-07 05:30:00	17.700598809465706	17.77675548630475	17.66638349088585	16.97720239436821	17.035115252728527	16.951183573945457	16.77065991548399	16.82731634721408	16.745205576590756	17.85138792841491	17.894834881855925	17.83186828266604	16.712019552282808	16.804308061589225	16.670556598826295
2025-01-07 05:45:00	17.653617836980647	17.72097391741181	17.623356409540555	16.915594339883118	16.97144947943655	16.89050000182288	16.725976198766567	16.799627881078692	16.692886312510396	17.824651925034367	17.87586124818544	17.801644837821556	16.659585058164797	16.746225737760533	16.62065953544787
2025-01-07 06:00:00	17.622885710380267	17.704054535353265	17.586418557131523	16.864372492760495	16.93061736594671	16.834610303357998	16.674003531715787	16.752505046033004	16.638734735428343	17.81341403142846	17.890959580519645	17.778574726764298	16.636438296570688	16.751767634488058	16.584623666491872
2025-01-07 06:15:00	17.59240873242649	17.680946365884637	17.552630955075728	16.82080369607607	16.902440416984742	16.784126328711302	16.61901567123725	16.696142573590087	16.584364454238155	17.788231787834004	17.86733676007045	17.75269187277125	16.590198724776695	16.699412451551925	16.541131688109566
2025-01-07 06:30:00	17.555331889757404	17.641869205515626	17.51645280586603	16.76363252661954	16.841040910468575	16.728854846919248	16.54445387591023	16.59672741227859	16.52096866391865	17.74273751240987	17.798467597428864	17.71769935827089	16.53610331403305	16.631848659525442	16.493087289246617
2025-01-07 06:45:00	17.502526828480026	17.56892726100431	17.472694750099553	16.706416518157766	16.780074772815603	16.67332367910859	16.50754815	16.58835431578967	16.471243930587256	17.69081956691553	17.719130408963657	17.678100203096797	16.46287774826186	16.525719824293212	16.434644351784
2025-01-07 07:00:00	17.455397830007573	17.513065458917563	17.42948918513497	16.66414988287716	16.75338262415394	16.62405981070933	16.50754815	16.65307576823674	16.442166176589296	17.686594403611096	17.75189453531157	17.6572566632819	16.430489466747165	16.513861564313473	16.39303243740578
2025-01-07 07:15:00	17.424192305430342	17.491973123826767	17.39374005368702	16.614568712877265	16.70663713614177	16.57320463865698	16.507548150000005	16.695304895733937	16.42319367003259	17.663704594306623	17.735812913884345	17.63130810290214	16.401255987723992	16.50304537897031	16.355524522091585
2025-01-07 07:30:00	17.411523160299534	17.510056358301195	17.367254622066902	16.55358694239138	16.63394884537855	16.517482319310187	16.50754815	16.725649793804603	16.409560454957358	17.65774183391935	17.75580571984495	17.61368414603973	16.39034501645652	16.52714012833309	16.328886343004726
2025-01-07 07:45:00	17.36117233635295	17.43963203721228	17.325922325821953	16.50392927	16.59185215326377	16.464427684765557	16.50754815	16.759515877318865	16.394345258016166	17.59561884416436	17.64580334092218	17.573072186200704	16.3256221777414	16.42993432321913	16.27875730078764
2025-01-07 08:00:00	17.300250258726667	17.34977501433116	17.278000006208714	16.503929270000008	16.657336879051936	16.43500701086073	16.507548150000005	16.77706971896253	16.386458749451627	17.565920601292518	17.617034763050782	17.54295626774895	16.26299571435822	16.34431616831335	16.226460437943587
2025-01-07 08:15:00	17.27922451699334	17.353952663457626	17.245651001915192	16.503929270000004	16.695594161684742	16.417818956344544	16.507548150000005	16.776721898054518	16.386615016816094	17.560473958980474	17.64268673539449	17.523537784069823	16.23423859883506	16.335738155185894	16.18863734888034
2025-01-07 08:30:00	17.25863033864893	17.354092795433772	17.215741408789082	16.503929270000004	16.731555965739904	16.401662203798022	16.507548150000005	16.780109303221604	16.38509313913233	17.522213733748593	17.58921436846076	17.49211199931269	16.206836793594082	16.325587358616417	16.15348509046811
2025-01-07 08:45:00	17.22596125361913	17.32345979654071	17.182157560422482	16.50392927	16.755353882861357	16.390970385960834	16.507548150000005	16.784693566133868	16.383033542751456	17.49641389276039	17.566223872021357	17.46504998903445	16.154620170144934	16.25934160237236	16.107571410738416
2025-01-07 09:00:00	17.3474026	17.65740211276485	17.208127456583902	16.711689590000002	17.257551594174494	16.466447240298415	16.771473190000005	17.40140376183447	16.488460904103363	17.44569498736539	17.486273969849382	17.427463850307365	16.12248690922524	16.237503571746707	16.070812756498214
2025-01-07 09:15:00	17.27435065	17.45636915440602	17.19257422048425	16.71168959	17.164414115933646	16.50829161458053	16.771473190000002	17.282245646032937	16.541995709753323	17.450179215413716	17.53455844796511	17.412269705137	16.107542794687106	16.247500831660783	16.044663096916324
2025-01-07 09:30:00	17.183246639325237	17.254290308755937	17.1513284690013	16.711689590000006	17.104425545951955	16.53524300109405	16.77147319	17.206363833640694	16.57608753850926	17.485265946524432	17.642056373526568	17.414823870624925	16.048720921395315	16.160503608753054	15.9984997140317
2025-01-07 09:45:00	17.274350650000002	17.510495264880852	17.168256692589765	16.711689589999995	17.065771655275334	16.552609241832812	16.86829776	17.385451343797726	16.635953396264796	17.497588283195935	17.686357908880716	17.412778741221615	16.14333519	16.413485330093696	16.021963387928924
2025-01-07 10:00:00	17.27435065	17.512407005547033	17.167397794609297	16.711689589999995	17.05720921238909	16.556456136462863	16.938573659999996	17.47481197740497	16.697654995658635	17.462046387720427	17.6160704878804	17.392847154315227	16.14333519	16.40643497540063	16.025130938588124
2025-01-07 10:15:00	17.4025974	17.803570478284335	17.222450074973704	17.010805499999996	17.735764570315432	16.6850992510177	16.86829776	17.222697172178698	16.709074835687833	17.384310358506117	17.458108447155652	17.351154695489655	16.379252650000005	16.919906560349308	16.136350168538726
2025-01-07 10:30:00	17.63149351	18.27781652258511	17.341116504345813	17.127210219999995	17.849812890294274	16.802562643490965	17.158771469999998	17.877378617586068	16.835918983403353	17.432692006792372	17.598329755329758	17.35827504730456	16.851087559999996	17.859094228311086	16.398214998874728
2025-01-07 10:45:00	17.631493509999995	18.13415736672341	17.405659023645995	17.56777996	18.740281411830452	17.041003945409507	17.299323270000002	18.065079247588034	16.95528797572132	17.44225287100503	17.63290111866988	17.35659931045995	16.69046291	17.25482403774608	16.43690935985321
2025-01-07 11:00:00	17.878246749999995	18.635337108107386	17.5381047050532	17.56777996	18.45590000356228	17.168769505645933	17.519521080000004	18.416999311914722	17.11630622218324	17.37090689706034	17.485233109221177	17.319542946669237	16.897936419999997	17.61484630391145	16.575846472155725
2025-01-07 11:15:00	18.1525974	19.124751136480995	17.715832677812884	17.72544204	18.624591712800257	17.321476244973802	17.783446120000008	18.850208991382345	17.304175844451418	17.416546671623188	17.633367071188857	17.3191346080502	17.266034579999996	18.27568509403734	16.81242347949047
2025-01-07 11:30:00	18.22564935	19.042607136071574	17.85861034466349	17.84184676	18.69324580484167	17.45933414565084	17.686621550000005	18.363664238405704	17.38244295086121	17.819398016916608	18.58638898620333	17.47480787129504	17.341327379999996	18.193449500528146	16.95848990555981
2025-01-07 11:45:00	18.17045454999999	18.714154013587013	17.926183776504374	18.11591356	19.14584224706815	17.65319197595489	17.783446120000008	18.454559473233044	17.481931425069227	18.198281265864686	19.31312345117333	17.69741013913181	17.652537650000014	18.682128463783968	17.189967864097085
2025-01-07 12:00:00	18.62824674999999	19.732951198324592	18.131930258723727	18.3737721	19.54279280172682	17.848559900673465	18.33784487000001	19.674581064380472	17.737282231945017	18.407355680000006	19.54494060795517	17.8962667993245	18.049079750000015	19.37117623728163	17.455094371656102
2025-01-07 12:15:00	18.7012987	19.58886676811327	18.302536234615772	18.490176820000006	19.506106782003386	18.03374451823037	18.46121812	19.60634038963978	17.946742897408228	18.493947860000006	19.436736634687566	18.070376091662112	18.04907975	19.00392324380347	17.620092093363652
2025-01-07 12:30:00	18.628246750000006	19.18159840190961	18.379639486098597	18.69793713	19.756001367042817	18.222574936545968	18.55804269	19.55732516959055	18.10908969192309	18.493947860000006	19.164801000850588	18.192550072081623	18.152816509999994	18.985125002775522	17.778880810347218
2025-01-07 12:45:00	18.555194810000007	18.900225825573962	18.40018087546678	18.930746560000006	20.032446545168913	18.435779899996582	18.848516399999994	19.985930558044082	18.337504242038154	18.49394786	18.95315609507911	18.287636913805038	18.28499721	19.06495215099771	17.934582671290883
2025-01-07 13:00:00	18.46291676895602	18.592323503745927	18.404777511296793	18.81434185	19.4976427751751	18.507351579269155	18.848516399999994	19.68011173516993	18.47490110448886	18.66713222	19.32000468150381	18.373812708309877	18.417177910000007	19.145201566806456	18.09009481781161
2025-01-07 13:15:00	18.628246750000006	18.999878213453275	18.461281889607953	18.81434185	19.40528185383921	18.548847065666443	18.8485164	19.510883011832515	18.550931400481037	18.72998138000001	19.309766650603184	18.469498142482642	18.445621860000006	19.053673352484033	18.172439305405724
2025-01-07 13:30:00	19.0211039	19.849632219945676	18.648866538864986	18.905697449999998	19.54323168098373	18.61926902738412	19.085892759999997	19.948566014993368	18.69831492080007	18.84031657	19.476347691029524	18.5545634576534	18.72838818	19.567054589846254	18.35159602485168
2025-01-07 13:45:00	19.176948050000014	20.001396505273743	18.806543671543693	18.81434185	19.209801155057352	18.636671727438	19.08589276	19.744664190306835	18.789922986963575	18.903165740000013	19.465702014898547	18.650432051277463	18.728388180000042	19.362266510958307	18.4436022631927
2025-01-07 14:00:00	19.17694804999997	19.897061579036446	18.85341878333142	18.99705305	19.646428448651985	18.705304682489697	19.08589276	19.687618739694194	18.81555210245621	18.792830540000015	19.109855612611398	18.650398985638375	18.728388179999985	19.316866365097376	18.46399943017363
2025-01-07 14:15:00	19.277597399999987	19.909835364479576	18.99354845943668	19.113457760000014	19.81432255006471	18.798576477507183	19.085892759999986	19.558935590529696	18.873366270921423	18.79283054	19.01229147124025	18.694232150602218	18.77525362181601	19.21863028428983	18.57605541113938
2025-01-07 14:30:00	19.165388439643124	19.43032665413334	19.0463582273359	19.179764240000015	19.808575748260452	18.897254721796045	18.98906819	19.21911941598245	18.88571184209482	18.749329237504867	18.863129371742993	18.698201640963106	18.794319135392076	19.151673044388236	18.633768828451792
2025-01-07 14:45:00	19.260582359122093	19.56699883300448	19.122916986798174	18.97200393	19.158672529330936	18.888138327402075	18.98906819	19.20213959361538	18.893340457940923	18.77020682864662	18.89396932301091	18.71460338914963	18.800429167530048	19.074189661592968	18.67743532237131
2025-01-07 15:00:00	19.295060256624534	19.643119380384615	19.13868586768882	18.972003930000028	19.175966088466605	18.880368757355612	19.00117317504102	19.242056434510832	18.892950261366167	18.8556797	19.10055071121853	18.7456651877134	18.918599933726746	19.315538180680473	18.74026535900836
2025-01-07 15:15:00	19.53092968725252	20.01477755518814	19.313548761078522	18.954843870760953	19.09284521273283	18.89284326784606	19.047713057620772	19.295388565659927	18.936438554008987	19.03580283853969	19.425002376316037	18.86094507519087	19.044906607100597	19.42295889814983	18.875057027064003
2025-01-07 15:30:00	19.705582289387504	20.227187139026356	19.47123808157872	18.984985971385058	19.132319564138605	18.918792618118957	19.044460913847676	19.23716815621486	18.957882297711706	19.075340348260852	19.4095776811958	18.925175749406037	19.115908181739233	19.41689298470943	18.98068312533229
2025-01-07 15:45:00	19.74625322059808	20.138462353656355	19.570043320238554	19.027423151827804	19.199551004630038	18.950090348394923	19.155238838550023	19.44174737707346	19.026517611097454	19.072352968314966	19.308724287895355	18.966157158068725	19.17148420504469	19.39733319973521	19.070015816125746
2025-01-07 16:00:00	19.9025974	20.177215761602028	19.779218136091842	19.079096316300905	19.196492447750995	19.02635312680883	19.183932087413172	19.365544166018633	19.10233825499622	19.19809979150518	19.43257256787781	19.092756949946477	19.238148350000014	19.26466788428648	19.22623377662491
2025-01-07 16:15:00	19.902597400000015	20.092510586863657	19.81727408416272	19.109632040900998	19.28488173526302	19.030896670970222	19.26850212000803	19.55576558998363	19.13944172045378	19.26345695300338	19.543053680296943	19.137841032045387	19.105967650000014	18.99861655534133	19.154197851948126
2025-01-07 16:30:00	19.774350650000027	19.801808376937878	19.762014569781556	19.125706471184877	19.32988043899251	19.033976137822023	19.2620026941837	19.526623021384196	19.143115300803764	19.232328368829382	19.432253880236754	19.142506762255053	19.04907975	18.94082518723194	19.097715857910302
2025-01-07 16:45:00	19.62824674999997	19.48888493663448	19.690858579193133	19.165863231567094	19.42062088772695	19.051406893292352	19.15584552168609	19.282944278826758	19.098743181521428	19.25787846474155	19.462017200552868	19.16616396024662	19.04907975	19.021227077681527	19.061593269447457
2025-01-07 17:00:00	19.80194804999997	20.11425368702656	19.661636821770543	19.21494062264494	19.58726901707539	19.047662648335574	19.180207553173773	19.41619266347571	19.074185257241	19.33807478080673	19.682627763905586	19.183275614486917	19.04907975000003	19.19320736270798	18.984326764580516
2025-01-07 17:15:00	19.964400762572584	20.32027756278641	19.804514084215583	19.230181579427374	19.53629159147871	19.092653892853548	19.238034038305983	19.479065268675186	19.1297446449517	19.459944356606357	19.85125155025089	19.284139675403708	19.31344116	19.66017677130468	19.15766139260225
2025-01-07 17:30:00	19.819805190000057	19.7982013003968	19.829511285329005	19.259012571938744	19.527483714893066	19.13839510191579	19.345279405868627	19.64947164646514	19.20861332676006	19.584657184577992	20.01656608106559	19.390611158619777	19.20970441	19.259816721370893	19.18719018315224
2025-01-07 17:45:00	19.892857139999943	19.903010230487236	19.88829560659258	19.30750815238162	19.56997651806567	19.18958758229178	19.311296199999973	19.49091037888897	19.230599974702045	19.670567626730364	20.08819558208938	19.48293767577195	18.81316229999994	18.33406283904061	19.028409883909035
2025-01-07 18:00:00	20.062777319925615	20.657714551973434	19.7954866794405	19.234866790056177	19.5137549133029	19.109569227438158	19.28474753	19.55077815530815	19.165226524426714	19.60886889017346	20.012054926584344	19.427727337583008	18.70942554	18.54143001186615	18.784901791770267
2025-01-07 18:15:00	20.267857139999943	20.662211386013286	20.090683493240363	19.42388644652033	19.715286782958998	19.29296745478706	19.42529932000003	19.638358582986065	19.329577042426592	19.820066073396255	20.242147475594322	19.630435298495627	18.709425539999945	18.328203572617063	18.880699177519773
2025-01-07 18:30:00	20.038961040000057	19.693650090622103	20.19410074189443	19.556324424136424	19.79274297455811	19.45010739423691	19.425299319999972	19.45885815328582	19.4102221630165	19.988791316224287	20.374670670097988	19.81542522970119	18.84160625	18.455982000121892	19.014857724582725
2025-01-07 18:45:00	19.96590909	19.33095674360598	20.25117753548139	19.7391945	19.983039660090235	19.629640877350752	19.355023430000013	19.133579865746363	19.454512567563228	19.903165740000013	19.869251601383347	19.918402526914733	18.97378695	18.575133590432355	19.15289208255936
2025-01-07 19:00:00	19.965909090000014	18.681079083665306	20.543151556614163	19.714145379999987	19.38910479685488	19.860178105760824	19.355023429999985	18.798007976780042	19.605276749562563	19.706238359999986	18.996418660243595	20.025142862789124	19.0022309	18.00269756785625	19.45129659994862
2025-01-07 19:15:00	20.066558439999987	19.340388539119367	20.39280868532316	19.62278978	19.365612794944568	19.738333063140843	19.355023429999985	19.029279961061736	19.501371945030215	19.65875233	19.131702455276077	19.895542853426704	19.00223090000003	18.319628733346114	19.308907235743078
2025-01-07 19:30:00	20.066558439999973	19.60137492326509	20.275553933025805	19.7391945	19.74279356928315	19.737577526843808	19.451847999999984	19.419806423880928	19.46624349072013	19.595903169999985	19.188456602706378	19.778958874146383	18.89849414000003	18.31320016872625	19.161452301007074
2025-01-07 19:45:00	19.99350649	19.608325957438502	20.166558613324696	19.7391945	19.761821243022222	19.7290288618306	19.451848	19.471792954987215	19.442887223121673	19.619646179999986	19.370094523806245	19.731763590753673	18.89849414000003	18.499951706655878	19.077549436140174
2025-01-07 20:00:00	19.99350648999996	19.72619703016733	20.11360204441749	19.7391945	19.809091402259224	19.70779154391255	19.25819885	19.058382657162227	19.34797134243435	19.533054	19.280388503555116	19.646570382460723	19.002230900000015	18.839051380125202	19.075543437914803
2025-01-07 20:15:00	19.92045454999997	19.64786719250765	20.042921333800848	19.739194500000014	19.82082709069008	19.702518988240712	19.187922960000016	19.007081231011014	19.26917069331388	19.359869649999986	18.9575141580349	19.540638059433604	19.1344116	19.163864898647006	19.121178958578867
2025-01-07 20:30:00	19.920454549999985	19.715133855178987	20.01270007955719	19.764243610000015	19.87772786888172	19.71325792847344	19.18792296	19.09946647290942	19.22766428028706	19.533053999999986	19.533689407631556	19.532768527006084	19.0591188	18.948021398324617	19.10903212539037
2025-01-07 20:45:00	19.92045455	19.767074231801125	19.989364548031375	19.85559921	20.087697250142902	19.751323278921305	19.28474753	19.379683807325318	19.242094999607474	19.42271881	19.283099810677605	19.485446186507133	18.823201340000015	18.45248574642339	18.9897547226214
2025-01-07 21:00:00	19.847402599999985	19.557516092863825	19.97764146552494	19.922732104508903	20.184693265500297	19.80503940899105	19.41529642802881	19.640257824299926	19.31422681521137	19.470204839999994	19.422418622486244	19.49167401018731	18.92693809	18.727133655671253	19.01670529962597
2025-01-07 21:15:00	19.847402599999985	19.664224168351772	19.929700156247733	19.85559921000001	20.00721354990136	19.787482622508108	19.418670679021936	19.62304145429423	19.32685192491411	19.6433892	19.912519523075918	19.522475576589073	18.92693809	18.80480441884225	18.981809739360713
2025-01-07 21:30:00	19.92045455	19.912404725397174	19.924071137865027	19.867687459955548	20.029757910595105	19.794873199523295	19.33784487	19.40419227921842	19.30803661368448	19.58054004	19.73698376395744	19.51025372923651	18.92693809	18.865727367119852	18.954438559699767
2025-01-07 21:45:00	19.819805189999993	19.67846002968784	19.883308088111235	19.89073598554691	20.06998541970058	19.81020363107208	19.1707444	19.038421138985964	19.23019398103529	19.58054004	19.69821117292551	19.527673299120416	18.898494140000007	18.810898496047468	18.937848704674344
2025-01-07 22:00:00	19.819805189999993	19.613552625377263	19.91246938570005	19.76424361000001	19.671036986962903	19.806119049335518	19.1707444	19.045573448605317	19.22698062453964	19.6433892	19.758946157957034	19.591472305845386	18.926938089999993	18.80447898195834	18.981955950134655
2025-01-07 22:15:00	19.819805189999986	19.698718293180633	19.874206549440558	19.67288802	19.534998167196978	19.734838533578174	19.10046851	18.97418633019726	19.15720398208528	19.643389199999994	19.763619211723977	19.58937281792111	18.719464579999993	18.42694810055762	18.850885027285706
2025-01-07 22:30:00	19.993506489999994	20.142984261833234	19.926349809900998	19.67288802	19.621733670966638	19.69587040869615	19.10046851	19.04990504152846	19.123185430617642	19.690875229999993	19.893738936335737	19.59973356483465	18.455103180000005	17.976301452629468	18.670216999543293
2025-01-07 22:45:00	19.92045455	19.951184665451496	19.906648266246428	19.76424361	19.890964657604666	19.707310965423993	19.267568970000003	19.498589544605384	19.163777117641068	19.715875601253465	19.914068061942203	19.626832611668668	18.45510318	18.134421826247625	18.599177411396
2025-01-07 23:00:00	19.746753249999994	19.50154367267607	19.856919871696256	19.672888020000006	19.662867120018802	19.677390163469823	19.267568970000003	19.45024896509571	19.18549534901497	19.794894693719254	20.052164648279096	19.679309641670628	18.662576690000005	18.663841073203226	18.66200863377827
2025-01-07 23:15:00	19.74675325	19.632746025704655	19.797973887002264	19.647838899999996	19.657662279301903	19.643425497704932	19.353538715358777	19.637478838598156	19.22597141361355	19.833597336535018	20.098347378245393	19.71465166562166	18.870050200000005	19.161458420434872	18.739127666181446
2025-01-07 23:30:00	19.847402600000006	19.945785496529524	19.80320158851572	19.6478389	19.708590841639303	19.62054454940842	19.36529777091525	19.631870257099028	19.2455333206008	19.79816661461442	19.975920178368263	19.71830631785545	18.8700502	19.117441408403764	18.75890342520991
2025-01-07 23:45:00	19.8474026	19.945961551273378	19.803122491456886	19.6478389	19.736667430342457	19.607930429846142	19.346956881055522	19.56519177146813	19.248909321594788	19.837967863578374	20.03861184566614	19.7478234658288	18.8700502	19.08575490658835	18.77313938979364
2025-01-08 00:00:00	20.06790886173749	20.430028265737146	19.90521753530286	19.739194500000004	19.95847214230643	19.64067845780436	19.4616415739276	19.779034584476758	19.319044714115652	19.914726278721666	20.16464143950195	19.802445554313138	18.89216017956389	19.071521938513445	18.811577360325693
2025-01-08 00:15:00	20.076298700000002	20.375243210482058	19.941990296739945	19.647838900000004	19.716293877212866	19.617083765310166	19.44298268891123	19.703360570144138	19.3260013219805	19.947234253369693	20.20178569425844	19.832870562535618	18.957072583199917	19.212935236111825	18.842119797109063
2025-01-08 00:30:00	20.076298699999995	20.354573788690363	19.951276558704325	19.76424361	20.055700456156103	19.633299229842912	19.432175245030795	19.654136283176943	19.33245361919701	19.95554320359701	20.183927369619017	19.85293582465959	19.053973985839207	19.384298744916702	18.905567210021786
2025-01-08 00:45:00	19.94805195	20.03523935440653	19.90888079729562	19.755118726254892	20.012957586282457	19.639278078996135	19.448770712817172	19.67275827909148	19.34813861782437	20.03767846024391	20.336732794546	19.903320715847315	19.15751685603728	19.553841944660277	18.979457758250135
2025-01-08 01:00:00	19.847402600000002	19.837012154971077	19.85207077095503	19.812461783131383	20.13365733378911	19.66815653573443	19.487389413616043	19.733993382790295	19.376596326016017	20.234171319999998	20.726296040857928	20.013071807730494	19.341885109999996	19.87463190675086	19.102535099865555
2025-01-08 01:15:00	19.975649350000005	20.18698342941403	19.88070215490095	19.835559686892246	20.15114241189677	19.693776143774272	19.566085433115283	19.884119090491463	19.423200746468012	20.234171319999998	20.641315154329032	20.05125162631594	19.24306574284291	19.575617106281612	19.093658608544366
2025-01-08 01:30:00	19.975649350000005	20.161551289621002	19.892128188721003	19.86325841770278	20.182077901818424	19.720020678462415	19.717306514097608	20.17889484285091	19.50992625045482	20.378966415393982	20.90231066769637	20.143840736823346	19.29479130300739	19.636126695102018	19.141437721051837
2025-01-08 01:45:00	20.048701300000005	20.316598587427308	19.928341649126875	19.790949321584094	19.99261244568661	19.700347048436583	19.70485132611922	20.08799230096154	19.532715525827737	20.359151120737266	20.770021719640138	20.17455708354902	19.388733970000004	19.770510683352825	19.21721109878352
2025-01-08 02:00:00	19.920454550000002	19.911119669275198	19.92464848191984	19.881279756994534	20.13452724948192	19.767501898050924	19.689224360000004	19.940366560260095	19.576392356984595	20.38361266	20.687994600896367	20.246861353220474	19.38873397	19.681663813539263	19.257127808409898
2025-01-08 02:15:00	19.99350649	20.114905359175005	19.93896496906631	19.921905700000003	20.185371975782697	19.803536793488934	19.68922436	19.89012427168643	19.598964979387254	20.44646182	20.804208893452287	20.285734873956223	19.46402677	19.78454461494879	19.320025999080986
2025-01-08 02:30:00	19.99350649	20.11151426110556	19.940488505880115	19.94695481	20.19681407179467	19.83469919962848	19.636127019999996	19.770489074293632	19.57576145937532	20.446461819999996	20.762234242117646	20.304593050642794	19.46402677	19.76054701592415	19.330807529077564
2025-01-08 02:45:00	19.993506489999998	20.135640977237944	19.929648966748168	19.946954809999998	20.162741605603962	19.850007119221406	19.636127019999996	19.804880507009624	19.56031023598118	20.383612659999997	20.580225603023973	20.29527930878633	19.46402677	19.718041282376447	19.349904307917825
2025-01-08 03:00:00	20.139610390000005	20.450905974417473	19.999752953522584	19.94695481	20.10757917966062	19.87479023812349	19.759500259999996	20.03977802545917	19.63357836537341	20.47020484	20.752506658298984	20.343373588300455	19.66278522706721	20.109226226840246	19.462210285140195
2025-01-08 03:15:00	20.139610390000005	20.402331310459758	20.0215763532717	19.94695481	20.07693714370347	19.888556949930326	19.66267569	19.780745924535903	19.60962964259981	20.55679702	20.882157213900328	20.41062070100131	19.72838818	20.14676976081773	19.54041964369059
2025-01-08 03:30:00	20.139610390000005	20.368898316898676	20.036596973567264	19.94695481	20.049972326701106	19.900671577858926	19.66267569	19.765487935047318	19.61648468135555	20.556797019999998	20.810559741683957	20.442787681272424	19.65309537	19.876443749331965	19.5527504459523
2025-01-08 03:45:00	20.24025974	20.58880487266662	20.083666999236737	19.94695481	20.0764635470219	19.88876972525103	19.66267569	19.80367306822241	19.599329041813117	20.55679702	20.74897480785928	20.470456274729894	19.549358619999996	19.60840417117313	19.522830908603368
2025-01-08 04:00:00	20.01136364	19.948465916248526	20.039622037627467	19.94695481	20.10524422025031	19.875839277858557	19.759500260000003	20.00352519480469	19.64986586900079	20.47020484	20.50702768099675	20.453661244769577	19.549358619999992	19.62236969155569	19.516556544373522
2025-01-08 04:15:00	20.01136364	20.020189468894934	20.00739841252546	19.80550098	19.74809387804767	19.83129257652931	19.56585112	19.481864139246234	19.603584401208217	20.383612660000004	20.323688875336718	20.410534940066118	19.474065809999995	19.479684460717568	19.471541488663114
2025-01-08 04:30:00	20.139610389999998	20.34329241513439	20.04810107435991	19.921905699999996	20.085598244986635	19.84836267254223	19.565851120000005	19.553912979575653	19.571214632364562	20.38361266	20.36371966259375	20.392550093617306	19.577802569999996	19.773733520365948	19.48977562128485
2025-01-08 04:45:00	20.06655844	20.131497067032637	20.037383114811423	20.128614863244366	20.534457413254643	19.94627980454409	19.66267569	19.83966362124937	19.58315937306187	20.407355679999995	20.454069520639674	20.386368302321305	19.65309537	19.906514197166818	19.539240534606215
2025-01-08 05:00:00	19.89285714	19.70861123026028	19.975634287854074	20.179013212047153	20.542391826687897	20.015756153295513	19.689224359999997	19.863873407688494	19.610758845821106	20.49394786	20.679742734559802	20.41047480041516	19.520914670000003	19.551304840419384	19.507261115173904
2025-01-08 05:15:00	19.89285714	19.804053958472934	19.932754221555637	20.182302320369548	20.4670868324159	20.054355655537123	19.689224359999997	19.828468743568603	19.62666528912135	20.49394786	20.65601166266292	20.421136586339845	19.52091467	19.564416151763247	19.501370526019414
2025-01-08 05:30:00	19.892857139999997	19.862948886224704	19.906294181551218	20.22986248	20.48813913036191	20.113825144330157	19.52212389	19.402417729533898	19.575904918615205	20.49394786	20.6447118518118	20.42621331295412	19.52091467	19.56615606670497	19.500588825103566
2025-01-08 05:45:00	19.89285714	19.89871258488919	19.89022643287587	20.22986248	20.438278469190763	20.136226310943282	19.52212389	19.46803451740466	19.54642491247037	20.556797020000005	20.78366247479721	20.454871960598354	19.52091467	19.5828480659426	19.493089521098256
2025-01-08 06:00:00	19.892857139999997	19.924739175296914	19.878533327040515	20.22986248	20.40563601086437	20.15089176323485	19.645497140000003	19.791740950256635	19.579793399160064	20.49394786	20.54631299380014	20.470421495539068	19.41717791	19.374385160867085	19.436403637871315
2025-01-08 06:15:00	19.89285714	19.949832326728085	19.86725959233955	20.22986248	20.371537454771246	20.166211404378135	19.575221240000005	19.616747102839895	19.556564692927008	20.40735568	20.406653711542813	20.407671057132934	19.20970441	18.961945490877067	19.32101638815668
2025-01-08 06:30:00	19.892857139999997	19.946328015251503	19.868833993147867	20.29616896	20.5147083011498	20.197984618324003	19.478396670000002	19.420765334569776	19.50428900910634	20.320763500000005	20.237079552361678	20.35836063589548	19.313441159999996	19.30838687296049	19.315711926640937
2025-01-08 06:45:00	20.0211039	20.274102108456294	19.907438038229785	20.204813359999996	20.26871697363439	20.176103040830917	19.47839667	19.466806992145756	19.483603626717127	20.320763500000005	20.30837214863948	20.32633062887212	19.417177909999996	19.54768951446792	19.35854226161586
2025-01-08 07:00:00	20.021103900000004	20.211433650446107	19.935593432408275	20.204813359999996	20.27450711939563	20.17350167099616	19.478396669999995	19.495440381927494	19.470739350148513	20.320763500000005	20.35836036303049	20.303872155739928	19.313441159999996	19.30837706326578	19.31571633389508
2025-01-08 07:15:00	20.0211039	20.172694657321458	19.952997907580215	20.20481336	20.270164897045024	20.175452524516	19.355023429999996	19.223332716020707	19.414188823237076	20.3207635	20.421298959083277	20.27559539519447	19.41717791	19.59388269961267	19.33778880162329
2025-01-08 07:30:00	20.021103900000004	20.155114536196674	19.960896222868165	20.204813360000003	20.299431131704022	20.162303926335873	19.451847999999995	19.51573553966434	19.42314490246964	20.407355680000002	20.623529303304277	20.310234197066197	19.41717791	19.56173071943185	19.352233894168297
2025-01-08 07:45:00	20.12175325	20.371336937968668	20.009621448159	20.13850688	20.140663332141067	20.137538039183003	19.35502343	19.287480395445833	19.385368851321438	20.344506517699998	20.413090415138726	20.31369346232898	19.41717791	19.52933491315135	19.366788531772585
2025-01-08 08:00:00	20.12175325	20.33171896628668	20.027420826740762	20.138506880000005	20.173831387989253	20.122636448874403	19.35502343	19.33595579441379	19.363590048886557	20.344506519999996	20.4141498707676	20.31321747835079	19.417177909999996	19.518692962956184	19.371569697802293
2025-01-08 08:15:00	20.267707754302382	20.629590080760202	20.105122940966258	20.138506880000005	20.192858999549976	20.114087811796395	19.355023429999996	19.357736074051832	19.35380470586077	20.344506520000003	20.43546619029196	20.30364058117318	19.520914669999996	19.737594002492052	19.423565984387622
2025-01-08 08:30:00	20.396103900000004	20.818921329359924	20.206142446229602	20.13850688	20.218505692506803	20.102565384525935	19.35502343	19.400848450031592	19.334435377522038	20.34450652	20.440376576052465	20.301434465831502	19.520914669999996	19.69261233258896	19.443775140431043
2025-01-08 08:45:00	20.00324675	19.798134378571692	20.095398684989526	20.02210216	19.942054193495057	20.058065739154397	19.35502343	19.40380006592011	19.333109289224296	20.281657360000004	20.28747066036918	20.279045587370373	19.596207469999996	19.821970960917074	19.494777495819864
2025-01-08 09:00:00	19.930194810000003	19.734499477613735	20.018115901361952	20.04715128	20.05363263249114	20.04423936801123	19.40812077	19.53413486342037	19.351505742521283	20.171322160000003	20.029050183554073	20.23524145376556	19.492470720000004	19.54605210247501	19.468397924975
2025-01-08 09:15:00	19.801948050000004	19.526591072660583	19.925659155761196	20.04715128	20.082616924068127	20.03121743991142	19.40812077	19.516468226999145	19.35944292700038	20.108472999999996	19.962918967343978	20.173866840758492	19.41717791	19.389848195616633	19.42945647733166
2025-01-08 09:30:00	19.728896099999996	19.469759717492575	19.845319692141015	19.814341849999998	19.551977397737136	19.932215734349985	19.504945339999995	19.732837489474335	19.402559011975292	20.108473000000004	20.07029275169662	20.125626444889917	19.341885110000003	19.24919452082599	19.383528708034707
2025-01-08 09:45:00	19.7288961	19.586828298486974	19.792723662998608	19.74803536	19.511917165182027	19.854117447526917	19.3815721	19.389221458039955	19.378135431895092	20.108473	20.133887550709346	20.09705486852188	19.341885110000003	19.31094235499187	19.35578692746743
2025-01-08 10:00:00	19.801948050000004	19.831995666896493	19.788448396032017	19.540275049999998	19.137374567992353	19.721288310032417	19.3815721	19.415222950770605	19.366453601827697	20.171322159999995	20.331388120350308	20.099408467668695	19.31344116	19.30233335904539	19.318431621298444
2025-01-08 10:15:00	19.42694805	18.978453889661292	19.62844542638406	19.54027505	19.300315390731036	19.64808301285997	19.11764706	18.815110930783675	19.2535690890682	20.08472998	20.105404748594992	20.07544131584862	19.23814835	19.18777586985696	19.260779464267163
2025-01-08 10:30:00	19.25324675	18.77394454295187	19.468585422731763	19.373772099999996	19.020949021233314	19.532286816547348	19.11764706	18.941781808821187	19.196658984442653	19.824953449999995	19.50767032847537	19.96750093938062	18.870050200000005	18.419822781341967	19.072326286643474
2025-01-08 10:45:00	19.07954545	18.548491987143084	19.318134686935714	19.282416500000004	18.957016602819692	19.4286106567042	19.241020299999995	19.319647283701308	19.205695133409552	19.80121043	19.613963090779073	19.88533604617172	18.53039598	17.852616501832102	18.83490560062615
2025-01-08 11:00:00	19.07954545	18.756492369782606	19.22468523966289	19.282416500000004	19.092256210214366	19.3678508330921	19.2410203	19.31000526826264	19.210027053389247	19.801210430000005	19.709153046880168	19.84256954415529	18.530395979999998	18.093774812490075	18.726559113229094
2025-01-08 11:15:00	19.07954545	18.889619005764295	19.164874722047923	19.16601179	18.909453421421944	19.281277143998835	18.950546589999995	18.629315228588563	19.09486792628629	19.320763500000005	18.592942708243577	19.647755449919554	18.266034579999996	17.674515710680055	18.531789434332147
2025-01-08 11:30:00	18.878246750000002	18.498074799256525	19.049048640913732	18.958251470000004	18.533212991603474	19.149210786381055	18.756897449999997	18.316572834948985	18.954724450964946	19.07635009	18.27609764784164	19.43588379589723	18.133853879999997	17.597978033325862	18.37460969517244
2025-01-08 11:45:00	18.9788961	18.881663281599856	19.022580409716006	18.750491160000003	18.211120572675153	18.992817076044496	18.589796980000003	18.10243981441943	18.80875454714489	18.926908749999996	18.213896537311502	19.24724757019338	18.001673169999997	17.505386136535925	18.224642706773707
2025-01-08 12:00:00	17.743506490000005	16.045992455332872	18.506157722966407	17.66915189770558	15.88807258684176	18.469346950412508	17.627106455074887	16.024502244899345	18.347117042255206	17.91278056309222	16.019710864068124	18.76329013801609	16.93586168	15.349093109880481	17.64875770425659
2025-01-08 12:15:00	17.743506490000005	16.637703835648992	18.240316378186698	17.50392927	16.117070660547927	18.12701067424658	17.507548150000005	16.314791560156674	18.043424299060053	17.682495339999996	16.113858113754574	18.387245398168226	16.935861680000002	15.88417656287945	17.408357892039668
2025-01-08 12:30:00	17.743506490000005	17.024019567148244	18.066754237947904	18.295127481212468	18.460063432353635	18.221025822004115	17.507548150000005	16.7325267239101	17.85574618201141	17.682495339999996	16.676232783327542	18.13458431473689	16.93586168	16.24577614543298	17.245900108573586
2025-01-08 12:45:00	17.743506489999998	17.28493087116305	17.949533217303557	18.40781275439151	18.688258334960327	18.281815464570737	17.507548149999998	17.010212779345142	17.730988678844934	17.68249534	17.045182382619345	17.968824349837686	16.935861679999995	16.48422783914191	17.138769637486966
2025-01-08 13:00:00	17.743506489999998	17.465483216352936	17.86841549700085	18.446876578619836	18.706282345612994	18.330331958666385	17.507548150000005	17.20038122986937	17.645550679334054	17.682495340000003	17.300335740143616	17.854190232689103	16.935861679999995	16.649296300419394	17.064608444739108
2025-01-08 13:15:00	17.74350649	17.571569148609512	17.820753701349346	18.50392927	18.76558712757674	18.38637284123364	17.50754815	17.31801115619721	17.592702451563575	17.682495340000003	17.441052462800148	17.790969676133273	16.935861679999995	16.750121245445406	17.019310281031764
2025-01-08 13:30:00	17.743506489999994	17.634657035221856	17.792409868233655	18.50392927	18.679223185012823	18.42517403282033	17.50754815	17.393874322405935	17.558619000078497	17.682495339999996	17.527404227281867	17.752173955858872	16.935861679999995	16.80989470526686	16.992455538213434
2025-01-08 13:45:00	17.743506489999998	17.683841721398103	17.770312400531278	18.50392927	18.645355139723424	18.44039011113875	17.507548150000005	17.445234840789116	17.53554398457301	17.682495339999996	17.597070205405302	17.720874748296158	16.935861680000002	16.859872584571555	16.9700017083809
2025-01-08 14:00:00	17.74350649	17.72255228405072	17.752920698469964	18.50392927	18.645662362054626	18.440252083714586	17.507548150000005	17.488553967290112	17.51608176831894	17.68249534	17.65599680762741	17.694400477732604	16.935861680000002	16.900125307949732	16.951917151500847
2025-01-08 14:15:00	17.743506489999998	17.74419028946787	17.743199275746314	18.50392927	18.621525076408183	18.45109637146879	17.507548150000005	17.505505112939638	17.50846603621553	17.682495340000003	17.68368103186971	17.68196263785563	16.93586168	16.92581601678535	16.940374948980494
2025-01-08 14:30:00	17.74350649	17.75939874187517	17.736366492780714	18.50392927	18.59708847176199	18.46207513587505	17.507548150000005	17.5158451662875	17.503820505001272	17.682495340000003	17.686880354235804	17.68052526114043	16.935861680000002	16.93672205202748	16.93547513604563
2025-01-08 14:45:00	17.74350649	17.770023182260815	17.731593193477025	18.50392927	18.584578318360357	18.467695639577236	17.507548150000005	17.52773909292503	17.498476856801805	17.682495340000003	17.70835990319684	17.670875028998523	16.935861679999995	16.947249051137106	16.930745614706513
2025-01-08 15:00:00	17.743506489999998	17.778925323125602	17.72759368091458	18.50392927	18.58990122000337	18.465304191012986	17.507548150000005	17.54565690089733	17.490426827133092	17.68249534	17.725070555416313	17.66336734466803	16.93586168	16.960871830462644	16.924625235589247
2025-01-08 15:15:00	17.74350649	17.784122095582457	17.72525889908615	18.50392927	18.588517657549602	18.465925791535692	17.507548150000005	17.55336569628005	17.486963455294475	17.682495339999996	17.733895242776022	17.659402630057148	16.935861679999995	16.963942502468036	16.923245658311455
2025-01-08 15:30:00	17.743506489999998	17.786517684768214	17.724182619886747	18.50392927	18.57553856775889	18.47175697680398	17.50754815	17.55183577637151	17.4876508106157	17.68249534	17.72506190658307	17.663371230375724	16.935861679999995	16.96059393302133	16.924750088062876
2025-01-08 15:45:00	17.743506489999998	17.780422345618888	17.726921105591515	18.50392927	18.568369179171494	18.474978006459185	17.50754815	17.551767118176446	17.487681657051162	17.682495339999996	17.719640400212676	17.665806979614594	16.93586168	16.954489325918765	16.9274927376307
2025-01-08 16:00:00	17.743506489999998	17.774678160707044	17.729501826349008	18.50392927	18.56743460364811	18.47539788821607	17.507548150000005	17.545948737895582	17.49029571195996	17.682495340000003	17.717641550948937	17.666705013341783	16.935861680000002	16.95251063309216	16.92838171556729
2025-01-08 16:15:00	17.743506489999998	17.777077724301723	17.728423761545603	18.50392927	18.568336609606053	18.474992639162497	17.507548150000005	17.548624776231755	17.489093433866895	17.682495339999996	17.72438355169592	17.663675998513426	16.935861680000002	16.95661420730909	16.92653808077418
2025-01-08 16:30:00	17.74350649	17.779995321294468	17.727112957099592	18.50392927	18.56862871954941	18.47486140136186	17.507548150000005	17.545777784671245	17.490372517031762	17.682495339999996	17.737233097591986	17.65790301412534	16.935861680000002	16.965403022392394	16.922589482693283
2025-01-08 16:45:00	17.74350649	17.77772671387565	17.728132186519638	18.50392927	18.56592891092203	18.476074358861112	17.507548149999998	17.547169065627127	17.48974744877622	17.682495339999996	17.725121016390602	17.663344673795518	16.935861680000002	16.95687860115457	16.926419295133453
2025-01-08 17:00:00	17.74350649	17.794522783079294	17.720586126442633	18.50392927	18.578979927862633	18.470210858496497	17.507548150000005	17.560705037748864	17.483666069996893	17.68249534	17.736801978067824	17.658096705505752	16.935861680000002	16.967957145484554	16.921441978115638
2025-01-08 17:15:00	17.74350649	17.79979759061263	17.718216285376933	18.50392927	18.58072577830558	18.469426490906187	17.507548149999998	17.562255399477504	17.48296953066953	17.682495339999996	17.738324533738975	17.657412658754943	16.935861680000002	16.969931996569855	16.92055472617876
2025-01-08 17:30:00	17.74350649	17.79714914155841	17.719406168285346	18.50392927	18.584268392010465	18.46783488185037	17.507548149999998	17.567372816953174	17.480670401079006	17.68249534	17.749491921744003	17.65239542646283	16.935861680000002	16.975208778791313	16.918183997934335
2025-01-08 17:45:00	17.74350649	17.79609481499146	17.719879851235724	18.50392927	18.579649675904665	18.46990995720226	17.50754815	17.5631643801818	17.48256114803427	17.790500424789833	17.997887057245777	17.697326720353107	16.93586168	16.974996948648194	16.918279167998634
2025-01-08 18:00:00	17.74350649	17.801196339830433	17.717587861815314	18.50392927	18.583969272095676	18.46796926905847	17.507548149999998	17.568459627679523	17.48018212379616	17.912969259412503	18.240571981138643	17.76578542791235	17.046564242623617	17.221008581945583	16.96819069887027
2025-01-08 18:15:00	17.74350649	17.80064361089627	17.717836189307477	18.50392927	18.582893630530823	18.468452528312245	17.507548150000005	17.56655479281228	17.4810379191713	17.96319906986688	18.27450904103534	17.823335169776705	17.205018119608898	17.523887735923264	17.06175785720679
2025-01-08 18:30:00	17.743506490000005	17.798992931285163	17.718577798987834	18.503929269999997	18.584747527937044	18.467619617883358	17.50754815	17.57210649432523	17.478543676462582	18.003651960876294	18.290131181353054	17.874943905299777	17.342798890234462	17.73065914241231	17.168542834908184
2025-01-08 18:45:00	17.85546529942937	18.05546669417816	17.765609600339335	18.50392927	18.588549203640365	18.465911618654328	17.50754815	17.575027052470816	17.47723154164355	18.056246005905432	18.337409521373758	17.92992616562256	17.38539195490676	17.723355646025933	17.233553195128586
2025-01-08 19:00:00	17.955932360572287	18.241555614422676	17.827608869711973	18.503929269999997	18.58246219242929	18.468646362821616	17.50754815	17.56433272635284	17.48203623888496	18.13740846506946	18.44991413645904	17.997007366329214	17.488212974998937	17.854301756838815	17.32373830489697
2025-01-08 19:15:00	18.023462818107436	18.3186408938582	17.890846581175936	18.50392927	18.58286269016364	18.468466429056914	17.583097931203774	17.733323736188826	17.515605178239475	18.186565671888122	18.485609454656437	18.052212668035686	17.506107861540794	17.800583954757162	17.373807008066777
2025-01-08 19:30:00	18.09464241734048	18.402429544372193	17.956361244326235	18.50392927	18.584132256532158	18.46789604416671	17.734306908758406	18.068517913025993	17.584154138725147	18.2454100388672	18.546125900522384	18.110305811167045	17.553337315349676	17.823487412166994	17.431965532721613
2025-01-08 19:45:00	18.154024474372946	18.457787121144822	18.017551401185585	18.50392927	18.583736904274783	18.468073666195387	17.78862671607724	18.112106026961243	17.643295431477174	18.278062641241494	18.548280998474265	18.156660190890538	17.646560984108582	17.949706015189697	17.51036539043446
2025-01-08 20:00:00	18.192617794567475	18.45742073915131	18.07364835569648	18.50392927	18.566454805299866	18.475838087473978	17.83355045607712	18.127274493625922	17.701587482685625	18.3608028258493	18.66023296077353	18.226276243492038	17.737243746181946	18.052490843323014	17.595610992393926
2025-01-08 20:15:00	18.251643860539176	18.519992590698543	18.131081387569022	18.50392927	18.566619663450908	18.475764020768437	17.916822606263906	18.239916109175567	17.771664655680407	18.426748408839707	18.73651714865579	18.287576946023783	17.83829947380726	18.186607675078324	17.681813180482578
2025-01-08 20:30:00	18.325384625987457	18.615349927497814	18.1951103600915	18.503929270000004	18.572632190456712	18.473062740519456	17.974442278077575	18.291850120344982	17.831838754740044	18.47751802486154	18.77717302835341	18.342890414597072	17.88172990990405	18.193337004631463	17.741732519519264
2025-01-08 20:45:00	18.39650053670461	18.700769531916475	18.25979997363842	18.50392927	18.57850836578396	18.470422719720247	17.990998561107688	18.255088682553264	17.872349376110403	18.52580623555422	18.81485382514261	18.39594427501451	17.930394353229868	18.21959044638985	17.800465673694227
2025-01-08 21:00:00	18.45284485115259	18.749364084436184	18.319626065184607	18.620123114019457	18.852291145912943	18.51581573737166	18.036071207579518	18.286962897779677	17.923351752562056	18.573519034507292	18.849349983467274	18.449594984974546	17.96858952800302	18.224414891739148	17.853653495020126
2025-01-08 21:15:00	18.564789147649208	18.919872022550372	18.40525916037478	18.68204683060697	18.935337550703462	18.56824955056362	18.178586899793984	18.53549771068158	18.018235665916947	18.66555943116102	18.986367931644075	18.52142807587153	18.03667311819476	18.29954693960314	17.918570386837374
2025-01-08 21:30:00	18.62175325	18.960141144087792	18.4697239062794	18.741715248554836	19.009738507423197	18.62129900181688	18.25559604	18.622145201140274	18.090914532821035	18.758742173716694	19.118201635873	18.597245893617483	18.111580046335497	18.388511309787134	17.987161652610858
2025-01-08 21:45:00	18.67798912670054	19.00421486130415	18.531423941588777	18.78441785077647	19.04466554824067	18.6674949722056	18.33438991069277	18.71208445098477	18.16470105925724	18.804568993293074	19.136653499439063	18.655371606473867	18.216832377365023	18.538679859536916	18.072234233200838
2025-01-08 22:00:00	18.764750690705064	19.113157657327218	18.608220024541488	18.854187315547186	19.13713719492389	18.727064905972146	18.430940064592434	18.83454694796998	18.249609435828614	18.888141225715568	19.24221718263541	18.729063621882016	18.293838627630237	18.618577834209447	18.147941302935234
2025-01-08 22:15:00	18.83643343511921	19.185789425721666	18.67947639586304	18.929196642323888	19.239640513607785	18.78972185957315	18.471165222157538	18.833139248632612	18.308539210262943	18.96108435689883	19.323458903919075	18.79827840099118	18.402288986144548	18.767427381170783	18.23824130142262
2025-01-08 22:30:00	18.912518739869583	19.270731676245124	18.751582493092165	19.095220711828556	19.53649746303624	18.896965939546842	18.54676202557347	18.917746644250027	18.38008777660285	18.998843328298697	19.325457660374543	18.8521035559168	18.450736998569756	18.78191257126483	18.301947973156032
2025-01-08 22:45:00	18.995300670810796	19.36879703227274	18.827497957690213	19.094060071807313	19.442829937540658	18.937366364014068	18.58181671479373	18.911846220589204	18.433542589001565	19.12368161029285	19.529507978184395	18.94135382181983	18.56988040508637	18.951807753105808	18.39828985742546
2025-01-08 23:00:00	19.00670887267414	19.35061122588708	18.8522020183321	19.32121807	19.9500153082855	19.038714962944194	18.546701392901483	18.807504352674158	18.42952904865579	19.091566197346033	19.40026816095812	18.952874010795675	18.557838010827744	18.88466331541525	18.411003453694224
2025-01-08 23:15:00	19.016113149335812	19.30707586756807	18.885390768680743	19.296168959999996	19.729497335802463	19.101485196958315	18.5932866648022	18.87001750987769	18.468958314116104	19.129811064390697	19.427528614825412	18.99605390405046	18.520914669999996	18.745979751230482	18.419798474084846
2025-01-08 23:30:00	19.082087742893414	19.39905694792313	18.939681288459777	19.246657679559135	19.519042983589227	19.124281673400684	18.670282155118645	18.995440535499743	18.52419650596192	19.210428310000005	19.550224876534056	19.057766084455718	18.591757612008237	18.85837675922563	18.471972198040998
2025-01-08 23:45:00	19.140031767647244	19.470477833256087	18.991570491794	19.38057837873362	19.772649733128222	19.204430378933154	18.715180353042815	19.043043181754253	18.567879661882603	19.286443377636026	19.657216041684254	19.119864354657835	18.657620086223353	18.951491349999838	18.52559096771507
2025-01-09 00:00:00	19.117689411218233	19.40403149753712	18.98904296664017	19.31062476117858	19.58012225298241	19.18954617790439	18.812437026829652	19.226591205077234	18.626367758341605	19.332077171828573	19.70982750613089	19.162363253518834	18.72895938124815	19.08920163813096	18.567111410764554
2025-01-09 00:15:00	19.193440881214222	19.49504605524035	19.05793710737641	19.407801268261398	19.744151945335723	19.256687195952644	18.760496656715567	19.031577099060538	18.63870689276347	19.384696746829718	19.743475330618917	19.223506368605577	18.780001833624954	19.11276042951662	18.630501594891022
2025-01-09 00:30:00	19.32678159198465	19.715719043099273	19.152041577715764	19.3737721	19.59637399110401	19.273762554721387	18.862460150289266	19.20271054728617	18.709594029899346	19.375172444513225	19.644810996596558	19.254030486330862	18.85143540542296	19.185831055342714	18.701199678647413
2025-01-09 00:45:00	19.367324280683373	19.717865040692576	19.209834953722734	19.348722990000002	19.507992848149026	19.277166966773635	18.845735447506204	19.101434769442644	18.730856041998525	19.404340774628167	19.647746368303324	19.29498463833933	18.78471835	18.950364618776707	18.71029756257859
2025-01-09 01:00:00	19.3262987	19.54371741242803	19.22861782919901	19.115913559999996	18.965412411751664	19.18353001790866	18.853469365251026	19.074931003068542	18.75397210768084	19.288640599999994	19.31274163247802	19.277812599901182	18.78471835	18.94233973552354	18.71390294490972
2025-01-09 01:15:00	19.15259740000001	19.074129727342967	19.187850992063332	19.11591356	19.049467163584506	19.14576628882434	18.923997919999998	19.181333343814295	18.808383454228352	19.16294227	19.019142187610786	19.22754810411689	18.78471835	18.921696000818223	18.72317766629908
2025-01-09 01:30:00	19.198051949999993	19.230510519879303	19.18346911425712	19.323673870000004	19.592115536666164	19.203069642947092	18.935186539676117	19.1649077820291	18.831978445285653	19.24953445	19.29797536895703	19.227771138584508	18.88845510000001	19.14122632217133	18.774891217575217
2025-01-09 01:45:00	19.225649349999987	19.32667887849002	19.180259271982735	19.46646481237174	19.867321744605004	19.286369668904626	18.92399792000001	19.090626662711053	18.849135731245774	19.18668529	19.129779989059436	19.212251439697923	18.888455099999987	19.078301082909743	18.80316197724342
2025-01-09 02:00:00	19.02435065	18.908640674978926	19.076336290951488	19.551328164196175	19.997690240077077	19.350788680829382	18.80062467000001	18.788699324845638	18.80598243376503	19.186685290000007	19.18256720842866	19.188535442590023	18.652537649999985	18.555833291225994	18.695984535825986
2025-01-09 02:15:00	19.125	19.175517498861844	19.102303732395384	19.53143418	19.843801795972244	19.391095106157394	18.897449250000015	19.03085732054659	18.83751229076895	19.186685289999993	19.176107628400437	19.191437572747617	18.652537649999985	18.57420812124115	18.687729177413374
2025-01-09 02:30:00	19.125	19.141150327066036	19.117744055955825	19.389980350000005	19.415521921335436	19.378505151284088	18.800624670000015	18.77388398428331	18.812638601264048	19.100093109999992	18.994104051085635	19.14771138284557	18.65253764999997	18.59151696866268	18.67995273871672
2025-01-09 02:45:00	19.051948050000014	18.98228969362836	19.083243833297416	19.18222004	18.96545622755858	19.279606680372254	18.800624669999994	18.78599658129844	18.807196709851425	18.989757910000016	18.78012153749401	19.083942367212813	18.473508090000013	18.195648219281132	18.598343684091077
2025-01-09 03:00:00	19.05194805	19.01444382037039	19.068797776355296	19.09086444	18.843552202734788	19.201975735003202	18.967725139999985	19.215335237853857	18.8564800235729	19.21042831	19.41131124571513	19.12017655627291	18.34132738	18.00610314511059	18.491935369587992
2025-01-09 03:15:00	19.05194804999997	18.9663197803538	19.09041872186998	19.090864440000008	18.92043142171733	19.16743579604004	18.897449250000008	18.95062387569508	18.873559200774707	19.21042831000003	19.332849068427905	19.155427679401967	18.31288344000003	18.0017568569736	18.452664948316254
2025-01-09 03:30:00	19.051948050000014	18.946003181805498	19.0995464690439	19.06581532	18.895533668327893	19.142318670751237	18.897449250000008	18.92369392795606	18.885658162802386	19.10009311	19.00110613392971	19.144565519538816	18.31288344000003	18.046578389257828	18.432527738159536
2025-01-09 03:45:00	18.923701300000015	18.650286859454095	19.046539671839497	18.998181596228797	18.81040980455043	19.08254283596834	18.897449249999994	18.9053213398642	18.89391251397406	19.100093109999985	19.011290305224808	19.139990022290277	18.312883439999986	18.083697284447315	18.415851133074398
2025-01-09 04:00:00	18.850649350000015	18.494779101412515	19.01053308487269	19.399125114899796	19.787675317695772	19.22455908175958	18.897449249999987	18.86975572220601	18.90989126973352	18.989757909999987	18.72842839107075	19.107166824301515	18.20914668	17.851769666230563	18.36970736734571
2025-01-09 04:15:00	18.95129869999997	18.806903036709127	19.016172113942275	19.4432335517724	19.76679323359566	19.29786615848947	18.800624669999994	18.639967569193633	18.872803947173864	19.10009311	19.06863814069745	19.11422505273012	18.20914668	17.916994925146433	18.34040326551394
2025-01-09 04:30:00	19.09740259999997	19.157947008317983	19.07020148901654	19.551551222263612	19.89991526096361	19.395039842557807	18.730348780000007	18.514709991199343	18.827229974968432	19.01350093	18.856113469317464	19.08421123842257	18.284439489999986	18.115487580725038	18.360345420253964
2025-01-09 04:45:00	19.02435065	18.909037024426656	19.076158220909747	19.68398280401568	20.08208661205275	19.505124571419287	18.730348780000014	18.58793086416297	18.794333640738373	18.92690874999997	18.686397901861653	19.03496434843892	18.180702729999986	17.899051018694973	18.30724190464423
2025-01-09 05:00:00	19.0974026	19.128876320062115	19.083262233015574	19.84784497110486	20.337124823628297	19.628023588087075	18.730348780000014	18.626873859188837	18.77683751253835	18.86405959	18.611858140200088	18.977367487736203	18.18070273000003	17.976422067173303	18.272480998806202
2025-01-09 05:15:00	19.0974026	19.05796195290837	19.115122311012186	19.908153239999987	20.32148134176834	19.722455107321466	19.0588696479536	19.39417055698199	18.90822721056402	18.864059589999986	18.65137177575237	18.95961498480689	18.076965980000015	17.737893263021363	18.229302997773004
2025-01-09 05:30:00	19.02435065	18.82430312941558	19.114227072291555	19.908153239999987	20.178947251923972	19.786492162179073	19.136249284635248	19.440160492551644	18.999709466585827	18.950651770000015	18.898974704486527	18.973869002332165	17.97322922000003	17.53618703797858	18.1695815046763
2025-01-09 05:45:00	18.951298699999985	18.636528471207217	19.09271720858804	20.027342003674136	20.35301184083781	19.881026569586105	19.188750864762106	19.440357055710187	19.07571040216223	18.998137800000006	18.995125821438595	18.999491007759474	17.841048519999987	17.301141271075394	18.08361554487915
2025-01-09 06:00:00	19.1525974	19.051152545282452	19.19817407385861	20.024557959999992	20.17847225935232	19.955408057392425	19.293787779595505	19.520996273143368	19.191708601334852	19.211852052810606	19.4394668275112	19.10959034243787	18.18070273	18.063154974699557	18.23351404035236
2025-01-09 06:15:00	19.05194805	18.827593848189316	19.15274486530626	19.933202359999992	19.903317459360608	19.946628909562612	19.40881614360246	19.7015328433392	19.277305742271466	19.325068335296947	19.608237708924378	19.19784731236288	18.07696598	17.8302506892761	18.187809081629567
2025-01-09 06:30:00	19.051948050000014	18.867704795761963	19.13472400480262	19.93320236	19.920637504569168	19.93884743997618	19.5332215765149	19.89139301738393	19.372303972646208	19.36987665433127	19.642681393932154	19.24731220610478	18.209146680000014	18.180261819011076	18.222123936386353
2025-01-09 06:45:00	19.596945667112987	20.179514166097437	19.335211993656173	19.933202359999985	19.928108934067403	19.93549071078128	19.672365832935125	20.10192530036884	19.479375347566332	19.468880111159397	19.783080202983488	19.327717751064526	18.20914667999997	18.18080311524726	18.22188074532363
2025-01-09 07:00:00	19.59509893687795	20.10021737750173	19.36816166645272	19.841846759999985	19.779572128982814	19.869825217413492	19.64984572347272	19.9946474889764	19.494934785347866	19.45522353858104	19.711662934238774	19.34001163618406	18.20914668000003	18.256530988329565	18.187858077707006
2025-01-09 07:15:00	19.771408773610048	20.286810585858714	19.539851437672212	19.93320236	20.02832813046435	19.89046469500876	19.77920731954472	20.15808358035445	19.608987550195394	19.58495784820747	19.8985565443365	19.4440656803814	18.237590629999985	18.23190464643896	18.24014520232447
2025-01-09 07:30:00	19.868506489999973	20.29441445424447	19.677156535049562	19.93320236	19.962087436698614	19.92022500670062	19.838046053830414	20.164099515692694	19.69155826661691	19.62507401322916	19.875891443736677	19.512387921262004	18.455103180000012	18.635283824403864	18.374152455702614
2025-01-09 07:45:00	19.969155840000056	20.33224168676146	19.806030314643465	20.049607070000015	20.225843604724652	19.970428337007775	19.88923601519987	20.163084961785017	19.76620243050216	19.696843534469533	19.936786979887355	19.589042856093386	18.45510318	18.495246709937938	18.437067681042322
2025-01-09 08:00:00	20.06980519	20.421626671479277	19.911740466436868	20.04960707	20.180071803439095	19.99099247961432	19.949240580883174	20.209265989198105	19.832417571350348	19.75759699944722	19.995227983039893	19.650835253195424	18.58728388	18.730278967824646	18.523039710107724
2025-01-09 08:15:00	20.06980519000003	20.24254292458975	19.99219838170609	20.049607070000015	20.12050756916716	20.017753222548095	19.967725140000013	20.122399511317013	19.8982337557851	19.858539252282068	20.10996648432682	19.74557919150834	18.719464579999972	18.868891212963526	18.652330875335167
2025-01-09 08:30:00	20.06980519000003	20.110363494604687	20.051583343003756	19.84184676	19.595795334515472	19.952391603333623	19.74752733	19.50693452490305	19.85561974968121	19.919145937291923	20.130709769085158	19.824095520109438	18.719464579999972	18.727285808089118	18.715950694916444
2025-01-09 08:45:00	20.142857140000014	20.16657280760236	20.13220227484534	19.841846759999992	19.654231501629226	19.92613767318106	19.747527330000008	19.54215840408416	19.839794528599867	20.024202021423672	20.261508499752114	19.917586067392037	18.483547129999987	18.081379534561485	18.66423112215351
2025-01-09 09:00:00	20.215909090000014	20.11361090210089	20.261869145432968	19.93320236	19.840473934733595	19.97486295685882	19.87090057	19.809292917116203	19.89857937057097	20.104722924415693	20.27321272409913	20.02902460861587	19.08526925515646	19.337600432083104	18.97190307421839
2025-01-09 09:15:00	20.344155840000013	20.45574454566802	20.29402178383033	19.93320236	19.888071588210686	19.95347850384738	19.73034878	19.524500626187034	19.82283128388697	20.118326355138002	20.258410424743843	20.055390034010728	19.138057557465743	19.37355281254438	19.032255341415933
2025-01-09 09:30:00	20.401586275157346	20.545755491278687	20.336814598349193	19.866895869999993	19.785761974648672	19.903347330230282	19.923997919999994	20.062966920682864	19.86156257186711	20.226758036199243	20.462830233825393	20.120696614077346	19.218716343069417	19.457423668311883	19.111471023032934
2025-01-09 09:45:00	20.37175325000001	20.41031143627026	20.35443000689309	19.750491159999996	19.538685639448264	19.845650161987006	19.923997919999994	20.024874173088346	19.87867670484436	20.263934841579115	20.4875912021833	20.16345154913376	19.35267628926342	19.653646402058545	19.217457832790252
2025-01-09 10:00:00	20.37175325000001	20.3259115371662	20.392348802142735	19.60903733	19.278142580917617	19.75770018828339	20.020822490000004	20.210446697048774	19.935629005673746	20.31213308704733	20.513905358673522	20.221481776606574	19.42665923	19.66930873762304	19.317642784546166
2025-01-09 10:15:00	20.2711039	20.115151594819398	20.341169428414474	19.517681730000003	19.22843155174517	19.64763470863623	20.02082249	20.189030988958013	19.945250555685526	20.281657359999997	20.403203550988966	20.227049651004947	19.322922479999992	19.39733017905437	19.289492934048027
2025-01-09 10:30:00	20.2711039	20.18619249207729	20.309252503559485	19.76498895831634	19.939560030105234	19.686558476787997	20.020822490000004	20.17607739675076	19.95107028551778	20.357698091264982	20.563835347194495	20.265085700919833	19.388093781390758	19.53470655719326	19.32222427342152
2025-01-09 10:45:00	19.96915584000001	19.523818268902065	20.169235038609227	19.810892706521543	20.016878105383434	19.71834854181548	20.11764706	20.387037164450252	19.996616723218	20.34450652	20.484650294616713	20.281543374882347	19.42665923	19.568884162041297	19.36276107212637
2025-01-09 11:00:00	19.969155839999992	19.66455502895496	20.106005479744862	19.85455615781572	20.07209852453746	19.75681973218711	20.214471629999995	20.545905446174224	20.065566582153604	20.407355680000002	20.621517633393125	20.311137990794393	19.530395979999998	19.758630053753098	19.42785603382107
2025-01-09 11:15:00	20.232666876129464	20.416281348412433	20.150173417567554	19.874589687085916	20.091189975264975	19.777276514135913	20.382106697749332	20.876621577155564	20.159933346132032	20.402053399098122	20.581415924587038	20.321470235472667	19.561926084537014	19.785688368274702	19.461395203437473
2025-01-09 11:30:00	20.264290878288655	20.45845516011957	20.177057650219698	19.858294550656247	20.030816435382587	19.780784718387892	20.334626812420634	20.698188954075185	20.17128729950337	20.373186114707472	20.493721222699822	20.319032660392068	19.61064551852556	19.849294292097987	19.50342650431185
2025-01-09 11:45:00	20.273425284902366	20.44585339367552	20.19595758385936	19.888717222677926	20.081881034138476	19.801933481297098	20.3112962	20.56626560021984	20.196744730336015	20.38145027586024	20.49952832850077	20.328400715978262	19.743380472883494	20.08718048580861	19.58891959751134
2025-01-09 12:00:00	20.329106073907255	20.524656861990863	20.241249922739257	20.043179362676895	20.389465039544856	19.88760173973622	20.53364612086135	21.076147554891147	20.28991359252911	20.438705284426426	20.608776478882213	20.3622964869173	19.81989150612824	20.17187643174374	19.661753351141563
2025-01-09 12:15:00	20.404428308791797	20.66444910014914	20.287607373544297	20.153443222992713	20.58401994712448	19.959995709252354	20.514519545449566	20.951271372892393	20.318297709931777	20.64390627407411	21.04714330385213	20.46274181142021	19.94399775785031	20.37434879217944	19.750651640977797
2025-01-09 12:30:00	20.393432992700777	20.600889982807907	20.30022767830482	20.068054005849362	20.332972940214766	19.949032455627226	20.44879412088003	20.744062669080567	20.316137236905874	20.510003797552603	20.684465913943683	20.431622267000087	19.986713454331273	20.39115842117217	19.805006295315795
2025-01-09 12:45:00	20.437023083088622	20.666336480738703	20.33399822327482	20.10036999664443	20.37175066735771	19.978445347483397	20.623753103549177	21.090801560088913	20.413919739016833	20.520186678083075	20.684710770883484	20.446270056679992	20.07983712489764	20.51977264026038	19.88218493683612
2025-01-09 13:00:00	20.449082148646887	20.653071701697456	20.357434668290836	20.154431156552416	20.452133278818458	20.020680927708256	20.758696778322523	21.313092790272986	20.509620309185365	20.612760723791595	20.865804434482744	20.499074418988325	20.132864828333027	20.550447667214293	19.945255147096525
2025-01-09 13:15:00	20.536478337257254	20.81464264759676	20.411505965945302	20.197860649381212	20.507164623232253	20.058897994462633	20.776764654595247	21.26558246167911	20.557150857209745	20.77110195594931	21.17984969646569	20.587461666731805	20.181260460000004	20.56195798772606	20.010222440297
2025-01-09 13:30:00	20.568304139133957	20.84342749896646	20.444697991962833	20.25577561110638	20.591919127320065	20.10475461106835	20.83946591626899	21.32992959133867	20.619112670947832	20.82498725253476	21.23339019743536	20.641501871492466	20.18126046	20.524867625230392	20.026886226345766
2025-01-09 13:45:00	20.60784328610056	20.88871821179668	20.48165310209216	20.305672914214647	20.654605350451376	20.148906167499593	20.831288994981275	21.239107485512974	20.64806619488732	20.705815433008347	20.90383840497423	20.616848590530925	20.284997209999997	20.737152781211826	20.081854851919328
2025-01-09 14:00:00	20.68094399960255	20.999334854781445	20.53789883278305	20.41779900105991	20.842071687322086	20.227183736217484	20.83914628	21.18309200556804	20.684619939527405	20.79241716413147	21.063511379904178	20.670621212117645	20.28499721	20.688175660639182	20.103859065509937
2025-01-09 14:15:00	20.664928686590464	20.91298074609423	20.553485007682973	20.485674162662278	20.924619186165632	20.288466978189753	20.839146280000005	21.145973012149252	20.701296588744544	20.827600030761833	21.09703138118734	20.70655116317936	20.326743063531744	20.723124132560418	20.148658815127554
2025-01-09 14:30:00	20.80305962226937	21.177333831680148	20.634907441229736	20.457628528197954	20.792130615562836	20.307344981700684	20.83914628	21.099149279087708	20.72233333838089	20.882415546421846	21.176009428929586	20.750511048483585	20.42125122808791	20.853328124865936	20.227129723738365
2025-01-09 14:45:00	20.81148616134006	21.13432763248551	20.666441442419636	20.49921714460805	20.835865993556535	20.347969111022504	20.83914628	21.095769857375387	20.723851629295122	20.99605179296045	21.38113452310028	20.823043609854153	20.360290019999997	20.639609092636285	20.234798842438764
2025-01-09 15:00:00	20.725054601066446	20.942802322047513	20.627225914828575	20.590174756021803	21.037944182891973	20.3890029845294	20.779187775527905	21.01386789357145	20.673751780464865	21.060680959745426	21.497595318969147	20.864386102702895	20.360290019999997	20.67306451607985	20.219768144949622
2025-01-09 15:15:00	20.76543631973204	21.01331429369923	20.65407085316707	20.596561609042254	21.00408901632303	20.41346958548133	20.794228550156085	21.03830830713407	20.684569528905104	20.98391718616589	21.26333157744071	20.858383184288797	20.22810931	20.349676321506045	20.173492246859603
2025-01-09 15:30:00	20.898382929386305	21.279091728927472	20.72733984553447	20.63097260114997	21.035968643204676	20.44901785761815	20.82572643542841	21.09713218054696	20.703790520954858	21.05845130784389	21.39396899196185	20.907711478747416	20.331846069999997	20.60820817079693	20.207683387033256
2025-01-09 15:45:00	21.025576677286896	21.50748564037775	20.80906685328955	20.725001944316336	21.197556716244744	20.512694727942705	20.89747489658622	21.240465291421735	20.743377762674612	21.14757914	21.54129353323231	20.970692963330407	20.228109310000004	20.359973335225142	20.16886605229016
2025-01-09 16:00:00	20.947290696074077	21.30096495466907	20.788393565400966	20.719390925644124	21.166039451029157	20.51872274757259	20.72514315	20.856048683312185	20.666330519091627	21.03724395	21.25621055559397	20.93886764893604	20.152816510000005	20.260242190091866	20.104552798654385
2025-01-09 16:15:00	20.84270070834172	21.038822631885914	20.754587960082738	20.689723970271896	21.065980896557058	20.520681003390155	20.69859448	20.822841592464542	20.64277331353043	20.95065177	21.04490450718006	20.90830633735388	20.152816510000005	20.30018828222243	20.0866060036392
2025-01-09 16:30:00	20.89035138462172	21.13999676841291	20.778191864367702	20.767415412884883	21.213026551004226	20.567213307353004	20.76887038	21.057968544579133	20.638985697362997	21.109719375298717	21.443680689068902	20.959678785054145	20.284997210000004	20.611096701090634	20.138488742988272
2025-01-09 16:45:00	20.88904098949967	21.1236341001699	20.7836440847058	20.79950183666959	21.247314962309158	20.598310432396744	20.76887038	21.05720592254648	20.63932832465302	21.136834017975218	21.46161014212366	20.990920107125916	20.28499721	20.602813283195278	20.14221027856445
2025-01-09 17:00:00	20.886614146855504	21.13561545645839	20.774743993265805	20.781211392436497	21.202641835823904	20.59187307729143	20.66144901757982	20.85413080037617	20.57488183980175	21.208553956583785	21.60859030127728	21.028827482880914	20.273839477003232	20.611743944201706	20.12202732507349
2025-01-09 17:15:00	20.907331384908062	21.17990934298475	20.78486882403303	20.710533876964522	21.030093022950123	20.566963825869543	20.606842290140243	20.760142626174073	20.537968226125038	21.188895587990704	21.522390606254543	21.039064492828693	20.201016132350407	20.442485226973353	20.092530017374884
2025-01-09 17:30:00	20.91177593329324	21.18139254837975	20.790643830863065	20.694324003604827	20.996228183265806	20.558685893902066	20.671100665869535	20.93456602805916	20.55273216981333	21.206537383095903	21.52984134384202	21.061284878992574	20.237355825155866	20.522361396955382	20.109309843622754
2025-01-09 17:45:00	20.91777095216258	21.18714797309666	20.79674649348205	20.63883719173944	20.880447657738245	20.530287562087807	20.607769863748697	20.809893907169453	20.516960510907484	21.24953445	21.59111941440034	21.09606874135637	20.22264789326088	20.486993367445933	20.10388398456905
2025-01-09 18:00:00	20.941817376305224	21.250749617099522	20.803021731890386	20.6879510183773	21.020855238221728	20.538385354389227	20.564046559491793	20.75493098063332	20.47828689202241	21.311682264582892	21.72228894762386	21.12720679828913	20.184395088001242	20.426987022590904	20.07540450869284
2025-01-09 18:15:00	20.952312495361713	21.262125445924067	20.81312116974674	20.65026324050602	20.94162386516077	20.51936209029882	20.589073604314176	20.839272794759253	20.476665272375076	21.317147782673384	21.695438089390315	21.147191268061434	20.181987778599108	20.43025618131558	20.07044690201635
2025-01-09 18:30:00	20.9338313683154	21.208731848867018	20.810325355313942	20.654271970706816	20.962175545662816	20.515938480509195	20.57743164332864	20.833201730138303	20.462520444906904	21.307911581622065	21.639839079654674	21.158784734679887	20.148556573997585	20.36642667194116	20.050672906805552
2025-01-09 18:45:00	20.975529113342837	21.295495518467185	20.831776090750743	20.64268545599802	20.94465303163483	20.50701886404525	20.577392155022956	20.849794474368174	20.455008504302647	21.3174821499943	21.635401073321038	21.174649010528665	20.177617901580074	20.439431805432857	20.059991365066516
2025-01-09 19:00:00	20.927976210446978	21.197759679543626	20.806769144620937	20.59985511016202	20.87935757269998	20.47428154003627	20.58988721136776	20.909470005968373	20.446306535532702	21.312981693018486	21.616842531002018	21.176464504938924	20.158586986231168	20.423389770338797	20.039617619458177
2025-01-09 19:15:00	20.863896770773717	21.059412857195174	20.77605621020755	20.57301136885672	20.84002889541591	20.453046972866357	20.5416749342608	20.815481632450563	20.418660330726272	21.267339520084317	21.499897465410058	21.16285696493797	20.138522131811545	20.38873019295627	20.026109814485658
2025-01-09 19:30:00	20.837999798640947	21.017309188001327	20.75744050776889	20.61745513427317	20.96187555026971	20.462715527086313	20.464324025323165	20.6661297784114	20.373657672486424	21.215601287452614	21.38229017406049	21.14071207752734	20.06589932769934	20.245532944505587	19.98519436942407
2025-01-09 19:45:00	20.822443376715317	21.00105979576846	20.74219542032911	20.593166083365066	20.918391434729674	20.447050345795468	20.499392796799164	20.77582317104516	20.37519944025386	21.31339661748894	21.609740213946726	21.1802567408195	20.063352208610542	20.263038337822866	19.973638150558628
2025-01-09 20:00:00	20.880705130842326	21.152378699632223	20.758648889791793	20.53522866242193	20.812246875072994	20.41077120456421	20.407154498217768	20.599571747900526	20.320706168650155	21.266965637138785	21.49620734614482	21.16397298526651	20.031111210039327	20.221337617419785	19.94564717194086
2025-01-09 20:15:00	20.897051839468517	21.192439114429188	20.764341614486177	20.48562816469153	20.729735570078667	20.375956721691516	20.380218315692158	20.579658876702005	20.290614585383388	21.254743828139016	21.467612220114713	21.159107304207907	20.014702690272323	20.212508686289645	19.925833329742805
2025-01-09 20:30:00	20.900918619481217	21.200282633079414	20.766421743806667	20.446157679603775	20.674669873697383	20.343492780808106	20.31556853699683	20.47568361521659	20.243632777216945	21.267986337761723	21.500336072402703	21.16359732654621	19.971454472677323	20.14524209575432	19.89337597535288
2025-01-09 20:45:00	20.83057384288268	21.043182858574394	20.735053850325535	20.417226309258538	20.645469983943567	20.314682049617435	20.30115619727124	20.49017877561409	20.21623300989981	21.226684018398945	21.40754163882033	21.14542914545601	19.94796828698573	20.12519514868227	19.868344624484386
2025-01-09 21:00:00	20.843882163669374	21.08785077531046	20.7342730772799	20.36453243393334	20.566094442157933	20.273975589658527	20.264335485335586	20.44916898897241	20.181294346020493	21.10009311	21.10441890707933	21.098149635949863	19.927717127658177	20.112207315390748	19.84483023172035
2025-01-09 21:15:00	20.862557319724765	21.134039773848357	20.740586941785182	20.31798980280811	20.503298938102553	20.23473497390771	20.23701453505695	20.42721632370678	20.151561557547605	21.07635009	21.12540390285895	21.054311420454674	19.906118140806917	20.092991700798233	19.822160454434005
2025-01-09 21:30:00	20.784090909999996	20.960938088168874	20.704637829953114	20.322677891852337	20.55493283611326	20.218331467619166	20.171937921610645	20.321115506786867	20.104916107980745	21.076350090000002	21.19071126205326	21.024970432990564	19.8995726093377	20.10453060858436	19.80749002996601
2025-01-09 21:45:00	20.731586863831776	20.868166871844295	20.670224831246443	20.225899483321385	20.376669442494176	20.15816225528723	20.136805896527736	20.288888276330265	20.068479030239644	20.90316574	20.807667558269795	20.946070720197625	19.867746647502784	20.059451605467032	19.781618333055075
2025-01-09 22:00:00	20.582792210000004	20.546122460993672	20.59926702477096	20.202629905835988	20.37352362396713	20.1258515687046	20.110963860516073	20.274900413237834	20.037311206394705	20.840316570000002	20.735223872494075	20.88753212974904	19.804208439821142	19.94920245390274	19.739066201610566
2025-01-09 22:15:00	20.409090909999996	20.230110541679217	20.489502379825275	20.17176497510904	20.349341474265554	20.09198422911118	20.05786884578102	20.199229786877343	19.99435885775224	20.643389199999998	20.368246607304442	20.767003988022644	19.782560506610306	19.937709173654074	19.712856033010933
2025-01-09 22:30:00	20.40909091	20.37432971869365	20.424708256818796	20.086506851609116	20.20473819647001	20.033388421309294	20.028289695773115	20.17916467321362	19.960505285618684	20.446461819999996	20.058880523101756	20.620592547591954	19.747861125664702	19.89546303004318	19.681547226596106
2025-01-09 22:45:00	20.13474026	19.815972419977307	20.27795479682179	20.017482822287846	20.106496259527432	19.977491278020786	19.978112902263447	20.112172221897662	19.91788335286257	20.162942269999995	19.60185244961319	20.41502610234768	19.445064140000003	19.266806179452246	19.525151049811313
2025-01-09 23:00:00	19.832792209999997	19.287404100891223	20.077821650324232	19.97648449837145	20.075785821662002	19.931870860371344	19.925914247181172	20.04493746990164	19.872440045669084	19.98975791	19.435552941474302	20.238748548033286	19.058561070000003	18.556307013794637	19.28421144307778
2025-01-09 23:15:00	19.73214286	19.307176528192723	19.923069762696024	19.73428291	19.570890098737646	19.807691274480188	19.774075999999997	19.746383123548387	19.786517727101447	19.926908749999996	19.526403997200678	20.106845667924325	18.879531510000003	18.409480174865152	19.09071399390117
2025-01-09 23:30:00	19.6038961	19.223160438688357	19.77495125218349	19.551571710000005	19.301518974284356	19.663914243437468	19.848463785181018	20.021356570316602	19.770787316496907	19.643389199999998	19.042590928266243	19.913313061213707	18.77579476	18.421024879172577	18.935184126748553
2025-01-09 23:45:00	19.6038961	19.42645938770183	19.683614043206425	19.435166989999995	19.21211637489409	19.535378135917142	19.806815925302768	19.970946696343862	19.73307601367561	19.446461819999996	18.837062567047575	19.72024989016703	18.907975460000003	18.91236710166273	18.90600240360081
2025-01-10 00:00:00	18.743506490000005	17.545330831962133	19.281817292886586	18.50392927	17.203782468221107	19.0880531954369	18.50754815	16.99329453777308	19.18786499027586	18.682495339999996	17.247844580603918	19.327048579728665	17.935861679999995	16.863923851658885	18.417456936211217
2025-01-10 00:15:00	18.74350649	18.019341552163247	19.06885595482521	18.503929270000004	17.742630150208882	18.84596220787718	18.507548149999998	17.589723001257415	18.919904376246663	18.682495339999996	17.786770704303706	19.08492235024035	17.935861680000002	17.29656241846858	18.223083087354695
2025-01-10 00:30:00	18.743506489999998	18.330460873113896	18.929077709180717	18.50392927	18.090461507670437	18.689690148727777	18.50754815	17.986856982219805	18.741481863060667	18.682495339999992	18.16154319224655	18.916546304932698	17.935861679999995	17.58432889278143	18.09379670034457
2025-01-10 00:45:00	18.743506490000005	18.53974240481069	18.835052673200998	18.50392927	18.323326040476704	18.585069851380034	18.50754815	18.254640102663668	18.62117350460038	18.68249534	18.396606270941206	18.810938255084384	17.935861679999995	17.776319585375404	18.007540012367574
2025-01-10 01:00:00	18.74350649	18.689450668872396	18.76779243862255	18.50392927	18.490153078075902	18.510118573618076	18.50754815	18.44424892500821	18.53598693224269	18.682495340000003	18.569231077200975	18.733382182706805	17.93586168	17.918210361397783	17.94379198256042
2025-01-10 01:15:00	18.74350649	18.780728647954092	18.726783491498885	18.50392927	18.587701468768635	18.46629248504598	18.507548150000005	18.556735347229676	18.485449554143194	18.68249534	18.660166247164653	18.69252725127385	17.935861680000002	18.00180138234928	17.906236596335837
2025-01-10 01:30:00	18.743506489999998	18.82675725896996	18.7061039706077	18.486188416194214	18.606351757673675	18.43220198741359	18.498951297687867	18.60575892471353	18.450965262357503	18.682495340000003	18.707469639300243	18.671275002633223	17.935861680000006	18.049324025594466	17.88488584357351
2025-01-10 01:45:00	18.72912211064186	18.83029867330493	18.68366597379324	18.439337540165003	18.5494561063634	18.389863981438193	18.43646957815204	18.51699654986902	18.40029079375745	18.68249534	18.75977604116813	18.647775024982437	17.93586168	18.08024872374444	17.87099213860757
2025-01-10 02:00:00	18.718457916964844	18.83205861294365	18.667419923119297	18.392686779614934	18.493519724047214	18.347385021971448	18.384958726168154	18.455714258998405	18.353170008519783	18.682102759518216	18.794882469812805	18.6314336143134	17.89796294574445	18.03749741110382	17.835273548264144
2025-01-10 02:15:00	18.690891026244525	18.799169494742987	18.64224417807855	18.335099928839274	18.418230541082476	18.297751392903926	18.35112039498007	18.43696220305579	18.312553785554755	18.651643792773147	18.742307347864706	18.610910891210278	17.843585945594192	17.95126178044266	17.795209845879658
2025-01-10 02:30:00	18.661634622882502	18.763368164546485	18.615928249091432	18.314164377444776	18.425242378990607	18.26425976805462	18.325153988416254	18.432262390605498	18.27703282221529	18.656451971733404	18.772413900339295	18.604353134243805	17.827688049952712	17.952599564029633	17.771568384208003
2025-01-10 02:45:00	18.639192627920913	18.743575637109124	18.592295913647945	18.27934832537828	18.396038227696238	18.22692242723543	18.274221922763996	18.368598829953953	18.231820703591698	18.64075591619953	18.75195640890752	18.59079627454811	17.81165697973073	17.95013090131301	17.74944405844014
2025-01-10 03:00:00	18.585523990558624	18.667962495832622	18.54848640123263	18.218244704893685	18.320323539954202	18.172383199286777	18.22206841376192	18.31622571756858	18.17976585697922	18.608125705597416	18.70357831513188	18.565241199864538	17.779787033720563	17.925186685781547	17.714462552359834
2025-01-10 03:15:00	18.54774680265771	18.619472496699444	18.515522215479542	18.1497193397033	18.22206904465538	18.11721439979729	18.171760423132742	18.25875917794031	18.13267402604528	18.57903492235474	18.659319506724245	18.542965036623514	17.723658500127122	17.835785741358464	17.673282493197107
2025-01-10 03:30:00	18.51248520626193	18.57868256652884	18.482744363243462	18.09657191043985	18.16286276737623	18.066789061671322	18.121078889704183	18.201438399249913	18.08497534193726	18.56099040323102	18.642083180633232	18.5245574162822	17.69703409176277	17.81498542811067	17.644041462389076
2025-01-10 03:45:00	18.502163783032756	18.592464934333837	18.46159370056415	18.066807802694836	18.15562680897085	18.02690361146938	18.092955036994887	18.194350755396165	18.047400438872575	18.5564304689889	18.654594851662296	18.512327630396506	17.701250692457734	17.85811721590077	17.630774428302168
2025-01-10 04:00:00	18.47283936064997	18.573665995607556	18.427540437698013	18.01380501023098	18.10644853774054	17.972182555842625	18.039342871210753	18.140780000707924	17.99376966810333	18.534579035975774	18.63568022330566	18.489156763407276	17.616486342202485	17.720092852671655	17.569938489672857
2025-01-10 04:15:00	18.449151522892635	18.555959487005005	18.401165336117508	17.96647797821227	18.06032886847307	17.924313085486403	17.971283552040155	18.04688119232918	17.937319394808856	18.51008254900259	18.603384650398347	18.4681642135929	17.569882216024332	17.662910461257074	17.528086917441506
2025-01-10 04:30:00	18.408963297620296	18.50111632655447	18.367561212157113	17.914508042849235	18.00355605003545	17.87450096715688	17.898833813539113	17.94776905146075	17.87684841679171	18.457751022090115	18.510643393362738	18.433987782822705	17.526637790668087	17.61448889182755	17.48716845536456
2025-01-10 04:45:00	18.369658681598036	18.4502719641489	18.333441119872287	17.865417423568147	17.953299456069306	17.82593419157487	17.86923529916444	17.946985102062904	17.834304228297015	18.46325937626424	18.554358704441768	18.422330692590283	17.518843427641244	17.642000843147674	17.463511835167346
2025-01-10 05:00:00	18.323811319200484	18.39773482001152	18.29059931158973	17.78826487431026	17.853922829716048	17.75876637260621	17.821712506770627	17.913970369661808	17.78026332199343	18.442755603034364	18.541703827121815	18.39830060380667	17.456582276090067	17.560590934365603	17.409853748459028
2025-01-10 05:15:00	18.287020345267344	18.360461924006934	18.25402485336984	17.738199666871104	17.81080408927387	17.705580288690147	17.76855295824336	17.858066944284776	17.728336529732005	18.423683299073023	18.525402052162168	18.377983569424277	17.411039803822412	17.51054107342769	17.36633633486931
2025-01-10 05:30:00	18.254080533630532	18.331610264758908	18.21924833558735	17.65940600947239	17.702902659616537	17.639864036219222	17.69310655908392	17.753444686393784	17.66599812507514	18.360277259661498	18.409601567797928	18.33811706325238	17.363066774555563	17.45597337455704	17.321326128178086
2025-01-10 05:45:00	18.206740249903305	18.269999967916434	18.178319217172763	17.60923911392585	17.662801529100193	17.585174840441724	17.646722589131933	17.717545184350495	17.614903742004756	18.333661371684272	18.385456018825323	18.310391312823793	17.313987018566333	17.399787512128206	17.275438970734186
2025-01-10 06:00:00	18.175736966902367	18.255565393235205	18.13987202173834	17.570846745985563	17.654389755372335	17.533312930174112	17.607627618869437	17.703801963828568	17.564418855192145	18.31555690144497	18.386082310657883	18.28387157266815	17.26612115048535	17.356900111131637	17.22533640005006
2025-01-10 06:15:00	18.145200608150876	18.231329787012378	18.10650489011165	17.53596194270545	17.64153878679533	17.488528867824485	17.553270189321804	17.645279938840282	17.511932475770024	18.299159774724263	18.3813753999579	18.262222319909146	17.241308849751583	17.353732577040226	17.190799638940753
2025-01-10 06:30:00	18.107778289621393	18.19073710879373	18.0705069360802	17.47164293257494	17.559199485257373	17.43230593064515	17.470976632649773	17.52618756695508	17.446171720135794	18.27386243410402	18.355452055027698	18.237206227602076	17.192892193826456	17.296081782787624	17.146531653858396
2025-01-10 06:45:00	18.05471852033889	18.115643807308388	18.027346289961294	17.41298255642741	17.49244222150889	17.37728328660819	17.412219112221198	17.464853240482523	17.388571895176252	18.219921535623282	18.26421460643906	18.200021750184312	17.13220855350615	17.213360645736508	17.095748917866423
2025-01-10 07:00:00	18.030047100292904	18.097965021196107	17.999533251771176	17.380322232869	17.47532070530634	17.337641759744976	17.39763591598222	17.4897914052631	17.356232725145876	18.241693986687096	18.343176950372815	18.196100191408007	17.1501671429793	17.290821894136357	17.08697442869135
2025-01-10 07:15:00	18.01240327852494	18.10066533252045	17.972749312237106	17.339204749906067	17.442175706352263	17.29294243614038	17.35832838124592	17.45974537957583	17.312764222575954	18.211355094613292	18.29986199510331	18.171591124827927	17.11749235030497	17.256357583708457	17.05510362225413
2025-01-10 07:30:00	17.99929807933125	18.109183829157097	17.949929119264564	17.288984976425553	17.387188803501285	17.244864416435007	17.3075906196966	17.4031085626125	17.264676761285106	18.182800099615648	18.26251914498218	18.146984296624886	17.07580024257478	17.20291644947936	17.01869006266113
2025-01-10 07:45:00	17.95366250656935	18.041944891006196	17.913999406315114	17.221399349153394	17.29470557708412	17.18846466703959	17.231454427075057	17.291660727205254	17.204405219770184	18.11075227123969	18.129991196615986	18.102108696070623	17.004606139235783	17.088879569026794	16.966744163532574
2025-01-10 08:00:00	17.931409251600453	18.01958145584358	17.89179565259267	17.19420300957831	17.286359886985277	17.152799195091117	17.22034897699697	17.31926032852897	17.17591054369998	18.11217762806879	18.16568678673842	18.08813728142011	16.973586357371133	17.057504219907905	16.935884129274903
2025-01-10 08:15:00	17.904373824592817	17.996400175261744	17.86302865255316	17.15420074461855	17.253214759661148	17.109716187135636	17.22742740211599	17.387020153838982	17.155726310762176	18.124051228283907	18.224252274539932	18.079033366922506	16.976288980782446	17.10632996802459	16.917864769122936
2025-01-10 08:30:00	17.878008467117063	17.97387350935121	17.834938665533606	17.109261839465518	17.207314251732353	17.065209306418094	17.13358019057232	17.222003642466262	17.09385371218518	18.10226601202612	18.198319200954106	18.059111680768613	16.93927164122715	17.062689302965794	16.88382312653298
2025-01-10 08:45:00	17.848473935094727	17.943492154649363	17.80578459007743	17.058658819690102	17.148830307505396	17.01814699183106	17.08906189432995	17.17853523178571	17.048863728226642	18.036761072568392	18.076143554152583	18.019067493885636	16.929674425927605	17.07790455674874	16.86307828019637
2025-01-10 09:00:00	17.81344173665474	17.898759736772558	17.77511046123949	17.26866405	17.69943919280203	17.075127391639676	17.04299635007474	17.126794408098416	17.005347947194537	18.058093859060964	18.15571857217557	18.014233480705123	16.881070781813634	17.003023232457508	16.826280550364935
2025-01-10 09:15:00	17.791481239154997	17.883474829691654	17.750150785435626	17.26866405	17.63789680347906	17.10277687090072	17.03539823	17.16057244933311	16.979160537256135	18.060167908478533	18.181587661116517	18.005617005119433	16.870597605288733	17.012875101838898	16.80667583147634
2025-01-10 09:30:00	17.771667922087268	17.871621022905448	17.726761456502285	17.47642436	18.08564214749393	17.202717817792582	17.2024987	17.597001888428146	17.025258137083007	18.11889285632744	18.32971562204088	18.024175381876475	16.832656073747113	16.96066842936281	16.775143276296582
2025-01-10 09:45:00	17.74811572736184	17.849557239438244	17.702540555269536	17.70923379	18.51546018744542	17.3470161331767	17.56324831	18.389471779738027	17.192046461277116	18.12383613	18.360674604840995	18.01743043840477	16.798674171497787	16.918789925525964	16.744709122586578
2025-01-10 10:00:00	18.079545450000005	18.678051807921044	17.8106512891949	17.825638509999994	18.617384345057708	17.46992661309001	17.563248310000002	18.227936817086515	17.264620140149535	18.00676567583179	18.071819406569094	17.977538637384594	16.907975459999996	17.209947750222163	16.77230674990019
2025-01-10 10:15:00	18.18019481	18.78352876469841	17.909131728903617	18.199690654145588	19.324334505396887	17.694415880395006	17.466423740000003	17.883551322439352	17.27901859426638	18.133525806722734	18.40034839037868	18.013648993775863	17.01171221	17.418354383473844	16.82901790017842
2025-01-10 10:30:00	18.509740260000004	19.420812338311226	18.100418021918152	18.59037328	19.96197001189783	17.974148661321266	17.870900569999996	18.79241673242981	17.456886062241672	18.51769088	19.303795101145504	18.164513621224483	17.351366419999998	18.0999886644252	17.01502888989593
2025-01-10 10:45:00	18.61038961	19.42255331263695	18.24550446823557	18.59037328	19.595127426388316	18.13896199684003	18.064549709999998	19.053337590804624	17.62031167659502	18.714618250000004	19.588703928336102	18.321913090167843	17.691020640000005	18.679933553268743	17.246726432589412
2025-01-10 11:00:00	18.784090909999993	19.64051612669522	18.399320160470257	18.706777999999996	19.642255792653838	18.28649087576421	18.231650180000003	19.23489963709247	17.780914916668596	18.80121043	19.590367256524804	18.44666171083669	18.030674850000004	19.191442292007043	17.50917063692438
2025-01-10 11:15:00	18.957792209999997	19.83679453742172	18.562878120868504	18.773084479999998	19.586803003721315	18.407500795429556	18.56585112	19.758203378624366	18.030156626994856	18.911545620000002	19.654637344486073	18.577692816245392	18.238148350000007	19.369752528361712	17.729746472765036
2025-01-10 11:30:00	18.788018990698028	19.20555005057881	18.600432572490718	18.773084479999998	19.420362454682614	18.482278433403465	18.42529932	19.169008369315335	18.091169167409053	18.88780261	19.40184447800774	18.656856263503776	18.313441160000007	19.26022962394328	17.888072429822593
2025-01-10 11:45:00	18.667303658570194	18.857410299281856	18.581893428685248	18.773084480000012	19.30275564768185	18.535116274229914	18.425299319999993	19.053407923209427	18.143105599717497	18.950651769999997	19.439400958360192	18.731068801316443	18.388733969999993	19.22870235482739	18.0113568695703
2025-01-10 12:00:00	18.801948049999993	19.25174282019135	18.59986634165316	18.955795680000005	19.67618616634893	18.63214198323454	18.71577303	19.63102003846337	18.304575098661385	18.795270894751106	18.969791040593407	18.71686329299587	18.38873397	19.065739037760324	18.08457227289029
2025-01-10 12:15:00	18.635995799434014	18.769581413193347	18.5759790744117	19.04715128	19.740509387992446	18.735642564814988	18.71577303	19.436441058949047	18.391994640182308	18.748486908545956	18.870874327605005	18.69350125650494	18.20970441	18.554092199966576	18.05497946088458
2025-01-10 12:30:00	18.70129869999999	18.977182279798892	18.577351004728037	18.697937130000003	18.800862093548204	18.651695479710227	18.54867257	18.908306812182378	18.387097765541245	18.70827115417991	18.79570942751941	18.66898729224477	18.0775237	18.228985145094637	18.009475804377786
2025-01-10 12:45:00	18.60064935	18.70466381790454	18.553918212245776	18.555725406357087	18.552370655892407	18.557232613087592	18.425299319999986	18.608809299305157	18.342852807558536	18.663811713927455	18.721791672185372	18.637762747173895	18.077523699999986	18.25433061259916	17.99808871028152
2025-01-10 13:00:00	18.489375274423725	18.55426112576911	18.460223660051156	18.563298806261162	18.684441624516886	18.508872322696973	18.291407058930247	18.36827152701797	18.2568737471807	18.640880932795472	18.742196897020463	18.59536216625959	18.040361086144248	18.255740138069505	17.943596584554612
2025-01-10 13:15:00	18.520021244309074	18.60293444473543	18.482770386146484	18.576100122948052	18.735008241173166	18.50470662055703	18.254485167446422	18.30786010802739	18.23050512167817	18.595560880313688	18.635952365793216	18.577413981040266	18.115760113885603	18.367812469234046	18.002519200613094
2025-01-10 13:30:00	18.7288961	19.062234150186576	18.579135526727754	18.647838899999986	18.92757448871907	18.522160592024733	18.263674944082286	18.356274391300925	18.22207229388261	18.572748686438345	18.591417198447054	18.564361383941673	18.120419491499213	18.32352615454601	18.02916867186947
2025-01-10 13:45:00	18.7288961	18.96490689630947	18.622862263976856	18.789292730000028	19.226722139951967	18.592766473354942	18.22758356475893	18.297854997553333	18.19601234132955	18.601018189658177	18.663949650479193	18.57274463479655	18.237508122081742	18.527322498667466	18.10730166303597
2025-01-10 14:00:00	18.66685866691806	18.9129688787422	18.556287412330448	18.78929272999997	19.216629878271192	18.59730067787811	18.203617050313767	18.342874126755838	18.141052276839787	18.56350490491134	18.65868805105919	18.52074146243919	18.246150707550804	18.61852773868063	18.07885088197071
2025-01-10 14:15:00	18.746753249999973	18.936049147502697	18.661707267064003	18.705261146534838	18.872207911049898	18.630256078419336	18.28474753000003	18.46777072259922	18.202519718832264	18.618689516529614	18.717982309820687	18.57407971084814	18.355102724084382	18.661489397528115	18.217450740363233
2025-01-10 14:30:00	18.849161639888298	19.016495402746706	18.77398270295197	18.712254276048668	18.835578086876	18.65684792625666	18.307114657086057	18.451647612079682	18.24217956136431	18.635580727180088	18.69406780271644	18.609303925127534	18.399171468270758	18.58061147248722	18.31765494463724
2025-01-10 14:45:00	18.998690875949467	19.20989848898976	18.903800499076226	18.765844164072746	18.91054018343378	18.70083580754823	18.335545143501935	18.461472002099377	18.278969308479873	18.688646029051405	18.758069095249308	18.657455955832006	18.603117600724836	18.863055076774373	18.48633409699238
2025-01-10 15:00:00	19.198605912791482	19.579224682023337	19.027603277339438	18.88946041907568	19.149955067124584	18.772426591691357	18.486056309117323	18.755805088242816	18.364864828640606	18.812012550246898	19.00311217698471	18.72615619620524	18.6809816	18.891760124182905	18.586284002178616
2025-01-10 15:15:00	19.28092683161852	19.508206469700927	19.178815689871385	18.929269456448825	19.11578334511362	18.84547336154145	18.6279706593687	18.93717704180849	18.48905184986677	18.919343670992202	19.11836559769794	18.82992802276209	18.54880089	18.389769268260057	18.620249879477285
2025-01-10 15:30:00	19.444805189999943	19.64843316046031	19.3533201597931	19.01937402087029	19.20562920592895	18.935694155119307	18.670038944821894	18.89233115212402	18.570168532845543	18.76070763999997	18.589692477093987	18.837540539276574	18.548800889999942	18.318259914369968	18.652377270355373
2025-01-10 15:45:00	19.444805190000057	19.411207753221493	19.459899690581665	19.07797948669631	19.22682999048374	19.0111046226759	18.817618307052523	19.095305245843495	18.692860407016013	18.67411545999997	18.3639383646297	18.813470386905408	18.548800889999942	18.23160111313353	18.69131093467911
2025-01-10 16:00:00	19.444805190000114	19.268033465629262	19.524224370514503	19.18880013651708	19.368279835013478	19.10816432994625	18.951105500012762	19.255855641961766	18.814188769571928	18.847299810000028	18.801466078907335	18.867891776143097	18.548800889999942	18.169138665872282	18.719373773303687
2025-01-10 16:15:00	19.41720779	19.074822920617944	19.571032876244146	19.441098657632644	19.803238991251035	19.278397928035986	18.988193560456427	19.189585454471636	18.897713144304674	18.871042829999944	18.761034502765806	18.920466861076193	18.445064140000056	17.88465932239515	18.696840217474744
2025-01-10 16:30:00	19.24350649000006	18.596637748742683	19.534128678101183	19.63924241158211	20.08483958858482	19.439046578436006	19.081052427152173	19.266893974477544	18.99755839864369	18.871042829999972	18.743084662774372	18.9285312819419	18.44506414	17.87922419633882	18.699282085702862
2025-01-10 16:45:00	18.96915584	17.986705718004686	19.41054647451955	19.739145308763803	20.136508340805918	19.560619888570955	19.214157438467478	19.437178482876572	19.113959577935844	18.87104283000003	18.71253697580902	18.942255605071352	18.501952039999942	18.00720991727029	18.724227486443738
2025-01-10 17:00:00	18.969155840000056	18.150364386285897	19.337018667030975	19.75401029851638	20.01491505734986	19.636792218460755	19.46479281871861	19.860119878666996	19.28718211062582	18.98137802999994	18.930929792176645	19.00404318032639	18.63413273999994	18.303455576688748	18.78269784235721
2025-01-10 17:15:00	18.8961039	18.05381652589235	19.274522865178824	19.880398939732732	20.150455047178728	19.75906938421349	19.523228506875192	19.81699834062616	19.391244958378337	19.11545624000003	19.19280425771893	19.08070568131467	18.473508089999942	17.86654541715969	18.746201464754336
2025-01-10 17:30:00	18.8961039	18.13371839052325	19.238624925996874	19.922727984764297	20.101341400275842	19.842481377795337	19.46642373999997	19.517594217198276	19.44343410531667	19.11545624	19.105787002136736	19.11980039034438	18.577244839999942	18.102107602319883	18.79071229460982
2025-01-10 17:45:00	18.795454549999942	17.95020810478666	19.175202952921893	20.03459356234885	20.222491556283327	19.950175623045	19.466423740000057	19.41523031184152	19.48942368598432	19.115456239999972	19.044117895115996	19.147506800744907	18.57724484	18.053069095793667	18.812744087396993
2025-01-10 18:00:00	18.79545455	18.05117305929179	19.12984188640513	20.11591355999997	20.255043461677175	20.053405923014623	19.63352421	19.744272262837317	19.58376783843542	19.225791429999916	19.231326549619684	19.223304637127285	18.577244840000056	18.034969211298442	18.820875919561615
2025-01-10 18:15:00	18.795454550000056	18.073865861327015	19.119646569548763	20.25736739	20.450144281935906	20.17075748202882	19.633524209999972	19.638064307729778	19.631484455947486	19.225791429999944	19.15013714067858	19.259781038245762	18.47350809	17.744566025389805	18.801003800187175
2025-01-10 18:30:00	18.896103900000057	18.324494687792914	19.152913835919264	20.25736738999997	20.289582257940356	20.242894043534022	19.7038001	19.698447642969807	19.706204827071502	19.052607079999973	18.666963257203903	19.225867348212716	18.47350809	17.76890500412472	18.79006889669762
2025-01-10 18:45:00	19.042207790000056	18.630001911696947	19.22740173532469	20.232318269999986	20.128295426867975	20.279053170537594	19.87090057	20.03018378514794	19.799338545803096	19.16294227	18.95757763812727	19.255207539392103	18.577244840000056	18.01715455394419	18.828879606198996
2025-01-10 19:00:00	19.810609218839954	20.184908802390286	19.642445637824608	20.14096267	19.82286013582844	20.283878301294493	19.870900569999986	19.82183733055649	19.89294347467751	19.42271881	19.48909734332013	19.392896570392423	18.577244840000027	17.856302419985386	18.90114650696313
2025-01-10 19:15:00	19.94155844000006	20.245584936963226	19.80496682542241	20.232318269999986	20.131382140421074	20.277666386187633	19.87090056999997	19.80602931645967	19.90004562593836	19.336126630000027	19.189810254294933	19.401862972708102	18.70942554	18.26632851088054	18.90849811830003
2025-01-10 19:30:00	20.04220779	20.281449320346614	19.934722464771824	20.34872298999997	20.412166749165998	20.32021927211383	19.94117646999997	19.96473047625488	19.93059423530576	19.27327746999997	19.009896323622936	19.39160812996647	18.47350809	17.76236224674098	18.793008396391713
2025-01-10 19:45:00	19.8961039	19.73661284912061	19.96775929967049	20.232318269999986	20.1041984677635	20.289879340569996	19.870900570000014	19.789633278202704	19.90741196196697	19.16294227	18.819572088968417	19.317210032492426	18.50195203999997	17.931946646953286	18.758041419484698
2025-01-10 20:00:00	20.042207790000056	19.97535344314745	20.0722438009048	20.232318269999986	20.08407927876193	20.298918396498237	19.67725143	19.301166513952474	19.846217116919917	19.421432719193742	19.505931979275324	19.383469283504866	18.26603458	17.44024450404348	18.637041715574583
2025-01-10 20:15:00	20.142857140000057	20.123468482933664	20.151567985928466	20.257367390000013	20.170250976570298	20.296506648207583	19.67725143	19.3936399763264	19.804671068607007	19.543898953466307	19.75511712630713	19.44900383233488	18.39821528	17.911027757595594	18.617096630645392
2025-01-10 20:30:00	20.14285714000003	20.013077304741888	20.201164022507328	20.140962670000015	19.924047331960338	20.238417387090323	19.67725143	19.47089343914863	19.76996299110715	19.651751289873314	19.89448275952189	19.542698020900758	18.266034579999914	17.672913755545856	18.53250915330534
2025-01-10 20:45:00	19.996753250000058	19.603242880025377	20.173547764046646	20.049607070000015	19.77258594854363	20.17406583471228	19.774075999999987	19.771907789947846	19.77505012335675	19.70829664031754	19.91378726233085	19.615974766659377	18.26603457999997	17.763127509975096	18.4919783360981
2025-01-10 21:00:00	19.99675325000003	19.631441995983664	20.160878596007365	20.2824165	20.3602803104178	20.247434208363018	19.774076000000015	19.72985730247328	19.793942371352614	19.84228769824298	20.097429524405893	19.727658761850932	18.266034579999943	17.793825008996173	18.478186706103088
2025-01-10 21:15:00	19.621753249999973	18.760445180954356	20.008717744788612	20.30746562	20.354533174303462	20.286319327486865	19.774075999999987	19.706686713987175	19.80435234588981	19.912434179648752	20.134897572550674	19.81248685820006	17.926380369999972	17.06907698535889	18.311545658751754
2025-01-10 21:30:00	19.49350649000006	18.64949041647319	19.87270211723677	20.19106089999997	20.026544839660133	20.264973912616426	19.67725143	19.48871117044919	19.761957923421363	19.957028162769934	20.121935508147892	19.88293935542623	18.001673169999943	17.38106110474274	18.280498880477808
2025-01-10 21:45:00	19.594155839999985	19.042859385032568	19.841839754550577	20.074656190000006	19.798176649009974	20.198871635952045	19.67725142999999	19.51339554683392	19.75086784127751	20.087038609713307	20.31093699155667	19.986446583088025	18.458699507521825	18.45162501432961	18.461877903013956
2025-01-10 22:00:00	19.694805190000015	19.10538271936526	19.959618184053298	19.958251470000015	19.494338994404064	20.16667591555761	19.774076	19.677647587746513	19.81739890985301	20.162942270000006	20.26522358740519	20.116989794064338	18.926380369999993	19.19596052552295	18.805264647953436
2025-01-10 22:15:00	19.5211039	18.917296246474567	19.792379802308503	19.958251470000015	19.728080425874886	20.061661649244634	19.413326389999987	18.928437358430475	19.63117508534281	20.16294227	20.263247236741623	20.117877719724774	18.982530343083877	19.271589655379135	18.852663115820775
2025-01-10 22:30:00	19.795454549999985	19.79179180240795	19.797100132251472	19.93320236	19.795922746052053	19.99487870829546	19.413326389999995	19.16202573689354	19.526229581975358	20.153016551260958	20.23586201501601	20.115796125515942	19.047015191090882	19.349539832014244	18.91109832342964
2025-01-10 22:45:00	19.868506489999987	19.98154156187	19.817722617130848	19.84184675999999	19.671231539839944	19.918499974854498	19.413326389999998	19.300799213692144	19.463882077906415	20.24953444999999	20.440591986389297	20.163697006114944	19.162297820000006	19.529554901523134	18.997298261634533
2025-01-10 23:00:00	19.868506489999994	19.912875794815804	19.848572454503035	19.825638509999997	19.73120503240365	19.86806514486213	19.540956546954924	19.694527874578704	19.471960733094956	20.24953445	20.416043150817668	20.174726193110914	19.119178696978253	19.35321311433807	19.014032799323836
2025-01-10 23:15:00	19.89167405417762	20.039481077369476	19.82526800027982	19.897913579767064	20.009804862728167	19.8476435830744	19.52635511314266	19.679855262703022	19.457391277832937	20.260405138863348	20.438288460339706	20.180486545156576	19.164061200762816	19.42991031111453	19.044621745387403
2025-01-10 23:30:00	19.877971962350188	20.0040696990044	19.82131935602728	19.93841965667976	20.131204538491655	19.85180615905412	19.475242922574278	19.58553060190048	19.42569338548569	20.260641511812157	20.429077132443513	20.18496753732559	19.231335106927567	19.545382450959472	19.09024137265235
2025-01-10 23:45:00	19.95433599540899	20.168783113299675	19.85799018882042	19.900430067317384	20.067645199495086	19.825304428223053	19.531145835444025	19.732042016119106	19.440888131082765	20.33612663	20.565134790299375	20.233238905807532	19.21410118875817	19.472883207590396	19.097836803485727
2025-01-11 00:00:00	19.94709785793684	20.107176008197275	19.875178688979258	19.842835198018463	19.952250293704573	19.793677691260935	19.58969963882582	19.85870075077451	19.4688440667909	20.457387579565776	20.85297769251914	20.27965868823891	19.20152165165099	19.400231762561194	19.11224609457539
2025-01-11 00:15:00	19.954311478343023	20.13029232341053	19.87524762041414	19.787618217871607	19.873027566644385	19.749245901756293	19.526822624031823	19.727239206014733	19.436780391546755	20.29927143947155	20.46149604027484	20.226387923168616	19.197403692717852	19.395935089125555	19.10820842766511
2025-01-11 00:30:00	19.95720694790886	20.143002302396955	19.87373367270406	19.75966438601853	19.85771900752214	19.71561086041546	19.48761547023946	19.660121958307204	19.410112555310477	20.27953920199498	20.42045441437383	20.216229468897232	19.210299467763452	19.427269505072456	19.112820175639115
2025-01-11 00:45:00	20.018196010700073	20.279379711445994	19.900852608915674	19.72534114654776	19.826545030196762	19.67987273505328	19.530190358357512	19.77790441112084	19.4188985375508	20.260929766261274	20.38588774204212	20.204789226417702	19.172385848806154	19.34770082817756	19.093621147929145
2025-01-11 01:00:00	20.0237595603566	20.287801934282033	19.90513182714372	19.718880403458265	19.864349083221054	19.653524909651797	19.46965841462173	19.666531857886653	19.381208027067927	20.314341020950327	20.523093787861207	20.22055354596138	19.228109310000004	19.485155217992826	19.11262491655395
2025-01-11 01:15:00	20.07515708761426	20.396635353014435	19.930724823448966	19.813449229788958	20.113080765447847	19.67883216304366	19.49417920591796	19.7473432380769	19.38043884364365	20.34924241464563	20.599756258405453	20.236692716724548	19.370786992128597	19.79141226115816	19.181810421984878
2025-01-11 01:30:00	20.298719368871197	20.871739447140797	20.041275565590645	19.714469013290742	19.909342066039944	19.626917351910667	19.43386861733031	19.63156321713814	19.345049304373173	20.31685192079117	20.52027071010465	20.225460870519896	19.348364571859605	19.71742581479219	19.18255444822323
2025-01-11 01:45:00	20.232535376071695	20.662960193166242	20.03915611042052	19.673662486532955	19.852381416226255	19.593368474641764	19.402847989494678	19.590236267420792	19.31865905303512	20.368375334762085	20.63530541007715	20.24845022846111	19.331962903278374	19.66489294558074	19.182385637896154
2025-01-11 02:00:00	20.087309796429185	20.318585793007315	19.9834031892709	19.589507094378394	19.714068074837204	19.533544914751978	19.42340862310305	19.674404895412483	19.31064218192055	20.441962083395094	20.79564016201872	20.28306323647723	19.283315217380924	19.563372092768702	19.1574925632212
2025-01-11 02:15:00	20.094750640056912	20.342452740871398	19.98346418896634	19.583663129439415	19.749084387346702	19.509343433857886	19.466380762353072	19.79010448883636	19.32093966784609	20.463932997862706	20.818796432213315	20.30450159982113	19.339506794762006	19.68823000087244	19.18283404998775
2025-01-11 02:30:00	20.15822881683707	20.483360246170648	20.01215527612198	19.54521241835399	19.70401304850779	19.473867207705187	19.417113034787167	19.69019983308261	19.294421864538492	20.54069841845686	20.963564957156052	20.350714901070265	19.31229319806666	19.619353497629618	19.174338570726775
2025-01-11 02:45:00	20.204637379738298	20.570887033463332	20.040090433861835	19.547272156262654	19.747514451306824	19.457308226605125	19.38254001766238	19.630296938419004	19.271228937322448	20.686767567853796	21.250872174264458	20.43332926642292	19.279148318797613	19.545178340307107	19.159627584496246
2025-01-11 03:00:00	20.23737974881304	20.623086454687904	20.06409122878231	19.497705417905813	19.67151707127523	19.419616124363024	19.310577801782717	19.494120196299864	19.22811672598516	20.602144334322823	20.99990909317121	20.42343842817355	19.24633609046167	19.481326992457017	19.140760467826084
2025-01-11 03:15:00	20.192517759844854	20.496613373837814	20.055895092688594	19.493330332919072	19.697001988883002	19.4018256758918	19.271125291376762	19.436587915212595	19.196787011102693	20.755651652455644	21.307092725216222	20.507902764693647	19.298375799682574	19.59765675061813	19.16391624201588
2025-01-11 03:30:00	20.220940712769316	20.546136662088067	20.074838184814517	19.426819704358312	19.577826979877976	19.358975855936432	19.310771754004627	19.55819077199698	19.199612485051546	20.757513279943456	21.24539207626428	20.53832135695874	19.484978379927558	19.988664467202927	19.258684630571963
2025-01-11 03:45:00	20.308046877735322	20.720188664116876	20.122881727332008	19.63939547533582	20.07846243118323	19.442133509665243	19.38260577246045	19.734555906804747	19.224483248334753	20.792830540000008	21.25660621257504	20.584467556669193	19.34317198136073	19.64455524577595	19.207767906043742
2025-01-11 04:00:00	20.305129890235325	20.687761700663025	20.133222844970703	19.573011008513742	19.923829387337125	19.415396954259766	19.295751361986202	19.55044590478104	19.181323378991426	20.840316570000002	21.339494553430733	20.616048200632576	19.30519644432915	19.568505931404676	19.186897979121305
2025-01-11 04:15:00	20.264161996263844	20.571363862601544	20.12614376645994	19.47538089610647	19.712795914823207	19.368716177552578	19.290072186561634	19.554740696529638	19.17116314585138	20.826978097654255	21.27227291145388	20.62691810884573	19.333627242966767	19.63256453302723	19.199322083664242
2025-01-11 04:30:00	20.236901239845793	20.49801405224517	20.11958968644896	19.48836289168109	19.764017300089996	19.364518157468396	19.25270239821314	19.4887668582668	19.146644452391936	20.825423710424907	21.227528474597985	20.64476794681092	19.342502016827375	19.649509336050222	19.204571192248984
2025-01-11 04:45:00	20.263439354983273	20.55465836665393	20.1326018280008	19.51616548029442	19.839328283145086	19.37097639495571	19.22011745789905	19.438388867246424	19.122053491380658	20.78578340270803	21.103875373854017	20.642872517120708	19.33842171201447	19.6369928566423	19.204281052833846
2025-01-11 05:00:00	20.252629177587757	20.517034882292794	20.133838208807227	19.3848589933362	19.554642117347974	19.308579618780186	19.17223545267	19.354386693621098	19.090399387894866	20.746901125669034	20.99450223981542	20.635660045400368	19.445811233090982	19.85629937902778	19.261389022597637
2025-01-11 05:15:00	20.17892215951242	20.352773054105334	20.100815235854732	19.405829634655653	19.635076404943565	19.302834708874126	19.115202736490676	19.260443149224027	19.049949797436557	20.703341007894558	20.891955912536055	20.618600978273015	19.389399209530577	19.711829156865804	19.244539378119097
2025-01-11 05:30:00	20.18710213546014	20.38483428123843	20.098265954023518	19.425317174526203	19.699814630606156	19.30199223049028	19.101066539724	19.26702115463508	19.026507219981337	20.73710081011783	20.97177152636028	20.631669039052383	19.43785632298207	19.808219796336004	19.271461139301316
2025-01-11 05:45:00	20.210996006123743	20.446047620520254	20.10539310690213	19.45665631514479	19.78467652177918	19.30928491796122	19.07404690959675	19.240898034813643	18.99908480986162	20.718918398727507	20.926175678188454	20.625802809404473	19.539757231618097	20.007054502548975	19.329812080910024
2025-01-11 06:00:00	20.207769895408052	20.44289191485095	20.10213536493371	19.46336697375792	19.80466318070536	19.31003099672356	19.06029769243371	19.244952690146796	18.977336751432176	20.733883077700213	20.961305792026266	20.631707655321836	19.691227064196102	20.29414885577801	19.420349157833222
2025-01-11 06:15:00	20.290918078694567	20.62762603276637	20.139643490633322	19.45283533845838	19.784893989894798	19.303649567523177	19.05058390624451	19.252658828089267	18.959796622517146	20.69345940801273	20.866272070882896	20.615818936288452	19.531029350053686	19.893124321706914	19.368349000470353
2025-01-11 06:30:00	20.22767650587752	20.474888903972264	20.1166100661538	19.477853898376814	19.8443102646823	19.313214081630864	19.076522640000004	19.342021609935582	18.95724049408691	20.69448330542487	20.8722586777298	20.614613210621204	19.487155636066632	19.78471556930481	19.35346928924948
2025-01-11 06:45:00	20.24289376978758	20.507846927583305	20.123856843821393	19.45262917007927	19.786528804764657	19.30261629072787	19.03653885956445	19.253004097807253	18.93928636122348	20.722119979304438	20.9371956348139	20.625491786249455	19.493920749035397	19.795644197499662	19.35836383740652
2025-01-11 07:00:00	20.235189429489864	20.48677700145873	20.12215733193863	19.409596933777454	19.69490785386501	19.281413766781593	19.049973970000003	19.306751205410386	18.934610284525778	20.730217208499322	20.951203206755245	20.630933644065493	19.485308636716656	19.771132882338115	19.356894845205566
2025-01-11 07:15:00	20.234015843785972	20.484232598034954	20.121599620862515	19.33437296083285	19.54325196714669	19.240528769590405	19.049973970000003	19.32031306818134	18.92851727371564	20.70324014087849	20.887573813632144	20.62042356326452	19.461432700840522	19.717523533818227	19.346377399067926
2025-01-11 07:30:00	20.26701010935104	20.55493501511743	20.13765254299223	19.321218069999997	19.549011706007988	19.218876001648585	18.97969807	19.163632804163548	18.89706072566566	20.683122746324596	20.845298833252745	20.610261026110496	19.489285405268557	19.778852799817656	19.359189909166787
2025-01-11 07:45:00	20.261184968434574	20.533047038858964	20.13904403824391	19.32121807	19.56566566024995	19.211393790322482	18.979698070000005	19.195912857314887	18.88255809309042	20.72552472630194	20.94581978333532	20.62655158473622	19.58327146709567	19.97315791000251	19.4081050941955
2025-01-11 08:00:00	20.242199432312674	20.477087149321974	20.136670168149074	19.41257367	19.779637347747023	19.247661003186117	18.97969807	19.19630063240254	18.882383875297414	20.805200300039974	21.112718038052158	20.667040156875082	19.558627908156904	19.888526066254514	19.41041279364929
2025-01-11 08:15:00	20.389681943290288	20.800786137533777	20.204982957470747	19.41257367	19.747459367219104	19.262117777046484	18.97388495236066	19.194034504681667	18.87497718247731	20.825525978701307	21.13543533846596	20.686291338807045	19.54935862	19.854112519988725	19.41244020116449
2025-01-11 08:30:00	20.400936411829836	20.793022309064234	20.22478187828974	19.41257367	19.743244485300636	19.264011419647538	18.959976462940496	19.182677040462732	18.859922580285577	20.752629577339167	20.950238312053557	20.663848841452996	19.48784075240758	19.72111534333712	19.383036226047935
2025-01-11 08:45:00	20.25233567669399	20.438546611353004	20.168675691557326	19.32121807	19.510919398886013	19.23598993673237	18.953438829233537	19.186408546483314	18.84877127510682	20.75893987238742	20.96254841110108	20.667463572385635	19.494129148959185	19.740047765349512	19.383643973479472
2025-01-11 09:00:00	20.26842944703663	20.474590479346396	20.175806374549637	19.280722448044948	19.43640445418155	19.2107783583314	18.96376858126803	19.21452368385372	18.851110491700545	20.79673903189937	21.036982634177978	20.68880350044087	19.020635809999995	18.686589929865043	19.170714393828742
2025-01-11 09:15:00	20.264351434836268	20.46785022188443	20.172924443553754	19.248600166404273	19.396259729318682	19.18226036277606	18.965185596781616	19.223571222818723	18.849099301025817	20.834025231551237	21.10792875648072	20.71096712614814	19.02063581	18.890147086991043	19.07926117830837
2025-01-11 09:30:00	20.261034401962334	20.46279875275919	20.170386650155045	19.242916951085633	19.415453058922463	19.16540072872416	18.942907614976377	19.177845002700984	18.837356034984168	20.824375364744785	21.0685187987526	20.71468773497316	19.02063581	19.021934274307778	19.020052441977665
2025-01-11 09:45:00	20.26332952397193	20.4697900756864	20.170571884795862	19.187916390633323	19.320179106674157	19.128494010962804	18.94482493943508	19.190268994765226	18.834552972547623	20.778614894163287	20.95190232621471	20.70076112034308	18.8131623	18.646204828923967	18.888172178309524
2025-01-11 10:00:00	20.285853613522058	20.49774593242216	20.19065561517563	19.22185055333987	19.403117316474756	19.140411862656084	19.001733928864407	19.296090464886447	18.869486789492186	20.847858712231346	21.0874687132199	20.74020784222199	18.70942554	18.514958657479255	18.796794719103524
2025-01-11 10:15:00	20.3538961	20.63721253947228	20.22660900400521	19.20074418064688	19.36978724603822	19.12479729619569	19.057807874327416	19.4052975617235	18.901689319120482	20.706238359999997	20.72477432492828	20.69791060764092	18.36977133	17.888405296938164	18.586037228911835
2025-01-11 10:30:00	20.308441559999995	20.519925061744626	20.213427233129224	19.164287454745	19.3056814138079	19.100762632557323	19.048421001997962	19.361165010365042	18.907912824325795	20.509310990000003	20.300843857012282	20.602970136704627	18.369771329999995	18.127279147635427	18.47871709309132
2025-01-11 10:45:00	20.29182054763217	20.47965641376487	20.207430520818928	19.16393481460983	19.325670066687493	19.09127115063292	18.957459038402575	19.146028937417174	18.872739228700365	20.446461819999996	20.280198192350063	20.52115997155287	18.34132738	18.212792654517845	18.39907486536155
2025-01-11 11:00:00	20.07954545	19.974770741329838	20.126618145199636	19.15722197805944	19.32234623504643	19.083035717673972	18.997219450130206	19.235126756330295	18.89033355893886	20.38361266	20.225781065807624	20.454522506666137	18.26603458	18.137731578615522	18.323677957433603
2025-01-11 11:15:00	19.951298699999995	19.768291555320758	20.033519301232698	19.14565822551245	19.31288104810885	19.070529131302465	19.05896628994615	19.369180490764222	18.91959469247716	20.210428309999998	19.89559692388553	20.35187429506592	18.03011712	17.736007261790544	18.16225343310859
2025-01-11 11:30:00	19.923701300000005	19.824117516655893	19.96844184034301	19.16337411353129	19.36722001154077	19.071791173845874	19.0436688158318	19.322211662852588	18.91852637731522	20.10009311	19.784711483682223	20.241786304432623	18.115160498544604	18.106228795788823	18.11917329253633
2025-01-11 11:45:00	19.7224026	19.443618530363487	19.847653413894662	19.13819931578718	19.321319848324418	19.055927772183487	18.970101090091696	19.152436860296348	18.88818212086931	19.974394789999998	19.65822386672955	20.116442596107014	18.250068009995275	18.47009015170656	18.151217482559773
2025-01-11 12:00:00	18.743506490000005	17.298210337513947	19.392842442566206	18.50392927	17.849078119658277	18.798137757834688	18.50754815	18.076163648156665	18.701358578364403	18.682495339999996	16.680499079194895	19.581942935434178	17.935861680000002	17.764047677839354	18.01305347807218
2025-01-11 12:15:00	18.74350649	17.83777103669791	19.15043111394732	18.50392927	18.140106143993492	18.667386036756547	18.507548150000005	18.293617994179506	18.60366169826719	18.68249534	17.407202510954818	19.255452987831887	17.93586168	17.87206226314094	17.964525186125087
2025-01-11 12:30:00	18.743506490000005	18.198694830027723	18.988276945929577	18.50392927	18.331412767220556	18.581436684292214	18.50754815	18.438811144904648	18.53842999286893	18.682495339999996	17.89290648538396	19.037238158740536	17.935861680000002	17.951572941981	17.928802997081007
2025-01-11 12:45:00	18.743506490000005	18.437930708385494	18.88079416000073	18.50392927	18.454408168578816	18.52617788078343	18.50754815	18.523746899690206	18.500270450863823	18.68249534	18.201768357663433	18.8984741291657	17.935861679999995	18.005274431782812	17.90467624079323
2025-01-11 13:00:00	18.74350649	18.61388611672911	18.80174173016519	18.50392927	18.557785203740526	18.479733125855702	18.507548149999998	18.607529036702303	18.462629200901866	18.68249534	18.432921090555148	18.794622901344784	17.935861680000002	18.062106419726103	17.87914302881871
2025-01-11 13:15:00	18.74350649	18.71322333109991	18.757111967187004	18.50392927	18.607256969265354	18.45750668047498	18.506998654355794	18.639725264949337	18.44736785829203	18.68249534	18.557285744996626	18.738748926160934	17.935861679999995	18.085360590627026	17.868695502761767
2025-01-11 13:30:00	18.74350649	18.771266436013917	18.731034630196657	18.50392927	18.643681843341934	18.441141881976808	18.50754815	18.66268568987958	18.43784867556135	18.682495339999996	18.638221942035358	18.70238628691164	17.935861680000002	18.091533431079064	17.865922197631146
2025-01-11 13:45:00	18.74350649	18.81439241397708	18.711659190821894	18.481459300408726	18.61711151404577	18.4205141029776	18.503048653552085	18.670030361459986	18.428027886231142	18.682495339999996	18.702325788758127	18.673586007949243	17.935861679999995	18.098309536418288	17.862877860449743
2025-01-11 14:00:00	18.743506489999998	18.86551624581465	18.68869051274994	18.41940021838279	18.51901873204404	18.374644074563978	18.4294281725411	18.539888120429218	18.37980123943195	18.682495340000003	18.763398403807773	18.646147586695054	17.935546390317214	18.120117700973193	17.85262304784858
2025-01-11 14:15:00	18.735202956462768	18.866748827649552	18.67610263752378	18.379571282790415	18.467899165990875	18.33988774106268	18.398184673114134	18.50490210742642	18.350239159147744	18.68249534	18.785783737972455	18.636090407577587	17.91299257249089	18.07763708570307	17.83902184916367
2025-01-11 14:30:00	18.719401927382766	18.84400509342	18.663420794815313	18.368583152748585	18.48165507900298	18.317782722112558	18.389325780070983	18.519017848598825	18.331058328993258	18.68249534	18.792664388714872	18.6329991007223	17.935861679999995	18.134871217534602	17.84645159791923
2025-01-11 14:45:00	18.718913455960696	18.856026759252963	18.65731182694533	18.361262621306658	18.498846518048712	18.299449566248626	18.360065699365506	18.483822738818066	18.304464710625954	18.68249534	18.805161756337924	18.627384341355427	17.918672074426198	18.101367496229372	17.836591522601594
2025-01-11 15:00:00	18.693492645149263	18.824563819330294	18.634605595879528	18.328897552998487	18.46831008707735	18.266262936238412	18.333133123524934	18.466148574869617	18.273372558428047	18.68249534	18.823702314047058	18.61905452557306	17.88430456288416	18.048069978335786	17.810728796521843
2025-01-11 15:15:00	18.670536050522028	18.78728889192066	18.6180818754009	18.281869219778507	18.39615577113906	18.230523088007814	18.28191401697746	18.384605473360303	18.23577727570401	18.65189388445589	18.758304263997623	18.604086322632796	17.8530491001797	17.992854326804295	17.79023805633387
2025-01-11 15:30:00	18.669157996743515	18.80017442849929	18.610295541896715	18.236213899523545	18.331441639040175	18.1934304223494	18.269741687286217	18.394143541419307	18.213850999197437	18.66038419254911	18.784640179678533	18.604559038911255	17.826879749068446	17.953117530911545	17.77016422389257
2025-01-11 15:45:00	18.659933460459637	18.79248548064178	18.600381103566207	18.21497288751683	18.323619897912913	18.166160462556274	18.26138140776641	18.407219588989168	18.195859906057635	18.682495340000003	18.83697881883121	18.61308971907584	17.834216416708312	17.986745829595623	17.765688709469085
2025-01-11 16:00:00	18.626583171785676	18.742923607150626	18.574314280534757	18.160742761835966	18.252717885644895	18.119420604762386	18.21073691865165	18.335732746952836	18.154579372603294	18.666764433104532	18.811559674618582	18.601711498511268	17.803503684693844	17.948085305581106	17.738546724585074
2025-01-11 16:15:00	18.62750484149801	18.76453005796683	18.565942787722157	18.12601359110555	18.220428640586466	18.08359523554166	18.166522594291415	18.275272664986918	18.117663866877493	18.635750272027497	18.745859359518764	18.586280971850265	17.81638642535972	17.99525858274454	17.736023572041905
2025-01-11 16:30:00	18.61101544893305	18.743924995310664	18.551302464328614	18.09288586224831	18.190897612136276	18.04885159780589	18.123880856843027	18.221249540748342	18.080135506102955	18.62121153829826	18.723570714986728	18.575224082104896	17.77833152932831	17.927401850537905	17.71135790675588
2025-01-11 16:45:00	18.588931251912097	18.712050286320228	18.53361690312005	18.061604513210604	18.16449624394275	18.015377793606305	18.10058106934187	18.211401583092318	18.05079214287428	18.651086658549737	18.801740854203565	18.583401440212498	17.765974863654378	17.919913323620634	17.69681410627823
2025-01-11 17:00:00	18.581749549296067	18.70239324903634	18.52754730738377	18.05204434967495	18.173266382450024	17.997582276978903	18.086606171558167	18.20819643315278	18.0319786627258	18.648946171530252	18.791114648038313	18.585073377736766	17.763737079867088	17.92008149019997	17.693495388268257
2025-01-11 17:15:00	18.562761089391426	18.677743422144268	18.511102360183628	18.0301641238283	18.159832370622613	17.971907375268543	18.058958767239055	18.181000250041684	18.004128535834973	18.651166949165486	18.798666300306127	18.584899124739973	17.748098614581266	17.901928824937414	17.67898649108792
2025-01-11 17:30:00	18.570793403634756	18.713284943331328	18.506775465510216	17.98615872774931	18.096135324791685	17.936748952266505	18.013985960991516	18.115536218416793	17.9683619322932	18.627238033155535	18.746893835354257	18.573479629269144	17.719230776225718	17.85592447422116	17.657817665532114
2025-01-11 17:45:00	18.542424014681064	18.663834346601615	18.48787734381822	17.948033103141398	18.048805514595752	17.902758541473496	17.993501612680614	18.10734038052776	17.942356659010162	18.620125715704106	18.737689556724067	18.56730717843427	17.705293851698144	17.84475109975142	17.642639146051014
2025-01-11 18:00:00	18.529297049089543	18.6607208329705	18.47025158096912	17.91505780881783	18.021705320410412	17.867143709406673	17.971633262273613	18.101117034001955	17.913459393815955	18.63479736658339	18.783669913797425	18.567912598994468	17.722049494074827	17.90712960356896	17.63889756082384
2025-01-11 18:15:00	18.5091275402244	18.63177627982087	18.45402448330426	17.88264855436646	17.988476147726136	17.835102824016456	17.952030237417027	18.09053731668035	17.889802419197277	18.629264856867668	18.773327187803265	18.564541200940077	17.712129597468227	17.89528206903528	17.629843704445342
2025-01-11 18:30:00	18.511972002802942	18.654352808845523	18.44800381458092	17.85232975346259	17.95938819650066	17.804231032677368	17.909362399108527	18.027573121793	17.856253233844495	18.607526144267233	18.727413791628422	18.55366357806148	17.694730064316442	17.86788175871524	17.6169372740793
2025-01-11 18:45:00	18.489857220895377	18.618689257473612	18.431976160983425	17.82375379135125	17.93393421422296	17.774252441945116	17.85457022640845	17.94159406293109	17.815472560724366	18.58156783186477	18.67686678983365	18.538752357994685	17.644895936348828	17.773580461827237	17.587081149539685
2025-01-11 19:00:00	18.47025531335423	18.57966423525335	18.421100580327096	17.823114048952792	17.9566759653901	17.76310797055342	17.866796247075488	17.996066124124617	17.808718476227327	18.624514464835784	18.775811503522576	18.556540432962002	17.66626408999871	17.82585426491739	17.594564156339587
2025-01-11 19:15:00	18.484639784473988	18.626005477370878	18.421127661578286	17.801009260849835	17.935138704515605	17.74074820644927	17.859697826222	18.007204583976836	17.79342667418722	18.62662340150005	18.77903818616112	18.55814719389869	17.677405139927185	17.858516419278917	17.596036304276403
2025-01-11 19:30:00	18.464718029497117	18.59132390544725	18.407837128707936	17.77293627529979	17.899849486893586	17.715917296177942	17.835193564390035	17.976443411983873	17.77173348793483	18.640046806387573	18.8071723830494	18.564961402380078	17.67189417792327	17.85181633855717	17.591059584015284
2025-01-11 19:45:00	18.479806549614995	18.635875566061046	18.409688585704444	17.726195718347583	17.82472474853095	17.681929052613025	17.79481934942291	17.911906288223424	17.74221507257051	18.617847039072018	18.752741111621	18.55724245575291	17.626908752335588	17.761560919553133	17.56641285112191
2025-01-11 20:00:00	18.468339463898385	18.619203519963165	18.400559960448987	17.69029874817436	17.78196421008066	17.649115714564285	17.774299325970794	17.899196390596796	17.718186152008396	18.6074677613235	18.732695687393566	18.551205939465937	17.61063008452637	17.744330916924618	17.550561594608318
2025-01-11 20:15:00	18.451397296343508	18.59157431095743	18.388419217314066	17.674084262015683	17.783085285576334	17.625112787662346	17.762917270193938	17.90379747625634	17.699623264571702	18.6051590450543	18.73198352306629	18.548179931744563	17.638859995632	17.8213430397266	17.556874859879358
2025-01-11 20:30:00	18.439049717878085	18.576512696298032	18.377290988443036	17.653540975719466	17.77199361068991	17.600323125225493	17.73880195200401	17.87719592740005	17.676624948565212	18.604772954626608	18.736983545299662	18.545373993599583	17.627001164506225	17.804121451303295	17.547425383481453
2025-01-11 20:45:00	18.43595805328288	18.58228056575095	18.37021895347839	17.63801347481783	17.77019205977924	17.5786288931685	17.712618195527728	17.8463714155827	17.652526169126222	18.59261413059619	18.715195360199743	18.53754140425256	17.619962818992697	17.798080129812774	17.53993909963875
2025-01-11 21:00:00	18.409256345769737	18.53689487463546	18.35191149946774	17.591939159211442	17.698752804014568	17.543950420241927	17.67565885689354	17.793502986293223	17.62271439296035	18.57804039514186	18.6891067983306	18.528140996607785	17.563355058379706	17.687494904171693	17.507582084183305
2025-01-11 21:15:00	18.39856125857599	18.52596544532574	18.341321696413058	17.572000830443816	17.68698451344534	17.52034149460256	17.664602396110812	17.79890714615074	17.604262580875478	18.62169528154262	18.794014126943075	18.544276669840965	17.580309650189257	17.740028493625715	17.508551908935193
2025-01-11 21:30:00	18.41302211751121	18.56977677354931	18.342596112624527	17.54989279286221	17.669156964083427	17.496310339125145	17.636946478009804	17.76481308093172	17.579499163653583	18.63118380938531	18.809784740683526	18.550942811265816	17.589753630194277	17.769193114562942	17.509135890840245
2025-01-11 21:45:00	18.421444908774447	18.594414722342343	18.343733833113504	17.659135559999996	17.959475078492737	17.524200414010508	17.628435096069314	17.77360885870677	17.563212101261183	18.627946499559283	18.797373341493245	18.55182719376287	17.590958924918944	17.77828337296689	17.506798665651033
2025-01-11 22:00:00	18.431566389004836	18.59125586386196	18.359821842329893	18.099705300000004	18.933445001569165	17.72512659349792	17.66702621725043	17.85200367327836	17.58392040367267	18.61423036493555	18.742315742056952	18.556684760721588	17.74451984777064	18.075321304013112	17.595898903661706
2025-01-11 22:15:00	18.564706357276783	18.87779395351909	18.42404381403749	18.30746562	19.199673207253756	17.906618732972948	17.724296603784694	17.981122547558197	17.608911034842972	18.618234595166893	18.747160373570356	18.560311419362435	17.763234643362456	18.080427822092943	17.620727563063262
2025-01-11 22:30:00	18.68344156	19.139083909003446	18.478732678563667	18.51522593	19.43369081978882	18.102582283862997	18.19729308	19.073394097903346	17.803682477753576	18.671141336617787	18.86321910357496	18.584845528274712	17.844684561950515	18.22143749615086	17.67541875093297
2025-01-11 22:45:00	18.88474026	19.49685040926858	18.60973425090832	18.631630649999998	19.477854250525382	18.25144323527121	18.39094222	19.303345404270807	17.981021948805875	18.72069556503022	18.958814750915106	18.613714481516723	17.948859673524883	18.399247421338483	17.746511554941957
2025-01-11 23:00:00	19.277597399999998	20.260218820995902	18.836129805059816	18.77308448	19.581641718246644	18.409819633831226	18.487766789999995	19.280185202312992	18.131752720699957	18.703398139931927	18.87969479577478	18.624192396002528	18.01220042776766	18.452194475942257	17.814521942355885
2025-01-11 23:15:00	19.20454545	19.79029823436621	18.941381155574607	18.86444008	19.60757537887439	18.53056769934629	18.821967729999997	19.894808766208392	18.339966684746955	18.76908752	19.024780401754988	18.654211007907183	18.048463046959057	18.470853696477445	17.858693334856596
2025-01-11 23:30:00	19.13149351	19.49435540156052	18.96846860219745	19.07220039	19.905178782080817	18.69796372109413	18.89224362	19.782273006055828	18.49237534510535	18.840316569999995	19.14424224046335	18.703770254284578	18.010552749374124	18.33484302506916	17.864857118264766
2025-01-11 23:45:00	19.087069470671743	19.35179058198147	18.96813679747462	19.07220039	19.691962059854717	18.79375674122469	18.744181446780953	19.181787784933032	18.54757570065466	19.01350093	19.513690537053563	18.78877806306289	18.0022309	18.283408721272373	17.87590463247183
2025-01-12 00:00:00	19.053375171254608	19.294986733767484	18.944825048966216	19.047151279999998	19.53657155975182	18.82726680648831	18.82196773	19.35427172062705	18.582816661747273	19.123836129999997	19.703711173073707	18.8633125599234	18.03502374133075	18.372471695136248	17.883416689621036
2025-01-12 00:15:00	19.142483243948597	19.474827046583126	18.993169361605545	18.93074656	19.172290949030742	18.822226617102128	18.680765221069844	18.9811143759658	18.545825745681803	19.123836130000004	19.55915372431901	18.928258660088556	18.02596844600469	18.325685260859803	17.891313065417613
2025-01-12 00:30:00	19.01110452155262	19.155827522875516	18.946084042697407	18.870637533320828	19.026746938809797	18.80050142360839	18.774986652804426	19.18174712147022	18.59223919586762	18.960336007841953	19.049064664789917	18.92047240834359	18.13624814296979	18.53984400374064	17.95492246639158
2025-01-12 00:45:00	19.027004548263047	19.20330504374137	18.947797079280036	18.83198972708973	18.970190748503338	18.76989941312129	18.84457531334767	19.309795870819475	18.635563178831354	19.09753318762365	19.369565815562215	18.975315630143996	18.162952795081416	18.55931180198429	17.98487845864679
2025-01-12 01:00:00	18.93920924065111	19.01340675509002	18.905874125468408	18.80684020755873	18.940776178276273	18.746666075787083	18.85309061037808	19.283951646497396	18.659515362266504	19.02363512067343	19.182562882686167	18.95223279281263	18.189550147982608	18.572573331651856	18.017467268363085
2025-01-12 01:15:00	18.97457415480821	19.115093739537805	18.91144216746593	18.872259393535817	19.114827760153812	18.76327940273642	18.67650565704623	18.867815683370655	18.5905547756541	18.99243715626855	19.11417147374987	18.937744926675496	18.046319586406717	18.230922439463424	17.963382072714573
2025-01-12 01:30:00	18.906301507860295	18.977694630361373	18.87422633688155	18.91688095100335	19.222934785930608	18.77937850342733	18.63277614741783	18.787258695661272	18.563370944583816	18.979571640928647	19.092946061582797	18.928635307011564	18.00209594628982	18.13853986411431	17.94079505567302
2025-01-12 01:45:00	18.87982316059999	18.944175757732	18.85091112420735	18.782409255983943	18.926149624179065	18.71783024998323	18.605356680139792	18.74872377394546	18.540945377125645	19.059679515961655	19.27891048254938	18.961184444016443	18.031889269812424	18.21131220004457	17.951278967824067
2025-01-12 02:00:00	18.91486932135618	19.04497767471675	18.856414843759403	18.77709016060483	18.93952021950669	18.70411433704022	18.556740627657565	18.662143018081387	18.509385930510625	18.987030914969115	19.10507902727862	18.93399480654021	18.050969770643007	18.25151553266351	17.96086950074973
2025-01-12 02:15:00	18.923591623603162	19.071179932157023	18.857283832803603	18.764073375199672	18.927847963122808	18.690493487871883	18.529862218653214	18.629118657062918	18.48526874632421	18.97410228343341	19.07867158615767	18.927121872064543	18.092689238422615	18.328951654695956	17.986542355749087
2025-01-12 02:30:00	18.923060391236078	19.075014664717603	18.85479107996177	18.717297686658632	18.84455658338026	18.660123399725727	18.52523478855963	18.647473763665204	18.470315828729582	18.932911398681014	18.992333385697865	18.906214563934324	18.023065112640683	18.163851307941062	17.959813343737615
2025-01-12 02:45:00	18.918899268431154	19.070316453685308	18.850871257664792	18.700839621726278	18.83420322283095	18.640922641519836	18.50720201958131	18.632533479127545	18.450893682683716	18.93088138350625	19.00349062582318	18.898259839856618	17.99191402434499	18.099006072525025	17.943800205597448
2025-01-12 03:00:00	18.85516697199056	18.978914489816407	18.799570261083296	18.655451498428622	18.794664981130023	18.592906310548287	18.40480047961987	18.471010230968904	18.375054069593485	18.997702899135163	19.19459818940528	18.909242696260183	18.02141166192095	18.215066935529393	17.93440711870558
2025-01-12 03:15:00	18.795831338271125	18.85888942529876	18.767500893374653	18.6160876660551	18.7380008879564	18.561315059113937	18.375412473514313	18.449642581131684	18.342062715019548	19.00311368639607	19.200988557199576	18.914213382122032	18.02969120546164	18.226811790018374	17.941129783414418
2025-01-12 03:30:00	18.783485723283217	18.853352803551903	18.75209616548134	18.582838175920294	18.69730619004427	18.531410517400822	18.31646809379284	18.3623700800522	18.295845462284998	18.902697187388362	18.968765315993107	18.873014404971745	18.20323668892879	18.58769456783776	18.030509236085635
2025-01-12 03:45:00	18.751514434251014	18.80206841547267	18.728801776020987	18.546971863573305	18.65155076876387	18.4999871380529	18.28047513626231	18.32996477413948	18.258240661274	18.859200495308823	18.890622398709663	18.845083408273652	18.185981723897992	18.509063431287426	18.040829072752032
2025-01-12 04:00:00	18.66254955246238	18.743950061467583	18.625978309286126	18.538336249310603	18.725381020262706	18.454301642071258	18.227204358238897	18.317224653233946	18.186760457588946	18.81696703796064	18.87956566055102	18.78884301911569	18.0590596822296	18.306191280292254	17.948029543969582
2025-01-12 04:15:00	18.719380187829454	18.830736474258963	18.669350551897367	18.611224099019367	18.868809008351892	18.495497545551146	18.215053388133626	18.294324364185393	18.179438891646583	18.81820594281804	18.871624165099703	18.79420645164801	18.09264200370924	18.298809496747474	18.000016028576127
2025-01-12 04:30:00	18.755315767083932	18.86549231611196	18.70581615810036	18.6284988010603	18.877095561901644	18.516810401262035	18.229514119056518	18.330253439725695	18.184254424263102	18.83586432914227	18.90196381218168	18.80616745995067	18.219185719999984	18.49407724264254	18.095683731566382
2025-01-12 04:45:00	18.773588571989553	18.8600148653292	18.734759367735506	18.616605649352447	18.826304076934356	18.522393312322905	18.237633576976716	18.348942957981546	18.18762501449629	18.833408486479648	18.887577055700532	18.809071882916683	18.322922479999985	18.64263165234929	18.179285025756087
2025-01-12 05:00:00	18.939307082509014	19.1760803738395	18.832930676259053	18.705915476759916	18.995130809203484	18.57597815348818	18.263174307171308	18.39241952023624	18.2051076172436	18.882245868302114	18.9815376619795	18.837636511722437	18.322922479999985	18.536033203066705	18.22717708268013
2025-01-12 05:15:00	19.095004708203806	19.444706866116366	18.937892144503962	18.88761857400578	19.35510912493396	18.677586587356885	18.272109235037096	18.400475731753605	18.2144373307152	18.90878727577527	19.01642339281259	18.860429020294745	18.322922480000013	18.47480605055443	18.254684933808875
2025-01-12 05:30:00	19.046374337255646	19.24334284818705	18.95788123814154	18.84073666942668	19.180815875395602	18.687947460947882	18.324316029370397	18.503607005482678	18.243765011117063	18.926151856022223	19.03057858012568	18.879235501714902	18.32292248	18.435625415125727	18.272287827986986
2025-01-12 05:45:00	19.03838834672717	19.16081782885098	18.98338379678742	18.82489476566968	19.098185186485107	18.702112112839544	18.333248132519287	18.502385766181078	18.25725876087411	18.961281079409552	19.086262026502638	18.905130219121375	18.322922479999985	18.394920974713397	18.290575330201193
2025-01-12 06:00:00	19.06475882420233	19.187124782348253	19.00978281402081	18.895580954192436	19.220227026298183	18.74972547252173	18.289934207292323	18.3930351417749	18.243613497597266	18.96869931434013	19.082403913822798	18.917614639210242	18.322922479999985	18.384460472282257	18.29527497622098
2025-01-12 06:15:00	19.188805090003967	19.390011748384687	19.098407895659022	18.88053115188338	19.126413980553785	18.77006205494446	18.31687118968864	18.43012304767558	18.265989920158262	19.01123388181642	19.13798266908351	18.95428877449355	18.19074176999997	18.038451891407078	18.259161860382306
2025-01-12 06:30:00	19.21117801932259	19.356051834924088	19.14608978332771	18.895669098950055	19.114866600029696	18.7971890622331	18.369089089107163	18.52180996367835	18.30047536285052	19.0714258089462	19.23261302999405	18.999008361808762	18.36354881194466	18.436652408150035	18.33070516727267
2025-01-12 06:45:00	19.279662586150426	19.431567301246385	19.21141554023771	18.924363106706053	19.13755352237369	18.828581905464077	18.45443098884758	18.678945990519946	18.35356193012521	19.238922001170266	19.560317028602896	19.094527133773	18.58087031324512	18.875151212484607	18.44865715561579
2025-01-12 07:00:00	19.358009944585696	19.52750937478816	19.281858026668658	18.962361675099025	19.17773736077506	18.865598685882247	18.617294105493716	18.987934764110804	18.450774389303433	19.24006355287935	19.48620569680937	19.12947795198326	18.8353490263315	19.298759040666855	18.62715032423884
2025-01-12 07:15:00	19.437994037589288	19.616965222203536	19.35758669377708	18.97649201863276	19.163645457215576	18.89240858970426	18.683062741928083	19.055708480779295	18.51564219258914	19.18023777782387	19.286655219877417	19.13242704298824	18.844944571037967	19.163653304790124	18.701756589207292
2025-01-12 07:30:00	19.516045548636512	19.698021452429106	19.434288258526777	19.036756808306436	19.25388338155421	18.939207188441486	18.613952324437186	18.829773699441766	18.51698909798587	19.32066570396929	19.560190018709996	19.213053330679998	18.954740809481645	19.26961976175277	18.81327345411347
2025-01-12 07:45:00	19.60059733000992	19.792326996956845	19.514457914425094	19.076644945858284	19.295902208165426	18.978138059894206	18.66402710379008	18.894271933846152	18.560583774344593	19.39571662850008	19.662648119190354	19.2757908863059	19.125990940023115	19.507992983344476	18.95436683360336
2025-01-12 08:00:00	19.72190508648059	19.858571167676132	19.660504383334768	19.199488182821554	19.46435045651892	19.08049208884158	18.69593881936802	18.861768818159163	18.621435486577802	19.387124912029822	19.52039902856218	19.32724813503704	19.32221407936785	19.69736450899354	19.153668234173708
2025-01-12 08:15:00	19.720324019746563	19.832801466843776	19.66979067394928	19.26024085469897	19.576176682207304	19.11829867132566	18.643087215676776	18.744346334667565	18.597593988304098	19.356412717769686	19.438015543902228	19.319750578492744	19.355723925250544	19.696866933165346	19.202456776767065
2025-01-12 08:30:00	19.795856318925168	19.978079989410617	19.71398771334478	19.259154849323284	19.544587534450294	19.130916976295197	18.698463918708377	18.875560790699712	18.618898657378935	19.392121648187324	19.5112770824547	19.338588047284603	19.264810754881363	19.439699772644396	19.186237428060295
2025-01-12 08:45:00	19.84023693853355	20.04326791977564	19.74902012087408	19.293419636986094	19.595721615009662	19.157602806279854	18.624151168740184	18.709821054342655	18.585661799846328	19.402820152244416	19.52300095080299	19.348825880428244	19.289209162778008	19.459145813125435	19.212860812621912
2025-01-12 09:00:00	19.77212765095689	19.872340536026268	19.727104470708326	19.304543143825754	19.603790008138787	19.170098900438745	18.592936121005106	18.670817193681927	18.55794607386045	19.444525044990996	19.615419480492683	19.367746385562704	19.29447853	19.449221895010457	19.22495614861849
2025-01-12 09:15:00	19.790858630175236	19.89771975259409	19.742848560682717	19.29908416580933	19.56763207687808	19.178432205763947	18.57807369347137	18.655643959081587	18.543223284284153	19.395752763165294	19.48765557051913	19.354463096093276	19.29447853	19.430392739607935	19.233415624234127
2025-01-12 09:30:00	19.78631635954376	19.867982700223937	19.749625684745425	19.284530616594953	19.517293211672538	19.179956117357186	18.718570822659746	18.979170476338194	18.601489818833194	19.40854419583202	19.51153793647228	19.36227164568931	19.39821528	19.645641726596963	19.28705267355788
2025-01-12 09:45:00	19.904379765274115	20.11491235931335	19.809792657807208	19.30898869392431	19.559142571692398	19.196600719854594	18.721810745835096	18.96633862220507	18.611950395581935	19.485874968254777	19.675562597272425	19.400652990000474	19.398215279999985	19.595786947408346	19.30945119754118
2025-01-12 10:00:00	19.819688346304265	19.8948789956775	19.785907040064117	19.260781336495445	19.43341246318919	19.183222424502603	18.67431565951861	18.84168557114456	18.599120481831598	19.461968197436935	19.593184985812467	19.40301572729721	19.38057335601179	19.530743052101123	19.31310581139195
2025-01-12 10:15:00	19.795454549999985	19.825826088583145	19.78180936599884	19.322943497046897	19.56302970744515	19.215078677882474	18.632350136102314	18.742407499478063	18.582904074295833	19.48891930071181	19.635915401325466	19.42287757434915	19.29447853	19.308729881869098	19.288075748725475
2025-01-12 10:30:00	19.767857139999986	19.75858937472898	19.772020918599992	19.292872571831303	19.48132260664907	19.208206614159565	18.686656124144985	18.865243204199427	18.60642134904807	19.464658872260447	19.56106423804976	19.42134631661599	19.32292248	19.37545270175696	19.299321945587437
2025-01-12 10:45:00	19.82129643957532	19.89255639292765	19.789281098214104	19.30451384514564	19.50001600820008	19.216679540005252	18.749329093390205	18.992168948397556	18.640227129546332	19.51252322690916	19.656097127237373	19.448019010819664	19.45510318000002	19.67765531860867	19.355115987291782
2025-01-12 11:00:00	19.898295575565857	20.030543164854414	19.83887999197242	19.254468750334347	19.373064460635998	19.201186619619115	18.76281477245544	18.99230734276967	18.65970941477803	19.596648696719598	19.817222865045196	19.49755015732694	19.434519250747496	19.587418513933947	19.365825378881127
2025-01-12 11:15:00	19.917121933664188	20.05708717423217	19.854238999495948	19.277867527912345	19.437189847466566	19.20628793506915	18.788640481751887	19.037869410311096	18.67666806457312	19.683222717512514	19.984308841360118	19.547952140131713	19.446954721428334	19.59507706004094	19.380407004080624
2025-01-12 11:30:00	19.914846182521007	20.033557918455728	19.861511924347425	19.21634942710785	19.305912185897377	19.176111086202418	18.78937964609406	19.02446392621262	18.683762070968335	19.832134569011973	20.273270950288964	19.633942861481728	19.451526901586966	19.586869143316566	19.39072096689685
2025-01-12 11:45:00	19.92682042961014	20.045725935600885	19.873399115324446	19.231837562915768	19.3605596356258	19.17400590706054	18.86014416526778	19.167304409270955	18.722144635353313	19.782649264987374	20.093176423280543	19.643137063435372	19.488061444444426	19.647677976147754	19.416349669331336
2025-01-12 12:00:00	19.963770242938708	20.058879766096883	19.921039877461844	19.324772904361353	19.557999686074748	19.21998985750462	18.839093846060127	19.074942540899894	18.733132838233566	19.76855259124476	19.991658611587678	19.668316553119684	19.560925984802328	19.738354811097018	19.481211584582976
2025-01-12 12:15:00	20.025266827368654	20.223162587309975	19.93635713811966	19.273529825192668	19.467169116906174	19.18653246224892	18.86963631481288	19.15566354374071	18.741131327903272	19.93000915517422	20.347778620123965	19.74231562744318	19.530291368571177	19.692288858413406	19.45750988762757
2025-01-12 12:30:00	20.039867640231634	20.266370915533763	19.938105299153868	19.3426748354815	19.6452670326528	19.206727616462512	18.857398528020717	19.130925939378024	18.73450940117903	19.798468468510094	20.01334695677651	19.701928857839686	19.56403468576153	19.78604862039627	19.464289294838682
2025-01-12 12:45:00	20.179633135973763	20.57720857337079	20.00101228728814	19.360361374444267	19.690928891942047	19.211845533249615	18.836095342916952	19.089639684247842	18.722184117101627	19.762624308610953	19.928430547092482	19.688131650742438	19.527851689297904	19.719900869853088	19.441568724120938
2025-01-12 13:00:00	20.23456667622726	20.668670270183714	20.039534626768564	19.335180098429333	19.638082118448548	19.199093683638097	18.996614906654784	19.45302519717196	18.791561008016632	19.83544023775261	20.094832113349387	19.71890185886131	19.542389691594906	19.767234640100227	19.441372395889616
2025-01-12 13:15:00	20.12299535427542	20.3942683051485	20.001119100984624	19.389651217579644	19.76790975245159	19.219708977274863	18.905500293768966	19.226609491145094	18.7612338427739	19.778432285384614	19.957819611169047	19.69783797959741	19.504739693722918	19.701574424368076	19.41630669879539
2025-01-12 13:30:00	20.09785047195709	20.336558651842083	19.990604767950792	19.26266641879901	19.486894729541827	19.161926163247898	18.85789093641148	19.121032467400045	18.739667929735457	19.772708503850566	19.9478579628941	19.694018167178843	19.586957983148988	19.894385506550076	19.448838371186184
2025-01-12 13:45:00	20.148237243378134	20.449050729673814	20.01308915533225	19.187808464681837	19.35099103014022	19.114494558461395	18.817432745482755	19.04284797613334	18.71615923606003	19.845142934767384	20.113860474479115	19.724414764751963	19.58754284847064	19.895061460635045	19.449382312570698
2025-01-12 14:00:00	20.19341601654163	20.531902435332196	20.04134240809949	19.224188283907974	19.460809270615123	19.117880304372875	18.812597609999997	19.04998963202154	18.70594322329467	19.93539283703046	20.296392090748856	19.773204766519292	19.645433943802377	20.00833606897292	19.482390960030116
2025-01-12 14:15:00	20.174090086682384	20.472473933648075	20.040033575726785	19.324713379544388	19.699499879713883	19.156331038888524	18.8903325452663	19.219410648524672	18.742485861193696	19.932151827974746	20.25586296176209	19.786716391055787	19.71211551493587	20.135449503467132	19.521921983856615
2025-01-12 14:30:00	20.11894858213549	20.342124557524773	20.01868111493161	19.357383395653677	19.763115075199714	19.175098148321393	19.011140926468975	19.481180581321116	18.799963690231056	19.943995273827476	20.25680095490286	19.80345938812694	19.84933881675145	20.400110325895344	19.60189074742594
2025-01-12 14:45:00	20.045725638522224	20.189532787396498	19.981116629607698	19.23014477318418	19.472696172079633	19.121172405564483	19.071747233853063	19.58484381611214	18.84122558095406	19.99634481976677	20.34821502293618	19.838258206748637	19.590302662043637	19.80107180795829	19.495609277647194
2025-01-12 15:00:00	20.045018599834258	20.222149779091854	19.965437925095344	19.22986248	19.517265821023337	19.100739239830094	19.052968735048402	19.5142270363935	18.845736744589015	20.05281613621407	20.449837941492262	19.87444402079923	19.68116060978426	20.018478766997987	19.529611872485336
2025-01-12 15:15:00	19.998444934839288	20.13536289107117	19.93693107044526	19.229862480000005	19.498901869955265	19.10898971059981	18.97969807	19.329560729079276	18.82251339708033	20.00606133413219	20.303740448844735	19.87232144201496	19.797386490522943	20.25444252835113	19.592042473527663
2025-01-12 15:30:00	19.992966352098076	20.147679544021575	19.923457526741153	19.246489024322614	19.529159403750075	19.119492187188534	19.084662079033254	19.546288855868326	18.8772645416146	20.018813745094253	20.309507357472555	19.888212267069214	19.770409600124825	20.16396592594343	19.593594439249795
2025-01-12 15:45:00	19.949938332872847	20.076004508700443	19.89329990605175	19.32121807	19.712033597355347	19.145634282347597	19.19989589	19.807081258840906	18.927102463419303	20.037356482570914	20.329116524767315	19.90627588390297	19.685665419565524	19.965980770246034	19.559726638824998
2025-01-12 16:00:00	19.944574578328123	20.087952062452338	19.880158607199846	19.32121807	19.67911586732846	19.160423407432138	19.17334721	19.629833063262478	18.96825936288208	19.99945328058723	20.21977994183074	19.90046594002855	19.786068368475803	20.176029664827023	19.61086836576728
2025-01-12 16:15:00	19.904348271278348	20.02352533890786	19.850804951039002	19.304312325404855	19.629185734951065	19.158354706623225	19.146798539999995	19.542456195243943	18.96903930358605	20.017019862491345	20.25044317513921	19.91214851912782	19.768027816632628	20.117514269461907	19.611012163912225
2025-01-12 16:30:00	19.88730222791482	20.01615707110341	19.829410921554725	19.344332787537276	19.716693805871913	19.177040156111566	19.146798539999995	19.499982726946715	18.98812158644423	20.04697446228189	20.308425383164398	19.929511005073813	19.769131309370565	20.109284993441996	19.61630863971528
2025-01-12 16:45:00	19.898041131434265	20.06677489049416	19.822233210697213	19.325193763795774	19.665712643777965	19.17220702061537	19.24362311	19.6932191753243	19.0416306748543	20.099413462456265	20.410008908650305	19.959870580832856	19.711802057381984	19.977830388956058	19.59228208232697
2025-01-12 17:00:00	19.870611489421794	20.024041826032942	19.80167901935012	19.33793482322257	19.68797892088896	19.180668634415934	19.14679854	19.39998296952165	19.033049013693173	20.043813165727904	20.26210245203575	19.94574116753163	19.721926846220125	20.003169834982224	19.595571300544403
2025-01-12 17:15:00	19.910768223415694	20.13211163191008	19.81132408336749	19.338659283053456	19.684894790653836	19.183104199928646	19.24362311	19.63277312360868	19.06878759663958	19.991768610538667	20.138668831178915	19.925769960685805	19.775447522487635	20.121554111156566	19.619950359462457
2025-01-12 17:30:00	19.8274948232496	19.958271512360003	19.76874007886667	19.329577376774157	19.66142123894657	19.180488105363363	19.243623110000005	19.581693587711246	19.091736373636984	20.026855633487685	20.222496064776074	19.938959207836383	19.845602329473913	20.26242440891988	19.658334438708327
2025-01-12 17:45:00	19.89121635665475	20.12216703061658	19.78745590893277	19.328480233778738	19.65823415897748	19.180329919559014	19.14679854	19.345969166721293	19.05731608451652	20.046567935752215	20.265485405824165	19.948213710067712	19.78077027196552	20.104009039121667	19.63554705773594
2025-01-12 18:00:00	19.906614495778214	20.151937023321867	19.796397128331066	19.279694383264122	19.539509798122534	19.162965718617592	19.15669088447834	19.37870776376356	19.056944170596573	20.074030029529712	20.314055013780802	19.96619271776473	19.779773081033547	20.08730782632421	19.641605296917447
2025-01-12 18:15:00	19.928095512545568	20.196389354570226	19.80755769946202	19.25491159	19.492096129190287	19.148350420218854	19.166631362900183	19.413365917410385	19.055779606526038	20.04461017652335	20.234985493783103	19.959079236884914	19.875589967107373	20.283458241940995	19.69234480015313
2025-01-12 18:30:00	19.86068947705234	20.03975592556698	19.780239333516782	19.290448776698316	19.57730295435318	19.161572262099753	19.21572559558133	19.528175779161973	19.07534942614655	20.037738400709653	20.215692463452882	19.957788024694576	19.86510390374782	20.235096166852998	19.698875495686067
2025-01-12 18:45:00	19.874821334139547	20.07899507901441	19.7830911009349	19.34626719	19.709943462149738	19.182876401063158	19.2555205007136	19.61009972105351	19.096216793024652	20.083995265851584	20.317298386655892	19.97917792172211	19.789927354250786	20.056542797473277	19.670143604397197
2025-01-12 19:00:00	19.956927367403274	20.226226187460757	19.83593804244991	19.37248294775955	19.700327609747678	19.225190418460535	19.261636161493378	19.57398778541707	19.12130427248418	20.154135309875734	20.434077283913446	20.02836427806169	19.84729725458293	20.13917424535363	19.716164113801888
2025-01-12 19:15:00	19.934264572641023	20.156745096565427	19.834309554645998	19.34735888416962	19.625033004781113	19.222606743025324	19.368510637085357	19.78778842694323	19.180139456134718	20.16308502250891	20.422872007018125	20.04636913091781	19.881809237388733	20.195119929973927	19.741046462459153
2025-01-12 19:30:00	20.04164879798779	20.379103940461487	19.890038516586564	19.346267190000003	19.61975110235684	19.22339760618751	19.33206196718486	19.66858112260556	19.180872201705995	20.14441042679103	20.352413473441903	20.050959782643538	19.82456088574057	20.052927817038608	19.72196124994
2025-01-12 19:45:00	20.01586865718835	20.288072108147123	19.8935743531344	19.34626719	19.597584465697853	19.23335652990386	19.36810563640084	19.724655082412447	19.207916754859397	20.200877226491794	20.460757063852615	20.084119618402152	19.862270472786786	20.128157117014382	19.742814154365696
2025-01-12 20:00:00	20.049762222309095	20.32479841197363	19.926195238546764	19.36710619760313	19.613564558771607	19.25637852809265	19.35705519616821	19.660336251760924	19.220798490032358	20.226950500024685	20.481140476382713	20.11274920629862	19.8962212547998	20.173593165320288	19.771604889203644
2025-01-12 20:15:00	20.10258587102417	20.41451710002189	19.962442855097652	19.437622789999995	19.76128122127563	19.292211031021093	19.343143470537044	19.609482843206674	19.223483752381128	20.235438821639132	20.471331543681913	20.129458033474986	19.914212797534184	20.195073425762608	19.78802903702576
2025-01-12 20:30:00	20.129219564706652	20.44091385111052	19.989183001249845	19.43762279	19.738599312795188	19.302401453671727	19.344258170937024	19.59687720868	19.23076266122642	20.228961295997937	20.43376848596465	20.136946471520144	19.915111182357094	20.17913677839985	19.796490987033536
2025-01-12 20:45:00	20.153982268997197	20.463044936083257	20.015128027262875	19.437622790000002	19.719912246546013	19.3107970921315	19.353369828354904	19.60347958801106	19.24100167546591	20.210428310000005	20.364913039103794	20.14102212735917	19.91059749195083	20.15501544916484	19.800786525666283
2025-01-12 21:00:00	20.159144088411807	20.465911095354812	20.021321230220032	19.41706005827487	19.675232695759554	19.30106945302812	19.317979999426427	19.538914651612227	19.218719503516873	20.10009311	20.11265047971508	20.094451393171486	19.908792042413122	20.166542345794074	19.79299118147386
2025-01-12 21:15:00	20.163278533208725	20.449039451548522	20.034893193085054	19.47267745235972	19.794176096768453	19.32823603240797	19.30156083793198	19.50664893330652	19.2094198095753	20.10009311	20.164659758238603	20.071084905718884	19.910080195247826	20.161971142683523	19.796911798573817
2025-01-12 21:30:00	20.176381222701934	20.4555093348379	20.050975838988677	19.411249408173134	19.646424259863707	19.30559114147157	19.30094777826196	19.511020421398275	19.20656731540362	20.03724395	20.033609235547075	20.03887693765276	19.90708900406656	20.14994011650342	19.797981982536953
2025-01-12 21:45:00	20.191241215255722	20.46815204444634	20.06683200214109	19.44237860668049	19.715324155051757	19.319750896542665	19.28190432636982	19.47380879422733	19.195686377042534	20.178109671458955	20.4427886917543	20.059195908717573	19.873089046471126	20.0742377674959	19.782717881952745
2025-01-12 22:00:00	20.232156013074245	20.557806650642675	20.085849204891325	19.381825955562157	19.599121549446714	19.284200398889386	19.220676327970477	19.368465498123474	19.154278295003188	20.20334971071465	20.489169327047914	20.074937999028695	19.81583953412483	19.981108678884446	19.741588179232824
2025-01-12 22:15:00	20.242586420204027	20.556658206310125	20.101481704707084	19.37925463139017	19.60745619913347	19.276729289360574	19.19930277344264	19.346404910946045	19.133213407317918	20.14613945239701	20.337424252356065	20.060199904589318	19.819668912226728	20.00839644332521	19.73487828231292
2025-01-12 22:30:00	20.224565071203614	20.496712114114306	20.10229610989591	19.34129307882993	19.536181520227203	19.253734503709417	19.18329550579854	19.336418106977007	19.114501293674884	20.146576616686318	20.329924716750792	20.06420283259938	19.39821528	19.09476958348933	19.534545955243928
2025-01-12 22:45:00	20.23313423297492	20.50350008435403	20.11166551713793	19.316314969191794	19.500798074536984	19.233431255196134	19.14893639642957	19.285964070731787	19.08737323840974	20.12405610618518	20.273823413102576	20.056769345106353	19.294478529999996	19.04193776874677	19.407938872012313
2025-01-12 23:00:00	20.172371895501772	20.361159506885954	20.08755427299584	19.275070095867658	19.435408835440196	19.20303385055246	19.13827585448224	19.29401892108173	19.068304331807113	19.98137803	19.930894686924994	20.004058952251086	19.001673170000004	18.56552994133514	19.197621577081318
2025-01-12 23:15:00	20.079545449999998	20.155003759455887	20.04564389067924	19.252434222598204	19.414417757272144	19.179659011367885	19.129652349971238	19.30240289478704	19.052039786358343	19.89478585	19.78934846592806	19.94215626893087	18.89793642	18.56151296720433	19.049083188647334
2025-01-12 23:30:00	19.777597399999998	19.48927930775364	19.90713161535706	19.23489640164555	19.405111648210926	19.158422885072692	19.088293311935594	19.235394497780415	19.02220437336763	19.80819367	19.674249302675417	19.86837157416032	18.765755719999998	18.461918864529572	18.902262133327298
2025-01-12 23:45:00	19.732142859999996	19.54915910474741	19.814352952939558	19.2114472187241	19.380453805949006	19.135516723014362	19.045455643047564	19.169771626732615	18.989603534435435	19.461824949999997	18.934296707977488	19.698830392068082	18.765755720000005	18.643736905019423	18.820575767310125
2025-01-13 00:00:00	18.74350649	17.36397449875303	19.363296225197914	18.503929270000004	17.760266000153255	18.83803885500361	18.50754815	17.956052795354484	18.755321425275525	18.68249534	17.286799422424547	19.30954712905563	17.935861680000002	16.943499871816968	18.381705390922818
2025-01-13 00:15:00	18.74350649	17.897278203625486	19.123696009965357	18.50392927	18.09198890436853	18.68900392702283	18.507548150000005	18.214101719431433	18.63938640141487	18.68249534	17.80647890702954	19.076067940320055	17.93586168	17.337103329540945	18.204869054843925
2025-01-13 00:30:00	18.74350649	18.23736070815265	18.97090531952562	18.50392927	18.316089462804158	18.588321067435814	18.50754815	18.3889289942978	18.560840814156066	18.68249534	18.162568685717428	18.916085575982017	17.935861680000002	17.60462335716338	18.084678897506315
2025-01-13 00:45:00	18.743506490000005	18.46368980144263	18.86922123413448	18.503929270000004	18.464379921825525	18.521697817730573	18.50754815	18.50647982436269	18.50802812238778	18.682495340000006	18.396358692926054	18.811049485786846	17.935861679999995	17.777491190754553	18.007013638936357
2025-01-13 01:00:00	18.74350649	18.626795539591882	18.795941844531193	18.50392927	18.569788746349452	18.47434022990098	18.507548150000005	18.58628895908651	18.472171844468388	18.68249534	18.548877730483305	18.742526439927786	17.93586168	17.901315500655073	17.951382427241924
2025-01-13 01:15:00	18.743506490000005	18.72569395952359	18.751509221083616	18.503929270000004	18.618306205692008	18.452542530776068	18.507548150000005	18.636698442719716	18.449524105444773	18.68249534	18.632283291196988	18.70505437641874	17.93586168	17.975376893442807	17.918108468163382
2025-01-13 01:30:00	18.743506490000005	18.787671816946492	18.723664096734197	18.50392927	18.652689749228287	18.437094851795997	18.49128536293488	18.632079010533676	18.428030245897745	18.682495340000003	18.691363133205193	18.678511258994767	17.93586168	18.021693029565654	17.897299769325578
2025-01-13 01:45:00	18.74350649	18.832697310198267	18.703435251939915	18.468127292610966	18.601172705038547	18.4083532667377	18.46428904288994	18.599527959296886	18.403529529721602	18.682495339999996	18.737673040782745	18.657705358488897	17.93586168	18.059024466934904	17.880527674275623
2025-01-13 02:00:00	18.743075930559055	18.85829446441647	18.69131108201442	18.431889071986056	18.549448701157115	18.37907242699616	18.40338391662135	18.493527919013047	18.36288443728595	18.682495339999996	18.772892770761864	18.64188200154176	17.93586168	18.08094786488766	17.87067803171714
2025-01-13 02:15:00	18.734892570284874	18.855234917355343	18.680825718702494	18.388092985086615	18.485868875867503	18.344164686329986	18.377892757987816	18.475160305514184	18.33419284533104	18.682495339999996	18.795662874697925	18.63165195484585	17.90980251544264	18.043651599604765	17.84966741965966
2025-01-13 02:30:00	18.734551652347108	18.868319866275208	18.674452889567817	18.375063929767368	18.493140034818015	18.322015244889542	18.379749982893806	18.51529504259281	18.31885292708701	18.68249534	18.80087968256766	18.62930817160003	17.91390483854745	18.068065060845747	17.844644448819235
2025-01-13 02:45:00	18.74350649	18.897702886965327	18.674229847885144	18.363009830736427	18.498528181157624	18.302124774750094	18.34779897965354	18.47408769380628	18.29106057184579	18.68249534	18.810869086443	18.624820178554593	17.917843957271447	18.08813690661592	17.841335530754368
2025-01-13 03:00:00	18.743506490000005	18.90398080557418	18.671409333727546	18.35826742701103	18.51097860166636	18.289658058687618	18.34989067237838	18.503741865665198	18.280769121771257	18.682495339999996	18.809369968820334	18.62549369516767	17.92344081813941	18.103393850614783	17.842592354273663
2025-01-13 03:15:00	18.74310239795982	18.906203681112586	18.66982500987669	18.317354366950063	18.44278735569902	18.26100041548314	18.304147423238813	18.424752575798493	18.24996249962505	18.668540066050355	18.782547521185922	18.61731932533727	17.92220022600206	18.10345396380372	17.840767387279577
2025-01-13 03:30:00	18.730515484385545	18.88118881300163	18.66282167007976	18.29525453352005	18.420676670302065	18.238905457574514	18.26846509383181	18.373764475757813	18.221156675865053	18.682495339999996	18.815685332491668	18.622656357866056	17.935861679999995	18.13362793894687	17.847010172357198
2025-01-13 03:45:00	18.723905737775766	18.870791658335442	18.657913512596785	18.290093822323367	18.435952352362513	18.224563178392735	18.269501937689675	18.405853783043526	18.20824241296549	18.68249534	18.8088938961969	18.625707582868056	17.90660797109367	18.074051340843766	17.831379790481307
2025-01-13 04:00:00	18.729154249613625	18.87791049154272	18.66232173512374	18.29230310101503	18.45286162431613	18.22016811228555	18.265794692252562	18.41200361779378	18.20010662425578	18.682495339999996	18.810049896765154	18.625188220293907	17.935861679999995	18.12997554540802	17.84865110278769
2025-01-13 04:15:00	18.743506490000005	18.90988194940879	18.668758095193162	18.263880378153075	18.405519405382492	18.20024545287609	18.229487284788238	18.350544514511903	18.175099254042827	18.68249534	18.82079258790708	18.620361793838843	17.935861679999995	18.127475395077113	17.849774358733463
2025-01-13 04:30:00	18.743253525400856	18.909960978690126	18.66835597392307	18.234714526521902	18.360138012463036	18.17836484443241	18.194983372978875	18.29775103245671	18.14881239553231	18.668208919650088	18.786866426021945	18.61489902548302	17.88863883243632	18.025167899609656	17.827299686314966
2025-01-13 04:45:00	18.740798132583187	18.902896262444706	18.667971436558446	18.232303017775948	18.376191465204403	18.16765748342403	18.202120721305555	18.33922983195106	18.140520975943083	18.682495339999996	18.81390537527912	18.623456048787638	17.890272376307355	18.036464448239446	17.82459188022192
2025-01-13 05:00:00	18.72166793099037	18.872592082059096	18.653861428336306	18.202472298570445	18.34246619025648	18.139576492160778	18.187802852533807	18.341279389661025	18.11884962570854	18.682495339999996	18.826757572430086	18.617681873256043	17.935861680000002	18.152259868231912	17.83863930557697
2025-01-13 05:15:00	18.699534067575147	18.831087479274174	18.640430360869782	18.184416108157432	18.32776673500749	18.120012203340742	18.165352187943938	18.314772313554386	18.098221406872575	18.682495339999996	18.825295001046424	18.618338970544354	17.93586168	18.15163423185201	17.838920388588225
2025-01-13 05:30:00	18.68847403778109	18.81740231529819	18.630549739186456	18.14853773842346	18.273467173148124	18.092410021373247	18.112771720753212	18.223099825765544	18.063204021399848	18.67823936401961	18.820593540949673	18.614283139601756	17.900095672683943	18.077147337783813	17.820550721697046
2025-01-13 05:45:00	18.687390042899757	18.826008624170473	18.625112129575236	18.12484705965589	18.24911153632734	18.069018091875957	18.107109031323326	18.241089673372805	18.04691482982284	18.663694266461356	18.78762410691789	18.608015642488134	17.897191560319754	18.077337532406148	17.816256413440357
2025-01-13 06:00:00	18.698783911436724	18.855328249400177	18.628452397279233	18.146836313167125	18.31850514765324	18.069709735354518	18.09741797706007	18.239466556288583	18.033599050160305	18.68249534	18.826695591905107	18.617709719578865	17.933464215492986	18.153776016185123	17.83448355141391
2025-01-13 06:15:00	18.693014880087937	18.844749312780053	18.624844337863948	18.122186837365938	18.279003485191954	18.051732981096272	18.060669866992562	18.17961922590187	18.00722885067099	18.68249534	18.825188166507864	18.618386968670382	17.933419975369933	18.147278042742517	17.837338814666303
2025-01-13 06:30:00	18.69712504594525	18.856439519379496	18.625548978170443	18.093784221227732	18.23389667064618	18.030835149749873	18.038716304901282	18.156275567182036	17.985899824746163	18.67149949959591	18.79834053357326	18.614512948098838	17.899992680798743	18.071381889952843	17.822991731758492
2025-01-13 06:45:00	18.700988443874845	18.866173410465464	18.62677490816022	18.065446431709297	18.191902049915583	18.008633038022417	18.02326747512712	18.147264212010068	17.96755879623768	18.658709587532226	18.769423428716745	18.60896858642034	17.868309209112955	18.007323282777342	17.80585361079997
2025-01-13 07:00:00	18.709921454419316	18.884308572412937	18.631573618798996	18.062668833570136	18.207131835793533	17.997765165904553	18.008503199725602	18.137243847673155	17.950663198473805	18.682495340000003	18.819637448133857	18.620880769678998	17.879501015214313	18.038653312495477	17.807997809189445
2025-01-13 07:15:00	18.692146955164834	18.844037519994018	18.623906266618388	18.06040425948388	18.221215819047757	17.988155587795767	18.01574620243456	18.175573046356494	17.943939939223256	18.68249534	18.816062131600685	18.622487071309834	17.88456209644118	18.05506500917685	17.80795933854545
2025-01-13 07:30:00	18.671573648969296	18.802027798069204	18.61296381386644	18.05606869770034	18.22770341076227	17.978957449802948	17.994001831080347	18.14483383727666	17.926236726847222	18.682495340000003	18.824925137757962	18.618505141007297	17.911212243486332	18.11490846688857	17.819696548914308
2025-01-13 07:45:00	18.678012751756718	18.823295098346446	18.61274097285409	18.02542998065781	18.174250664941006	17.958568513805943	17.95324821514688	18.073033057258385	17.899431836806922	18.657830797123438	18.77510906440468	18.60514056109853	17.903055318379653	18.09448402664496	17.817051116115532
2025-01-13 08:00:00	18.664330071424878	18.798674143582865	18.60397258973072	17.97171122503586	18.076968765741682	17.924421605298466	17.93352538763118	18.056257945189795	17.878384673365712	18.644976118564422	18.749557333501787	18.59799035533169	17.87761322070455	18.04142517019837	17.80401654774356
2025-01-13 08:15:00	18.667557267656605	18.81433717066953	18.601612673549354	17.968011053444748	18.09695250933876	17.91008083413005	17.914882849072782	18.040291735614044	17.85853972613395	18.678067924884022	18.829105959516816	18.61021025715045	17.88598324502712	18.066160607010445	17.80503399544041
2025-01-13 08:30:00	18.73618492442535	18.971189743808626	18.630603049050258	17.952083033318488	18.084363858933592	17.892652517462427	17.89572512448933	18.023380377127644	17.838372764608348	18.68249534	18.834607110905168	18.614155269013615	17.875214218196543	18.046901304840244	17.79807944013923
2025-01-13 08:45:00	18.68011092598262	18.837988840612162	18.609180268685286	17.92585478332052	18.049592864494965	17.870262312068242	17.86367320594932	17.977559761480286	17.812506782449894	18.670795120797067	18.807422236050527	18.60941192408898	17.881556366020963	18.065255250457174	17.799024983158322
2025-01-13 09:00:00	18.653768469356773	18.789174777350286	18.592933751272724	17.88983074012701	17.999202542588677	17.840692683948582	17.825488526731764	17.923960464047575	17.781247511415962	18.65822579486734	18.78235080866028	18.602459484322686	17.84754355451244	18.000435120031014	17.778853141018594
2025-01-13 09:15:00	18.65325171500718	18.794854972788198	18.589632860062082	17.891130741764286	18.028801316546183	17.829278744398515	17.834387244734614	17.971855267746697	17.7726262488886	18.710920809402378	18.901903929604863	18.625116798876626	17.8697955218573	18.054808937757997	17.78667355239467
2025-01-13 09:30:00	18.655778992613225	18.806221847067444	18.588188724670022	17.943589590953316	18.165488552956376	17.843895854401218	17.828623478212506	17.981634095887685	17.759879577517857	18.700924184089303	18.868745797498367	18.625526067920013	17.888437350534026	18.095327553448435	17.795486679659437
2025-01-13 09:45:00	18.664663914661435	18.830601468036367	18.59011226024661	18.001009249146744	18.29722652350931	17.8679261258824	17.813785743616556	17.967730666887142	17.74462208243703	18.69673498604548	18.852912735312962	18.626568171157196	17.891176165408275	18.098444242585177	17.79805572493749
2025-01-13 10:00:00	18.66578876944623	18.834970236306685	18.589779704624863	18.1910609	18.739805702386096	17.944523380087407	17.830516315017803	18.023278702692448	17.743912923453838	18.74042442523255	18.94684642492429	18.64768410653047	17.930506301726098	18.180219370007116	17.818316372498387
2025-01-13 10:15:00	18.651926707621932	18.803865554224597	18.583664327264216	18.2824165	18.8658119017793	18.020311319490457	17.839048317223543	18.05293292603553	17.742955232105114	18.694995323892822	18.8305867179816	18.634077451186272	17.87439615236987	18.050894535123483	17.795099777509545
2025-01-13 10:30:00	18.652063412242946	18.80764300108114	18.58216533609825	18.515225929999996	19.277241718934775	18.172871010333647	17.86309214	18.116157157362764	17.74939626263413	18.77564324940537	19.008201727509533	18.671160454894803	17.934951378808574	18.1826688262387	17.823658032861704
2025-01-13 10:45:00	18.875	19.333776025585703	18.66888323488179	18.69793713	19.551453623337355	18.31447319821076	17.906819360000004	18.220824390177476	17.765744636297082	18.728945125193256	18.88530678001852	18.658695686068857	17.99473695199085	18.297091736947873	17.858896396430445
2025-01-13 11:00:00	19.167207790000003	19.904104003496233	18.836138476690106	18.78929273	19.55046868947242	18.447315125019635	17.93336804	18.24230587728947	17.79456988121778	18.71360784627553	18.847592294979112	18.653411934539143	17.94172825984829	18.15927584001129	17.843989491948975
2025-01-13 11:15:00	19.094155840000003	19.533555585181222	18.896744360280913	18.90569745	19.651956374209362	18.570421701442182	18.170744400000004	18.763880725534925	17.904262862440838	18.732315640453574	18.893553826629027	18.65987529593996	17.915536079746904	18.103137807704712	17.831251245447014
2025-01-13 11:30:00	19.021103900000004	19.310377650157168	18.891140331088817	18.676029205334615	18.943981118018907	18.555645012679356	18.26756897	18.86342633294295	17.999864937373456	18.833391603119562	19.116568800136896	18.706167065329158	17.960838654120213	18.200254420054076	17.853275049135434
2025-01-13 11:45:00	19.094155839999992	19.448426113100872	18.934990934693804	18.81434185	19.276432324323636	18.60673598472416	18.504945339999995	19.287927615813633	18.153170694344595	18.85849459370799	19.175612957311525	18.716021126002055	18.181260460000008	18.675653881247687	17.959141676540906
2025-01-13 12:00:00	19.12175325000001	19.501730757317794	18.951038717726806	18.80496234578206	19.177032888930786	18.63780021770075	18.47839667	19.053180952124407	18.220160253393388	19.225791430000005	20.016460162884627	18.870563448559082	18.080057062898653	18.37856080218045	17.945946687279307
2025-01-13 12:15:00	19.194805190000004	19.626272239021763	19.000957675222114	18.778234963863333	19.097883305504833	18.634624839357727	18.328474749999998	18.59648088081727	18.208066198473404	19.162942270000002	19.641345773612574	18.948007362579865	18.18126046	18.579952802314914	18.002137813452723
2025-01-13 12:30:00	19.09576855807652	19.309959340677974	18.9995379166179	18.755487079553287	19.036893313725624	18.629058191736725	18.254155089154647	18.41265429133841	18.182945302666297	19.162942270000002	19.50244069819175	19.01041399066748	18.135962747901136	18.419316275525894	18.00865898911321
2025-01-13 12:45:00	18.976497568809318	19.043824806743306	18.946249099592592	18.740358948242847	19.000617321742382	18.623431273192335	18.236385616451418	18.391861332135434	18.166534207955706	19.205451166881595	19.542054662086876	19.054223509615454	18.10258046642746	18.3311254625075	17.999900830507443
2025-01-13 13:00:00	19.1021853055835	19.294653585835867	19.015714049238234	18.84778548751665	19.18778261905678	18.695033153056585	18.27949975681215	18.4554630033297	18.200443805478187	19.20970495134711	19.483031395140657	19.086906114280445	18.174481000469026	18.425396285152665	18.06175094503145
2025-01-13 13:15:00	19.108368497322676	19.293435695343288	19.02522236487863	18.793245536195798	19.035573376681548	18.68437360786162	18.271342971358646	18.43357143594396	18.19845771915365	19.147543970285188	19.31239698537348	19.073479572202054	18.27255552948706	18.606792302651733	18.122391182123224
2025-01-13 13:30:00	19.15326279521192	19.378090993041543	19.05225302517252	18.790518480748418	19.015724810398826	18.68933882539823	18.33087562024093	18.56309697024922	18.226544289077793	19.091231451682937	19.17430648764992	19.053907884799223	18.256725203364343	18.531122712851985	18.133445162869897
2025-01-13 13:45:00	19.128739439591907	19.305054036605632	19.04952563513646	18.93759215343883	19.329304987807266	18.761605227853014	18.32221647310018	18.530693785488843	18.228552753041505	19.20083364306087	19.42339003098449	19.100844541240107	18.301468393620073	18.595478975618555	18.169376682867128
2025-01-13 14:00:00	19.165840364928076	19.37998677812096	19.069629657551566	18.980907941360574	19.38779476623526	18.798103715692235	18.307934326986313	18.496314972452588	18.223299544240593	19.207663001221118	19.418599018959746	19.112894645425506	18.39037871898423	18.75468862894657	18.226703252189555
2025-01-13 14:15:00	19.183319499477783	19.402143314371923	19.085007350757223	19.14207291484493	19.700354066351494	18.891250948226034	18.29341838250192	18.460731779804735	18.2182485953079	19.287750050219138	19.577183115604722	19.157714904900978	18.343280005196306	18.61224817293719	18.22243923418228
2025-01-13 14:30:00	19.192049473320214	19.402424146875667	19.09753331563588	19.03708617532221	19.40007985125031	18.87400206005016	18.337871721965275	18.559909651288756	18.23811555081995	19.186862701471636	19.318213765327016	19.127849904667045	18.290257235214725	18.475066127887473	18.207227152999426
2025-01-13 14:45:00	19.24307532649626	19.496260506502654	19.12932546301512	19.084361170522122	19.469497207034696	18.911329038175904	18.322591929676236	18.518319989329424	18.23465613475959	19.176887070689734	19.28657406757155	19.12760740542399	18.33516701437424	18.560425420312075	18.23396396243116
2025-01-13 15:00:00	19.2187209459248	19.45305424428451	19.113440768400878	19.03773988572495	19.353408577903153	18.89591771967388	18.355004231730312	18.607325990025206	18.24164228235145	19.27515089692466	19.52476417148485	19.16300580255704	18.35667660061748	18.617811998282367	18.239354900217307
2025-01-13 15:15:00	19.13987451377598	19.252956732339882	19.08906945905887	19.01407866588098	19.27623713320006	18.896297325491258	18.332232309080734	18.541099514072965	18.23839341988132	19.22332903904371	19.378437259452443	19.15364273712095	18.37663312707055	18.625014367969317	18.265041555072557
2025-01-13 15:30:00	19.12659442417332	19.218012760244154	19.08552241811251	19.077848294886977	19.399858260411943	18.93317715095547	18.29711442673466	18.455288647861106	18.226050646228572	19.20443972123968	19.325976917837675	19.1498360532029	18.391644739076398	18.625404445619246	18.286622262223815
2025-01-13 15:45:00	19.124106357542534	19.21314653083033	19.084102801427726	18.996668915648492	19.197410365763112	18.90648072791583	18.340967053578943	18.552128391401062	18.24609746702119	19.29450122530294	19.520353293303714	19.193031455621437	18.304157239798847	18.41088022867352	18.256209230304435
2025-01-13 16:00:00	19.12880860226107	19.232465751865885	19.082237998815437	19.010399042405876	19.231420071755007	18.911099739364953	18.355025184280972	18.58088609936301	18.253551439823827	19.38035592480399	19.69318293056747	19.23981045844649	18.335496494705524	18.482538858199405	18.269433983570593
2025-01-13 16:15:00	19.24853822261041	19.488791587666984	19.1405983049763	19.019393289233918	19.243155207723138	18.918862572231514	18.297151363577864	18.441414594717855	18.232337448138164	19.395595239397505	19.683121782788948	19.266416647439037	18.355555205224903	18.509794066561774	18.286259484914133
2025-01-13 16:30:00	19.28650030406907	19.538832668098202	19.1731335897951	19.050047686190396	19.302860379426868	18.936465171837778	18.243097019573025	18.325903358070658	18.205894171842207	19.354855864328872	19.557626441559577	19.263756039775956	18.368552799966178	18.521315481660753	18.29992029079905
2025-01-13 16:45:00	19.206236313407768	19.327241535757157	19.151871648294275	19.02280316296954	19.23166020378292	18.92896884028528	18.224460115551675	18.30008899352783	18.19048192399717	19.35621398277582	19.54260550267636	19.27247286513934	18.389422849518365	18.550658297985525	18.31698373498964
2025-01-13 17:00:00	19.208615365030223	19.30333712109215	19.16605921375602	19.047007632396422	19.27042151092828	18.94663328117197	18.256453614092823	18.374476662192517	18.20342876639586	19.37597929425596	19.55946612025066	19.29354318402645	18.40548510798214	18.551561575880925	18.339856549940656
2025-01-13 17:15:00	19.22461917850502	19.33835136843119	19.173522107668617	19.09420158111532	19.370023835800552	18.97028143770602	18.336226726657273	18.55853227499187	18.23635032088376	19.331344465036008	19.44517434798743	19.28020350313029	18.389957900787092	18.50994541929657	18.336050464935
2025-01-13 17:30:00	19.379714056306117	19.673682260834795	19.24764138470627	19.14653933970826	19.4715138964776	19.000536277971314	18.29461245936723	18.457514334364934	18.221424660455213	19.34596539588852	19.478451920676832	19.286442464461874	18.379325657025348	18.48483527289496	18.33192278612742
2025-01-13 17:45:00	19.471594982637868	19.837060155118454	19.307400484856743	19.149135069953303	19.45588337364214	19.011320614672805	18.284747529999994	18.438746020421185	18.215559802419463	19.314585188174167	19.405027449268005	19.273951708552296	18.381179558283	18.489646086224337	18.332448219642657
2025-01-13 18:00:00	19.355745448231758	19.596792534803786	19.247448931076207	19.03824882893124	19.224716147012074	18.954473657039863	18.284747529999994	18.475816517363672	18.198904941474296	19.283083749825845	19.370128988795752	19.243976468549512	18.328462626918743	18.4333488351445	18.281339837715848
2025-01-13 18:15:00	19.402952420468882	19.64090169373799	19.296047674507392	19.12631841994048	19.398303369362832	19.004122283243483	18.281361287721992	18.430995516362227	18.21413431543435	19.34296997973905	19.48799060845925	19.277815784227066	18.375813517695775	18.497980054383014	18.320927102662367
2025-01-13 18:30:00	19.520893055671056	19.84104847069663	19.377055115587098	19.205401596936365	19.536949256365293	19.056445402120474	18.337124230882175	18.535530606677856	18.24798513451021	19.41703139225631	19.62894175822462	19.321825285806774	18.48042791072485	18.681194178369815	18.390228573087256
2025-01-13 18:45:00	19.578964941934316	19.89434250495331	19.437273573041708	19.198502159131763	19.47774364046677	19.07304584143054	18.370916232530302	18.58098297153332	18.276538422253566	19.384636758973006	19.52197367353344	19.3229346669241	18.543949467141317	18.763163359004523	18.445462066449153
2025-01-13 19:00:00	19.570457985376706	19.826118952991024	19.45559581152098	19.279579495709132	19.627432204377303	19.123297843988652	18.43626181677536	18.700610654909564	18.317496396744033	19.364486183586582	19.46424932829442	19.319665060601878	18.59238766901319	18.82732176283074	18.48683756889227
2025-01-13 19:15:00	19.588427118353238	19.78472519748079	19.5002352277307	19.280184477201626	19.565432639379974	19.152029505788178	18.438775347058904	18.652209278909986	18.342884739995355	19.380322895256135	19.472547392748435	19.338888700730607	18.564581524919813	18.685891134979872	18.51008010590735
2025-01-13 19:30:00	19.75444534069942	20.07705249281576	19.609505895545695	19.240433489115553	19.42932493762	19.155569215149796	18.48314805684992	18.70570316650625	18.38315952932315	19.417542513151165	19.53138691652995	19.36639502757518	18.736178650292686	18.98942243907957	18.622402455330473
2025-01-13 19:45:00	19.856926015506893	20.205836639676065	19.7001690684164	19.270952881664808	19.464493047478122	19.18400005354578	18.544669226664077	18.79312915278194	18.433042303335768	19.42905818801794	19.529385703866335	19.383983506984613	18.806276690536293	19.053601537634865	18.69515973024562
2025-01-13 20:00:00	19.900362711011432	20.159494490926186	19.78394118670191	19.354608936726162	19.590514955179177	19.248622174812482	18.55119697220994	18.732799009494233	18.469607651111197	19.454041921116577	19.536423484561812	19.417029914351325	18.81582790758396	18.953665419258588	18.753900909585212
2025-01-13 20:15:00	19.948836542150012	20.20123800161738	19.83543878499799	19.319351828433355	19.482249403580006	19.24616596133849	18.677559850765203	18.98192926469296	18.540814172044037	19.453649817048536	19.52272308052687	19.422616901572773	18.94940712223433	19.194219583920326	18.83941891481018
2025-01-13 20:30:00	19.94466815388459	20.129629711296662	19.861569483163223	19.32920305429424	19.485892091304198	19.258806530420202	18.72060128730347	19.02543965215727	18.583644920485092	19.498784197279658	19.611212503690602	19.44827292918199	18.929062328235098	19.08831259787393	18.857515105643742
2025-01-13 20:45:00	19.997936867051262	20.195869120876225	19.909010781999456	19.339267220313488	19.49163055498966	19.270814127922726	18.722612739197416	18.979592793695282	18.607157932104144	19.527630626728904	19.655298663898492	19.470272523073	19.004693691588937	19.20148953305897	18.91627816860965
2025-01-13 21:00:00	20.03595367882085	20.242859148937345	19.9429961487685	19.43047903589771	19.68417691899362	19.31649882755027	18.689621555054398	18.876694833100885	18.605574140279884	19.542476312293683	19.67562877160177	19.482654192894394	19.187701853183363	19.549335293186335	19.025228858399444
2025-01-13 21:15:00	20.050111091641714	20.216929333330246	19.975163765665727	19.430599716103828	19.648998616998846	19.332478470774184	18.673321841504443	18.812429421268448	18.610824233204667	19.52261217086681	19.605634895146203	19.485312106335478	19.300499076170844	19.69876276591859	19.121569012661
2025-01-13 21:30:00	20.082313331184867	20.237968258461443	20.012381407335965	19.406436633623205	19.56632796213623	19.334601399073854	18.703466602735684	18.859086098079636	18.63355059758115	19.535542537456646	19.61804149353883	19.49847778907189	19.317864272754072	19.63958082129897	19.17332495384261
2025-01-13 21:45:00	20.15222494024258	20.344129470146264	20.06600696303947	19.465941236644046	19.677249943723208	19.371005440709936	18.768088818318407	18.97669246072072	18.674368341297082	19.579257728318083	19.69938841884691	19.525285968805136	19.2758890857506	19.469459460242323	19.18892268561663
2025-01-13 22:00:00	20.178595967647453	20.354362258576675	20.099628503606752	19.62946495042729	20.007431007426845	19.4596541132246	18.8106444799482	19.03745531385757	18.708743960365723	19.61238117408078	19.750280373856658	19.550426461138002	19.31618088821012	19.50158393623638	19.232883866633117
2025-01-13 22:15:00	19.987012990000014	19.838294982848694	20.05382832654624	19.6241936765173	19.93020668698371	19.486709570365733	18.789284515121583	18.947601329785996	18.718156670852068	19.615178756849083	19.725214745087325	19.565742298365237	19.413706385499303	19.64513654147475	19.309730518321942
2025-01-13 22:30:00	20.087662340000016	20.115283992867926	20.0752526118999	19.69322351508971	20.026944131208026	19.543291064369896	18.847049447528832	19.04584554065113	18.757735260763738	19.641291233850417	19.757933067769528	19.58888693165487	19.416455893960695	19.577613913458062	19.344051566360463
2025-01-13 22:45:00	20.205073976974607	20.37103733318002	20.130510729983783	19.694911565884894	19.973073913484544	19.569940076383606	18.890204145629827	19.104202332127077	18.794060032855704	19.74524907212551	19.96421520117875	19.64687298515956	19.499140466016232	19.695826941847898	19.410774078323747
2025-01-13 23:00:00	20.087662339999994	19.930453820852357	20.15829225439966	19.838545759115643	20.198497500108353	19.676828310263847	18.90349246792423	19.052514912379582	18.83654035519791	19.766269588102798	19.922625317483487	19.696022811134668	19.610483062770484	19.797278525568586	19.526560463542346
2025-01-13 23:15:00	20.16071429	20.197094173535678	20.14436970464339	19.83401421708897	20.151194766692637	19.691512810745298	18.90715506495017	19.060657645166742	18.838190137606496	19.758901539247464	19.89772611346756	19.69653107836597	19.685113705177578	19.94222807978242	19.56959855136961
2025-01-13 23:30:00	20.304572303614147	20.563653182421323	20.188173647918155	19.883569559189652	20.2317893310604	19.727122995015836	18.8828389115858	19.006908438887656	18.82709752975454	19.756591711458928	19.88419907180138	19.69926086840652	19.668685019712335	19.88057312224842	19.57348891567439
2025-01-13 23:45:00	20.313136471573426	20.547922104806467	20.207653071135393	19.86686103019688	20.159968287700718	19.735175160883564	18.89613256176317	19.040127909072435	18.831438999928572	19.784061895637226	19.939807290271688	19.714089327033342	19.806504452281903	20.150731097293402	19.65185190162456
2025-01-14 00:00:00	20.362012990000004	20.572102989260223	20.267624729462803	19.95626647625087	20.32024350002369	19.792740567019614	18.924686309520272	19.091859344593487	18.849579583617817	19.856649510829875	20.0744979973157	19.75877555313334	19.8076658109853	20.08699807570691	19.682168706545156
2025-01-14 00:15:00	20.445157975635226	20.79552980240934	20.287744546214967	19.993831401086027	20.373949844766713	19.82305354957731	18.9276873415075	19.1050243464902	18.84801419434136	19.887247340762446	20.123709205565692	19.78101085077838	19.88841748422034	20.238777096779046	19.731009542346136
2025-01-14 00:30:00	20.34803028323481	20.54508657659896	20.259497745636423	19.987848922944444	20.327378706734642	19.835306556314066	18.905542600857757	19.059761803455448	18.836255712734165	19.969690225620152	20.286769247504516	19.827234433179342	19.896481922834877	20.222308480178086	19.7500960782314
2025-01-14 00:45:00	20.406964450825782	20.66448299614919	20.291267713071782	19.93760967515571	20.1937890989368	19.822514571717825	18.934904213536434	19.128874786597347	18.8477580140453	20.00215980465312	20.321570750429903	19.85865633626065	19.937243437549697	20.280115364908784	19.783199528156484
2025-01-14 01:00:00	20.41819759691799	20.66521839878811	20.307217236657507	19.970706475927248	20.257520998511456	19.84184777737492	18.93465820786124	19.124806347491788	18.84922933353447	20.130800273816234	20.567604187116437	19.934555037406	20.012225262851896	20.403621970756188	19.836380365097792
2025-01-14 01:15:00	20.601674424374522	21.050216964459572	20.400155312162397	20.074733182334874	20.47339718772137	19.895623266871375	19.00308132183114	19.27539821517686	18.880736050907704	20.116537073107494	20.477245629931573	19.954479605548855	19.94590960938547	20.22335762407302	19.82125905206207
2025-01-14 01:30:00	20.63183282765263	21.062884271486176	20.438172034046254	20.147427273578142	20.600124163083002	19.944041714525238	19.01568412620156	19.288432052180305	18.893145202935745	20.247858065232112	20.725128232154997	20.033432338063868	19.958875153961504	20.232767201718875	19.83582220496906
2025-01-14 01:45:00	20.64405694667662	21.03896942608433	20.466632499406494	20.149210827305957	20.55854908455099	19.965305233471234	18.988503912030232	19.2133337942608	18.88749338523099	20.332214732216727	20.843172610999204	20.10265394609707	20.037807318325534	20.382247704553603	19.883058739005676
2025-01-14 02:00:00	20.70721160325883	21.128959621786848	20.517730609427403	20.118719252883064	20.451964760176796	19.969000256852553	19.01368271837648	19.259325595537167	18.90332142573907	20.330283737305848	20.760396492256827	20.137044673487292	20.067928078823154	20.410946424466268	19.913818387302328
2025-01-14 02:15:00	20.93405693445111	21.578521230505668	20.644515004339645	20.265047810014224	20.75062171303306	20.04689141880287	19.053736615794236	19.33537962084946	18.927201352653483	20.378249501036137	20.808627284319016	20.184891366517743	20.100108214030463	20.449119999224568	19.943305817783838
2025-01-14 02:30:00	20.835244575239646	21.271748861904882	20.639133953694397	20.182904039009852	20.520085782498782	20.031416589036567	19.072627941131792	19.358110067593085	18.944367855330338	20.449010542672152	20.90501941469064	20.244136991475443	20.144818003072974	20.513501128750498	19.979177758203363
2025-01-14 02:45:00	20.73788531450787	21.005579940621065	20.617616714370058	20.261009805983885	20.670615621163844	20.07698400496101	19.086815227635114	19.369557020032726	18.959786306412997	20.334961371642905	20.584801326917553	20.222714435215163	20.17839396593471	20.55059456834356	20.011173405432192
2025-01-14 03:00:00	20.798187822485914	21.140033483234507	20.64460498939597	20.241104548868613	20.616702362994943	20.07235770484084	19.004069294415658	19.192670190872356	18.919335558326416	20.35139221408387	20.61233037926492	20.234159125379342	20.123938143433193	20.42876606652711	19.98698646784028
2025-01-14 03:15:00	20.832729056532866	21.184816425997514	20.674544876048753	20.160280929748563	20.419617253812067	20.04376750879249	19.11111157829979	19.431779178014303	18.967043526254137	20.350277490188276	20.585967058788025	20.24438797386085	20.248139178835835	20.676948765769357	20.055485596300485
2025-01-14 03:30:00	20.853026660882406	21.195373406033173	20.699218702916124	20.1900491122488	20.48440678037063	20.057801464252037	19.081931389019594	19.34838891895264	18.962218585716347	20.357170316239333	20.58242460902371	20.25596911223476	20.220213364226154	20.57949291703206	20.058797912965534
2025-01-14 03:45:00	20.870246302537282	21.201072528360893	20.72161423006581	20.297135058604503	20.71394824227132	20.10987116449332	19.127303562375566	19.43684664152997	18.98823348333518	20.48754275455144	20.856723735721275	20.32167883547514	20.164432642413747	20.435383750602597	20.042700985111505
2025-01-14 04:00:00	20.85345504241365	21.176140593150983	20.708480374691085	20.151532343875513	20.408262981291077	20.03618959373229	19.064017760503503	19.32079214003145	18.948655358106897	20.41808911732362	20.68919376193199	20.296288479890883	20.139623247521897	20.419702084580038	20.013790726524757
2025-01-14 04:15:00	20.93327200590633	21.33530764578656	20.752647298134058	20.035921410564303	20.173141270290955	19.974271908368273	19.07347052506866	19.348246785886218	18.95002032093324	20.38220683503589	20.59527937079562	20.28647859433225	20.084726090951712	20.30793546020642	19.984443620706845
2025-01-14 04:30:00	20.91197392254773	21.259002792952565	20.756062401061506	20.04524998357508	20.23379045089857	19.960543396806557	19.146798539999995	19.520025673776146	18.979116784245498	20.427836132608356	20.692841169991187	20.308775898421864	20.130690126883607	20.420827396421725	20.00033859998967
2025-01-14 04:45:00	20.88911522768627	21.187180375455505	20.75520190042763	19.983030818305117	20.12685357081916	19.91841479905968	19.14679854	19.502827066142583	18.986843694921447	20.54240560147386	20.934635048173607	20.366186574695707	20.13585571549942	20.434010572404233	20.00190208413639
2025-01-14 05:00:00	20.849417156905613	21.106930248465865	20.733722869393034	19.91080181728056	20.029106373148146	19.85765049507918	19.14679854	19.50493086907592	18.985898508096323	20.404557562359873	20.60637324217814	20.3138867496879	20.05660319084866	20.290325429471753	19.951597547409296
2025-01-14 05:15:00	20.825183120396495	21.05713387587871	20.720973360687104	19.860372485472297	19.971228957697765	19.810567403747807	19.146798540000002	19.483944261326226	18.995327273896915	20.366069235209036	20.52460598177239	20.29484258095594	20.002411555509696	20.196550198905456	19.915189846157983
2025-01-14 05:30:00	20.75580230001103	20.912562058462303	20.685374002735827	19.86840070045986	20.04399845495968	19.789508955684575	19.14679854	19.466898517556203	19.002985506605185	20.367034387707115	20.540049253710908	20.28930307109671	20.003040825772093	20.226307249386256	19.90273272240921
2025-01-14 05:45:00	20.83632201698523	21.110478711164355	20.713150168875764	19.87131367470113	20.092953427957045	19.77173639425282	19.146798540000002	19.47435095917593	18.99963730819633	20.321444833204836	20.44927180749954	20.26401532301447	20.010592669457672	20.265543176050336	19.896049688234882
2025-01-14 06:00:00	20.79071486826526	21.032598094172485	20.682042694306936	19.811761394623147	20.0154619820862	19.72024373938612	19.076522640000004	19.31503102021366	18.969366701063432	20.34608204506478	20.5397203300016	20.259085134440994	19.971080148843363	20.22139892468628	19.85861809013133
2025-01-14 06:15:00	20.782951871843043	21.026542104514494	20.673512781802245	19.748044021557238	19.916346917720183	19.672429676904322	19.125175032504224	19.448917598638108	18.979725473806393	20.309445575032488	20.46890158008891	20.237805920586858	20.0020949104111	20.30989233360732	19.863809111583812
2025-01-14 06:30:00	20.702075923421713	20.86069527465543	20.6308121569254	19.67006738123282	19.793711600850063	19.614517079665646	19.103071320000005	19.41904297251313	18.961113041334684	20.36754816869134	20.614779748624677	20.256473111040137	20.012695052425876	20.343350430073436	19.864139737830598
2025-01-14 06:45:00	20.6909331922015	20.862755887636467	20.613737488455357	19.684152130427673	19.880413400046397	19.59597677741057	19.10307132	19.433162647422773	18.95476941927383	20.42069552567573	20.73358656836462	20.280121289105363	19.92433058813249	20.16340242539574	19.816921501825814
2025-01-14 07:00:00	20.67749406443212	20.87347897128391	20.589442874397264	19.59077902254698	19.73467204852844	19.526131431164	19.103071319999998	19.455413756100896	18.944772544360468	20.436764531779136	20.76954969764835	20.287252355808903	19.989451255789902	20.34364939152627	19.830318760024287
2025-01-14 07:15:00	20.630697354321395	20.79448566885507	20.557111299965683	19.54194109588335	19.68567870464488	19.477363329628176	19.103071319999998	19.44421450288585	18.949804092906355	20.34565338259874	20.55441497246483	20.2518619436734	19.95302319490625	20.275564078512197	19.808113522561552
2025-01-14 07:30:00	20.606240822092687	20.772236422019375	20.531663088792286	19.519464488185516	19.693776909964164	19.441150211734247	19.10307132	19.443705152056292	18.95003293168486	20.348092923833597	20.569271408432378	20.248722880028346	19.77097241522995	19.905482401355112	19.71054039247806
2025-01-14 07:45:00	20.57929952568796	20.744328658805284	20.50515600211351	19.49238720973158	19.684073028232433	19.406267494173214	19.17334721	19.609194054629413	18.97753196096359	20.311250629470987	20.49299852505963	20.229595777829715	19.764793276380438	19.944364201089943	19.68411648411965
2025-01-14 08:00:00	20.54534592777014	20.69904855000828	20.47629112647474	19.41860952925818	19.567694057761205	19.351629523698843	19.17334721	19.566149122712467	18.996870988346572	20.305418446084644	20.491984432741088	20.221598944833204	19.746922309639224	19.946477082858355	19.657267266598744
2025-01-14 08:15:00	20.50044522621286	20.63558203546933	20.439731587271545	19.3592998551725	19.492351375234605	19.299523085289525	19.173347210000003	19.539789338082713	19.008713790136753	20.3215357261664	20.5398822243748	20.223438024072774	19.741829653510006	19.97420898282825	19.637427346135148
2025-01-14 08:30:00	20.49240476502753	20.65572537679811	20.419028838000173	19.346767474354166	19.52178954410951	19.26813437055104	19.17334721	19.529750227679802	19.01322411510038	20.241953595424047	20.370428036645958	20.184233194295366	19.705938775677595	19.930458734838325	19.60506748967785
2025-01-14 08:45:00	20.438979591210472	20.571548828425325	20.37941949912844	19.29616896	19.46170979212696	19.221795542667593	19.17334721	19.515591015046226	19.01958550048648	20.218626675008224	20.341962477979678	20.16321493744134	19.669889567276766	19.888739869513294	19.571565518445865
2025-01-14 09:00:00	20.40058616458291	20.532028808999343	20.341532222888574	19.244461206346273	19.40001479995731	19.174574809216672	19.076522639999997	19.284510714571496	18.98307872243889	20.185297383374387	20.296404745782088	20.135379582872375	19.679288503223663	19.948469444625076	19.558352138246224
2025-01-14 09:15:00	20.412002575149145	20.595527490888067	20.329549352136013	19.19711843213464	19.34961078219548	19.1286073763102	19.020466015519773	19.19396379035887	18.942517739867426	20.22843205100249	20.421241998820676	20.1418072918378	19.599982613986306	19.804725682113055	19.50799659787139
2025-01-14 09:30:00	20.40614583216815	20.61125018179731	20.313997501175336	19.1599038079901	19.321132041523533	19.087467934953345	18.96009029883494	19.10854386249905	18.893393770232215	20.120262651440797	20.1939009285004	20.08717878783431	19.57823025957609	19.79400564808225	19.4812876937255
2025-01-14 09:45:00	20.35157802840117	20.514929763885817	20.2781881182559	19.074839936949314	19.184998362507322	19.02534847039427	18.929853650101123	19.09258007696684	18.856744675712175	20.065479400607064	20.10682414969112	20.046904223482343	19.549060811874025	19.764552503710693	19.452245703947412
2025-01-14 10:00:00	20.276518967602147	20.39823897804287	20.221833165809944	19.037628852848908	19.180297388644608	18.973531394737797	18.872032464657497	19.03050459912702	18.800834839026262	20.052157148224243	20.130809342306563	20.01682065523073	19.433624732896316	19.571464172928906	19.371696868533853
2025-01-14 10:15:00	20.193801553570434	20.261788010383587	20.16325691355293	18.997786776353905	19.15232965026808	18.928354470682315	18.791885694211118	18.911378114487743	18.738200693796987	20.040425235668906	20.142542857303464	19.994546304209898	19.40950298969703	19.57271369219163	19.33617644219946
2025-01-14 10:30:00	20.12020245209859	20.15579906554716	20.104209770694165	18.95160303894228	19.10896011160693	18.880906383107437	18.749765459583053	18.880605796414148	18.69098211984735	19.997082195461203	20.07938222712283	19.960106818917573	19.353739385944877	19.502269549766993	19.287008442778422
2025-01-14 10:45:00	20.0920560589368	20.155751106426948	20.06343944339775	18.82994369032598	18.89903819013345	18.79890123389074	18.678046758115954	18.782109576049642	18.631293897884873	19.928215632836476	19.963361663265502	19.912425387281402	19.29234033496718	19.422669729223227	19.233786549141996
2025-01-14 11:00:00	20.017915373700138	20.058749726459073	19.99956950506931	18.727516102090274	18.758054401750428	18.713795996445857	18.614394409218285	18.71611280190634	18.56869484148887	19.893328213414755	19.940245460701156	19.87224945014116	19.26514900925909	19.42820925593322	19.19189005785477
2025-01-14 11:15:00	19.99739579706603	20.080140951252044	19.96022043793898	18.685318179696658	18.75241169964434	18.655174714212905	18.5481100958139	18.639731611940196	18.506946805960048	19.864710220590457	19.924128971809875	19.838014839607823	19.183514871890967	19.308560898190304	19.127334773118797
2025-01-14 11:30:00	19.8961039	19.904181412995403	19.89247487242235	18.61666033833924	18.68105246528379	18.58773054217575	18.494172475351778	18.59228993261349	18.45009071919071	19.803975054984786	19.833853586097575	19.790551367093535	19.087005019999996	19.15636579084319	19.055842934548707
2025-01-14 11:45:00	19.82305195	19.830051057735155	19.819907423336375	18.536702907752424	18.58378182655664	18.515551509449082	18.445422495875334	18.554981256675365	18.3962004439217	19.74721938640466	19.75849907212526	19.742151701515695	19.01191515400303	19.088345496484994	18.97757688419229
2025-01-14 12:00:00	19.77057063445387	19.798080652727858	19.758211061026422	18.45336896054986	18.482574056282527	18.44024783058301	18.366966648287704	18.450000128288487	18.329661751475758	19.693873703696088	19.69522895897663	19.693264820888885	18.922249094646187	18.969014645987176	18.901238484623427
2025-01-14 12:15:00	18.743506490000005	17.457037283708686	19.321485408768567	18.399739095068302	18.4478202803086	18.37813740314874	18.29057658539524	18.352965892093785	18.262546607023435	18.682495339999996	17.295470820309482	19.305651283629064	17.935861679999995	16.873951550623172	18.41295173812582
2025-01-14 12:30:00	18.743506490000005	17.971889274497546	19.090175094066332	18.34092321959739	18.397728641147356	18.315401943248848	18.246438762226763	18.32955762544138	18.209095504840487	18.682495339999996	17.837383569048228	19.062183237094263	17.935861679999995	17.32153476175926	18.211863628774815
2025-01-14 12:45:00	18.74350649000001	18.319285752685943	18.93409841545995	18.27916354684582	18.339321538419817	18.252136043385043	18.184767646119994	18.263436932848958	18.149423473821464	18.68249534	18.19616317803103	18.90099239827591	17.93586168	17.62060036943887	18.077500819527465
2025-01-14 13:00:00	18.74350649000001	18.548881319246725	18.83094678410655	18.19312041591417	18.231879122513227	18.17570708396387	18.105188165156253	18.163497852260914	18.0789910593556	18.682495339999996	18.43818102892746	18.792259740626786	17.93586168	17.827170605031945	17.984693902087095
2025-01-14 13:15:00	18.743506490000005	18.6936699737507	18.765896808894617	18.124796257986546	18.163623037990735	18.10735234233249	18.038824787216914	18.093161122468576	18.014412810509636	18.68249534	18.576263731713752	18.73022258430251	17.935861680000002	17.960464479546335	17.92480824831977
2025-01-14 13:30:00	18.743506490000005	18.79494624991598	18.72039587322616	18.084989548375102	18.156659925200877	18.052789813859178	17.98392256168387	18.048219050483286	17.955035733382676	18.682495339999996	18.67414630848299	18.686246354159806	17.91583328344431	18.001044524142046	17.877549972406207
2025-01-14 13:45:00	18.698342000642874	18.753631236112565	18.6735019093449	18.031585713855947	18.11329579372439	17.994875388117947	17.93849753567334	18.021859764194282	17.901044940250884	18.68024546486419	18.740240932761537	18.653290979287128	17.865321718697864	17.95320924959175	17.82583601641221
2025-01-14 14:00:00	18.65376225445166	18.713378862851943	18.62697798111241	17.941136785199415	17.991428451446293	17.91854197862473	17.84683939924053	17.895324718037674	17.8250561400708	18.60724329219101	18.620622413766874	18.601232382497514	17.81398655068571	17.907416269124404	17.772010880082824
2025-01-14 14:15:00	18.595037602413864	18.641206216153446	18.574295181748262	17.846181958570902	17.86303869477609	17.8386086423048	17.760948979865322	17.78563450461354	17.749858381790034	18.547799672863274	18.538684269662156	18.55189499893914	17.732279582472263	17.795011063843965	17.7040958734502
2025-01-14 14:30:00	18.55352780794202	18.607605334807765	18.529232107466115	17.798356783628922	17.843950379151906	17.777872704480913	17.716162437152004	17.769774991262132	17.692075637479334	18.56280350247507	18.626466607440495	18.53420123792539	17.696204282260425	17.784541406742147	17.6565165886527
2025-01-14 14:45:00	18.517807309879384	18.585037105493647	18.487602619096172	17.73813496335175	17.79180192765481	17.71402371851994	17.674142630970216	17.75407838028581	17.638229468234222	18.530897026704174	18.596077267718325	18.501613150306518	17.658633053325236	17.765690523751093	17.61053476951072
2025-01-14 15:00:00	18.489225838110325	18.57960809026335	18.448619319027088	17.66469232545296	17.711642011760325	17.64359898812647	17.6005770428473	17.666893811880286	17.570782552412183	18.48650473448268	18.539534914448204	18.462679581164835	17.606931129449833	17.717387406503384	17.557305845556208
2025-01-14 15:15:00	18.454142930095298	18.549566742695255	18.411271362115613	17.58062488593064	17.605255090723478	17.56955914174835	17.527986553922634	17.58019913423256	17.50452872798629	18.421319785602087	18.4363873579042	18.414550296596794	17.53109015563411	17.611116091596728	17.495136474259603
2025-01-14 15:30:00	18.379119128938253	18.430815552480002	18.35589319952095	17.54134840224847	17.600548790874203	17.514751126199236	17.478286291728654	17.5456487864583	17.44802198250229	18.382939576461975	18.399913591794466	18.37531356957347	17.44167254596518	17.48153645633495	17.423762673190353
2025-01-14 15:45:00	18.347849364853694	18.41588085476214	18.317284492575986	17.50354507112312	17.59227909686648	17.46367905955726	17.422382660103455	17.494483486846203	17.389989535045117	18.359329589184814	18.395002452783732	18.34330265046645	17.49250111095566	17.656049416076662	17.419022886915783
2025-01-14 16:00:00	18.30842880945795	18.380211334320677	18.276178689592093	17.424529788924293	17.4884682871363	17.395803796973972	17.357927819194227	17.423693206911594	17.328381050799464	18.333458733010072	18.38233392695224	18.311500312543295	17.396465298934377	17.49675299426035	17.35140850828067
2025-01-14 16:15:00	18.26231465132649	18.328639375615758	18.232516586790737	17.34126115895109	17.37878170968047	17.324404099927747	17.280277973692158	17.324966398925476	17.260200565253996	18.28532675986123	18.317207644775767	18.2710034637402	17.326759265076227	17.404220871115392	17.291957673957178
2025-01-14 16:30:00	18.20363790982889	18.250663547191156	18.18251044956469	17.273766304461343	17.308210848988846	17.258291219238846	17.212421720378646	17.25107177103222	17.195057204867616	18.232949491240525	18.245518894077676	18.227302368226724	17.261288474789584	17.32459040709542	17.232848476217384
2025-01-14 16:45:00	18.158211712480906	18.205115664904884	18.137138922261443	17.23554884178669	17.301664755347964	17.20584459076641	17.154754825598587	17.200079160284975	17.134391718710496	18.235889248666545	18.300942224718273	18.206662549280992	17.221447455292555	17.30191079637813	17.185297258572945
2025-01-14 17:00:00	18.1306484935125	18.19624683543769	18.101176774676546	17.181657325786457	17.253528808770643	17.149367239228347	17.107104304105317	17.168259601231885	17.079628735831058	18.19779948271592	18.253022545215746	18.172989121302955	17.178325771570176	17.265961666954468	17.13895312291926
2025-01-14 17:15:00	18.09152797586888	18.162396207834636	18.05968862527557	17.116718705209372	17.181799167868586	17.087479656768274	17.055232911651	17.125622160310552	17.023608756456127	18.163422991504945	18.217378975023642	18.13918189746032	17.157157809683408	17.278675718617546	17.102562807118787
2025-01-14 17:30:00	18.044530464932965	18.109766565303	18.015221492302942	17.04496049483589	17.09587594687753	17.022085436672256	16.978047895237996	17.02554539448271	16.95670843905559	18.105036229023597	18.128361051896057	18.09455696077655	17.09264850357345	17.19251463573064	17.047781110865145
2025-01-14 17:45:00	18.002981767733345	18.06958770781069	17.973057359872513	16.990355554427662	17.04962912884092	16.96372539780722	16.936671580740384	17.007598912962383	16.904805677858036	18.067209613493432	18.089978873330768	18.05697994603028	17.006423280146624	17.064341440752077	16.980402077555773
2025-01-14 18:00:00	17.96170235597612	18.03702676737309	17.927860953754298	16.926367548089306	16.98635559680675	16.899416395766984	16.86759729029487	16.929859013651367	16.83962463197529	18.054661841997692	18.113145376783493	18.02838663071711	16.97762126764478	17.07237901911334	16.935048944521228
2025-01-14 18:15:00	17.89938552211554	17.948989790855716	17.87709954630474	16.86638299758458	16.92620656138998	16.839505744280707	16.82053039728112	16.896300795339073	16.78648862424059	18.014884645280507	18.06440859659201	17.992634754111567	16.930816060717426	17.027471820817954	16.887391009078065
2025-01-14 18:30:00	17.847944356445787	17.889271999872243	17.82937686447159	16.81471928081992	16.883807927787174	16.783679453921593	16.755896165368615	16.82110643771495	16.726598796633304	17.975181794841124	18.01728824503749	17.95626440417319	16.88049386165671	16.97433284691904	16.838334317553354
2025-01-14 18:45:00	17.816240981093255	17.873920547171025	17.790326973145277	16.741286758945495	16.791513003435103	16.718721344754513	16.694832504938	16.755140451388588	16.667737630445714	17.912319663847338	17.920058917295783	17.908842607950213	16.795093897358086	16.847095026894436	16.771731071044652
2025-01-14 19:00:00	17.776316556004986	17.838856572535562	17.748218867418785	16.682472544120348	16.73548073898843	16.658657268165122	16.643124419796692	16.711471725555338	16.612417659238467	17.91142903655818	17.967567547066093	17.8862073869097	16.765683467382253	16.847362200216807	16.728987225094265
2025-01-14 19:15:00	17.734696497223638	17.797812651987854	17.706339963923774	16.652486086517555	16.740648099197564	16.612877066327986	16.587307907970864	16.65573604727014	16.55656483089438	17.894746459188823	17.96966523379916	17.861087299581282	16.73725964366836	16.842626147413743	16.689921069521876
2025-01-14 19:30:00	17.701090859218404	17.773971711778877	17.66834728777819	16.599200173975763	16.6877833157512	16.559401950859264	16.530876707403078	16.598609086037452	16.50044621845141	17.86151848301564	17.931629003960538	17.83001955331576	16.747984712221847	16.915829986769847	16.67257596568579
2025-01-14 19:45:00	17.660894687088128	17.732922520219006	17.62853435626121	16.520925698136708	16.579638045313406	16.49454768708631	16.50754815	16.621359558243526	16.456415488325376	17.783834453995198	17.794740922042045	17.778934446611828	16.70550139990694	16.863985095404672	16.634298580190567
2025-01-14 20:00:00	17.60061596720986	17.650933823170444	17.578009394242052	16.50392927	16.623518270337136	16.45020087854419	16.50754815	16.678551976095726	16.430720344072938	17.746763120093913	17.762233020530658	17.73981287497015	16.650143183573196	16.790619282617634	16.58703073327787
2025-01-14 20:15:00	17.56387704635951	17.624181091729305	17.536783924526706	16.503929270000004	16.680679753665203	16.42451963241129	16.50754815	16.718160837524977	16.412925058503276	17.727556848083783	17.767772196883513	17.709489082681003	16.566933008578676	16.66124131639672	16.524562609414048
2025-01-14 20:30:00	17.514048917302585	17.567239339491906	17.490151771101587	16.50392927	16.71888072368476	16.40735687776482	16.50754815	16.74950961131988	16.398840826798313	17.716685854838563	17.78739682263014	17.684917159164083	16.50780388473955	16.590982027985433	16.470433994295746
2025-01-14 20:45:00	17.468026052645577	17.51926811955213	17.445004254470163	16.50392927	16.742435014657918	16.396774515153687	16.50754815	16.77335396578401	16.388128145807187	17.669212639686936	17.719319771789117	17.64670073975697	16.47189323759553	16.571430980244468	16.427173382202533
2025-01-14 21:00:00	17.437565174854424	17.510881337692048	17.40462602923172	16.748847861016092	17.34824926779993	16.47955157680886	16.50754815	16.786581345644645	16.382185409927775	17.61897934686055	17.652037817732523	17.60412699038184	16.401108124001244	16.4794893555379	16.365893367803615
2025-01-14 21:15:00	17.40524563793599	17.48856098636229	17.36781410458505	17.309921410000005	18.558437208375413	16.748994022324098	16.84174909	17.56793669413232	16.515490891042	17.682181723239776	17.836930101772122	17.6126570894064	16.586726160000005	16.948269891223706	16.424293469160375
2025-01-14 21:30:00	17.64935065	18.117727993791235	17.43892024916626	17.609037329999996	18.938053858071996	17.011942947822718	16.982300879999997	17.74851386035248	16.63806026563873	17.597764866953618	17.66988557374166	17.56536281028073	16.586726160000005	16.91568947488156	16.438931047516995
2025-01-14 21:45:00	17.64935065	18.034924787701502	17.476121689583383	17.583988209999998	18.535605173569223	17.156450153903677	16.982300880000004	17.587295629613276	16.710491644666504	17.615207886483912	17.74670393801331	17.55612995028954	16.747350809999997	17.246284349214495	16.523192263396382
2025-01-14 22:00:00	17.777597399999994	18.27275391123671	17.555135779009596	17.90815324	19.078482976787978	17.382352923472077	17.149401349999998	17.870671458645198	16.82535246060867	17.718037893025425	18.039391217834506	17.57366176158946	17.19074177	18.144806492633027	16.762103996063423
2025-01-14 22:15:00	17.878246749999995	18.429693086277066	17.630495497469727	18.04960707	19.11378864900978	17.571496505517345	17.272774599999998	18.03584466700911	16.92994601916982	18.09102758910221	18.89487496227379	17.72987876927151	17.540831546108027	18.683546633837068	17.027437811041352
2025-01-14 22:30:00	17.87824675	18.31796294497685	17.68069309718432	18.21532223268895	19.24024333083784	17.75485043496988	17.343050489999996	18.06579808473545	17.018337802510146	18.428315589776105	19.48778930949318	17.95232015048293	17.860545826324095	19.10029328945266	17.303557835643147
2025-01-14 22:45:00	18.298701299999998	19.240366094286227	17.87563450836415	18.631630650000005	19.983713169439028	18.024173286194063	17.66007288	18.659408661814346	17.21109593454718	18.6433892	19.71778522075508	18.160689538501348	18.181260459999997	19.482055828144446	17.596845149674238
2025-01-14 23:00:00	18.56829932221163	19.61419845397445	18.098402610839933	18.606581530000003	19.559125897909492	18.178626813982696	17.82717335	18.816622516889957	17.382638217049436	18.801210429999998	19.795152324277808	18.35465682532446	18.445621860000003	19.71139153936781	17.876942728689826
2025-01-14 23:15:00	18.9025974	20.129830712315727	18.351231708959595	18.60658153	19.34796872798495	18.273494528006765	18.25819885	19.615217117918323	17.64852397600771	18.887802609999998	19.733522301421115	18.5078415892166	18.520914670000003	19.552715366475795	18.057352038250002
2025-01-14 23:30:00	19.1038961	20.272275302895533	18.578972110293307	18.69793713	19.409389513805117	18.378299102493358	18.187922960000005	19.110447674681996	17.773455334563167	18.974394789999998	19.704523829127695	18.646365801406393	18.417177910000003	19.098451776246485	18.111098346903752
2025-01-14 23:45:00	19.048701299999994	19.83132192553321	18.69708913490537	18.855599209999998	19.677279683192424	18.486438417696156	18.35502343	19.287802733862165	17.935948670293804	18.974394789999998	19.560319837724442	18.71115310189191	18.31344116000001	18.76317892468052	18.11138506282471
2025-01-15 00:00:00	19.29545455	20.258686937548745	18.862697970086785	18.972003930000007	19.804379506335195	18.598038091356656	18.52212389	19.483111704428172	18.090375741488792	18.82495344999999	19.101448863915223	18.70073087273373	18.388733970000004	18.908863344346393	18.15505265688786
2025-01-15 00:15:00	19.16720779	19.699129676334383	18.928228391791805	18.855599210000005	19.374673056132814	18.62239211970845	18.618948460000002	19.482369717931366	18.231034561509098	18.93528864	19.337572616454306	18.754552360723423	18.388733970000004	18.833190167806883	18.189050750695465
2025-01-15 00:30:00	18.965909089999993	19.13169921823519	18.891423670068242	18.71414538	18.970545130461005	18.59895128921319	18.618948460000002	19.288621695045457	18.318080774689726	18.729394127438535	18.768279704917603	18.711923795527646	18.388733969999997	18.806143973098678	18.201201939622337
2025-01-15 00:45:00	18.925562397874337	19.04425558379113	18.872236473766804	18.597740669999993	18.70630177228547	18.54896684143695	18.451848	18.78015621558469	18.304347207490935	18.696029862121865	18.73556360095894	18.678268327282026	18.250192536609593	18.46286122093095	18.15464573640726
2025-01-15 01:00:00	18.794610469912463	18.834093774450096	18.77687159396079	18.682958395693145	18.96523381615826	18.556139003889975	18.298054659134987	18.453053379196355	18.228417553020456	18.689522330218846	18.784839739793554	18.64669856649688	18.197595283694465	18.411543355695382	18.101473686128827
2025-01-15 01:15:00	18.809995050654617	18.895180969334287	18.77172311617535	18.62278978	18.857009431402037	18.51756066125416	18.233702083538788	18.35237301434466	18.180386158104255	18.601201843106047	18.608985284247172	18.597704934767265	18.113710548992586	18.23733196886091	18.05817049079087
2025-01-15 01:30:00	18.849809701383133	19.00235273742696	18.781275873595348	18.7391945	19.17810377338529	18.54200337717473	18.278776587755743	18.49665079135071	18.180891075995675	18.54789065834973	18.52794692973822	18.556850884247638	18.129456184887868	18.29271941875034	18.056106036340964
2025-01-15 01:45:00	18.85672715646752	19.02503513678404	18.781110527629664	18.85559921000001	19.39144724546937	18.614855889716672	18.381572099999993	18.770443777148966	18.206861636353345	18.567516727327295	18.614557356523473	18.54638253160148	18.098052568115236	18.239523107984255	18.034493340058148
2025-01-15 02:00:00	18.727194751657755	18.78981191169025	18.699062404396784	18.855599210000015	19.31470786114712	18.649333004412178	18.3815721	18.75530290901008	18.213664055372284	18.574717208916997	18.68084277455876	18.527037606961997	18.23957681979063	18.590770349714095	18.081794219390247
2025-01-15 02:15:00	18.854948278772323	19.068971067316344	18.758793112904726	18.76424361	19.01729946635973	18.650551848447087	18.384640807573447	18.70569894833308	18.24039729505825	18.62509871870772	18.79867019000657	18.547117333051702	18.264249996109545	18.59095699441517	18.117468591073703
2025-01-15 02:30:00	18.83236457243085	18.99218752904018	18.760560055693347	18.76424361000001	19.003966996099262	18.656541798853972	18.321165436640115	18.55820695570085	18.21466852227949	18.557778888665062	18.642085167441216	18.519902154722132	18.220573811089654	18.450431545770563	18.11730439405912
2025-01-15 02:45:00	18.77162685280485	18.839416903569767	18.741170453185816	18.778946496323286	19.007132590714427	18.676428106089595	18.434669439999993	18.830494519234428	18.256834984112054	18.549266739715428	18.63284165030685	18.51171859147871	18.313846213339666	18.621158073761666	18.17577856590367
2025-01-15 03:00:00	18.787150073432663	18.845730146968723	18.760831489670096	18.776102455828013	19.00131587314423	18.67491961616421	18.35197741605243	18.5796730320246	18.249679385688133	18.541433890000015	18.612415055620406	18.509543801098104	18.32385792937786	18.57683914006179	18.210199704287973
2025-01-15 03:15:00	18.785361127058287	18.850533734200916	18.756080680371014	18.67288801999999	18.801111692151377	18.615280283236338	18.32598216934293	18.53788061074556	18.23078142030696	18.54143389	18.6309279986291	18.50122639192027	18.377525496624525	18.670673595061423	18.24582127848619
2025-01-15 03:30:00	18.776762698385063	18.84059896386994	18.748082637080245	18.67288802	18.841265524516103	18.59724015565218	18.235842570400006	18.35904127588689	18.180492427355183	18.565176909999987	18.691688520639683	18.5083383602923	18.309308732288837	18.49688207450061	18.225036651005283
2025-01-15 03:45:00	18.74263543849292	18.774218509791734	18.728445942692005	18.76424361	19.081470320597663	18.62172146465901	18.237253203377747	18.397351713224136	18.16532488735981	18.502640729718483	18.54466297122533	18.483761171940046	18.278981662615653	18.423569697517948	18.214021820847975
2025-01-15 04:00:00	18.734206385059842	18.77055101702985	18.717877637363173	18.58825419875729	18.654076877480605	18.558681690925077	18.225589236990075	18.397031503441223	18.14856445061347	18.528557032474406	18.6238890827536	18.48572669104462	18.29696935951013	18.461761688696665	18.22293222610749
2025-01-15 04:15:00	18.74019665349355	18.791643285776217	18.717082949134678	18.596299338940078	18.720267590021194	18.540603458019582	18.21161074460229	18.388047143168492	18.132342217710224	18.485221426053588	18.536899327413433	18.462003818196266	18.260208373308505	18.374286734981318	18.20895577603524
2025-01-15 04:30:00	18.739474461037844	18.797623023759748	18.713349744452643	18.571966128874394	18.705172965946076	18.512119578885653	18.228159146950198	18.4465345711677	18.13004844911334	18.473209303566197	18.526978480512952	18.44905213711185	18.25851343169464	18.37065268644977	18.20813202738438
2025-01-15 04:45:00	18.754357925651853	18.83630613423469	18.7175406145494	18.51522593	18.622325977423518	18.46710851738943	18.16424018762674	18.319889204007744	18.094310919397596	18.438577583802118	18.465821466496347	18.426337578533712	18.21820889042014	18.286393019906136	18.18757544094092
2025-01-15 05:00:00	18.793030364855	18.883200797536364	18.75251901104162	18.417074736864375	18.42193335264173	18.414891880500637	18.150591659777305	18.299845357652732	18.0835356505869	18.482424077654844	18.566468698850542	18.44466490001622	18.22916694487368	18.286668237711645	18.20333303070008
2025-01-15 05:15:00	18.844426165796158	19.020820753237082	18.76517642361255	18.398821219999984	18.464518303858526	18.369305138846155	18.140809615368333	18.32158156707309	18.059593231269087	18.449383016442436	18.51637079185314	18.419287059373872	18.32353204585689	18.524474232041122	18.23325367235381
2025-01-15 05:30:00	18.7549351770272	18.834652978736464	18.719119932781005	18.39882121999999	18.532522615766283	18.33875247697456	18.020822490000008	18.101723648085255	17.984475592889236	18.49460567591328	18.64378603145291	18.427582617627387	18.411348318934685	18.720369788213386	18.27251258636018
2025-01-15 05:45:00	18.770420863251147	18.894158612269248	18.714828541228528	18.351444375495294	18.447754935040923	18.308174413960295	18.09109839	18.321897337375855	17.98740610929491	18.473579199373912	18.606974959486525	18.413647770917514	18.311031114509163	18.49885864005487	18.226644834916165
2025-01-15 06:00:00	18.739980269060617	18.845909455703104	18.692388895351684	18.30746562	18.424680106081407	18.25480403929675	18.020822490000008	18.16216777860225	17.95731953425117	18.459751962613456	18.59175098653024	18.40044805331751	18.24032733940976	18.36049244407713	18.186340118472238
2025-01-15 06:15:00	18.702417080800497	18.78098574734617	18.667118114671297	18.423870329999993	18.732751592052676	18.285097589077786	18.091098390000006	18.354252733523534	17.972869626967693	18.478045845725617	18.646964806368796	18.402154718480126	18.288866462130663	18.48320907748182	18.20155311320479
2025-01-15 06:30:00	18.810046120007595	19.038843936061333	18.7072528983023	18.448919449999995	18.76966437401281	18.304816658052204	18.16137428	18.51090164195624	18.00434024781677	18.442144993283037	18.572809838818912	18.38344049746258	18.28226826449557	18.474064896436822	18.196098763188623
2025-01-15 06:45:00	18.822532369073276	19.0609027190664	18.715438443714035	18.334655497067384	18.468081316876304	18.27471056353005	18.134825609999993	18.447597817016376	17.99430476336945	18.414421724881365	18.521770402828047	18.366192608702413	18.273797320978268	18.462989073628176	18.18879812775876
2025-01-15 07:00:00	18.743916661080387	18.904234434748894	18.671889835229308	18.246666468315617	18.34200012512144	18.203835405113004	17.94932691774636	18.016282429714266	17.91924545584773	18.317180124758387	18.334387876595404	18.309449105817116	18.246629968350415	18.438872279898753	18.16026023417652
2025-01-15 07:15:00	18.670042748056403	18.74740212462963	18.635287086117685	18.11695010913671	18.114426670279688	18.11808382804349	17.89744925	17.964131804292233	17.867490421260023	18.415764904438454	18.586931308113297	18.33886405641062	18.21966776646044	18.38936803427919	18.14342561715057
2025-01-15 07:30:00	18.644591131829245	18.714989125937503	18.612963047519727	18.05010246416597	18.04218023461997	18.053661726715625	17.834147271589593	17.877844611679873	17.814515133288147	18.421770377999195	18.606005469752986	18.338998090399677	18.18570949703953	18.33029909382102	18.120748953557964
2025-01-15 07:45:00	18.62038491325717	18.686991057218627	18.590460413796215	18.008349709999997	18.026270999335953	18.000298116240366	17.844366990376283	17.96279260964831	17.79116127737	18.298843392417336	18.335304905670785	18.282462132839697	18.124131308602852	18.218637469440576	18.08167201895113
2025-01-15 08:00:00	18.656698304184605	18.760960143522805	18.609856028539895	18.00834971	18.089355075533874	17.971955995050003	17.791550248142904	17.881614978376813	17.751086383834917	18.252578736272493	18.247564805347167	18.254831371905624	18.17177634602328	18.323998853797335	18.103386523690027
2025-01-15 08:15:00	18.62522843095461	18.728991607402723	18.578610192260513	17.89194499	17.884232467674895	17.895410036262007	17.731788413438085	17.81392989171877	17.69488427102212	18.249669990094564	18.290300173055805	18.23141584992357	18.104059702833286	18.216466245634646	18.05355821258921
2025-01-15 08:30:00	18.65469063481208	18.82784638532486	18.57689602226285	17.81600650825002	17.80124044421064	17.822640537021336	17.675938417577253	17.754462562622326	17.640659453861346	18.284848428270674	18.410212081824362	18.22852562739874	18.068999014707718	18.185568380884252	18.016627270483482
2025-01-15 08:45:00	18.615422529090118	18.76486821499823	18.54828026440676	17.811692148928422	17.876158151549564	17.782729162243562	17.64362435112359	17.748332750756976	17.596581446940473	18.25791434	18.387709622538864	18.199600517410072	18.050608056726595	18.189163410472556	17.988358549971167
2025-01-15 09:00:00	18.584005563613747	18.710914160410972	18.526988657806296	17.76251289350647	17.83495427506321	17.72996676556069	17.619832638504793	17.749307619059973	17.561662719704632	18.257914339999996	18.381825608773287	18.202244059826487	18.031642097658448	18.178116840959973	17.96583460429109
2025-01-15 09:15:00	18.57447561778191	18.72893454224483	18.505081028530444	17.80058939	18.01999377131174	17.70201640709182	17.853722020000003	18.36323249993699	17.624811514521067	18.172303514778452	18.213503488953833	18.15379338145328	17.912551362191245	17.971406871070425	17.886109032115087
2025-01-15 09:30:00	18.533625157458214	18.672752658419327	18.471118599055384	17.68418468	17.769987830856536	17.645635438310826	17.853722019999996	18.306161266004423	17.650452213824092	18.234171319999998	18.42562739190771	18.148154823925513	17.824985682308707	17.848211131428744	17.814551060240284
2025-01-15 09:45:00	18.6461039	18.985257071666567	18.493730735917918	17.841846759999996	18.20310336101793	17.67954306968759	17.783446120000004	18.087181254418205	17.646985407435313	18.21042831	18.351324817367907	18.147126980602827	17.866676586262177	18.003670750892717	17.805128483312227
2025-01-15 10:00:00	18.673701299999994	19.019364559209937	18.518403313978144	17.841846759999996	18.1718904421694	17.693566265112302	17.68662155	17.847898664760997	17.614163715832024	18.210428310000005	18.35445633749572	18.145720065762802	17.751710957567514	17.798326292766486	17.73076783595639
2025-01-15 10:15:00	18.80194805	19.26911599314426	18.592061003080115	17.866895869999997	18.22116125429857	17.707733161112237	17.73034878	18.017255950841168	17.601448456868457	18.320763500000005	18.636362992512876	18.178972423653647	17.711861943588687	17.781889939541585	17.680400090334484
2025-01-15 10:30:00	18.80194805	19.191322167949984	18.62701185208044	17.72544204	17.87065632096965	17.660200841303485	17.730348780000007	18.039623176192766	17.591399413594562	18.40735568	18.809053356871544	18.226882810680905	17.665483133813655	17.748392631956836	17.628233938995702
2025-01-15 10:45:00	18.975649350000005	19.54273901441821	18.72086993555124	17.841846760000003	18.186122358245246	17.687172215860834	17.730348779999996	18.02595377341756	17.597540739479065	18.58054004	19.1384626170137	18.3298791720663	17.63151351461059	17.737115447968627	17.58406916773959
2025-01-15 11:00:00	18.847402599999995	19.11119250291859	18.728888295790195	17.841846760000003	18.16340147573678	17.697380148582035	17.730348779999996	18.037225380616814	17.592476684070704	18.643389200000005	19.15453611862354	18.41374348293725	17.589935074439673	17.696447100631662	17.54208184528095
2025-01-15 11:15:00	18.920454549999988	19.276455098815084	18.76051227444538	17.95825147	18.4329194446629	17.744994843702173	17.730348779999996	18.032239380205233	17.594716771212134	18.643389199999998	19.043950053488377	18.46342707741826	17.5360140874467	17.640318970448565	17.489152473344408
2025-01-15 11:30:00	19.094155839999992	19.654606704953025	18.842359074586316	18.14096267	18.80911306390359	17.840779159695487	17.89744925	18.422657593004146	17.661486081403936	18.753724390000002	19.246705590907137	18.532240082346057	17.473817869176994	17.56481320576596	17.432935906361667
2025-01-15 11:45:00	19.021103899999996	19.377660291669013	18.860911897945805	18.565324169999993	19.66787936190437	18.069973286680643	18.09109839	18.795602267913843	17.774582154995226	18.71461825	19.034940172429458	18.570705502241836	17.363235063607668	17.38736211966692	17.352395371754966
2025-01-15 12:00:00	19.222402599999995	19.79708365722557	18.964212559797197	18.65667976	19.618562762021025	18.224529425758675	17.848064614144814	18.068421699847757	17.749063604626095	18.690875230000003	18.91601093174083	18.589727306029488	17.405320009674696	17.54581747530333	17.342197959899515
2025-01-15 12:15:00	19.222402599999995	19.680396201151126	19.016637358903104	18.656679759999996	19.419894995111868	18.313785958717858	17.774075999999994	17.954642854012786	17.69295176124062	18.690875229999996	18.913588955077334	18.590815440472497	17.55883993	17.93421422207636	17.390193508922223
2025-01-15 12:30:00	19.32305195	19.870826058591714	19.076950538893577	18.40766208	18.69231068329734	18.27977647562004	18.038001039999997	18.640886386519306	17.767139507505814	18.78060898860554	19.1067883379778	18.634064643235398	17.322278578348012	17.408473175010762	17.283553469702433
2025-01-15 12:45:00	19.32305195	19.789240881985602	19.11360474867313	18.407662080000005	18.695918859801186	18.278155410813966	18.10827694	18.702387936481372	17.841357506798225	18.692717258515323	18.904000728404295	18.597792801028977	17.43304550436257	17.714242295911646	17.30671071395647
2025-01-15 13:00:00	19.32305195	19.75433133630752	19.12928874745604	18.49901768	18.934297948828874	18.303456979511665	18.275377410000004	18.98074641399788	17.95847249516038	18.677582166624358	18.886008468954763	18.58394136412809	17.870050199999994	18.68571321018083	17.50359290557092
2025-01-15 13:15:00	19.2224026	19.474473263445226	19.109153461350697	18.31199947135559	18.45998218592011	18.245514483652695	18.398750650000004	19.149597360186185	18.061413722235194	18.749218939001754	19.059258838966887	18.609925650611622	17.794757389999997	18.34134970820945	17.549186928195745
2025-01-15 13:30:00	19.113493635764595	19.26090132787612	19.047266991482605	18.29125737	18.502368386595194	18.1964103915297	18.565851120000005	19.48518199176172	18.15281840949836	18.87942272	19.36744446596374	18.66016657326267	17.973786949999997	18.644745343654158	17.67234187459016
2025-01-15 13:45:00	19.0211039	19.109027014555576	18.981602210851847	18.499017679999998	19.034948005061878	18.258237389030178	18.565851119999998	19.287286432074755	18.24172800877801	18.87942272	19.30542509883869	18.688030346898564	18.209704410000004	19.029295423567696	17.841482360426113
2025-01-15 14:00:00	19.021103900000004	19.16811000760344	18.955057677743387	18.773084480000005	19.604378823234708	18.399604412749632	18.68922436	19.417424298364768	18.362062068850616	18.942271880000003	19.421817938927635	18.72682365062672	18.313441160000004	19.09014984298872	17.964485085034056
2025-01-15 14:15:00	19.094155840000003	19.379178549628037	18.966102158862768	18.773084480000005	19.432202041608267	18.47695919869775	18.786048930000003	19.517453583251992	18.45744683940853	18.92522216657948	19.26826562829377	18.77110119102668	18.28499721	18.880156729386776	18.017606701290006
2025-01-15 14:30:00	19.048701300000005	19.26669333585816	18.950762849107214	18.65667976	19.032347067836096	18.48790169416059	18.78604893	19.374832889479013	18.521522803277545	19.02886406	19.487546376927558	18.82278939587313	18.284997210000004	18.776700846445667	18.064086880582387
2025-01-15 14:45:00	19.048701299999994	19.282610026793307	18.943611872020384	18.95579568	19.749902369433656	18.599023109384884	18.715773029999994	19.210215921784705	18.493632020647443	19.13919926	19.717064188120016	18.879578785047535	18.28499721	18.72564594137425	18.0870245915565
2025-01-15 15:00:00	19.350649349999994	20.01304009442805	19.05305350830043	18.81434185	19.266170301582413	18.61134645870936	18.8828735	19.59251617822952	18.56404852862152	19.139199260000005	19.657749706178617	18.906227320412512	18.388733970000004	18.922405015741575	18.14896871756539
2025-01-15 15:15:00	19.524350649999995	20.278554520255263	19.185505432928785	18.814341849999998	19.26302303587755	18.612760447649226	18.97969807	19.702136932937485	18.655124088100557	19.42271881	20.25481447869327	19.048878726963892	18.417177910000003	18.905807858381756	18.19764851290096
2025-01-15 15:30:00	19.37824674999999	19.788068054556028	19.1941241349096	18.90569745	19.47416169489305	18.65030047041037	18.97969807	19.593111937114084	18.704106332600926	19.509310990000003	20.23308776488049	19.184135917227607	18.417177910000007	18.846304822125074	18.224381761074255
2025-01-15 15:45:00	19.277597400000005	19.520890632026337	19.16829174503165	18.905697449999998	19.398932313898236	18.684099177813838	19.076522640000004	19.756661255437223	18.770953117122414	19.346185485195114	19.717568718482962	19.17933214850057	18.28499721	18.51864857428261	18.180023408655636
2025-01-15 16:00:00	19.350649350000005	19.69032292243575	19.1980423826738	18.905697450000005	19.38946917630721	18.68835073238373	19.076522640000004	19.677020025980244	18.806733959342218	19.391595699905636	19.800711491270263	19.207790054509935	18.20970441	18.383617018062942	18.1315697600007
2025-01-15 16:15:00	19.378246750000002	19.72770034428956	19.22124585981194	18.90569745	19.326044986503046	18.716845658237766	19.076522640000004	19.624189498179256	18.8304694138615	19.27553438907074	19.5142056179575	19.168305286237562	18.209704409999997	18.422088379024597	18.11428552536575
2025-01-15 16:30:00	19.25	19.42746571663796	19.170269025858307	18.905697449999998	19.30557804904708	18.72604094897885	18.940391060637328	19.240644958817832	18.80549438174464	19.32671730508743	19.634212036477614	19.188567498230974	18.184579767556716	18.40123147766932	18.087243491998883
2025-01-15 16:45:00	19.25	19.457614460836705	19.156723937884962	18.90569745	19.28213606445407	18.73657285510035	18.979698069999998	19.38416490114706	18.79798108789044	19.289020969098708	19.543477580729743	19.174699882713757	18.28499721	18.653328901756115	18.11951485573276
2025-01-15 17:00:00	19.25	19.46233092855445	19.154604945142204	19.022102159999996	19.56553051735003	18.77795318785723	19.049973970000003	19.556189188486044	18.822543944303376	19.24898269524455	19.45562419129873	19.156143762234702	18.38873397	18.872580819905128	18.17135350120205
2025-01-15 17:15:00	19.222402600000002	19.430781834760367	19.128782943803316	19.022102159999992	19.507614044651948	18.80397363211289	18.812597609999997	18.958058686027037	18.74724553236466	19.346946519610523	19.68858887592419	19.19345502619424	18.49247072	19.08781273848208	18.224998218942837
2025-01-15 17:30:00	19.2224026	19.455461103224344	19.117695156522394	18.99705305	19.427788866848662	18.80353405982162	18.721965898013124	18.820116532077787	18.6778692363319	19.231755066501112	19.419620694694245	19.147351668327392	18.699944230000003	19.463041872053758	18.35710326038165
2025-01-15 17:45:00	19.2224026	19.48670886601382	19.103656306573498	18.99705305	19.409485214155822	18.811757440016947	18.839146279999994	19.169609467175167	18.690677311848837	19.249534449999995	19.479007121857162	19.1464380322091	18.699944230000003	19.30718911461755	18.42712406444719
2025-01-15 18:00:00	19.323051949999996	19.716956952383956	19.146080137334735	18.905697449999998	19.19443450730617	18.775975003963893	18.839146279999998	19.182786645651902	18.68475713021437	19.306180940500077	19.605961530014323	19.17149690752991	18.69994423	19.231351859825978	18.46119587457094
2025-01-15 18:15:00	19.323051950000004	19.68154772645208	19.161988630144712	18.905697449999998	19.190853849309157	18.777583705382845	18.935970849999997	19.42338206692039	18.716988998919827	19.197340567740525	19.354844167508165	19.1265780808884	18.699944230000003	19.158343603089115	18.493996685568668
2025-01-15 18:30:00	19.194805189999993	19.351896194445374	19.124228072060767	19.02210216	19.5087344381613	18.80347026691304	18.935970849999993	19.386095682591602	18.7337408527487	19.176351800288856	19.325028128110503	19.109555189238552	18.699944230000003	19.121499412149188	18.510549872802542
2025-01-15 18:45:00	19.194805190000004	19.389743267919307	19.107224314413067	19.02210216	19.46762051866827	18.82194173798961	18.839146279999998	19.119308728628486	18.7132761943843	19.225791429999997	19.458867382783207	19.121076146865512	18.832124930000006	19.37909854137832	18.586383162569163
2025-01-15 19:00:00	19.194805189999997	19.415950780647204	19.095449924636753	19.20481336	19.89336683215829	18.895463249320187	18.979698069999998	19.481492031180455	18.75425440628124	19.31238361	19.675013720844923	19.149462835562424	18.670870331406377	18.958557360876167	18.541619637006896
2025-01-15 19:15:00	19.194805189999997	19.435272359590044	19.086769215256638	19.204813359999996	19.786261224202207	18.943583160141035	19.076522640000004	19.671788899284472	18.809084175683786	19.249534450000002	19.480846960772997	19.14561143791358	18.62465142	18.881924951158304	18.509064761073795
2025-01-15 19:30:00	19.32305195	19.74369567355445	19.13406708869293	19.20481336	19.712042991477617	18.97692758353904	19.07652264	19.587228577725035	18.847075044790202	19.24953445	19.479399487666115	19.146261751918118	18.62465142	18.911126258434706	18.495945333167008
2025-01-15 19:45:00	19.32305195	19.697985156611267	19.154603697754357	19.11345776	19.456002753422496	18.959560733969596	19.17334721	19.752636259803996	18.913086912261974	19.3208463626286	19.628011515633155	19.18284462722076	18.708020602282154	19.097605465674285	18.532989721627718
2025-01-15 20:00:00	19.32305195	19.652546653702096	19.175018097612103	19.113457760000003	19.467569724212254	18.9543639789771	19.340447679999997	20.087244710886925	19.004930173369637	19.325845702372483	19.627876688787403	19.190150621519408	18.723119549093955	19.12784718270272	18.541285394863927
2025-01-15 20:15:00	19.4237013	19.85938903616838	19.227957534475077	19.113457760000003	19.477298218619808	18.949993206127328	19.366996359999998	20.02922976092642	19.06947120885914	19.392385765911055	19.768481322924373	19.223415298267398	18.69373607069669	19.063597008864356	18.527566663693825
2025-01-15 20:30:00	19.49675325	19.975359554056688	19.281727229336852	19.13850688	19.556102087533894	18.950891641832595	19.36699636	19.941751287394933	19.108773131750105	19.29702048	19.540344483294177	19.18770100025914	18.65309537	18.98864584540208	18.50234080858747
2025-01-15 20:45:00	19.597402599999995	20.140951008248923	19.353199691946134	19.13850688	19.536229433348208	18.959819935742118	19.296720459999996	19.705798117101487	19.112931947389182	19.493947859999995	20.017874618996785	19.258560475523176	18.653095370000006	18.989300856038117	18.502046528446648
2025-01-15 21:00:00	19.597402600000002	20.064725743633296	19.387445825324182	19.163555990000003	19.567447286994234	18.982097581205494	19.186337985890756	19.432955049343295	19.075539015354106	19.418037058652022	19.719873327671614	19.28242945952728	18.653095370000003	18.98425176613059	18.504314960144228
2025-01-15 21:15:00	19.443348344603784	19.663896941148206	19.344261293982388	19.072200390000003	19.34378278538988	18.950185110911796	19.060010392399597	19.199556715282597	18.99731566762608	19.43647089252884	19.751461510857183	19.29495336835234	18.569554003277855	18.808811299967207	18.462061594620316
2025-01-15 21:30:00	19.420351208124572	19.63403474899037	19.32434845788052	18.899860063006106	18.98864462173512	18.859971348214806	19.01170382461554	19.15628988422568	18.946744870297948	19.404519675037896	19.6677978757826	19.28623526600767	18.511960756846236	18.715002799947616	18.420738969365907
2025-01-15 21:45:00	19.358473473947765	19.519921806559154	19.28593871581801	18.827954225399377	18.904037481358536	18.79377189301193	18.954160116187513	19.091334141424046	18.892531206298635	19.33505324812618	19.51036964506519	19.256287910370972	18.448643881928465	18.614933505134445	18.373934051212725
2025-01-15 22:00:00	19.285246707650266	19.393822278978387	19.236466378502843	18.782427717171718	18.881336004466352	18.73799066056109	18.85726430351417	18.943792558666654	18.81838929032972	19.308815510671835	19.470056743646584	19.236373797306367	18.41053038898289	18.577737559159978	18.335408327019266
2025-01-15 22:15:00	19.253123745225757	19.365862587560322	19.202472960988484	18.733674544296008	18.84621336253954	18.68311362595471	18.808895055225396	18.910359831886613	18.763309430928324	19.298828116665238	19.464291670954797	19.22448941836123	18.35142334425535	18.49460288208691	18.28709630551942
2025-01-15 22:30:00	19.213358567064727	19.318784314323413	19.16599337626734	18.67264155847403	18.78005442521653	18.624383603850596	18.733345249927428	18.815296855879073	18.69652641247088	19.255873236324096	19.38410463711666	19.198262027272357	18.319860053369496	18.474228370011236	18.250506171979723
2025-01-15 22:45:00	19.17070085583718	19.269426407516615	19.12634589783628	18.61935521878203	18.732191362763896	18.568660719311914	18.669495359601054	18.74946983395721	18.633564798658433	19.17928844735716	19.2364355348501	19.153613668918304	18.267355274917453	18.407192488798778	18.204529859985268
2025-01-15 23:00:00	19.132135482181855	19.227808730327975	19.08915184895679	18.509185966949413	18.555594950158746	18.488335554203182	18.62181395333638	18.71757900120221	18.578789076758973	19.173111678195816	19.25824175539854	19.134864831916335	18.22202688923664	18.35638668088853	18.16166234516115
2025-01-15 23:15:00	19.081639508219826	19.163453595917684	19.044882454326583	18.43992759336749	18.4836918317841	18.420265399296262	18.620416733347195	18.784083404280015	18.546885330464335	19.202915631485418	19.35552608851539	19.13435151310963	18.182994709869114	18.322706414484863	18.120225683157695
2025-01-15 23:30:00	19.030075000040643	19.09947413400944	18.9988956789822	18.392430642147257	18.459467719293144	18.36231253502374	18.550713445000234	18.688563449953794	18.488780834079066	19.132173224311458	19.21846062393135	19.093406421583683	18.118652673343842	18.233918112411	18.066866751444103
2025-01-15 23:45:00	18.987477491418296	19.057376442090362	18.956073615029396	18.31978516894198	18.37526882901418	18.29485772746027	18.428765836322295	18.48353995158556	18.404157175841696	19.130760613092168	19.248015609555974	19.07808083207219	18.072749801416887	18.18906611712952	18.02049174653151
2025-01-16 00:00:00	18.946441330732185	19.019516176845674	18.91361060276816	18.23859397674941	18.274745230827154	18.22235210897535	18.366708062080846	18.42645432144512	18.339865539757767	19.078763229868933	19.160270850421426	19.042143864113463	18.07134263529612	18.240411638453004	17.995384097645932
2025-01-16 00:15:00	18.74350649	18.599537928590927	18.808188017589593	18.199804483888347	18.268397510095834	18.16898732718643	18.31854508283949	18.39656960654745	18.28349058668084	18.682495340000003	18.234583832756467	18.883730944703615	17.93586168	17.984925670392528	17.91381843793959
2025-01-16 00:30:00	18.74350649000001	18.72325332218505	18.752605739308173	18.14607585202643	18.223642906068264	18.111226885717777	18.25601234797784	18.331482211808712	18.222105597561075	18.682495339999996	18.458194099452946	18.783268361115333	17.93586168	18.069950765538696	17.8756187575116
2025-01-16 00:45:00	18.743506490000005	18.81356107667296	18.71203269019042	18.06900573366511	18.12607290252632	18.043366860698477	18.178637662566015	18.234178712251072	18.153684437345195	18.68249534	18.589065731951273	18.7244709610074	17.861880606302417	17.97031332601552	17.813164456866097
2025-01-16 01:00:00	18.693074311014843	18.75747490062281	18.664140712785183	17.98992993729229	18.02939856893053	17.972197653512787	18.09482669433146	18.1280958785723	18.079879669527607	18.682495340000003	18.707397327144122	18.67130749070337	17.826325458956095	17.948500655701153	17.771435153172085
2025-01-16 01:15:00	18.652396152340824	18.71770325659216	18.623055279416313	17.931584488831323	17.979418586581794	17.91009380723328	18.05243790434342	18.114835208528287	18.024404332898047	18.634713367453774	18.668157240033953	18.619687859482973	17.756472109834927	17.849102476957498	17.714855568084197
2025-01-16 01:30:00	18.633341074856933	18.723737497262196	18.592728189428485	17.883487898469586	17.949776484997788	17.853706069739523	17.99132326985089	18.055057843590458	17.962688896141813	18.68249534	18.814791918973846	18.623057746547985	17.690680040692538	17.763472266504973	17.65797628706666
2025-01-16 01:45:00	18.60986100003782	18.717026135549926	18.561714344952676	17.834279242882438	17.9136170687931	17.798634712400833	17.927577780136772	17.988966805705825	17.899997203431834	18.64877388809567	18.76402713733531	18.596993442785106	17.6504837261811	17.736422826054856	17.61187340594796
2025-01-16 02:00:00	18.570036961383916	18.66678670982758	18.526569683097637	17.772354300672024	17.845231864497503	17.73961220677942	17.862526236678384	17.918206255052496	17.83751057624943	18.588012804082524	18.652898282806277	18.55886135711968	17.61308261309264	17.709922274544883	17.56957493910685
2025-01-16 02:15:00	18.522196896788625	18.60533391982128	18.484845480643514	17.69159820846645	17.738793942275286	17.670394328059583	17.79100569479035	17.83642781977733	17.770598653129532	18.544210203292252	18.591381545115954	18.523017281603344	17.52104063628686	17.569470656496144	17.499282221410223
2025-01-16 02:30:00	18.490682763084745	18.58179223420226	18.44974952243775	17.636480926906273	17.69272609198191	17.611211359988236	17.732966710868425	17.785382832373177	17.70941743888802	18.531679387284925	18.60256866171671	18.499830582830064	17.50570284653634	17.600208475895364	17.463243795664894
2025-01-16 02:45:00	18.44179904163166	18.51844436194035	18.407364187579937	17.588387161891514	17.659857015256563	17.55627751762606	17.68125691148917	17.746016655219723	17.652161954160956	18.4912701882866	18.547322613231003	18.466087214760854	17.4654985717528	17.569121850502103	17.41894318564804
2025-01-16 03:00:00	18.39479711742791	18.464723522718348	18.363380906355403	17.524153956435377	17.590098380643482	17.49452675135638	17.635338528714698	17.71833516941713	17.598050182891868	18.468979819399674	18.536321019352048	18.438725077392085	17.42757275151344	17.543423822397067	17.37552371966717
2025-01-16 03:15:00	18.37039798259037	18.45698441669113	18.331496831037853	17.45466706785998	17.506735976089907	17.43127379024944	17.5436881577088	17.584494604509047	17.525354826537672	18.417494641227535	18.45626024463411	18.400078210711534	17.358643963109145	17.44510019500042	17.31980130820147
2025-01-16 03:30:00	18.32493314583378	18.400465960053012	18.290998113358476	17.422689135087214	17.507470021503657	17.384599171624753	17.482747456130348	17.525327706655336	17.463617198648105	18.40044362800423	18.458381652832305	18.37441350090755	17.292131494869324	17.357378878312232	17.262817453032653
2025-01-16 03:45:00	18.285867444661072	18.35913327021673	18.252950914338967	17.384311177064415	17.487873013748263	17.33778339536587	17.437657168456916	17.49978970545129	17.409742550386987	18.386648610166827	18.464087865036184	18.3518570608777	17.268043440813813	17.363284426540456	17.22525401244387
2025-01-16 04:00:00	18.275512538074192	18.379096406713934	18.228974857960694	17.31317168872598	17.39035653574138	17.27849443861761	17.39979377937655	17.483662260193043	17.362113737270597	18.36733534179579	18.452381864829967	18.329126034345656	17.23102646294473	17.3329898781483	17.18521681263588
2025-01-16 04:15:00	18.249443564680337	18.359451272639944	18.200019811828923	17.248284755103462	17.311943910096243	17.219684265179165	17.337621051080426	17.410860785821885	17.30471624271832	18.32904891563379	18.397206917532703	18.29842720463573	17.17857923843548	17.26926049718494	17.137838383055282
2025-01-16 04:30:00	18.192748649731485	18.271331007624802	18.157443532417105	17.17768317891978	17.22305287895973	17.15729969049603	17.279730891972815	17.34877181743151	17.248712505172534	18.267431530704485	18.292746758274614	18.256058022665734	17.120788367792752	17.196328023072216	17.086850261797622
2025-01-16 04:45:00	18.17372400774523	18.27099640491359	18.130021916263786	17.134943363959817	17.198121500075086	17.106558983966007	17.228794057495907	17.302502430628557	17.195678701450806	18.26945591604557	18.338240084165115	18.238552883991858	17.126072494116777	17.2594231479353	17.066161330807002
2025-01-16 05:00:00	18.14142998305993	18.23620194947415	18.098851273511507	17.072837178567497	17.12690865911842	17.04854419455187	17.171415614586305	17.240687494694587	17.14029346555215	18.24867280175361	18.324204338462195	18.214738343232355	17.092267228887852	17.227243037459058	17.031625923587736
2025-01-16 05:15:00	18.098437513860933	18.18249661431924	18.060671831046328	17.032335844380786	17.106083418300646	16.999202876387812	17.109252477572973	17.170640638682965	17.081672289248193	18.230071875829868	18.315609878190113	18.191641758827437	17.044945730521587	17.169692227717555	16.988900202795858
2025-01-16 05:30:00	18.059976946730274	18.139853384711568	18.02409043111549	16.97658095092419	17.047714205920304	16.944622532012904	17.044999344741484	17.097259157858616	17.021520298268573	18.17211978707188	18.217401802509794	18.15177569317948	16.971198195057838	17.05761226100781	16.932374484268717
2025-01-16 05:45:00	18.02919128801708	18.114747315136754	17.990753072934332	16.931101222089616	17.012002523653553	16.894754260517413	17.00180102525363	17.070442441100216	16.97096212827908	18.14570394411854	18.196137453634293	18.123045410857845	16.906703227376955	16.97218399594053	16.877284331355632
2025-01-16 06:00:00	18.00118275341998	18.098059766512687	17.957658298262388	16.89680414609003	16.999560606123072	16.85063820027808	16.96450491960997	17.054681663236646	16.923990730444363	18.131441730200393	18.20282557786579	18.099370726176808	16.88708469180336	16.9874361333244	16.84199926155477
2025-01-16 06:15:00	17.981457685943724	18.09331379334466	17.931203492763597	16.848911486192904	16.95060522106643	16.803222996612043	16.912154566787525	16.999249338300373	16.87302503176001	18.099240200490822	18.163327416152256	18.070447393454522	16.854253956841678	16.963940879802255	16.80497432478692
2025-01-16 06:30:00	17.942143817425684	18.042654385008262	17.89698689575815	16.78324272635682	16.862673142056128	16.747556597564373	16.83493891374836	16.88952434398304	16.810415024802346	18.050465763648354	18.088041453210295	18.033583932106033	16.818967269891058	16.933421511358187	16.767545799086975
2025-01-16 06:45:00	17.88411443426135	17.952751983954577	17.853277274254253	16.703763447653195	16.747717899821023	16.684015795229968	16.787747448371977	16.851236148162943	16.759223539770243	18.007368763581404	18.030109380960393	17.997151964469104	16.761851878139566	16.85546751290408	16.719792679912032
2025-01-16 07:00:00	17.85951230345268	17.939381668654836	17.823628965463307	16.67763090311782	16.753359627269152	16.643607853136785	16.753986050415122	16.83729065153977	16.716559345562022	18.041363876999775	18.14487090963774	17.994860717408812	16.733468852298405	16.839057115357782	16.686030647155782
2025-01-16 07:15:00	17.857653009377067	17.975979250328344	17.804491944601857	16.65368429185659	16.759139402465983	16.606305908829178	16.699887651992945	16.77670065929999	16.665377460304274	18.02268221028516	18.12838746386475	17.97519144418419	16.71521904501817	16.84369179518323	16.65749940363966
2025-01-16 07:30:00	17.85122474724507	17.99452273374409	17.786844492441162	16.61154607971123	16.719537911912674	16.563028010171443	16.646512833669043	16.71858949171	16.614130567012968	17.997314664619246	18.096309654269536	17.952838654776365	16.67747247660188	16.802450513532445	16.621322923778003
2025-01-16 07:45:00	17.782533074857323	17.87186666282452	17.742397694756114	16.54320694139713	16.621475598972765	16.508042761906626	16.597740355017855	16.670774806398203	16.564927775412194	17.946278020403117	18.008336384654722	17.918396726319067	16.604078212168652	16.685935855490264	16.567301589806767
2025-01-16 08:00:00	17.75591955115696	17.850843180430036	17.713272703222678	16.503929270000004	16.59308418232388	16.46387416446318	16.55911300911644	16.645193875805386	16.520438996546048	17.919907975433105	17.982058926163777	17.891985084525125	16.545122301654313	16.607754446379232	16.516983222140222
2025-01-16 08:15:00	17.74551472709307	17.865726186863522	17.691506679949818	16.50392927	16.6524970846415	16.437181411248016	16.52640961914892	16.630359104309445	16.479707676540578	17.90151393091774	17.974279117465276	17.868822325367397	16.523762446708556	16.61447856697238	16.483005928908863
2025-01-16 08:30:00	17.69145835569029	17.78050278335649	17.651452888188082	16.50392927	16.698452572259626	16.41653474289785	16.50754815	16.64456386031025	16.445990367106994	17.875017384921012	17.946322465673425	17.842981768930798	16.493812677975487	16.59727327704433	16.447330379843113
2025-01-16 08:45:00	17.652410475337344	17.733101622155736	17.61615793111459	16.50392927	16.726844847059148	16.403778793350234	16.50754815	16.688910267294872	16.426066619041432	17.848567544872207	17.91849671640906	17.817150090993326	16.498248266432118	16.6500752895869	16.43003612559447
2025-01-16 09:00:00	17.606508587934442	17.676248484145994	17.575176170795928	16.50392927	16.74805972472992	16.39424747149815	16.50754815	16.740213958472317	16.40301713459939	17.80465569071181	17.854498105805025	17.78226272161196	16.41773267635023	16.51737040895861	16.37296789793198
2025-01-16 09:15:00	17.572621372533774	17.641942310155706	17.541477183167405	16.853143420000002	17.57032657200193	16.530930699535364	16.50754815	16.7434797395542	16.401549899620573	17.81544765504104	17.91308932916738	17.771579656520508	16.39463297100951	16.51078502772454	16.342448713644792
2025-01-16 09:30:00	17.579260608521672	17.696155693655182	17.526742526795026	16.853143420000002	17.416528152050475	16.600028540383118	16.50754815	16.76307793694611	16.39274491238653	17.793204907369116	17.889265421216166	17.750047285205948	16.407696600000005	16.579786541519994	16.330380829172185
2025-01-16 09:45:00	17.57260540518257	17.71163970690997	17.51014071889925	16.85314342	17.318172959183336	16.644217105294445	16.507548150000005	16.759934202230177	16.394157314940067	17.770205987486964	17.863641845351495	17.7282275585913	16.511433350000004	16.83534903223663	16.36590601450239
2025-01-16 10:00:00	17.542175160016082	17.670252212134326	17.48463329602093	16.99459725	17.584359610401464	16.72963155184862	16.72774597	17.283528280505184	16.47804667107738	17.710234978993945	17.7550743243127	17.690089765879726	16.51143335	16.806223231284633	16.378991519277918
2025-01-16 10:15:00	17.48625340347159	17.57618769668966	17.44584814130115	16.99459725	17.47860519084722	16.777144407010674	16.82457054	17.409704816596047	16.56168412587714	17.681195508563437	17.72478811390843	17.66161042500265	16.64361405	17.08018715687664	16.447472509229343
2025-01-16 10:30:00	17.475815177179076	17.58982558912544	17.424593108043744	17.11100196	17.67225133002973	16.85884644592867	17.04476835	17.809806435759135	16.70105558683285	17.73704694161851	17.88432547140094	17.670878326788728	16.879531510000003	17.529229430751272	16.587638241256673
2025-01-16 10:45:00	17.722402599999995	18.201950879570116	17.506953372946747	17.243614929999996	17.907268426446922	16.945451764929636	17.21186882	18.069220251098717	16.826681945158548	17.722661826887624	17.867307049134745	17.657676292254855	17.08700502	17.852857949698397	16.742926167526804
2025-01-16 11:00:00	17.7224026	18.097280102891855	17.553979374063076	17.24361493	17.772385710250315	17.00605124611942	17.35242061	18.202937043247495	16.970304531294605	17.88516964844846	18.278597870054753	17.708412041639843	17.294478529999996	18.136330175657672	16.916255326878428
2025-01-16 11:15:00	17.795454550000002	18.237573466114373	17.596821413774705	17.451375249999998	18.182624215614883	17.122843106028093	17.44924518	18.2383783348982	17.094707095915304	18.24165245811512	19.082691034591218	17.8637945469447	17.398215280000002	18.174164690053082	17.049600327657316
2025-01-16 11:30:00	17.99675325	18.634753945893223	17.7101152561929	17.659135559999992	18.504622855557475	17.27927894895243	17.880270689999996	19.057191022780515	17.35150938106962	18.583927548371992	19.682822515776458	18.09022111374099	17.66257669	18.57638427736748	17.252025455095776
2025-01-16 11:45:00	17.99675325	18.497608849220562	17.77173116919077	17.65913556	18.33282109275192	17.356465248183923	18.073919830000005	19.224146547766424	17.55715130462669	18.811741707353978	19.92801473687189	18.31022773757057	17.973786949999994	19.059191680532074	17.48614134642761
2025-01-16 12:00:00	18.17045455	18.822697016099173	17.877418079723565	18.008349710000005	19.026210768864363	17.551049813988485	18.214471630000002	19.272404295901897	17.73916854821799	18.985672989592803	20.0574886280951	18.504132630265687	18.07752369999999	19.043021837613722	17.643749174405414
2025-01-16 12:15:00	18.34415584	19.077898535834706	18.014503324480064	18.282416500000004	19.4215508237404	17.770631513971708	18.40812077	19.472888690854102	17.929746776572795	19.139199260000005	20.137880191017302	18.690516522876294	18.152816510000005	18.964058795798678	17.788345338119434
2025-01-16 12:30:00	18.371753250000005	18.96651491106733	18.10454148923063	18.2824165	19.129676464140992	17.901763472632304	18.60176991	19.68824385014362	18.113643936891997	19.139199259999998	19.847789273072646	18.82084722514128	18.256553260000004	19.006261139301564	17.919727980893505
2025-01-16 12:45:00	18.24350649000001	18.53012041633135	18.11473791440187	18.307465620000002	19.011155554790165	17.99131506958703	18.504945339999995	19.20756486453741	18.189275698541156	19.186685290000007	19.77339164780542	18.923092578522215	18.15281651	18.628839311822528	17.938951193239163
2025-01-16 13:00:00	18.38961039	18.87544669758302	18.171336106882997	18.565324170000007	19.484637885174397	18.15229916753035	18.575221240000005	19.26792998831358	18.26400426612	19.210428309999994	19.691605087606927	18.994247438901233	18.44562186	19.249176861020104	18.084604395773574
2025-01-16 13:15:00	18.38961039000001	18.76627159377165	18.220385791204045	18.56532417	19.273848676896975	18.24700156545208	18.672045809999997	19.363010791383964	18.361612267639092	19.210428309999994	19.612098100963227	19.029967969132464	18.54935862	19.293147003031862	18.215192824724816
2025-01-16 13:30:00	18.39401267839775	18.710536988135974	18.251806104457387	18.59037328000001	19.19294268228363	18.31965369346679	18.74232171	19.396822107200542	18.4482708069099	19.14757914	19.38577023075284	19.040565751400905	18.549358620000007	19.122003006132193	18.292083605940626
2025-01-16 13:45:00	18.847402600000006	19.72940983924292	18.451138478021292	18.47396857	18.8438355504324	18.30779644835645	18.786048929999993	19.376161229668746	18.52092601275752	19.192182139493436	19.44898201718495	19.076808281400147	18.54935862	19.037866011018828	18.32988428490458
2025-01-16 14:00:00	18.847402599999985	19.533654528000454	18.539086516405547	18.68172888	19.309255272312246	18.39979673272928	18.786048929999993	19.31656498509059	18.547701137133203	19.14636122804321	19.35017964733797	19.054790633867313	18.54935861999998	19.018085934092138	18.338770986132488
2025-01-16 14:15:00	18.97564935	19.64658436136347	18.674214779677285	18.88948919	19.66468089261585	18.54121465694071	18.715773029999987	19.088943361355547	18.54811679417358	19.18358945029392	19.42329838905519	19.075894129980895	18.54935861999998	18.9250901759163	18.38055168908106
2025-01-16 14:30:00	18.993506489999994	19.494625965845724	18.768365855924372	18.88948919	19.488223502803528	18.620492614682476	18.909422179999993	19.55043797355186	18.621429577099875	19.210428310000015	19.485403114779608	19.086888904954122	18.466643763481947	18.701461287849213	18.361146035143022
2025-01-16 14:45:00	19.194805189999986	19.871570167115987	18.890751359701497	18.98084479	19.607804426568176	18.699167272121542	18.812597610000008	19.22220730996264	18.628570063639998	19.15350349837747	19.308242214008665	19.083983205847517	18.49185756945431	18.745604341623583	18.37785539645074
2025-01-16 15:00:00	19.066558440000016	19.41952183928422	18.907980680901332	18.980844790000006	19.53549653333859	18.731653427050787	18.623530368636754	18.751939457702353	18.565839328621777	19.189512592437126	19.398568050855253	19.095589125611596	18.59141125676926	18.956762328379053	18.427268021698197
2025-01-16 15:15:00	19.13961039	19.530519798052353	18.96398442406344	18.905697450000016	19.25738697111676	18.747692012976557	18.768870379999985	19.107041972680953	18.61693821517231	19.26978693171256	19.560569284260925	19.139145584915468	18.62739075571772	18.980937762124267	18.4685507963177
2025-01-16 15:30:00	19.224550342070486	19.64064647577231	19.037608600842148	18.898024224928424	19.230258682276414	18.748759468728593	18.74232171	19.030872932782774	18.61268275483671	19.335975378090282	19.67664469530767	19.182921047166516	18.685884467978134	19.05598080793196	18.519609300752506
2025-01-16 15:45:00	19.294027907356707	19.728377396126977	19.098885383416444	18.90569745	19.24889746798152	18.751506137573514	18.64549714	18.8160383276206	18.568877186141457	19.358118392203654	19.685507029334612	19.21103074363758	18.70825962634882	19.052524984374017	18.55358968288823
2025-01-16 16:00:00	19.201106020229826	19.495754368111402	19.068727776978676	19.271119840000015	20.123550886859057	18.88814357257057	18.559480487234744	18.647685481382457	18.519852156530682	19.2813783693141	19.497319813344923	19.18436119880751	18.79403388310886	19.220862654669432	18.60227023211789
2025-01-16 16:15:00	19.167207790000013	19.36602108289273	19.077885875801854	19.11345776	19.561222164196806	18.912288245070997	18.57328200189399	18.70677452379724	18.51330710074904	19.292647610901813	19.49709726461555	19.20079341865363	18.703282033939804	18.951282107787776	18.59186171090667
2025-01-16 16:30:00	19.20608179919021	19.403369688725707	19.117445211138033	19.113457759999992	19.483820453192774	18.94706292682642	18.628055022837497	18.84990706241764	18.528382367373958	19.31100372475306	19.512841735162354	19.22032287949672	18.735038537769935	18.97718574449124	18.626247763735734
2025-01-16 16:45:00	19.285273841369087	19.536343120722503	19.172474599920463	19.022102159999992	19.215158026451057	18.935366915652416	18.603784980036185	18.80294831854542	18.51430579896683	19.407553190800403	19.703341443284238	19.27466281649607	18.763776629508374	18.99973415504292	18.657766726731992
2025-01-16 17:00:00	19.2332414095965	19.340025323150268	19.185266028144824	19.072200389999992	19.341793606663078	18.951078799904984	18.557772623298863	18.6963947509256	18.49549311668396	19.488400372688925	19.825527475055495	19.33693747162568	18.840323433881547	19.09622007502449	18.72535537771587
2025-01-16 17:15:00	19.253679233354408	19.384257242203145	19.195013751118026	18.977297049722925	19.106977444348736	18.91903484344177	18.534593958213858	18.679144184815378	18.469651102784198	19.505899150985538	19.826699958367467	19.361771252016844	18.938067858883056	19.2823748946057	18.783379190659844
2025-01-16 17:30:00	19.32877668351693	19.54320828022539	19.23243785021316	19.008154868365462	19.21502472116277	18.91521334029712	18.52214034056994	18.684179708302263	18.44934004492208	19.558743943245442	19.912208668843967	19.399940950585226	18.95380817108501	19.2766562804738	18.808760469765417
2025-01-16 17:45:00	19.330104442506997	19.523794002706065	19.24308449517116	18.914197949529417	19.03626368150954	18.85935682356733	18.53745411055713	18.747733782635226	18.44298063469595	19.516340917881813	19.77699797863208	19.39923412247228	18.944031745320967	19.221407681304832	18.819413571183276
2025-01-16 18:00:00	19.401827107801537	19.678539300070877	19.27750713736171	18.89368775879219	19.040158639055942	18.827882000992524	18.39875065	18.472433038824775	18.365646968064233	19.441286498298002	19.59732770551455	19.371181028389103	18.854273612816765	19.021289066070786	18.779237684543205
2025-01-16 18:15:00	19.38987740521233	19.60942347667214	19.29124076441154	18.955795679999994	19.221063874091005	18.836617215988092	18.495575219999992	18.740349380930365	18.385604220161703	19.43989157757545	19.589311977019335	19.372760673477472	18.984272620448007	19.286824023395656	18.848343729268635
2025-01-16 18:30:00	19.4601444691773	19.732709287330074	19.33768781174635	18.955795679999994	19.240630715617296	18.82782631617193	18.59239979000001	18.95347976257591	18.430175454494893	19.458744439313257	19.630585436684225	19.381540512958182	19.024777385120235	19.337237515434676	18.88439674686302
2025-01-16 18:45:00	19.376927803941644	19.509089534662593	19.317550794487303	18.864440080000005	19.007094250203647	18.80034907599547	18.59239979	18.903177489748778	18.452775026344767	19.46515971340214	19.63653345536967	19.388165713387746	18.876218714096588	18.984572637015738	18.82753796611842
2025-01-16 19:00:00	19.387286287650614	19.463939210201	19.35284801809899	18.864440080000005	19.015683773105398	18.796490014981636	18.715773029999998	19.13520949293417	18.527330561145526	19.485587002708414	19.650291742461352	19.41158922108028	18.97713251279422	19.15827294808535	18.89575057809821
2025-01-16 19:15:00	19.382769414928458	19.495876910582425	19.33195300383754	18.86444008	19.060570963497497	18.776323306254746	18.618948460000002	18.865126772808846	18.508346609317776	19.53156512018627	19.768346898348888	19.425184901011757	18.874525697591267	18.976258192489457	18.82881979408628
2025-01-16 19:30:00	19.37401369709422	19.512008653853584	19.312015962897988	18.88948919	19.147250532297296	18.773683369547584	18.49557522	18.616049861564075	18.441448931761073	19.522192154138228	19.75262535595748	19.418664193900593	18.806618844947682	18.882060490356185	18.77272477237284
2025-01-16 19:45:00	19.27811120203974	19.33333451060907	19.25330073007381	18.88948919	19.166151344056313	18.765191700496434	18.59239979000001	18.90508207001143	18.45191934535719	19.47159281605542	19.646762838187623	19.392893240894587	18.762101077968534	18.843139734877838	18.72569240602379
2025-01-16 20:00:00	19.221179393600174	19.266807636716248	19.200679748142228	18.864440079999994	19.135692626919298	18.742572993702918	18.59239979000001	18.919370800548318	18.44549977076815	19.36743446493022	19.434631364593127	19.33724455348746	18.696375395292176	18.76923521879651	18.663641271688782
2025-01-16 20:15:00	19.204868152743355	19.273853942342054	19.173874537126544	18.864440079999994	19.156505411084378	18.733222322556284	18.46902655	18.624708366928488	18.39908254529299	19.36965927832684	19.47331554679336	19.323089070754925	18.651877509815353	18.723410209673293	18.619739630169043
2025-01-16 20:30:00	19.12384106908218	19.13203053423648	19.120161744157777	18.773084479999994	18.93403301133094	18.700774270271598	18.63612702	19.05735390147318	18.446880160207705	19.41133489478769	19.59494025485301	19.32884553012066	18.68533333984323	18.842285730845635	18.61481849750883
2025-01-16 20:45:00	19.19449530911267	19.335004892186575	19.131367815267872	18.773084480000005	18.991272473833515	18.675057990016835	18.63612702	19.030978779953422	18.458729852484698	19.348483159856915	19.46731427750197	19.295095266422187	18.675989468418695	18.85311479114333	18.59641142487574
2025-01-16 21:00:00	19.192802238619965	19.36277101496727	19.11643945504364	18.77308448000001	19.026439983722202	18.65925809426975	18.63612702	19.00520278746356	18.470310370849713	19.314076652683077	19.422025811123213	19.265577755412885	18.640709568414323	18.816078614436893	18.56192057672304
2025-01-16 21:15:00	19.07978027136355	19.13900044578873	19.053174106042086	18.864440080000005	19.291815282614763	18.672430930999173	18.636127019999996	18.98459029548914	18.47957105564981	19.25737764243327	19.32659561529265	19.2262797125979	18.55393977194504	18.667070470355164	18.503112936427456
2025-01-16 21:30:00	19.004897550698143	19.01764412534858	18.999170828753755	19.047151280000005	19.677168761805437	18.76409994759467	18.636127020000007	18.992493397153105	18.4760203867863	19.19119733300916	19.215284993758218	19.18037534049872	18.456308204398802	18.505545158399862	18.434187254050514
2025-01-16 21:45:00	19.00421298335092	19.070955737796076	18.974227108165422	19.113457759999992	19.718494691922913	18.841629573194048	18.46902654999999	18.628708310097355	18.397285469376534	19.159573334829798	19.1901071750848	19.145855232686245	18.446440731921825	18.54291459860424	18.403097400513772
2025-01-16 22:00:00	18.91819950317041	18.949614605755905	18.904085471574035	19.113457759999992	19.655870993342717	18.869764858063412	18.46902655	18.692022111918444	18.368840138123595	19.092763830242585	19.102145638720422	19.0885488148395	18.39098957702582	18.49822734333221	18.342810290714255
2025-01-16 22:15:00	18.920847825553235	19.003322868066803	18.883793820945698	18.99705305	19.306656213293575	18.85795597663622	18.48364030685926	18.738457932420147	18.369157025810168	19.037096358723744	19.027810529449933	19.04126825303517	18.297666185865978	18.346875678509782	18.275557573228895
2025-01-16 22:30:00	18.844466319864107	18.874556127568617	18.830947710605557	18.90569745	19.08915426596198	18.823274822538814	18.56585112	18.96161969803987	18.38804204870673	18.968164022852505	18.92678176497871	18.986756051752337	18.209704409999986	18.218906904110284	18.20556995612435
2025-01-16 22:45:00	18.875372836293945	18.98900885460201	18.82431897299611	18.90569745000001	19.12781977996829	18.80590335972441	18.469026550000006	18.769437150392303	18.334059468664343	19.01664188475264	19.093117952981533	18.98228307149038	18.271226091892338	18.412225197793134	18.207878667502115
2025-01-16 23:00:00	19.041307901230514	19.388571106659516	18.8852910987914	18.808354578037253	18.923792639810504	18.756491101008706	18.56585112	19.021356751886522	18.36120366219592	18.989483789698642	19.076581278154556	18.950353034015542	18.24722312100295	18.40700799312302	18.175435714688135
2025-01-16 23:15:00	19.049800748488767	19.398002714052893	18.89336218424981	18.78929273	18.967442500689796	18.709254427226334	18.59239979	19.034162592197305	18.39392664698382	18.96209581465776	19.055363563257686	18.920192913112857	18.172488736026946	18.287078711039374	18.12100628348513
2025-01-16 23:30:00	18.93862738785649	19.142665664144022	18.846958017350488	18.90569745	19.295058583226883	18.73076708579662	18.539302450000008	18.876853521540415	18.387649070032573	18.828050009116453	18.792706558644948	18.843928950632623	18.11544435111264	18.210175322153393	18.07288405977549
2025-01-16 23:45:00	18.86881316545344	19.00765378153658	18.80643549735812	18.90569745000001	19.2725928225331	18.740860398572096	18.539302450000008	18.86092800206393	18.394804013565484	18.918528859999995	19.079789639354996	18.846078364927468	18.002230899999994	18.01780958597008	17.995231780216333
2025-01-17 00:00:00	18.871790420419764	19.00714112758111	18.810980682419736	18.905697449999998	19.23908960289556	18.755912569713587	18.46902654999999	18.69644689060438	18.366852194076273	18.942271880000003	19.12805536102094	18.85880393925147	18.059378424894742	18.172466882700686	18.008570567039893
2025-01-17 00:15:00	18.892857140000004	19.121781970872565	18.790006853665954	18.99705305	19.48174036349937	18.779294981616232	18.645497140000007	19.150119064860867	18.418782941874113	18.855679699999992	18.927654391323806	18.8233432444777	18.0775237	18.281720086286857	17.985783294566776
2025-01-17 00:30:00	18.89285714	19.13545952000587	18.78386186782345	18.90569745	19.235294228102134	18.757617738099043	18.645497140000007	19.106419836231808	18.438415928649484	18.875773910348634	18.99863127933665	18.820577121383	18.115622595650077	18.408548638017855	17.984018141832674
2025-01-17 00:45:00	18.89285714	19.139878777034877	18.781876404520567	18.814683381455467	19.053158067177005	18.70754258062405	18.81259761	19.473803857485404	18.51553393359351	18.857308103713883	18.999988147605556	18.79320547529879	18.18126046	18.59507674573968	17.995342998290873
2025-01-17 01:00:00	18.993506490000005	19.379975048498665	18.81987568835568	18.930746560000003	19.41057330604121	18.715172224822062	18.71577303	19.151001006845384	18.520235823011493	18.81727668599354	18.94868494406249	18.75823819323793	18.49247072	19.26217148060248	18.14666313190323
2025-01-17 01:15:00	19.25	19.941888653345544	18.939151474583895	18.930746559999996	19.397259475150932	18.721153801019135	18.71577303	19.140419426809295	18.52498986621611	18.855679699999996	19.097851354963584	18.746877941972876	18.492470719999993	19.12732030926688	18.207248440764147
2025-01-17 01:30:00	19.25	19.805851756382182	19.000269500755834	18.93074656	19.37351408889087	18.731822018034528	18.78604893	19.302610131202513	18.553970709169878	18.8556797	19.102468103129045	18.744803750768114	18.49247072	19.040036305155382	18.24646299333599
2025-01-17 01:45:00	19.37824675	20.00540696946127	19.096479115169572	18.930746559999996	19.383244800185743	18.727450249191904	18.8828735	19.498895229811055	18.606110114142858	19.028864059999997	19.52980464395379	18.803803797643937	18.624651419999996	19.28134440514228	18.32961544116796
2025-01-17 02:00:00	19.176948049999993	19.443992335600484	19.056971631831665	18.93074656	19.36756732589857	18.73449375213253	18.882873500000006	19.443014006612067	18.631216170942412	19.05260708	19.50193286466652	18.850736075294748	18.62465142	19.178791543668346	18.3756899151635
2025-01-17 02:15:00	19.103896100000007	19.293765061853573	19.018592653370142	19.02210216	19.559563663117192	18.7806339484546	19.049973970000003	19.784247788646447	18.72008283408639	19.13919926	19.635114554486307	18.91639673639021	18.624651419999996	19.104513841928426	18.409061056524905
2025-01-17 02:30:00	19.25	19.66947229963642	19.06154143059814	19.02210216	19.502197286341445	18.806407248165442	19.04997397	19.683353247184268	18.765412265757803	19.076350089999995	19.41451735641131	18.924419868858685	18.624651419999992	19.05678389219356	18.430504946985494
2025-01-17 02:45:00	19.378246749999995	19.950635982794246	19.121086370048957	18.95579568	19.333929984351226	18.785909253407425	19.049973970000003	19.614886210532894	18.796172818456245	19.07635008999999	19.374118052818133	18.942570280617932	18.624651419999992	19.038231291093535	18.438840173566668
2025-01-17 03:00:00	19.4512987	20.07792168625763	19.16977243081179	18.955795680000005	19.36435604003666	18.77223957621542	18.882873500000002	19.18261105405376	18.748208801801933	19.076350089999995	19.370230038502445	18.944317069658315	18.624651419999996	19.018904264791203	18.447523330311192
2025-01-17 03:15:00	19.5974026	20.298852361532425	19.28225850423906	19.138506880000005	19.779922791267026	18.850334514068447	18.78604893	18.99786953533955	18.690883150789475	19.139199260000005	19.52965571895548	18.963776792933057	18.624651419999996	18.999767429459922	18.456121038938292
2025-01-17 03:30:00	19.597402599999995	20.18748650935298	19.332292437826915	19.138506880000005	19.708883591135887	18.8822506764462	18.786048930000003	19.05628356903691	18.66463916463559	19.076350089999995	19.31668426595735	18.96837386601916	18.62465142	18.986573505687506	18.462048743821555
2025-01-17 03:45:00	19.670454550000002	20.249595488248218	19.41026079513486	19.04715128	19.440048915432474	18.870632052486865	18.882873499999995	19.34323446681293	18.676044659837665	19.07635009	19.34264304989218	18.95671122396148	18.62465142	18.978688760699885	18.46559116548265
2025-01-17 04:00:00	19.670454550000006	20.16227924614917	19.449489831440232	18.955795680000005	19.242885271550072	18.826813399738374	18.953149399999994	19.50062221596423	18.707183352247945	19.24953445	19.78862602679439	19.00733388651266	18.492470720000004	18.683305322117707	18.4067334349906
2025-01-17 04:15:00	19.5974026	19.9347114459729	19.44585804601217	19.04715128	19.512342340455522	18.838152397766365	18.953149399999997	19.45976381677107	18.725540024349222	19.18668529	19.530521206184005	19.0322082841782	18.360290019999997	18.446775122042297	18.321434394444765
2025-01-17 04:30:00	19.597402600000002	19.939043913459017	19.443911575112622	19.04715128	19.478648365001362	18.853290270796496	19.146798539999992	19.86790209252731	18.82282448016888	19.100093109999992	19.270517947872126	19.02352542921686	18.344239596423808	18.490936634653664	18.27833223142199
2025-01-17 04:45:00	19.42370130000001	19.551430372664438	19.366315774600046	19.04715128	19.47402783174258	18.85536616255044	19.24362311000001	19.981122937393682	18.912282607837636	19.210428310000005	19.575513620035974	19.04640447505631	18.417177909999996	18.717555939640235	18.282225461900765
2025-01-17 05:00:00	19.40398623884904	19.552931177489445	19.337068947575823	19.04715128	19.483061219664005	18.851307683919067	19.14679854	19.635251165887325	18.92734880952888	19.210428310000005	19.550209950246376	19.05777279046903	18.417177909999996	18.747364286323627	18.268833306144458
2025-01-17 05:15:00	19.423701300000005	19.668806580831344	19.31358153614825	19.138506879999994	19.668804974582528	18.900257011419434	19.07652264	19.431568831419337	18.917009133710152	19.210428310000008	19.51337264372191	19.074322884704664	18.417177909999996	18.77073005814565	18.258335640543255
2025-01-17 05:30:00	19.423701300000005	19.69067361535985	19.303757216287615	19.138506879999998	19.65278360039255	18.90745502011349	19.07652264	19.43770529773185	18.91425217058424	19.210428310000005	19.49085747268488	19.084438396329993	18.445621859999992	18.839534659861517	18.26864654412018
2025-01-17 05:45:00	19.4237013	19.715776635094745	19.29247904800091	19.138506880000005	19.623603706571657	18.92056482748231	19.00624675	19.28346492686047	18.881699453149643	19.21042831	19.48486688841091	19.08712981825017	18.52091467	19.025194517791324	18.294354158673464
2025-01-17 06:00:00	19.4237013	19.73768510550482	19.282636112019578	19.13850688	19.616784425513313	18.92362856245055	19.076522639999997	19.48302505162685	18.893891121732867	19.210428309999994	19.471859285579736	19.092973813725038	18.520914669999996	18.971238459909735	18.31859528612751
2025-01-17 06:15:00	19.496753249999998	19.910018406374686	19.31108339713602	19.13850688	19.59217436129992	18.934685257966713	19.24362311	19.889869138708285	18.95328069130498	19.210428309999994	19.478124189563097	19.090159146718015	18.52091467	18.96619249642374	18.320862313200934
2025-01-17 06:30:00	19.49675325	19.879228448404753	19.32491656665874	19.022102160000003	19.317483569612705	18.889394570174005	19.12024987	19.50213244873714	18.94867943607461	19.210428309999998	19.467674026521173	19.094854147504975	18.756832120000002	19.463087985093967	18.4395287603201
2025-01-17 06:45:00	19.59740259999999	20.07776017910915	19.381589774603132	19.022102160000003	19.359535107165126	18.870501850404075	19.12024987	19.514960331942284	18.942916184199838	19.21042831	19.45395487367665	19.101017824869913	18.756832119999995	19.33854150565692	18.495484424994707
2025-01-17 07:00:00	19.524350650000002	19.873955450075872	19.36728182677751	19.113457760000003	19.61098511405847	18.889930977741855	19.120249869999995	19.53922267208634	18.93201571254091	19.21042831	19.455531024533425	19.10030969912267	18.756832119999988	19.27485030760713	18.52409931107504
2025-01-17 07:15:00	19.524350650000002	19.85498342811227	19.37580548881913	19.113457760000003	19.592488794334514	18.898240918487396	19.146798540000002	19.58838151996636	18.948406186681787	19.10009311	19.197699611501314	19.056240913673328	18.653095369999996	19.009636809674245	18.49291008550867
2025-01-17 07:30:00	19.4512987	19.664845175759517	19.35535752973124	19.34626719	20.126083171980373	18.995915082153736	19.14679854	19.58147587480759	18.95150872291253	19.10009311	19.255332329048215	19.030347953616015	18.653095369999992	19.01032826437182	18.492599431948882
2025-01-17 07:45:00	19.451298700000002	19.71229248091864	19.33404062451482	19.346267189999995	19.992821767795576	19.055786147801975	19.14679854	19.587865469932538	18.948638035247704	19.10009311	19.27618452299383	19.02097957662596	18.549358620000003	18.774671000370226	18.448131318674253
2025-01-17 08:00:00	19.451298700000006	19.71697154148779	19.331938437882307	19.346267190000003	19.91369964490457	19.09133376823128	19.146798540000002	19.577847333352835	18.953138937189312	19.100093109999996	19.299938140649004	19.01030766144754	18.54935862	18.820607029221247	18.42749339266872
2025-01-17 08:15:00	19.451298700000006	19.753790787305846	19.315396457877092	19.346267189999995	19.862254114238738	19.11444697766084	19.14679854	19.555831777324546	18.96302998410057	19.100093109999996	19.312359574420032	19.004727017289547	18.419231232519646	18.569352029532425	18.35178565705014
2025-01-17 08:30:00	19.451298700000006	19.754851249709603	19.31492001824642	19.34626719	19.832798617130372	19.127680606796496	19.146798540000002	19.56632600809338	18.958315184769646	19.27327747	19.74300821682878	19.0622390185262	18.44562186	18.699690957455424	18.331474874186693
2025-01-17 08:45:00	19.451298700000002	19.7541501378579	19.31523501052762	19.346267190000003	19.79847383659233	19.143101885009244	19.146798539999995	19.56731407312945	18.957871271492564	19.27327747	19.677244435533865	19.091785065194923	18.44562186	18.737100901147137	18.31466750818027
2025-01-17 09:00:00	19.254893316006413	19.30331961600776	19.233136572527545	19.22986248	19.50719052943272	19.105265820109935	19.146798540000002	19.567520621512386	18.95777847439299	19.249534450000002	19.562691857296645	19.108840542373972	18.520914669999996	18.941686268787784	18.331872357501133
2025-01-17 09:15:00	19.207902390138337	19.276134123734437	19.177247553305296	19.11345776	19.29722936131254	19.0308937072364	18.97969807	19.1717742765878	18.893402962692434	19.185543015723066	19.377486902847036	19.099307356290563	18.313441159999993	18.498970469030194	18.230087412464684
2025-01-17 09:30:00	19.16624637959503	19.257079699037728	19.12543720709179	19.22986248	19.662476272590467	19.035499761589783	18.82344650892143	18.88868166582896	18.79413796016587	19.09830843776413	19.21174741254114	19.047343101270105	18.313441159999996	18.558012428433916	18.203561314761565
2025-01-17 09:45:00	19.058584461128888	19.08906480129877	19.04489039525546	19.22986248	19.66178175800602	19.035811789881357	18.698671316620867	18.717368425632166	18.690271166195497	19.075058145855557	19.202842802696527	19.017647647854545	18.313441159999993	18.599564212840537	18.184893121767285
2025-01-17 10:00:00	18.9770966925062	18.99307925116804	18.969916122672625	19.229862480000005	19.658786874974993	19.037157317040233	18.601094251696367	18.61882405966917	18.593128685795545	19.01791607652776	19.11750115918542	18.973174952435187	18.20970441	18.398345931415378	18.124952422117733
2025-01-17 10:15:00	18.89866357853595	18.904490205704285	18.89604581850379	19.229862480000005	19.665545065169574	19.034121028691942	18.530259442919377	18.576411904974066	18.509524278807845	18.96094868886429	19.033241420000614	18.92846934589	18.105967649999997	18.223626542293534	18.05310640853479
2025-01-17 10:30:00	18.846200951985335	18.8744556179229	18.833506826709037	18.94740221305352	18.99792899447191	18.924701775024964	18.535930695473827	18.69499856101705	18.46446542254861	18.929103718501437	19.011154674040668	18.892240245722952	18.082372297759257	18.23994502432583	18.0115787539395
2025-01-17 10:45:00	18.78351520013174	18.818922965752343	18.767607363403645	18.888064590163808	18.977906132586977	18.847700998640356	18.379107258544714	18.43585771980422	18.353610674500583	18.87897813182664	18.946742428589506	18.84853330284622	17.96021868742519	18.049556578404058	17.920081374086855
2025-01-17 11:00:00	18.711318589313485	18.739204700884294	18.698790046433846	18.73562695131131	18.74508756442939	18.731376530924923	18.304771748420126	18.37558386529161	18.27295760895613	18.852314682075903	18.938940404599883	18.813395879202815	17.877489538928447	17.95598895197865	17.842221686688497
2025-01-17 11:15:00	18.652386868221157	18.689734707305284	18.63560740428481	18.666565473911042	18.70765266131426	18.648106012903803	18.236391268449122	18.323962103738104	18.197047849696105	18.834168251559472	18.945336117182215	18.78422326845361	17.805947489901964	17.887201030339515	17.769442276082188
2025-01-17 11:30:00	18.59312139094192	18.63931306080707	18.57236861172714	18.57656872809635	18.620663837838425	18.556757881690487	18.143975078588362	18.216721095523802	18.11129208547244	18.798942260047614	18.909151276236482	18.74942806436856	17.766313439999994	17.88655928075405	17.71228994632788
2025-01-17 11:45:00	18.52864643783254	18.574473004849565	18.508057690332134	18.479263350030763	18.515021140531537	18.463198255747805	18.013194868340577	18.027515964059464	18.006760752872673	18.72297831435743	18.781729865080912	18.69658269011933	17.727935262088792	17.87390296880898	17.66235556776522
2025-01-17 12:00:00	18.41325252029202	18.4083488696885	18.4154556096936	18.350601774017758	18.34954863669031	18.351074922672126	17.9056458210987	17.907373779663885	17.90486949188825	18.646215225603306	18.668925104187917	18.63601223667398	17.545652894905373	17.56527320614969	17.53683797246227
2025-01-17 12:15:00	18.331998034032885	18.31694034274688	18.33876308374109	18.24399840750683	18.23341218244401	18.248754537607518	17.821211333963838	17.83434996922925	17.8153084688446	18.636832868586552	18.707810640020412	18.604944304609017	17.47857653280676	17.516813089225685	17.461397790067824
2025-01-17 12:30:00	18.273168236434167	18.27510836470816	18.27229658460092	18.13940023650775	18.122380096441418	18.14704696610277	17.73247568106404	17.74893078335515	17.725082809020208	18.54541533141236	18.555967166064306	18.540674652075975	17.423446730422505	17.48942178342264	17.393805764581867
2025-01-17 12:45:00	18.204423011602433	18.2077279869125	18.202938167622552	18.0438239113776	18.03235977235797	18.04897446658933	17.628144821424446	17.62818362314098	17.62812738876919	18.497253977180428	18.511487973973153	18.490858993114124	17.36481501708584	17.448689479778892	17.327132287470118
2025-01-17 13:00:00	18.133655027304734	18.141493209382705	18.13013352521173	17.95453536087054	17.960480782012553	17.95186422963283	17.57675255875801	17.632302565474014	17.551795309363857	18.41560923520591	18.396190174538514	18.424333740723142	17.26457638804241	17.322650042832034	17.238485325745625
2025-01-17 13:15:00	18.056319169602027	18.05683976691052	18.056085278057633	17.84664955737475	17.840531118229453	17.84939842133858	17.43993869063601	17.43536066245497	17.441995485905746	18.35893827404317	18.340080184927064	18.367410748863442	17.166725686168295	17.202123649125337	17.150822253535427
2025-01-17 13:30:00	17.999834324887793	18.018854205808527	17.991289160995866	17.767340868773918	17.78400520152995	17.759853994637155	17.36237850719309	17.377509371181187	17.355580582792633	18.318145892961443	18.31824615677822	18.31810084689883	17.118199701829248	17.189925120733214	17.085975238263703
2025-01-17 13:45:00	17.919964045043834	17.925515020441782	17.9174701285607	17.66111385837745	17.664388956982247	17.659642437265152	17.26020218792942	17.2621529013473	17.259325780451825	18.24068525724909	18.212019881406757	18.253563904366658	17.041737928544244	17.11162728543526	17.010338362404795
2025-01-17 14:00:00	17.83256448913856	17.815743658232208	17.840121674038514	17.55370380869957	17.543765744396953	17.558168736139876	17.150101355929365	17.130752424877965	17.15879435393797	18.191271879523516	18.172769241508565	18.199584658921534	16.952217551391378	17.003419449415123	16.929213800105337
2025-01-17 14:15:00	17.754379948063107	17.73335348929458	17.763826617944623	17.431269988919595	17.39331503624363	17.448322214034885	17.051002380009457	17.028356124621368	17.061176784604115	18.12447516124156	18.094720954745984	18.137842993145362	16.829209769429948	16.830157786777928	16.828783848592444
2025-01-17 14:30:00	17.68432837300773	17.669736796690263	17.69088400874457	17.342041995691183	17.319260874681127	17.352276992087006	16.98158186331944	16.99063909285375	16.977512673238813	18.104607333521237	18.123093068551704	18.096302148217692	16.76921806866475	16.799545005498167	16.75559292313089
2025-01-17 14:45:00	17.613088661025916	17.601868251183067	17.618129714723427	17.25527154441355	17.247222880049037	17.2588876110121	16.907791182397066	16.936934198059145	16.894697943476423	18.052852884702613	18.07121316822051	18.044604061672835	16.724274178776206	16.794421522247088	16.69275870562262
2025-01-17 15:00:00	17.533646965475832	17.520319989585023	17.53963444739779	17.161790417999146	17.161291614431573	17.162014518152695	16.823953090184258	16.861101366203616	16.807263285016145	17.99774779694804	18.01519564629326	17.989908908111786	16.656579649501804	16.738788201788136	16.619645372387655
2025-01-17 15:15:00	17.458043167669892	17.440797577218394	17.465791186568392	17.0725719847932	17.078262814234307	17.070015235334154	16.702700891478216	16.696985837272166	16.70526852452732	17.89774505801905	17.855211258754245	17.916854446094547	16.53848945281248	16.567259481697775	16.525563787661117
2025-01-17 15:30:00	17.380688654056993	17.357857292951167	17.390946222090047	16.97492858443342	16.97487684821787	16.974951828240414	16.624852183536458	16.6353725464381	16.62012564368211	17.838747145731784	17.797364870293833	17.85733918252275	16.4596873782375	16.488741008648702	16.44663429790783
2025-01-17 15:45:00	17.33925396400725	17.35382834512497	17.33270605365001	16.894187537021303	16.908713504540447	16.887661377701107	16.561219282096843	16.600813807055598	16.543430437550164	17.822063629649072	17.833393295327355	17.816973489996506	16.412488664043753	16.47656712182925	16.383699791705336
2025-01-17 16:00:00	17.266554286411328	17.2812056613014	17.25997178464912	16.781805259124166	16.777095700620087	16.783921147727447	16.50754815	16.59912715234515	16.46640396054059	17.754897910543615	17.752358823565185	17.7560386597658	16.387310716426278	16.511701686570763	16.331424918245414
2025-01-17 16:15:00	17.20554297021781	17.228489872403788	17.195233492424105	16.68044826809877	16.66743531390656	16.686294667808312	16.50754815	16.691026923896445	16.425115657379855	17.68518238617686	17.664011484720625	17.694693950599216	16.266717639946798	16.32682903878815	16.23971106945285
2025-01-17 16:30:00	17.109727373971296	17.097537771909867	17.115203861853967	16.570388447879832	16.540009287068617	16.58403705636023	16.507548150000005	16.750378040640413	16.398450662900693	17.62566392958394	17.601519715779897	17.636511329988643	16.15003386410805	16.16172881169195	16.144779612294993
2025-01-17 16:45:00	17.02918593908533	17.00611799664784	17.03954979728188	16.50392927	16.51118804020694	16.500668083385293	16.50754815	16.779746082134757	16.38525632541772	17.613953623231666	17.645913865905165	17.59959467362473	16.091998631745504	16.12986618795912	16.074985671707505
2025-01-17 17:00:00	16.959809234042286	16.940559431212638	16.968457696183144	16.50392927	16.63292133603904	16.44597631279406	16.50754815	16.810125245449242	16.371607715812665	17.546184142802755	17.555405519072455	17.542041205638107	16.04479764150413	16.116286658289273	16.012679387586164
2025-01-17 17:15:00	16.882753033555396	16.859829533319587	16.893051997429453	16.50392927	16.716457100702783	16.40844575185816	16.50754815	16.84053958492254	16.357943302426108	17.471976434771236	17.455466120584408	17.479394112159518	15.957125417961883	16.012385962351026	15.932298216859518
2025-01-17 17:30:00	16.809891566876114	16.7885000367395	16.819502254328803	16.50392927	16.772778004698512	16.383142157309365	16.50754815	16.85331377976943	16.352204171407948	17.38707810307507	17.33608489557413	17.409988094850853	15.93586168	16.057268612002794	15.881316536636426
2025-01-17 17:45:00	16.750578903717	16.746009044349872	16.752632028939914	16.50392927	16.81015317703125	16.36635041321783	16.507548150000005	16.860684985729193	16.34889247017965	17.348605450319624	17.326406254562954	17.358579002036393	15.93586168	16.123530876158373	15.85154653389986
2025-01-17 18:00:00	16.74350649	16.831009907643555	16.70419336033406	16.50392927	16.832434743424123	16.356339854403643	16.50754815	16.865496643151026	16.346730711048096	17.3182231667215	17.33219379796754	17.31194650630661	15.93586168	16.171255273419305	15.830105138029001
2025-01-17 18:15:00	16.74350649	16.89412824174106	16.675835847913433	16.50392927	16.8448537045186	16.350760321158297	16.50754815	16.865333221743022	16.346804132260388	17.26589285462633	17.278693666093417	17.260141765416485	15.93586168	16.19902573719833	15.81762855285292
2025-01-17 18:30:00	16.74350649	16.929987196495482	16.65972530302377	16.50392927	16.85561257767497	16.345926624522825	16.507548150000005	16.868534078017746	16.345366066397837	17.200289904334543	17.195338226864628	17.202514571023926	15.93586168	16.21887032660213	15.808712867758455
2025-01-17 18:45:00	16.74350649	16.959214122010934	16.646594365473344	16.503929270000008	16.86071085024291	16.343636096267687	16.50754815	16.870296472718756	16.344574265879977	17.12892596197068	17.102495462619178	17.140800534143096	15.93586168	16.22869897555764	15.804297097937859
2025-01-17 19:00:00	16.743506490000005	16.975923027282466	16.639087466003534	16.50392927	16.850643770161543	16.34815898731873	16.50754815	16.858982434374667	16.349657384556316	17.103346627549865	17.1124051130122	17.09927687321172	15.93586168	16.234735967839086	15.8015848260433
2025-01-17 19:15:00	16.74350649	16.984163386450945	16.635385275652478	16.503929270000004	16.854626994851174	16.346369422603104	16.50754815	16.865263666649433	16.346835381650255	17.056566167529397	17.06977010297493	17.05063396464808	15.935861680000006	16.24330932079281	15.797733029788734
2025-01-17 19:30:00	16.74350649	16.992424625300643	16.631673704575068	16.503929270000008	16.86255838448666	16.342806044650935	16.50754815	16.866817651420433	16.34613721457923	17.0128713473157	17.03322336423337	17.0037276875411	15.935861680000002	16.246981027934773	15.796083422232197
2025-01-17 19:45:00	16.743506490000005	16.996762270419318	16.629724907492772	16.503929270000004	16.872198986553812	16.338474759664237	16.50754815	16.86931591659253	16.34501480558886	16.91776460668838	16.880456095235097	16.934526401689126	15.93586168	16.249553123066732	15.794927843259876
2025-01-17 20:00:00	16.743506490000005	17.000445231060056	16.6280702440165	16.50392927	16.8693535785888	16.33975313135866	16.507548150000005	16.864844380544735	16.347023756566855	16.885568721751937	16.876302786182606	16.889731678312067	15.93586168	16.246101488251185	15.796478577742223
2025-01-17 20:15:00	16.74350649	16.996195022167324	16.629979758156708	16.503929270000004	16.863023005877245	16.342597301707332	16.50754815	16.861887816626826	16.348352067892296	16.88295357563667	16.935283750041272	16.859442917570824	15.93586168	16.243724901979682	15.797546319400437
2025-01-17 20:30:00	16.74350649	17.00271615843213	16.627049972298607	16.50392927	16.86255436696463	16.34280784962459	16.50754815	16.863807933636032	16.347489406627282	16.891064760706513	17.005789498715718	16.83952176247049	15.93586168	16.2501075102149	15.79467877077302
2025-01-17 20:45:00	16.74350649	17.009278022311445	16.624101888526738	16.50392927	16.866602620373108	16.340989069107735	16.50754815000001	16.873274911531553	16.343236126703225	16.751420924804304	16.73606047493021	16.758321996486863	15.935861680000002	16.25228948625472	15.793698462697154
2025-01-17 21:00:00	16.743506490000005	17.02321394780364	16.617840820551983	16.50392927	16.863347222328173	16.342451639243862	16.516339040534746	16.89193001819546	16.347595267962546	16.68249534	16.647616533520726	16.698165528418226	16.2565929851169	16.962588237302253	15.93940671239594
2025-01-17 21:15:00	17.017857140000004	17.654207261617948	16.731960708548463	16.803045190000002	17.56018833165722	16.46287943070473	17.018219680000005	18.05652050353035	16.55173670131246	16.89478585	17.23100955240944	16.74372882427982	16.77579476	17.972212403982667	16.238273789515038
2025-01-17 21:30:00	17.01785714	17.521071841091114	16.791775172843124	16.80304519	17.425559835549915	16.523364697071777	16.947943780000003	17.659979759163576	16.628043557477234	16.894785849999998	17.191217377870082	16.76160646791344	16.775794760000007	17.679177328495914	16.36992722922648
2025-01-17 21:45:00	17.090909090000004	17.61474440396186	16.85556278952439	16.894400789999995	17.553347592726936	16.598352226456008	16.94794378	17.54333204716351	16.680450500549725	17.09171322	17.64382900330579	16.843661201413333	16.775794760000004	17.482536360691423	16.45827317128357
2025-01-17 22:00:00	17.219155840000003	17.832402961414445	16.943639017335535	16.89440079	17.4682079294411	16.636603379526463	17.044768350000002	17.699170459081135	16.750761605340365	17.09171322	17.539730104959155	16.890430271685013	16.879531509999996	17.592083947467394	16.559399255485662
2025-01-17 22:15:00	17.579235201373415	18.56264701820789	17.137412501056474	17.102161099999996	17.88657024698899	16.74974539628031	17.04476835	17.60126205730443	16.79474943802264	17.09171322	17.453912293042585	16.928986100227235	16.983268269999996	17.692603470094383	16.66458144097209
2025-01-17 22:30:00	17.826017952899154	18.905133393034195	17.341197972548635	17.120684827540476	17.78127026055169	16.823900067781814	17.211868819999996	17.93168570437823	16.888472828467755	17.1783054	17.604605642358496	16.98677920415777	16.98326827	17.56244616416683	16.723057911751138
2025-01-17 22:45:00	18.02435065	19.098589461421206	17.54172161878178	17.72544204	19.090239397371924	17.112272212774933	17.58979698	18.694027417195596	17.09369345024545	17.38361266	18.037254632936516	17.08994742578215	17.190741769999995	17.93307356279742	16.85723038483013
2025-01-17 23:00:00	18.124999999999996	19.06788617794972	17.701384470776212	17.72544204	18.779660474083045	17.25180767106414	17.75689745	18.85181374629946	17.264978534271258	17.470204839999997	18.105622195654135	17.18472747731481	17.36977133	18.211907023599323	16.991420511136532
2025-01-17 23:15:00	18.22564935	19.07958030001961	17.84199921303467	17.684184679999998	18.46725651579225	17.332369797252756	17.730348779999996	18.553441155672438	17.36055365469789	17.470204840000005	17.961533389382673	17.249463027958512	17.369771329999995	18.053329113586145	17.062665659113463
2025-01-17 23:30:00	18.22564935	18.884752473588026	17.929530555344513	17.95825147	18.959025434143335	17.50862838466024	17.800624669999998	18.57094490349693	17.454538767994134	17.75372439	18.552075375053345	17.395044961932555	17.23759063	17.643094317936555	17.055407813680674
2025-01-17 23:45:00	18.37175325	19.09935606769693	18.044859230455003	18.16601179	19.24306662905224	17.682117586947545	17.897449249999998	18.660010578930976	17.554849232654195	17.816573559999995	18.494821289569337	17.511853565555807	17.44506414	18.078710381494098	17.16038249527076
2025-01-18 00:00:00	18.665275604555962	19.667309551194847	18.21508644012399	18.32367387	19.430564523303893	17.826375170689563	18.038001040000005	18.90270280019071	17.649511843392585	18.147579139999998	19.15284242096181	17.695939115220053	17.48993249485285	18.108109663652	17.212200723363374
2025-01-18 00:15:00	18.90422679351405	19.987799592705912	18.417404231558294	18.4651277	19.511605850050234	17.99497084997743	18.469026550000006	19.77170791725132	17.88376390674218	18.257914340000003	19.193041046724368	17.8377849500224	18.02063581	19.183108569473937	17.498365439801553
2025-01-18 00:30:00	19.09415584	20.157964462314354	18.616212835771826	18.764243609999998	20.010533635980345	18.20431620702332	18.618948460000002	19.823156529070957	18.07792744346089	18.3207635	19.1166660071248	17.963184112741043	18.124372559999994	19.12667779971321	17.674061510273773
2025-01-18 00:45:00	19.094155840000006	19.882686395087013	18.739888489163818	18.672888020000006	19.523085305092508	18.29091532669758	18.786048929999993	19.927480013798757	18.273232066264313	18.40735567999999	19.133182326071843	18.081259650605396	18.22810931	19.140335592600152	17.818268516368022
2025-01-18 01:00:00	19.19480519	19.96770018725451	18.847562510074056	18.67288801999999	19.39414330275826	18.3488457915144	18.97969807	20.153930997117204	18.4521441462227	18.714618249999994	19.733181592291803	18.25700283534716	18.22810931	18.978822292596142	17.890832462746644
2025-01-18 01:15:00	19.267857140000007	19.961713217439865	18.95612469941109	18.789292730000007	19.55003459951618	18.44751015094201	18.83176363481679	19.52474021287366	18.520426331631818	18.77746741	19.64522634468506	18.38760470021397	18.43558282	19.285146833974004	18.053894639808775
2025-01-18 01:30:00	19.19480519	19.634019729223738	18.997476918754558	18.789292730000007	19.438946050209566	18.497419499181213	18.624647436027978	18.954221295457465	18.47657802092197	18.801210429999994	19.482442769062423	18.495149524044415	18.567763520000007	19.398973070555858	18.194321548011132
2025-01-18 01:45:00	19.194805190000015	19.574370331752192	19.024275923415686	18.789292729999993	19.3512886064982	18.536801828964563	18.61894846	19.007346597771143	18.444450745928897	18.91154562	19.5791897326288	18.611589569398653	18.539319580000008	19.169172194297776	18.25634231850391
2025-01-18 02:00:00	19.19480519	19.557333424072883	19.031930186286075	19.02210216	19.875045179449177	18.638895875899642	18.812597609999994	19.47691197295091	18.514137533891613	19.08472997999999	19.823493002593363	18.752821955356602	18.624651420000014	19.282732388787217	18.328991854313003
2025-01-18 02:15:00	19.121753249999987	19.335703301116055	19.02563076326669	19.022102160000006	19.733346548319858	18.70255757974035	18.8828735	19.574960237079218	18.57193598044266	19.14757914000001	19.867027912726233	18.824348531963572	18.62465142	19.153805031578667	18.38691573943568
2025-01-18 02:30:00	19.145986446844137	19.36470114331688	19.047723322341895	19.113457759999992	19.83735240778986	18.788229729833525	18.85632482999999	19.40930926468773	18.60788254774898	19.29702048	20.08498858398933	18.943005824584496	18.417177910000014	18.61002736560325	18.330535400960898
2025-01-18 02:45:00	19.072318805309692	19.219400471343207	19.006238636512023	19.022102160000014	19.510138247199652	18.802839570098726	18.85632483	19.370034506675815	18.625527728884776	19.297020479999986	19.895197957065154	19.028274077260576	18.31344116	18.410758633354355	18.269718816898745
2025-01-18 03:00:00	18.97776187210664	19.133523698435585	18.90778192114729	18.991006520480934	19.444824070901063	18.78711747608928	18.69584160203796	19.008020576868326	18.555587280012716	19.21042831	19.613575966631434	19.029304000498925	18.38873397000003	18.70175981178757	18.248099171515747
2025-01-18 03:15:00	18.968563589278958	19.090613249764647	18.913729683843343	18.950568454498548	19.344764958197388	18.77346567747442	18.636086055634195	18.889250610679515	18.5223454584399	19.34450652	19.87193299112732	19.107546801087736	18.36029002	18.592295621198826	18.256055619461364
2025-01-18 03:30:00	18.976749391210888	19.09258850989487	18.924705729193448	18.8712075748128	19.171017810656203	18.736510222477364	18.55207170815468	18.728740082035706	18.472698960469003	19.23417132	19.47146549021233	19.12756089570169	18.346129718585768	18.5267883081891	18.26496426528567
2025-01-18 03:45:00	18.97984067843882	19.085323970644122	18.932449634114704	18.88064833	19.21405785431212	18.730855645164098	18.52311788579593	18.70278342243771	18.44239858672499	19.234171319999987	19.445081296021016	19.139414664106496	18.358430752441976	18.535646574717674	18.27881204968041
2025-01-18 04:00:00	19.014080387976154	19.107327860612543	18.972186595922125	18.880648329999993	19.19806317525254	18.738041660393762	18.522123890000007	18.72973264265112	18.42885039243211	19.29702048	19.535628726076304	19.189819673791803	18.503767142361493	18.789361987238024	18.375456414953206
2025-01-18 04:15:00	19.025650150221058	19.13907623811904	18.974690603484277	18.78929273	19.009925603963893	18.690167815610423	18.40004518326462	18.471235960352043	18.368060921094923	19.31510700928537	19.533007179821436	19.21720983121844	18.484686372475284	18.727004176605003	18.37581895322863
2025-01-18 04:30:00	19.096016190489692	19.29789058681463	19.005318997937906	18.717662250767088	18.87662440172254	18.646244472801584	18.31644870757336	18.353765261727983	18.299683299185062	19.297020479999986	19.496756987480264	19.207283788233497	18.412784513800407	18.564859830200934	18.344460820924823
2025-01-18 04:45:00	19.091797481093593	19.275413906116405	19.009303145213778	18.758824897095785	19.01718856871847	18.64274846491749	18.30203824246843	18.395049641900066	18.26025051228902	19.35986965	19.675511529843487	19.218059530070335	18.404884288067926	18.556191759189005	18.336905569158446
2025-01-18 05:00:00	19.062810967348383	19.204338499528898	18.999226134049877	18.629627786040018	18.7647824387452	18.56890613047682	18.263538155310965	18.36970425024244	18.215840344544645	19.27327747	19.422870955847408	19.206068802445387	18.384099396881336	18.51828455239251	18.323813312521267
2025-01-18 05:15:00	19.066935478085494	19.204994172466982	19.004909108145966	18.545764838830294	18.62994236868164	18.507945948607215	18.20510151	18.3016106403632	18.161742335488995	19.2618322628793	19.362361376275132	19.21666700903478	18.339445487627653	18.42504501989211	18.300987726755253
2025-01-18 05:30:00	19.028898987027635	19.114830403527453	18.990292118745117	18.523575157515907	18.64004310359185	18.471248978844102	18.14643753093918	18.212588722770835	18.116717430261204	19.285102188298584	19.43228653076899	19.21897588950752	18.36029002	18.48199803301796	18.30560960835426
2025-01-18 05:45:00	19.03115518735085	19.121995172710033	18.99034302001556	18.50638507	18.662338883470177	18.436318863948188	18.123221260634182	18.220917311848325	18.07932883182785	19.175213063975185	19.19855397916149	19.164726565848	18.42263407816855	18.612111098330764	18.337506721284058
2025-01-18 06:00:00	19.02200300129785	19.103466612426832	18.98540340789205	18.431022851081366	18.522233317334734	18.39004423580812	18.20670837252331	18.450315108045643	18.097261868158213	19.190852944539518	19.26375811756893	19.15809844651183	18.360290019999987	18.468999005929	18.31144975095941
2025-01-18 06:15:00	19.154506251728744	19.392384993609184	19.047633193782445	18.41502947	18.54033023382521	18.35873492393361	18.195378782287072	18.44319221126126	18.08404231419722	19.11459637489219	19.114215771510068	19.114767370614615	18.363956481657944	18.475518503248054	18.313834413986996
2025-01-18 06:30:00	19.288624163906544	19.655193328774033	19.123933669545778	18.53143418000001	18.86214557965994	18.382853696094813	18.199354431515047	18.469211265852167	18.07811440449403	19.183864924500636	19.301427745754335	19.131046845386635	18.375250439517195	18.49972301866242	18.319327976422954
2025-01-18 06:45:00	19.365919481486262	19.768214333821447	19.18517831594437	18.64783890000003	19.10276969573807	18.4434497019148	18.241224585574223	18.57297543525162	18.092177102385847	19.08714682062539	19.098664240531388	19.081972327624143	18.369601760147518	18.487279211645937	18.3167321804888
2025-01-18 07:00:00	19.50469815263543	20.03018635700822	19.268609249221612	18.6478389	19.04006983891138	18.471619202807958	18.255511645221624	18.60823084441308	18.097043599208106	19.037243949999958	19.02651465351658	19.042064358564957	18.36336276491575	18.488257733885508	18.307250532480083
2025-01-18 07:15:00	19.320675822424107	19.519342935355674	19.231419583280967	18.76424361	19.294016627694347	18.52622964552863	18.103836788609534	18.253802504428894	18.036460887299413	19.011098240854626	18.98428459728543	19.023144950284276	18.48723613416295	18.7243064958905	18.3807262615027
2025-01-18 07:30:00	19.419381748535475	19.690335088094916	19.297649088733436	18.676324422574535	18.9652295395819	18.546526471455266	18.22070501637986	18.529233739579745	18.082090662478493	19.052531250369576	19.102237024001838	19.030199670911614	18.54193875016902	18.78957018671795	18.43068404679198
2025-01-18 07:45:00	19.384017729313417	19.55290202751206	19.30814217505025	18.613313343684947	18.827397601588583	18.51713056114852	18.251052936926328	18.585208565014934	18.100925046045944	19.038488795761168	19.081250937439027	19.01927681906531	18.534249564859625	18.72066338836628	18.450498426762437
2025-01-18 08:00:00	19.498638765712155	19.746324009518172	19.38735988806016	18.538146111861515	18.664186743933254	18.48151916122056	18.09109839	18.21066195507929	18.03738142597888	19.026312405728998	19.055694603956244	19.01311170797473	18.58268258215995	18.767704777047765	18.499556668514714
2025-01-18 08:15:00	19.48696811442562	19.666228391545292	19.406430888473267	18.53143418	18.6838453595362	18.462959592092417	18.039282743829485	18.11501780409094	18.005256847190296	19.008966500441954	19.02947312882464	18.999753377545375	18.632214356909216	18.831701985171538	18.542589480443525
2025-01-18 08:30:00	19.51006299499311	19.676085108272527	19.43547334989654	18.53143418	18.708134976823548	18.45204686548506	18.08076873228643	18.236790942765843	18.010671797143516	19.034940058154955	19.103618053753877	19.004084726798908	18.608804377865162	18.738861319031017	18.55037299850082
2025-01-18 08:45:00	19.508809018495523	19.63286026886609	19.453075848039163	18.62278978	18.91518884329844	18.49142208489492	18.073919829999987	18.248890383151295	17.99530987133781	19.022662517566342	19.083088215670475	18.995514740157233	18.64843590262464	18.793535708535337	18.583246134751704
2025-01-18 09:00:00	19.52553584249733	19.64459452593259	19.472045709359747	18.615585327483526	18.852438585727114	18.50917299406973	18.073919829999987	18.24455008098347	17.997259862166857	19.053743450709558	19.161079169883443	19.005520156587977	18.70623065577948	18.882618306456926	18.626984030112794
2025-01-18 09:15:00	19.622102109216478	19.810737349372744	19.537352943349134	18.54239518902356	18.686812410540213	18.4775120895016	18.267568969999985	18.699313472213618	18.0735968023388	19.037008146695364	19.112431240372697	19.003122408956244	18.748339698861002	18.915358516353322	18.67330225911806
2025-01-18 09:30:00	19.648695880471614	19.810304019416474	19.57608932529348	18.531881002685175	18.67445084806708	18.46782788374547	18.36439355	18.825128701046307	18.157396598080638	19.033920800456393	19.100242723034004	19.00412399466066	18.927227515908868	19.238405438221402	18.78742294211625
2025-01-18 09:45:00	19.644702313480952	19.747380848181088	19.598571377601218	18.531231106859373	18.68394337382347	18.462621247788533	18.29411765	18.54389672838164	18.181898064060434	19.0644393792832	19.163622915556182	19.019878660088082	18.975976277324634	19.25911675018349	18.84876823879381
2025-01-18 10:00:00	19.798427707230207	20.028950858447683	19.694859334944113	18.571639469903268	18.771256856897896	18.481956296036117	18.294117650000015	18.50424152919808	18.199714168041467	19.03719034616235	19.086123569179897	19.015205854661716	19.14024609434057	19.517225682055848	18.970878453482925
2025-01-18 10:15:00	19.835652789362964	20.043559384695982	19.74224547841621	18.55702412868806	18.737569580379386	18.47590950546443	18.36439355	18.669332058116638	18.22739219128094	19.035657218012446	19.081600078029364	19.015016222932374	19.149622875271945	19.441368066775908	19.01854894865417
2025-01-18 10:30:00	19.844190405167016	19.999309456042365	19.774499237382457	18.638272434479063	18.916491996148036	18.513275240106054	18.364393550000013	18.612996239903318	18.252702486420276	18.993046325351557	18.985882227354413	18.996264978074905	19.18919374274929	19.446023456713935	19.07380647995356
2025-01-18 10:45:00	19.956070386819466	20.19145795352738	19.85031655250141	18.476551680786052	18.54319609842468	18.446609985904935	18.461218119999995	18.79221411658822	18.31250977370673	19.01778206905016	19.050784262359894	19.002954996693617	19.198947430713822	19.395776908483967	19.110516795773606
2025-01-18 11:00:00	20.046715352724636	20.212419170633854	19.972268709895857	18.739194500000007	19.13224012696686	18.562608783536632	18.69859448	19.24235629095675	18.45429569536727	19.02483935108753	19.016590480696337	19.02854536532125	19.323359959734315	19.508850764086493	19.24002351140217
2025-01-18 11:15:00	19.956067186871536	20.027744915587444	19.923864149332488	18.556483300000007	18.663680890458643	18.508322063707	18.768870380000006	19.31217808281605	18.524775614966707	18.996056633052333	19.001265531267236	18.993716403419555	19.32602939272473	19.5338432218417	19.23266375935333
2025-01-18 11:30:00	19.951944651092386	20.04969555822943	19.908027576871376	18.5564833	18.715607396570064	18.48499276385983	18.962519519999994	19.67483582139449	18.64249335560536	18.93739657752171	18.914086045757006	18.947869425126157	19.313778739195662	19.52419958542676	19.21924183726577
2025-01-18 11:45:00	19.909252665603045	19.980150086495975	19.877400201143914	18.5564833	18.755608829835598	18.467021105436174	18.96251952	19.532455396633914	18.7064613725268	18.91165848500523	18.90403217408039	18.91508479860914	19.291814711718807	19.494028416774768	19.200965076113967
2025-01-18 12:00:00	19.97957466587105	20.119471330224275	19.916722541306555	18.556483300000007	18.79431677083469	18.449630581219196	18.98906819	19.476063323429884	18.770273274980777	18.98114019835075	19.082919220601127	18.935413391252755	19.28709633548568	19.464930005357644	19.207200049021466
2025-01-18 12:15:00	20.075369105933948	20.37451617245159	19.940969699237606	18.647838899999996	19.036442198599822	18.473249012223263	18.989068189999998	19.433820394236246	18.78925198229965	18.937176405672528	19.023681672076375	18.898311720766447	19.185478072929733	19.3022364854434	19.133021394843887
2025-01-18 12:30:00	19.93886097303705	20.090503468703446	19.87073173585359	18.76424361000001	19.2973092839661	18.52475033618915	18.989068189999998	19.40825938629787	18.800735913402395	18.970675178318157	19.140342998874345	18.89444760676393	19.100212386055055	19.185794832168188	19.061762301569445
2025-01-18 12:45:00	19.893682957071043	20.03415656909202	19.830571624134073	18.76424361000001	19.229858936317346	18.55505411556758	19.085892760000004	19.616268152131948	18.84760816353492	18.881877206363402	18.968787390010935	18.84283060211596	19.013981577143316	19.074066317220687	18.98698698377522
2025-01-18 13:00:00	19.86643058548137	20.00358981715903	19.804808321974015	18.76424361	19.20217827154133	18.567490356264038	19.22644456000001	19.865894447323928	18.939155480187814	18.83642791951049	18.901854020333715	18.807033584358024	18.940260437152464	18.980086689927848	18.922367483007005
2025-01-18 13:15:00	19.818758767020803	19.954742512324575	19.75766462057998	18.85559921000001	19.375257502053344	18.622129542555754	19.156168660000002	19.619849870128238	18.9478481163192	18.80026123311117	18.873199084001076	18.767492053725846	19.090897286390696	19.390191461391478	18.956431787477303
2025-01-18 13:30:00	19.775727543426203	19.914682835288325	19.713298354328728	18.764243609999998	19.116945179252166	18.605783484683805	19.15616866	19.5895197724731	18.961474681932373	18.757011014254157	18.82560267478962	18.726194471115036	18.968732513784044	19.172411829525473	18.877224415407465
2025-01-18 13:45:00	19.811997274124725	20.04695260350968	19.706437633386557	18.88064833	19.417656708377685	18.63938369623611	19.15616866	19.604214310925133	18.954872787845233	18.75012291135598	18.85863487442756	18.701371159831073	18.902383624220278	19.088531631964493	18.818751910596063
2025-01-18 14:00:00	19.658402551231166	19.748212420736408	19.618053189569387	18.78929273	19.148527845962377	18.627897243118355	19.08589276	19.4351693352471	18.928971400106377	18.831936690000003	19.117616177799267	18.703587934611928	18.81714880550909	18.97274789619068	18.747241967666632
2025-01-18 14:15:00	19.613126373987253	19.709961494043707	19.569620740338692	18.672888020000002	18.882599047485932	18.57867002214401	19.085892759999997	19.47334193067288	18.9118213934658	18.918528860000002	19.315359858604722	18.74024246932252	18.788787661950792	18.98039190854249	18.702704594641475
2025-01-18 14:30:00	19.681669151690574	19.919858246523546	19.574656659809094	18.67288802	18.92490958246019	18.559660941213536	19.156168659999995	19.65607576621587	18.931572713729103	18.95414442842345	19.29625825000617	18.800441117277593	18.65602550408108	18.76056066827738	18.60906043031172
2025-01-18 14:45:00	19.654080427722317	19.892817433172368	19.546821773099825	18.672888020000002	18.99769712007942	18.52695929387737	19.16122224214606	19.604179916308954	18.962212272594616	18.977020188163362	19.34743471848331	18.810602065845703	18.565002780536105	18.643943700970663	18.529536569906085
2025-01-18 15:00:00	19.471541248390576	19.533165482983623	19.44385499806617	18.67288802	19.04800094592243	18.504359024295724	19.06124371588644	19.414575371784505	18.902500508164124	18.894785849999995	19.163547734043977	18.774037757168642	18.48575623154442	18.56268292372794	18.451194964041683
2025-01-18 15:15:00	19.51065910452024	19.687344167707863	19.43127885874029	18.672888020000002	19.04290491065943	18.5066485473849	19.05934409	19.49059577144608	18.865593334567702	18.89478585	19.185719796223367	18.764076395899643	18.471464758671154	18.61279174283274	18.40797002665653
2025-01-18 15:30:00	19.43799713754556	19.57427656173704	19.376770149865326	18.78929273	19.32659808158975	18.547894673488663	19.059344089999993	19.470943183375013	18.874422758193827	18.89478585	19.16995181515108	18.771160561308932	18.436615627316012	18.605420552067056	18.360775733587282
2025-01-18 15:45:00	19.362375156091456	19.461770479263357	19.3177192862606	18.880648330000003	19.491503479757654	18.606206161268304	19.059344089999993	19.468557271958844	18.875494689409788	18.902978913140572	19.18752733223592	18.775138319054257	18.417177910000003	18.628935779555025	18.322040316431803
2025-01-18 16:00:00	19.322817049155972	19.435973294500275	19.271978736030274	18.78929273	19.22183572652729	18.594961818516726	18.962519519999994	19.23788974108051	18.83880246415223	18.92440565344876	19.242280822759092	18.7815921715847	18.41717791	18.677375071921936	18.300277735803185
2025-01-18 16:15:00	19.256491864899743	19.34770175389219	19.215513508975594	18.78929273	19.198469673561306	18.60545961042898	18.942622959576482	19.211842040611607	18.82166945940128	19.002494366118466	19.416632545736736	18.816432285420404	18.417177909999996	18.715543587325687	18.28312956221599
2025-01-18 16:30:00	19.23191795009476	19.355225137944778	19.17651906859692	18.880648330000003	19.41748272985086	18.63946186050179	18.8587269801615	19.086522486276998	18.756384071616857	18.877877505291245	19.123555996920114	18.76750021195074	18.492470720000007	18.9059300998548	18.30671360731162
2025-01-18 16:45:00	19.237821003312757	19.422520317070664	19.15484015220413	18.814341849999998	19.22364608581082	18.630451541157456	18.821967730000004	19.083928555627626	18.70427518515281	18.84506594180694	19.066157833742285	18.745734801951933	18.596207469999996	19.13032336017596	18.35624235992094
2025-01-18 17:00:00	19.20880604380818	19.40550323800725	19.120434840617293	18.814341850000005	19.27619179233896	18.60684404981874	18.821967730000004	19.140618502464072	18.67880578874803	18.826213955113346	19.04780000475248	18.726660802376927	18.62465142	19.14634431839498	18.390267654054433
2025-01-18 17:15:00	19.09599773963451	19.20084680433289	19.04889163810335	18.814341850000005	19.290645143156166	18.600350515393615	18.82196773	19.17445821648332	18.663602438971267	18.757780121048125	18.917587270139027	18.685982706239173	18.62465142	19.101885075648696	18.41024209644769
2025-01-18 17:30:00	19.072126659877508	19.207933949164314	19.011111790777633	18.81434185	19.269796869155744	18.60971713124888	18.89224362	19.363907038949897	18.68033686655874	18.697395860032405	18.81398137108398	18.645016862313582	18.624651419999992	19.067520417030153	18.42568129089949
2025-01-18 17:45:00	19.049043993534543	19.207676065142916	18.977774512087304	18.88064833	19.429258298443536	18.634171387655798	18.89224362	19.335665370194807	18.693025152521173	18.769087519999996	19.039288247062274	18.647692990450278	18.624651420000003	19.056539915407157	18.430614559744622
2025-01-18 18:00:00	19.011718833373294	19.17933537414572	18.936412851287134	18.88064833	19.402966840760964	18.645983491832027	18.892243619999995	19.32390225625608	18.698310029797995	18.769087519999996	19.030669901541096	18.651565000756893	18.624651420000006	19.057466394491158	18.430198315518478
2025-01-18 18:15:00	19.121753250000005	19.493847871897856	18.954580303929948	18.97200393	19.58059537646588	18.698578787384903	18.909422180000004	19.36451870309505	18.704958524696437	18.769087519999996	19.033622788367683	18.65023834145799	18.69994423000001	19.217787477078446	18.46729001754448
2025-01-18 18:30:00	19.121753250000005	19.472396999545435	18.964217652378142	18.905697449999995	19.353466196820314	18.70452598403724	18.83914628	19.18486359379353	18.683824008585525	18.682495340000003	18.810219768025316	18.62511190132196	18.56776352	18.87883194058473	18.42800814263585
2025-01-18 18:45:00	19.121753249999998	19.443489744249533	18.977204969974842	18.90569745	19.33821199434691	18.711379321380377	18.839146279999998	19.198858852870767	18.67753628349284	18.831936689999996	19.205193476618454	18.664241611954026	18.498291362578886	18.74331025284322	18.38821041188042
2025-01-18 19:00:00	19.121753250000005	19.448889418004896	18.974779029592007	19.022102160000003	19.60553419578309	18.759980520735134	18.909422180000004	19.388232270256907	18.69430460321791	18.831936689999992	19.161379526382674	18.68392614032082	18.62465142	19.071157932524507	18.424047044807832
2025-01-18 19:15:00	19.121753250000005	19.46439296702085	18.967813666990637	19.11345776	19.758078552087746	18.823845520076517	18.97969807	19.52621095514105	18.73416329551634	18.831936689999996	19.127848252418435	18.698990915580126	18.624651420000003	19.05418555697744	18.431672314981153
2025-01-18 19:30:00	19.194805190000004	19.6605291602338	18.985566884532645	19.022102160000003	19.467777313053446	18.821871294135413	18.979698070000005	19.460446130557024	18.76370981090917	18.745344509999995	18.899912347447017	18.675900988828154	18.62465142	19.043963650107983	18.436264765893515
2025-01-18 19:45:00	19.121753249999998	19.439447736034914	18.979020944679966	19.11345776	19.66304340739943	18.866542469139375	18.8828735	19.20738448552666	18.73707870940106	18.8556797	19.19099535769672	18.705030636397122	18.68153931999999	19.15157131523388	18.470365525039846
2025-01-18 20:00:00	19.22240259999999	19.68288096712862	19.01552101476829	19.113457759999996	19.606843904909947	18.89179152098248	18.8828735	19.231109750475902	18.72641953239488	18.90316574	19.28288307380536	18.732568097275852	18.68153932	19.12778475218883	18.481052241770236
2025-01-18 20:15:00	19.222402599999995	19.647189230170575	19.03155643282191	19.11345776	19.606068248371916	18.892140004354644	18.953149400000004	19.416628004542645	18.74491988201708	19.01350093	19.497640460552827	18.795988966998006	18.681539320000006	19.123247598351924	18.483090673204217
2025-01-18 20:30:00	19.19480519	19.59164090424922	19.016516680699624	19.179764240000004	19.739523095382822	18.928278377436705	19.023425300000003	19.562108747316476	18.78140809903173	19.013500930000003	19.44113223639443	18.821376719880767	18.681539320000002	19.11087496907884	18.488649390703713
2025-01-18 20:45:00	19.19480519	19.59338686439489	19.01573226382258	19.179764239999994	19.69479502607684	18.948373596979955	19.0234253	19.514837029967808	18.802646116970983	19.100093109999992	19.587280499159824	18.881211819218038	18.68153932	19.0891906907532	18.49839160270508
2025-01-18 21:00:00	19.194805189999997	19.572751974739614	19.02500301134887	19.204813359999996	19.72638540191666	18.970483891892506	18.829776160000005	19.032366439199983	18.738757338910155	18.950651770000004	19.147349591841635	18.862280284824784	18.681539319999995	19.08118843815014	18.501986817642685
2025-01-18 21:15:00	19.267857139999997	19.7270140314789	19.06156926121962	19.204813359999992	19.690127438047877	18.986773701746593	18.9531494	19.388192549824293	18.757695231238365	18.915549989941894	19.070484801444845	18.845941596368107	18.62465142	18.94829119114628	18.47924804455747
2025-01-18 21:30:00	19.36850649	19.937984769988027	19.112653929425672	19.204813359999992	19.65998034260324	19.000318048975345	18.953149399999997	19.36909922927294	18.766273389746942	18.90316574	19.091420248844223	18.818587627330857	18.544553449621958	18.802767654498645	18.428544169170113
2025-01-18 21:45:00	19.46915584	20.092173222689897	19.18924947966106	19.11345776	19.44314568783922	18.965337096767886	18.639619800419386	18.639978510044394	18.639458641022646	18.792830539999994	18.86404110406398	18.760837388029216	18.48826829655767	18.72987770840208	18.37971914051163
2025-01-18 22:00:00	19.396103900000004	19.820249935581597	19.205545536187994	19.113457760000003	19.46291735320628	18.956454174646453	18.592399789999998	18.660312852759635	18.561888124122486	18.840316569999995	19.030299879468956	18.754961749803797	18.37337597578813	18.538600479024403	18.2991446772327
2025-01-18 22:15:00	19.179987554973994	19.269170529886843	19.139919841607362	19.022102160000003	19.264697994029877	18.913109828769187	18.4932689291721	18.530903981972852	18.476360427189157	18.729981379999995	18.782443689090876	18.706411357075105	18.406784787919005	18.67452667672455	18.28649495381796
2025-01-18 22:30:00	19.076334340289286	19.108905130771248	19.0617010865945	18.814341849999998	18.83287212233365	18.80601665518343	18.382532054813716	18.395020275668525	18.37692140486445	18.729981379999998	18.84168850288853	18.67979412189065	18.365301231222986	18.631397827365006	18.245750586579465
2025-01-18 22:45:00	19.010253492884164	19.041783078162677	18.996088027034396	18.681413000288092	18.653396440853296	18.69400015017908	18.270724408239417	18.26126311992343	18.27497513197558	18.64667774393682	18.68395904359771	18.62992817452396	18.150891119280196	18.221764302060052	18.119049544408078
2025-01-18 23:00:00	18.931653948234516	18.95205244701365	18.92248940530476	18.606581530000003	18.625121106011083	18.598252155270387	18.17420475208702	18.170580163067832	18.17583319063187	18.577277917509647	18.59152452906462	18.57087726594147	18.04417924207124	18.083418520592986	18.026550000996252
2025-01-18 23:15:00	18.876425188247413	18.913327587312615	18.859845849536967	18.60658153	18.74921221181464	18.542501078749943	18.08294874105442	18.087781800139886	18.080777366682685	18.535063581989984	18.561260398012976	18.52329399797965	17.980507704850645	18.040608921803106	17.953505708828516
2025-01-18 23:30:00	18.80295982326579	18.831620979089838	18.79008307209846	18.436898763464836	18.43780521634811	18.436491516517272	18.00537998406755	18.032750288952027	17.9930831804238	18.516199182057132	18.580992417030178	18.487089177938806	17.889789023014153	17.936375441659457	17.86885889289814
2025-01-18 23:45:00	18.719092154661798	18.727974387590415	18.7151015862446	18.32463428336278	18.31123217772006	18.33065551923125	17.88255670452066	17.87296020032421	17.886868177420506	18.459089869608217	18.507526074133363	18.437328676270837	17.817560520489966	17.874065096225863	17.792174406753553
2025-01-19 00:00:00	18.65071289061461	18.66504919907456	18.64427194043696	18.217932973194912	18.200444784184675	18.225789985648785	17.758790282748	17.720057666109824	17.776191893121666	18.37114405361629	18.370519369921762	18.37142470860948	17.729159095059412	17.779280398142358	17.706640828456933
2025-01-19 00:15:00	18.568319106292247	18.565926085255345	18.569394231685635	18.1293362454136	18.12619481467869	18.13074761284523	17.69329664473076	17.696321899443916	17.691937472323396	18.35521755290823	18.39974182853854	18.335213892842447	17.65699985528995	17.715528828124135	17.630704229813723
2025-01-19 00:30:00	18.52212230918656	18.54929883549638	18.509912565482146	18.027004306969967	18.01889435451965	18.030647908795476	17.616839270244174	17.640101291251906	17.606388217327655	18.318758378756595	18.376724102803543	18.292715807083333	17.575714587369013	17.630246783942116	17.551214614995594
2025-01-19 00:45:00	18.44827663203268	18.465111609724218	18.440713091330682	17.93182784007638	17.927251948627674	17.933883675364928	17.535215324570093	17.56694091475083	17.520961798546864	18.28040416397509	18.34731451695604	18.25034299089669	17.490871622486765	17.537978942065827	17.469707464415002
2025-01-19 01:00:00	18.36979449965585	18.377500413256147	18.366332422531077	17.81100023337299	17.782770472439616	17.823683169444504	17.43494872294078	17.455480114698467	17.425724474469938	18.160140894996648	18.136132935335144	18.170927079772113	17.38222838582801	17.401853973638502	17.37341109275372
2025-01-19 01:15:00	18.298941566634817	18.30454217254683	18.296425352384485	17.71011889318687	17.683100144739004	17.722257751185182	17.330977670240653	17.33448086228568	17.329403772365353	18.092244956896	18.055901824423184	18.108573030905532	17.2892059763911	17.29869543837803	17.284942594918697
2025-01-19 01:30:00	18.258010402562856	18.297490508538225	18.240272963646387	17.617224737823697	17.600306224064564	17.624825809222724	17.23263167564528	17.22739696618774	17.23498350163345	18.061944018969783	18.061158750741633	18.062296820637506	17.227080573231557	17.262128380734737	17.211334456817077
2025-01-19 01:45:00	18.164720424466978	18.16874909132739	18.16291044370361	17.527999322887215	17.522947793932186	17.53026885038875	17.14358800683438	17.142916787791048	17.143889569013268	18.012501007616017	18.016674913773294	18.010625774414926	17.167701308339986	17.226082672294034	17.141471999896865
2025-01-19 02:00:00	18.076509198013316	18.059286726839904	18.084246829989773	17.429002249624126	17.423404219775048	17.431517306512845	17.040857435508855	17.02986754032678	17.045794924648625	17.922874834452067	17.883714029053657	17.940468819486135	17.0835739772103	17.13518995935536	17.060384188130634
2025-01-19 02:15:00	18.01034529606486	18.002739371093217	18.013762450762272	17.339125662260184	17.34268339452295	17.337527260808795	16.947915017974665	16.938970757166402	16.951933453989973	17.911229161658376	17.932398803822153	17.901718163005086	16.9757531251073	16.99514524497518	16.967040723427523
2025-01-19 02:30:00	17.947056258598288	17.95025418401898	17.94561950949624	17.228425644052468	17.21383796115524	17.234979530571515	16.866008555371696	16.87105177976683	16.86374275890431	17.8533101462555	17.866537004125213	17.847367644893744	16.910234226860965	16.950474547295855	16.892155242317756
2025-01-19 02:45:00	17.878471809681034	17.883419052871314	17.87624913520424	17.14886667456304	17.15569577139008	17.14579852961176	16.76090186524217	16.748962874865384	16.766265759469427	17.8093693362704	17.832864544962156	17.79881351787266	16.85605918049593	16.92493213536631	16.825116258742565
2025-01-19 03:00:00	17.81757504733397	17.835683574872228	17.809439332063157	17.0467022843402	17.044292952266044	17.04778473788076	16.68524850498118	16.694658142826817	16.681020986528793	17.738390462701872	17.73819516983166	17.7384782029769	16.77037416678631	16.82867082692651	16.74418291367984
2025-01-19 03:15:00	17.75576666872247	17.778477254082816	17.745563362256227	16.930391369727577	16.90029163047087	16.94391444098784	16.593799114927613	16.598706006783893	16.591594569311027	17.666088235101586	17.6422763313463	17.67678633678875	16.68380437804537	16.727542939617848	16.66415371994758
2025-01-19 03:30:00	17.687144427241076	17.705185145327423	17.679039177086345	16.838516688361082	16.81434869466415	16.849374772485795	16.50754815	16.515560515335075	16.50394839166106	17.618927292074996	17.606458876640758	17.62452904393676	16.602341652279684	16.63965803097822	16.585576322719465
2025-01-19 03:45:00	17.68614836897026	17.780038683172567	17.64396576403879	16.762074111480942	16.760281284915788	16.762879584285574	16.50754815	16.6271695953117	16.453805181816485	17.567389786037527	17.558472441741827	17.571396129126903	16.54718965447483	16.608091356329176	16.51982802030839
2025-01-19 04:00:00	17.573445962565337	17.59478540210826	17.56385867813301	16.69014062394716	16.709950049843165	16.6812407369504	16.50754815	16.70484271296022	16.418908563742512	17.512205999337528	17.500316316181234	17.517547741045426	16.483775976775817	16.55256724122973	16.452869756513913
2025-01-19 04:15:00	17.520086005363	17.553055060463386	17.505273821187465	16.602091492350784	16.62033456661794	16.593895328549593	16.50754815	16.76219334588672	16.393142337355236	17.443761043349998	17.41384210362805	17.457202885833773	16.41404947559553	16.482677048459784	16.383216797931873
2025-01-19 04:30:00	17.444001920326368	17.4592191208145	17.437165207063586	16.50392927	16.50975335367983	16.501312652694565	16.50754815	16.792914909041194	16.37933989593801	17.377203152082018	17.334571076332043	17.396356693360993	16.31586902913864	16.351842285949324	16.29970713115123
2025-01-19 04:45:00	17.37985712713977	17.393613657538914	17.37367665696044	16.50392927	16.624385617132887	16.44981120099827	16.507548150000005	16.804194321201038	16.37427233395317	17.36631717222885	17.381509663578015	17.359491560173424	16.244989350532233	16.284455654059045	16.22725811271584
2025-01-19 05:00:00	17.335889009962077	17.37165920734418	17.31981834157301	16.50392927	16.705843699269437	16.41321409163258	16.507548150000005	16.824833740780193	16.36499955124369	17.30322717442748	17.301858815593206	17.30384194433853	16.195462137351615	16.26120393889449	16.16592596564395
2025-01-19 05:15:00	17.276921424329625	17.315666885943184	17.25951404302498	16.50392927	16.75504819170359	16.391107725466508	16.50754815	16.84058531945231	16.357922755028678	17.26989032833925	17.292143831026586	17.25989237785653	16.133176413201713	16.20822560626569	16.099458659796163
2025-01-19 05:30:00	17.20870466364775	17.238561970083783	17.195290511480835	16.50392927	16.792841725029675	16.37412802208812	16.50754815	16.84175637799309	16.357396627278472	17.18746818061036	17.168117550536856	17.19616194194772	16.047158310877094	16.102642855335546	16.02223047206243
2025-01-19 05:45:00	17.124486933306745	17.12767843400941	17.123053070672213	16.50392927	16.807080243071493	16.367731006735994	16.50754815	16.84527287179821	16.355816753250075	17.114367709805325	17.07194908280816	17.133425353818545	15.943210806959446	15.962272845248805	15.934646702800453
2025-01-19 06:00:00	17.050496292141986	17.051605319396703	17.049998033520303	16.50392927	16.82829982054521	16.358197573378238	16.50754815	16.85354526672721	16.352100170021107	17.088506321402686	17.09067874108954	17.087530306760762	15.93586168	16.04340673489275	15.887544336497452
2025-01-19 06:15:00	16.98274320726675	16.981322097331052	16.983381676948007	16.503929270000004	16.848859089718914	16.348960800271218	16.50754815	16.860047947641526	16.34917867569728	17.039313910113915	17.04409439879218	17.037166154330926	15.935861680000002	16.11218972276465	15.85664183469994
2025-01-19 06:30:00	16.946524811799918	16.980200634337375	16.93139509442802	16.503929270000004	16.849710052540743	16.34857848364112	16.50754815	16.866190769277456	16.346418857281144	16.96844548396048	16.948465046855695	16.97742220208002	15.93586168	16.1603836710991	15.834989481100397
2025-01-19 06:45:00	16.87950933544629	16.904331769073526	16.868357227584784	16.50392927	16.849356065585503	16.348737521258684	16.50754815	16.858968406375546	16.349663686990702	16.90481647146468	16.873241769940144	16.919002206932227	15.93586168	16.191754594239594	15.820895298240174
2025-01-19 07:00:00	16.815972074212674	16.839199964544257	16.80553635536806	16.503929270000004	16.85081076173063	16.34808396212103	16.507548150000005	16.858840539625994	16.349721134370938	16.88691712996644	16.90283286806772	16.87976658096442	15.93586168	16.20356797661792	15.815587836591945
2025-01-19 07:15:00	16.767489778349514	16.806059755488384	16.750161237895828	16.50392927	16.855731629071823	16.34587313766339	16.50754815	16.85931505651139	16.349507945625326	16.833220189593927	16.84255948568205	16.829024273960137	15.93586168	16.21821343842179	15.809007991433688
2025-01-19 07:30:00	16.743506490000005	16.83027148766495	16.7045251142375	16.503929270000004	16.85563707476995	16.345915618581625	16.507548150000005	16.86391000435389	16.347443548768553	16.785540335828408	16.797235141236293	16.780286147891537	15.93586168	16.227046691442148	15.805039428482502
2025-01-19 07:45:00	16.74350649	16.89187415363888	16.67684855416224	16.503929270000004	16.858658357214438	16.344558230816705	16.50754815	16.866481218764225	16.346288365482735	16.6972392561007	16.660775840536598	16.713621370339645	15.93586168	16.230941369302585	15.803289645675651
2025-01-19 08:00:00	16.74350649	16.931914378812635	16.658859467489982	16.503929270000004	16.863368744357853	16.34244196992619	16.50754815	16.86668163332178	16.34619832415978	16.68249534	16.705166367184482	16.67230980604755	15.93586168	16.23914957382249	15.799601901615983
2025-01-19 08:15:00	16.743506490000005	16.956627019524447	16.647756686880328	16.50392927	16.863633793438186	16.342322889904583	16.50754815	16.864843768845816	16.34702403138811	16.68249534	16.76198717218588	16.646781618293303	15.93586168	16.238197836240843	15.800029493862812
2025-01-19 08:30:00	16.74350649	16.97591247440097	16.639092207153183	16.635292000799936	17.16949934996704	16.395285800449496	16.50754815	16.8676639623731	16.34575698791933	16.729634532669923	16.921386321088384	16.64348517845294	15.93586168	16.243441452405257	15.797673666310683
2025-01-19 08:45:00	16.74350649	16.98596988024734	16.634573662497573	17.141140446678005	18.299697680087363	16.6206292258709	16.50754815	16.86822935772379	16.345502969718304	17.032395611676435	17.671046924611517	16.745465311662123	15.999890699529175	16.377724840288497	15.830139129043108
2025-01-19 09:00:00	17.068870107372614	17.7655327448789	16.75587674849298	17.39644004100223	18.637076803130093	16.839052510191152	16.6764713688424	17.266082145163896	16.411573773683468	17.326070817755333	18.242359159338495	16.91440504110202	16.33529309404076	17.13075060069213	15.977913634530726
2025-01-19 09:15:00	17.420454550000002	18.449965858009588	16.95792048408265	17.634086440000004	18.89408122715281	17.068001825482064	17.219677250000004	18.46065542606837	16.662136330317114	17.346126674335487	18.03922657236969	17.034733966523028	16.851087559999996	18.101561249744876	16.289280539969692
2025-01-19 09:30:00	17.65634383783951	18.749569163852613	17.165184633398844	17.725442039999997	18.809857041309144	17.238241097382847	17.21967725	18.162444028911228	16.796115363822494	17.653047512768737	18.623494916677608	17.217049403766204	16.954824319999997	18.018238668127605	16.47705845344991
2025-01-19 09:45:00	17.87460051030062	18.980524688289506	17.377736024537498	17.725442039999997	18.57435975490497	17.34404422605719	17.28995315	18.136715354806825	16.909523753637515	17.829922856018328	18.7989392010438	17.394567686514126	17.05856107	18.027070409577526	16.623433685552133
2025-01-19 10:00:00	18.13154973213768	19.29392500707697	17.60932315933887	17.958251470000004	18.961154908239145	17.5076716644143	17.580426860000003	18.660426764164768	17.095209511752063	18.025471374918663	19.016575253652622	17.58019282070485	17.05856107	17.820927935669644	16.716048420206395
2025-01-19 10:15:00	18.283923464349847	19.36864935033269	17.796582848908287	18.21611002	19.341461266022396	17.710517431207325	17.844351899999992	19.031770981161607	17.310873762086803	18.175123937305735	19.129618051112715	17.746293248493895	17.29447853	18.19081634739731	16.891776032328746
2025-01-19 10:30:00	18.49879580607129	19.597487381337103	18.005180750517084	18.21611002	19.092701248950043	17.82227917800795	17.94117647	18.981076952700104	17.473974803859374	18.37461714299211	19.361925259270347	17.931043931330873	17.511892670662128	18.486823751818136	17.07388015593987
2025-01-19 10:45:00	18.740984137592033	19.884613705328466	18.227179549188705	18.52684364022842	19.696400630540545	18.001390499653407	18.081728269999996	19.09966142912589	17.62439598111735	18.556797020000005	19.551923385262526	18.10971126169365	17.87005020000001	19.087934448965516	17.322884812783613
2025-01-19 11:00:00	19.003015946174948	20.20287110408583	18.4639505853744	18.789292729999996	20.065562104918676	18.215896344166964	18.372201979999996	19.57889416016359	17.83006491354969	18.55679702	19.307132965929572	18.219689566031636	18.030674850000004	19.135929051650752	17.534111368098934
2025-01-19 11:15:00	19.18419992784909	20.345628720558782	18.6623985861969	18.90569745	20.05204664970696	18.390670997957738	18.328474749999998	19.207042297624483	17.93375599671944	18.60428305	19.244940833138376	18.31645129235812	18.077523700000008	19.025328106071136	17.651698532055
2025-01-19 11:30:00	19.305194810000007	20.364093490355295	18.829457721724438	18.90569745	19.805015976572058	18.501655793134287	18.328474749999998	19.036605338536813	18.01032912326607	18.75372439	19.44712710950718	18.442195631960534	18.181260460000004	19.073270503189992	17.780502324653774
2025-01-19 11:45:00	19.305194809999993	20.11179627345255	18.94280864526042	18.88064833	19.590125696289416	18.561897629203305	18.35502343	18.997205456718792	18.06650686727127	18.75372439	19.322089614939397	18.498371897635927	18.18126046	18.888732897018944	17.86341052452772
2025-01-19 12:00:00	19.4512987	20.30897026651661	19.06596799620268	18.88064833	19.496592171500556	18.603919937441777	18.64549714	19.6110975347695	18.211676672784723	18.477174756740308	18.556887075669046	18.441361975772317	18.417177909999992	19.33007031579595	18.007037843627902
2025-01-19 12:15:00	19.52435065	20.2861102333603	19.182110837185938	18.972003929999996	19.647103465454013	18.66869834160762	18.812597610000005	19.82971500396248	18.355631824306723	18.42271880999999	18.48911193196864	18.392890016072045	18.43558282	19.189638782249155	18.096804054351818
2025-01-19 12:30:00	19.201403091189377	19.374445572973688	19.12365936748919	18.697937130000007	18.90420387483153	18.605266563481504	18.812597610000005	19.61441470995327	18.452360941905066	18.509310989999996	18.748706187346404	18.40175662597479	18.43558282	19.059128841032237	18.155438955478257
2025-01-19 12:45:00	19.111535812895145	19.187335228008553	19.077481003206508	18.63163065	18.818963399488037	18.547466661099584	18.715773029999998	19.283507492239043	18.46070392377667	18.329082397287063	18.30018581703871	18.342064918847925	18.16505249260668	18.354868520032156	18.079772828111167
2025-01-19 13:00:00	19.028197500669194	19.094225681898322	18.998532665624218	18.540275049999995	18.701690628467013	18.467755007500323	18.54867257	18.85674537041837	18.41026305097146	18.33612663	18.404694624715027	18.305320719330915	17.963536055271685	17.988138903497155	17.95248260172111
2025-01-19 13:15:00	18.910580716623738	18.90907443900977	18.911257450044516	18.39882121999999	18.44918003231601	18.37619624635076	18.451847999999995	18.705443770295524	18.33791366841794	18.329016211764106	18.423970758105998	18.28635547355254	17.86964486086114	17.879209391337007	17.86534775296618
2025-01-19 13:30:00	18.901081830382598	18.970913631183446	18.869708122776423	18.249099862233177	18.208500648524513	18.267340088682005	18.32847475	18.4792474137926	18.26073630684681	18.32595596115741	18.463212043665106	18.2642901849583	17.75046904154017	17.71998941118459	17.76416278851152
2025-01-19 13:45:00	18.812951913995718	18.846603926053568	18.797832894085673	18.282416500000007	18.43520242864248	18.213773546551927	18.37220198	18.64993513761284	18.247423314985532	18.273251490228812	18.38559182504896	18.222779745599468	17.73367261029821	17.783971769082598	17.71107443751103
2025-01-19 14:00:00	18.84054313116283	19.02894616671527	18.755898289103072	18.282416500000007	18.52685164238733	18.172597812840472	18.39875065	18.760094861790694	18.23640759832592	18.29702047999998	18.52219161876671	18.195856635046823	17.66443898075197	17.75826441401875	17.622285525226303
2025-01-19 14:15:00	18.710940057656114	18.753270128395734	18.691922199787598	18.2824165	18.53699493898087	18.168040679588294	18.398750649999993	18.73935379343254	18.245726049327395	18.49394786	19.00003748525865	18.266574260246117	17.647783592663803	17.759595813684182	17.597549116553182
2025-01-19 14:30:00	18.683533789356634	18.730612160043	18.662382637309108	18.166011789999992	18.293660413288887	18.10866240852237	18.275377410000015	18.43778519595548	18.202411593121475	18.493947859999984	18.86856134592245	18.32564325038267	17.52199311903779	17.525794552458663	17.520285228660285
2025-01-19 14:45:00	18.696269781446052	18.794592105193477	18.652095983820374	18.090555097864332	18.17086015307289	18.054476015089477	18.27537741	18.497615256973617	18.175531420779976	18.37002932712778	18.486197636161556	18.317837767996664	17.483454640997156	17.498118310431614	17.47686661559908
2025-01-19 15:00:00	18.666797830738023	18.81829934876401	18.59873193133504	18.02636389074957	18.132400837867138	17.978724102914143	18.205101509999984	18.39723403238366	18.118781101392827	18.443633791114266	18.703511341824353	18.32687721036045	17.455438864143936	17.53957774271194	17.417637338990204
2025-01-19 15:15:00	18.696330879487125	18.850511568925842	18.627061294376972	17.928222067843176	17.95784432204103	17.914913518855727	18.32847475	18.694946781781823	18.16382789514151	18.35407003080273	18.474761554080757	18.299846302953185	17.466156326003947	17.547413875252754	17.42964931112408
2025-01-19 15:30:00	18.76023658906536	18.95896022357273	18.670954956170732	17.863312408979628	17.869534165409192	17.860517127105467	18.25819885	18.48640199263901	18.15567280040858	18.32211347935666	18.400166555385763	18.28704615534359	17.466730626750227	17.534833946622822	17.436133483039356
2025-01-19 15:45:00	18.762236877834866	18.92369083329896	18.68969959349596	17.841846759999985	17.896667395183385	17.8172171992654	18.134825610000014	18.20362163087603	18.103917252794844	18.397221394049254	18.57358658351592	18.317984859651204	17.435362251931743	17.4570077761143	17.425637451212026
2025-01-19 16:00:00	18.762792103349806	19.075469132951515	18.62231401758669	17.73004789051087	17.760281219282305	17.71646480077294	18.13482561	18.32621406733304	18.048839491488053	18.331756084935527	18.502048259001352	18.255248006732074	17.497261326830177	17.736494815136762	17.389779614692372
2025-01-19 16:15:00	18.84215074145557	19.084794646529083	18.733136813089175	17.756680431942875	17.80535350291942	17.73481282034473	18.208296772655082	18.43321806681828	18.107245176726707	18.37547070260026	18.52937675248558	18.30632450627502	17.644950184179244	17.88808285624147	17.535716664846802
2025-01-19 16:30:00	19.0527118704398	19.394484017369752	18.899162065297332	17.782972417547235	17.845694706645393	17.754792838387203	18.17280132110397	18.302804354584072	18.114394161134612	18.361809408994752	18.432678913043983	18.329969486885688	17.7419439321943	17.932346379985596	17.6564008034764
2025-01-19 16:45:00	19.10596842550102	19.343758014150072	18.999135421905066	17.84184675999997	17.964380832684153	17.786795220098412	18.158851937605746	18.235893929083645	18.124238868970735	18.396765444191793	18.461636592496056	18.367620435533382	17.86385528905158	18.04103077378347	17.78425470895462
2025-01-19 17:00:00	19.196151438670572	19.34832559542656	19.12778333925843	17.858211268603082	17.91176421668306	17.834151248451207	18.277687406126486	18.433900932370832	18.207504517523915	18.521428510658733	18.6609393796378	18.458749714450818	18.045419416302682	18.233769253167694	17.96079847510248
2025-01-19 17:15:00	19.41437685329615	19.689682556991762	19.29068878351984	17.909471076035313	17.996740912334122	17.87026288871266	18.291490813937646	18.41751223759931	18.2348724931621	18.598648182785688	18.764649041266637	18.524068086946443	18.26821341267871	18.55286246694446	18.140327605689777
2025-01-19 17:30:00	19.547192330503982	19.82244547175429	19.423527875739296	18.013214954066935	18.189887389232428	17.933840381746194	18.370473567496514	18.54779400889887	18.2908078619389	18.642664721925787	18.789888110191093	18.576520880821107	18.417280897774848	18.69749679283692	18.291386799993404
2025-01-19 17:45:00	19.58251925676081	19.743507456322135	19.51019122507381	17.98550400237593	18.079212066784294	17.943403277786658	18.39827520486453	18.55526641035201	18.327742924138278	18.67111724983059	18.786298394635793	18.619369199265932	18.60550683288817	18.926910396837698	18.461108130244156
2025-01-19 18:00:00	19.5762987	19.374584935134706	19.66692372479457	17.97913665656987	17.940335295603795	17.99656915207639	18.427539717454387	18.48072242582582	18.403646036881725	18.67736573268291	18.643964330941337	18.69237215955232	18.68370784279941	18.756292353816292	18.651097410313554
2025-01-19 18:15:00	19.73925853999526	19.834445910284614	19.696493199720322	17.94042344895982	17.918296919968842	17.950364353289103	18.49393180902984	18.668446658865637	18.415526586639842	18.6968716519042	18.714742413178556	18.68884275915775	18.717576588686306	18.824252267121373	18.66964983460676
2025-01-19 18:30:00	19.751216521522892	19.850602804012954	19.706564713447648	17.931376139950103	17.959247648025485	17.918854158061166	18.39210623470396	18.464982944910464	18.35936452432135	18.680607528411795	18.69410642783076	18.67454280548442	18.831082686725313	19.053168510769932	18.731304997661766
2025-01-19 18:45:00	19.79286198853788	19.93002093366017	19.73123985377279	17.891851236628128	17.921020684337815	17.878746122439708	18.356911043403546	18.426132659477492	18.325811476761643	18.667592926263488	18.68312286772557	18.66061570618632	18.926508012654086	19.222138202261196	18.79368865210597
2025-01-19 19:00:00	19.72946435053573	19.790425210948833	19.702076137886337	17.87559379554247	17.944253003126114	17.84474690517881	18.260856298840725	18.266096931065594	18.258501811899123	18.620290678335742	18.604546546515923	18.627364128863476	18.85344989392789	19.03683980475118	18.771057325297136
2025-01-19 19:15:00	19.73673388897742	19.794955907878997	19.71057617034046	17.869641379852396	17.970427552177686	17.824360635764236	18.27630482714284	18.348866342234363	18.24370472615969	18.632409304220666	18.651712792055545	18.623736722729618	18.96516670969903	19.241782422053056	18.840890085308104
2025-01-19 19:30:00	19.823553962000958	19.973887939608	19.756012609742726	17.87060156534001	18.002618636658674	17.81128954779105	18.213641228291987	18.24884522724026	18.197824938909434	18.631318151038876	18.661752059860177	18.61764494562641	18.989167881769173	19.243458836485644	18.874921220954548
2025-01-19 19:45:00	19.894455610368002	20.10251053958943	19.80098165665987	17.883104129999985	18.062262899555265	17.802612508895464	18.308230392032097	18.500189149359585	18.221988051783526	18.67679133337025	18.77202695241649	18.634004316117597	18.99666706779646	19.214794149812224	18.89866794399228
2025-01-19 20:00:00	19.82227505612498	19.89521611730111	19.789504434437163	17.82429696646708	17.921033009514655	17.780835845677586	18.171125369266903	18.209150200755257	18.154041749322857	18.633820773880135	18.66786116214228	18.618527266110192	19.062417068419695	19.308751167578233	18.951745226768736
2025-01-19 20:15:00	19.805316139241548	19.851816419523395	19.784424708969993	17.787818678136368	17.872223834189818	17.749897521068874	18.1621434273413	18.235929980193568	18.128992947074366	18.6909151788353	18.806226387088724	18.639108693967827	18.93859582880075	19.012931200397876	18.905198777793373
2025-01-19 20:30:00	19.805772383301154	19.84964585906521	19.78606111158109	17.80275695043725	17.93710155779049	17.74239922829301	18.161374280000015	18.284721401195647	18.105957457433888	18.71039602140181	18.84617932533097	18.649391928332207	18.955233680296153	19.046389923947633	18.91427942590201
2025-01-19 20:45:00	19.882643368371678	20.01956725008205	19.821126841806148	17.77850400477012	17.909093764276232	17.71983324325288	18.081952295654567	18.12064739681263	18.06456754006181	18.71501689317093	18.850034460715637	18.65435682659289	18.934054499368518	18.996563837239442	18.905970593948254
2025-01-19 21:00:00	20.02435065	20.237041998780434	19.928793667214578	17.789462068505543	17.922844578101063	17.729536593180015	18.089385803682326	18.147599741132918	18.0632317158422	18.730018725543577	18.842284422363647	18.67958051392877	18.967423466965702	19.0053297888429	18.950393090470172
2025-01-19 21:15:00	20.007082396358154	20.217041062403307	19.912753140598724	17.67534381	17.72860040352643	17.651416934647543	17.99427382	18.009184689265847	17.987574733808103	18.611514182766776	18.600409029178927	18.61650345466856	18.921086691788414	18.955102869841415	18.905804061068977
2025-01-19 21:30:00	19.81441253692049	19.80149849221889	19.820214499032787	17.700392929999992	17.852544062958057	17.63203517461303	17.99427382	18.088053922260986	17.9521407305784	18.558246263109815	18.523975519421313	18.573643263897395	18.884252059576575	18.925882892626927	18.86554835197424
2025-01-19 21:45:00	19.786775659923585	19.79145606912498	19.784672867383833	17.88310413	18.30473450714672	17.693675989542776	17.967725140000006	18.08201362605313	17.916378139019614	18.66681649665207	18.81442557021688	18.6004993766447	18.889786076754767	18.98452471104914	18.847222342506583
2025-01-19 22:00:00	19.751183419693064	19.755021187626273	19.74945920511439	17.816797639999994	18.110618178662108	17.68479131103586	17.96772514	18.131938120590426	17.89394829364778	18.65952585603796	18.810849917598205	18.59153968345293	18.850263162024223	18.93179397073577	18.813633378400212
2025-01-19 22:15:00	19.683936241138504	19.662434140108772	19.693596605369265	17.816797639999994	18.111333489173425	17.684469939646725	17.96772513999999	18.160480066623716	17.881125100502373	18.508111400059718	18.493943108122817	18.514476864553124	18.803542187141897	18.878310730481843	18.769950522742803
2025-01-19 22:30:00	19.60999072742787	19.560150266254567	19.632382818679645	17.908153239999994	18.32491033105978	17.720914546915168	17.96772514	18.19394944877599	17.866088131709333	18.441516831166307	18.39490915398747	18.462456512217678	18.757586188111265	18.827399227593872	18.72622090950314
2025-01-19 22:45:00	19.563969961557966	19.523867606019987	19.58198696187212	18.024557959999992	18.552220166596726	17.78749233094929	17.96772514	18.221017048322498	17.853927326115972	18.44296868195347	18.454734750337813	18.43768247731702	18.756846170438113	18.87191334955459	18.70514932184954
2025-01-19 23:00:00	19.53641515326288	19.509808496196673	19.548368868756384	18.23231827	18.951610655591608	17.90915792285015	17.96772514	18.232422728411063	17.8488030350617	18.413783573084178	18.42454021084873	18.40895088075517	18.7583629531393	18.897292031359722	18.695945541185203
2025-01-19 23:15:00	19.47337351843637	19.43889022457772	19.488866012778644	18.25736738999999	18.870983362482566	17.981684851638256	18.064549709999994	18.483430878351527	17.87635672132032	18.354594522722884	18.341424460963243	18.360511506991706	18.728107446304836	18.875009214241935	18.662108101289597
2025-01-19 23:30:00	19.539658423611723	19.651966516983386	19.489201164270824	18.556483299999993	19.461142615351417	18.15004215832036	18.23165018	18.845834126319048	17.955712464987073	18.305523771750217	18.284473762190427	18.314981022421996	18.658425949835433	18.766813599608597	18.609730049212708
2025-01-19 23:45:00	19.46235756802351	19.52314273794816	19.43504828878199	18.60658152999999	19.369849211971818	18.26366416563583	18.134825610000004	18.522014956589747	17.960870976024907	18.26906541073048	18.257354578133643	18.274326799288488	18.658411358224242	18.812874232106218	18.589014994596106
2025-01-20 00:00:00	19.389762539628094	19.38052551881043	19.393912505502694	18.839390959999992	19.746514481106278	18.43184271138702	18.134825610000004	18.497214761375474	17.97201309271538	18.25574063756684	18.26320840417061	18.252385554020222	18.61124599323874	18.720830554000706	18.56201234999785
2025-01-20 00:15:00	19.366816190185684	19.411598966376594	19.346696392186868	19.047151279999994	20.066107026281465	18.589359567902513	18.61894846	19.621038590909443	18.16873405335953	18.21500892662082	18.23023098088911	18.208170032674197	18.51658983874591	18.586850699746297	18.485023364963133
2025-01-20 00:30:00	19.322241714230803	19.384989162257387	19.29405083178408	19.138506879999998	20.09290139885088	18.709720936748155	18.618948459999995	19.389410533603346	18.27279883272893	18.297020480000008	18.50031356966602	18.205685903483392	18.467740673045085	18.557477980345965	18.42742391179396
2025-01-20 00:45:00	19.37271843866637	19.563300254449647	19.28709472432896	19.072200390000006	19.740147669531915	18.772108133978424	18.61894846	19.24373051115191	18.33824927759842	18.320763499999998	18.56209631206875	18.212338613418382	18.383153780239713	18.447404033700877	18.35428772433687
2025-01-20 01:00:00	19.263688588379864	19.3620540022896	19.219495431405917	18.98084479	19.42005829110844	18.78351698515418	18.715773029999998	19.377081507590106	18.41866342412618	18.38361266	18.681994615038597	18.249556999040628	18.318768391336924	18.383602711455573	18.289639928674937
2025-01-20 01:15:00	19.236016333748708	19.36908401346559	19.17623230373097	19.07220039	19.595185250493746	18.83723617731441	18.715773029999998	19.28089731721575	18.461876611105957	18.47020484	18.873520354603478	18.289005116047704	18.313441159999996	18.462660526296585	18.24640057514212
2025-01-20 01:30:00	19.2760447928379	19.51554010933254	19.168445447746095	19.07220039	19.553674664094125	18.855885861059164	18.715773029999998	19.21386149201999	18.491994155759123	18.667132219999996	19.300047604150542	18.382778931468586	18.388733969999993	18.67879351520574	18.258417362733653
2025-01-20 01:45:00	19.31219740061814	19.630126809842242	19.169359550097166	19.138506880000005	19.683593241320207	18.893613007522816	18.812597610000005	19.40625666445617	18.545881223215353	18.729981379999998	19.304312230506174	18.47194867904795	18.59620747	19.148649608892583	18.348008827888837
2025-01-20 02:00:00	19.224785238487407	19.453474117559203	19.122040959484135	19.22986248	19.865248064347902	18.944399391379932	18.8828735	19.499122217653472	18.606008134097713	18.729981379999998	19.221182773270446	18.5092966960669	18.464026770000004	18.80454604086131	18.311039851207244
2025-01-20 02:15:00	19.20454545000001	19.461442360670944	19.08912799737973	19.229862480000005	19.799230451616893	18.974059478259083	18.953149399999997	19.5920543098664	18.666105165132493	18.61964618	18.879870492178743	18.502733807861723	18.464026770000004	18.80213674024061	18.312122290616546
2025-01-20 02:30:00	19.204545449999998	19.486961409073857	19.07766291766247	19.022102160000003	19.255281802422967	18.917340291665052	19.049973969999996	19.73026960493298	18.744333902131558	18.55679702	18.710954913886457	18.48753767636985	18.426793939741927	18.741096226612385	18.285585665930565
2025-01-20 02:45:00	19.122086293495933	19.303576498949017	19.04054721568368	19.022102160000006	19.322441929271342	18.88716690134187	18.953149400000004	19.406094744823694	18.74965221609371	18.610890618197644	18.859248571114737	18.49930950891605	18.3055724088183	18.515520339837547	18.211247976041534
2025-01-20 03:00:00	19.096779350708694	19.295108839780436	19.007674797647482	19.02210216	19.347532133630537	18.875894490687735	18.97969807	19.459249334194283	18.76424750202866	18.66713222	19.018642185394878	18.509207452938533	18.284997210000004	18.52868360084021	18.1755149184631
2025-01-20 03:15:00	18.994039724033676	19.10941052656418	18.942206464925768	18.95579568	19.21171381069512	18.84081796910799	19.24362311	20.056259021452178	18.87852581644902	19.10009311	20.024562596482532	18.684751746507843	18.38873397	18.799365843803542	18.20424718611725
2025-01-20 03:30:00	19.076298699999995	19.36536010271593	18.946430533562413	18.95579568	19.27103970373717	18.814164307016632	19.34044768	20.15571793953393	18.974166838760116	19.162942270000002	19.992883912784745	18.790069937734394	18.464026770000004	18.9398177996233	18.250265582777942
2025-01-20 03:45:00	18.92757922232911	19.024686510747557	18.883951310141114	18.997053050000005	19.36505908361704	18.83171700591119	19.217074439999998	19.73034038654856	18.986476695898467	19.162942269999995	19.779617995162106	18.885885060144552	18.596207469999992	19.177581210861312	18.335010571931868
2025-01-20 04:00:00	18.902597400000005	19.03721334726104	18.842117771520414	18.997053050000005	19.402348765921	18.814963670383328	19.217074439999998	19.718854232993404	18.99163714169861	19.422718809999996	20.316807554272884	19.021026765471603	18.59620747	19.104692630444024	18.367757615307752
2025-01-20 04:15:00	18.93595987188083	19.14229778324592	18.843257331992163	19.113457760000003	19.692006697102148	18.853529976664255	19.21707444	19.702422991024793	18.99901929388741	19.422718809999996	20.106179104625806	19.115656938501445	18.728388179999996	19.345662786654692	18.451061907444995
2025-01-20 04:30:00	18.902447707555968	19.108759163003576	18.809757053659204	19.047151280000005	19.51021810151158	18.83910676598756	19.31389901	19.891962291856096	19.05418941960088	19.312383609999998	19.685412949034937	19.144790718549515	18.624651419999996	19.02572438549901	18.444459218109138
2025-01-20 04:45:00	18.77416300048992	18.865997750520663	18.7329039098964	19.138506880000005	19.723235067413718	18.875802911741673	19.217074439999994	19.627192053582114	19.032818700564555	19.31238361	19.650245067104148	19.160590781445965	18.62465142	19.005707281444575	18.453452409785776
2025-01-20 05:00:00	18.746753249999998	18.86944143081899	18.691632473110296	19.138506880000005	19.658923788478795	18.90469638488635	19.111232257062003	19.386565025113455	18.98753202793743	19.33612663	19.70693988397766	19.169529370966558	18.62465142	19.030046908816605	18.4425172148795
2025-01-20 05:15:00	18.81980518999999	19.102030357803724	18.693008375479472	19.138506880000005	19.6342127804527	18.915798431970536	18.962079717283174	19.11844628657403	18.891828070210465	19.33612663	19.67449954533364	19.184104015864598	18.62465142	19.01846555250333	18.447720432933295
2025-01-20 05:30:00	18.719155839999992	18.87220628181954	18.650394047298455	19.25491159	19.883796465195896	18.972369109839526	19.049973969999996	19.405596759518303	18.89020141239032	19.446461819999996	19.902116814782215	19.241747257126832	18.624651419999996	19.003709500509828	18.454349963539066
2025-01-20 05:45:00	19.021103900000004	19.6340290880833	18.745731714049537	19.321218069999997	19.990235964049404	19.020644813253163	18.917783730693394	19.12943746224324	18.822692923765203	19.509310990000003	19.99328576919458	19.29187304572418	18.62465142	18.99995112552742	18.45603850882101
2025-01-20 06:00:00	18.892857140000004	19.22714900705856	18.742668040307027	19.321218070000004	19.904645408704205	19.05909854101695	18.9531494	19.287790147090178	18.80280355710441	19.42271881	19.729985165393707	19.2846716068521	18.62465142	18.98536699252387	18.46259080046029
2025-01-20 06:15:00	18.89285714	19.205684571402934	18.75231148241318	19.32121807	19.84107838335021	19.0876576393644	19.049973969999996	19.562464727957302	18.819724499033676	19.422718809999992	19.701532341084786	19.297454759802484	18.62465142	19.015432521436598	18.449083099064715
2025-01-20 06:30:00	18.892857139999997	19.19701500851424	18.756206503421136	19.321218070000004	19.80359628118848	19.104497424393585	19.04997397	19.548571268305935	18.825966488152403	19.42271881	19.694259345786715	19.300722337400174	18.624651419999996	18.99336820876798	18.45899605113322
2025-01-20 06:45:00	18.99350649000001	19.426494345209594	18.798975714471055	19.321218070000004	19.77990061984097	19.115143301230873	19.07652264	19.58419515745634	18.848437885780495	19.509310989999992	19.865733904925786	19.34917895575797	18.54935862	18.826119970605607	18.42501656393081
2025-01-20 07:00:00	18.920454549999995	19.21156341530348	18.789666509066542	19.22986248	19.5437594504653	19.08883630486342	19.076522640000007	19.571339712748642	18.85421352035932	19.52599102841279	19.890711704133242	19.362131014683307	18.549358620000003	18.863882526217623	18.408050778076145
2025-01-20 07:15:00	19.048701299999998	19.506698335748048	18.842934515823337	19.22986248	19.5885484120924	19.068713727900516	19.076522640000004	19.543636900372267	18.866659711426966	19.509310989999992	19.890429094553618	19.338084015490388	18.54935862	18.880605198895328	18.400537693249923
2025-01-20 07:30:00	19.0487013	19.451710354886085	18.86763926084828	19.13850688	19.39425914222206	19.023603689726322	19.07652264	19.55782389006233	18.86028584649374	19.446461819999993	19.6851867618592	19.339208585251647	18.728388179999993	19.294863902541675	18.473884594510253
2025-01-20 07:45:00	19.04870129999999	19.42435169607573	18.87993083219785	19.138506879999998	19.441429509892043	19.002411205700675	19.10307132	19.605788001346763	18.8772131008442	19.446461819999996	19.704999440261023	19.33030723698417	18.728388179999993	19.225871383902895	18.50488123331897
2025-01-20 08:00:00	19.194805189999993	19.748743684970844	18.945934271969612	19.13850688	19.4693072819938	18.989886409539018	19.03279542	19.404499525333666	18.865797923400812	19.595903169999996	20.072350089073186	19.381847307807696	18.728388179999996	19.17315792203741	18.52856409299767
2025-01-20 08:15:00	19.323051949999996	19.97035618769737	19.032234104077986	19.138506880000005	19.530773225185047	18.962271275641505	18.935970849999993	19.208243477225675	18.813645466753673	19.595903169999996	20.001541984258985	19.41365964475321	18.80368098	19.32416868322063	18.569838678553047
2025-01-20 08:30:00	19.222402599999995	19.6269601074021	19.040644879283107	19.22986248	19.765961212405184	18.98900652775998	18.935970849999997	19.25298651534428	18.793543522091692	19.595903169999996	19.962287804243527	19.431295580702184	18.803680979999996	19.284319976400937	18.587741720747402
2025-01-20 08:45:00	19.222402599999995	19.589452699846102	19.057496033402472	19.229862480000005	19.733253903663883	19.00370111574522	18.93597085	19.28499355084026	18.77916354962249	19.595903170000003	19.927886486245168	19.446751245310146	18.803680979999996	19.26581879983777	18.596053843551143
2025-01-20 09:00:00	19.02855180097606	19.11940799475447	18.98773235159735	19.229862479999994	19.71750406717229	19.01077712924143	18.86569495	19.165436590989426	18.731028415642434	19.51879401859535	19.720840351533806	19.428019579159233	18.69994423	19.01511960848212	18.558343697638467
2025-01-20 09:15:00	19.0762987	19.298897940551225	18.976290345549458	19.02210216	19.222415424204584	18.93210634564722	18.667413877846695	18.75392934315104	18.628544610825905	19.47161151161708	19.64356976792617	19.394354903710095	18.699944230000003	19.03039097527693	18.55148264878863
2025-01-20 09:30:00	19.003246750000002	19.153757058062734	18.935626176812406	19.022102159999996	19.29249382132178	18.900621848391665	18.742321709999995	19.03195200496011	18.612197954293272	19.394378629892305	19.50522998230648	19.34457584837289	18.699944230000003	19.04903730747074	18.54310531113634
2025-01-20 09:45:00	19.00324675	19.209963102042124	18.910374186039043	18.818736599031315	18.859313365046503	18.800506457778113	18.64549714	18.840672064802643	18.557809854943734	19.307993386305718	19.355562349137042	19.28662182329454	18.699944230000003	19.05865923121548	18.538782417859718
2025-01-20 10:00:00	19.003246750000002	19.25035150748696	18.892228670549336	18.789634158747987	18.906095830460238	18.737310798993207	18.64549714	18.908434222946273	18.527365986792248	19.27171006891565	19.335137824277243	19.2432135411445	18.596207470000007	18.83762030227609	18.48774663231075
2025-01-20 10:15:00	19.003246749999995	19.265727033876797	18.885320825359692	18.663154120632615	18.7204596168137	18.637408173073	18.484172567333832	18.583566485091648	18.4395173289209	19.206156375134256	19.242614532800737	19.189776623139174	18.492470720000004	18.64933229173423	18.421996680525208
2025-01-20 10:30:00	18.876502627036665	18.982588266440075	18.828840962956875	18.551271445109315	18.577007734988836	18.539708764148948	18.456068357364376	18.612209934364095	18.38591779378479	19.157376127577898	19.191840947323325	19.141891933199517	18.57963405200232	18.894723934458064	18.43807193089901
2025-01-20 10:45:00	18.885810272290747	19.06230029019033	18.80651765555325	18.44896314577506	18.461890338760927	18.443155276462576	18.299492266467094	18.34974969428937	18.27691284237303	19.09128478486493	19.102757943037386	19.086130177570055	18.44175482943461	18.64030505859502	18.352551103290075
2025-01-20 11:00:00	18.730336369873225	18.771896402979205	18.711664470941557	18.350192064075777	18.36121922530615	18.345237832218658	18.2042705513036	18.247021904233904	18.18506342172622	19.03502684390945	19.043837641900645	19.031068369449642	18.33651961131936	18.48120439057795	18.27151630469593
2025-01-20 11:15:00	18.68256846002985	18.741469883956565	18.65610550145408	18.27464197456542	18.308344367590845	18.259500319727913	18.143054645528927	18.217780705971517	18.109482067648926	18.996754723992836	19.026187342135813	18.983531373812664	18.221481043501417	18.31107207074174	18.181230002277502
2025-01-20 11:30:00	18.625474412758823	18.688067459004017	18.597352899228383	18.195225517789144	18.242092478973724	18.17416934682217	18.094394479588075	18.209846895379165	18.042524553652946	19.009193156833767	19.116210171428246	18.961113048827556	18.148680032398218	18.240715943434846	18.10733056512089
2025-01-20 11:45:00	18.570452560792923	18.63902206122331	18.539645973643033	18.10040164357938	18.1394409526465	18.082862243853572	17.91066426291822	17.897666852679336	17.916503679112502	18.94547721367603	19.022578520317854	18.910837496199264	18.06930600391072	18.156567558335055	18.03010153743022
2025-01-20 12:00:00	18.48823889321041	18.53227163398016	18.46845606764719	17.981396418515914	17.987641206968927	17.97859078892108	17.800507085762213	17.77349461940081	17.812643121373853	18.81304636501895	18.78365814759095	18.826249767051813	17.93882048034367	17.968349642486437	17.92555375532301
2025-01-20 12:15:00	18.40595144430424	18.424212711574228	18.39774710683512	17.90903333971898	17.940489370562698	17.89490092006456	17.73446713503436	17.745747422176347	17.729399179941584	18.682495340000003	18.5443147504606	18.744576474430744	17.893430517268865	17.965894358717193	17.860874298647154
2025-01-20 12:30:00	18.347786068099314	18.373703523444576	18.33614199395869	17.805340381963234	17.819584531203375	17.79894083665245	17.657069083624112	17.68567904109823	17.644215334614	18.682495339999996	18.66930866654465	18.688419787494425	17.81969776609617	17.8956572881205	17.78557102431712
2025-01-20 12:45:00	18.280183967505184	18.30083040910142	18.27090802997644	17.70991247439633	17.718847567105854	17.705898157381903	17.558299993205658	17.57475518780458	17.550907079690205	18.638362049720822	18.644987313011978	18.635385482155236	17.720806053682892	17.77107361965204	17.69822207476922
2025-01-20 13:00:00	18.206599281819827	18.22512015168598	18.19827831130025	17.588061214514504	17.5702249639296	17.59607460245844	17.447489022494413	17.44781319160388	17.4473433813003	18.545933827589636	18.51003940590408	18.562060306897635	17.608077495334403	17.631078643151323	17.59774364631521
2025-01-20 13:15:00	18.125153202188404	18.12656031723688	18.124521020065174	17.50029253796898	17.494750714052415	17.502782342917	17.35207426728812	17.35153732492947	17.35231550226085	18.529006400998878	18.54754477478741	18.520677566398234	17.508819768965076	17.517738339690776	17.50481287487092
2025-01-20 13:30:00	18.073107716845268	18.09464055475312	18.06343354329246	17.425275567312863	17.444299489799647	17.41672858764488	17.259249641261146	17.260419487333515	17.258724058243125	18.477709269513998	18.49777664291487	18.46869349305853	17.44769725876815	17.486853447753333	17.430105347774806
2025-01-20 13:45:00	18.009242241464896	18.033463525310182	17.998360215389482	17.346723341566737	17.38159944469296	17.331054367698435	17.171530206739728	17.17913682275745	17.168112741572347	18.411596705187936	18.414301947032744	18.410381306677948	17.36444887235574	17.402915698110174	17.347166675277656
2025-01-20 14:00:00	17.945879274153754	17.963431706631734	17.937993398692633	17.24591387637144	17.25816968966557	17.240407641413206	17.091684507322437	17.10499270920999	17.085705460097596	18.33535994364106	18.304910389164412	18.349040178261	17.318239591209796	17.387007120252974	17.287344034683144
2025-01-20 14:15:00	17.87156349310077	17.879043891731893	17.86820273429548	17.131720459477275	17.114911606146276	17.13927226314773	16.9956743152532	16.999864837060052	16.993791617050125	18.265213853249804	18.220607000726048	18.285254613079317	17.205793241227575	17.233100010077504	17.19352498275876
2025-01-20 14:30:00	17.795799633396914	17.792225307822306	17.797405489814494	17.06052800419873	17.070693311264865	17.055960982183507	16.90622033097399	16.909985856522304	16.90452857311895	18.247317217478518	18.255081428143193	18.24382894891903	17.136363695254587	17.177548328743633	17.117860454121818
2025-01-20 14:45:00	17.766182596413426	17.80808953708342	17.74735484046024	16.97111251721147	16.980857825648673	16.96673419023243	16.8232865472058	16.833721659880048	16.818598308178238	18.187212784794582	18.1855074929922	18.187978930386947	17.07510136715344	17.136014439972474	17.04773462429272
2025-01-20 15:00:00	17.678859819870343	17.6962988172405	17.67102490800839	16.876600959743364	16.885475807757278	16.872613709186382	16.73564768333521	16.751479646128253	16.728534772515147	18.140061162716815	18.150861601023706	18.13520879188328	16.992408430191862	17.052424613967315	16.965444637481152
2025-01-20 15:15:00	17.622347119364044	17.64843154612451	17.61062802908036	16.775271907837663	16.76928388179187	16.777962180408956	16.629989063799865	16.623144410377996	16.633064197945927	18.07366667481825	18.066906460094227	18.07670387273773	16.894310501712116	16.928313856887534	16.87903363199563
2025-01-20 15:30:00	17.555277746066796	17.575592416999445	17.546150864923142	16.69126222427998	16.69301260373849	16.690475821914553	16.552969525943887	16.5609519563579	16.549383216627447	18.017226122863203	18.008090812406945	18.02133039277833	16.810970879125428	16.839820309452985	16.79800954086232
2025-01-20 15:45:00	17.49861023668911	17.52581495781246	17.48638782574963	16.61472925542572	16.630899803367225	16.607464226640403	16.50754815	16.5689915419544	16.479943147817593	17.97224813241694	17.97512044613711	17.97095767262961	16.761469322770157	16.82333065245438	16.73367655146275
2025-01-20 16:00:00	17.413066283412675	17.42225299264585	17.408938921293426	16.510026532523643	16.515313913512237	16.507651042514276	16.507548150000005	16.680627607158492	16.429787814175178	17.88963341774461	17.863997160702333	17.90115115641577	16.668072804256507	16.719560358260676	16.644940714776368
2025-01-20 16:15:00	17.362145589021534	17.390728606360558	17.349303943550375	16.503929270000004	16.623351448119287	16.450275827656554	16.507548150000005	16.752348166430025	16.39756553392275	17.823712547330413	17.789380905165448	17.839136908303075	16.616244872270862	16.697454499519466	16.579759387564962
2025-01-20 16:30:00	17.298864396315196	17.32805739789153	17.28574869995481	16.503929270000004	16.710148449612998	16.411280073362278	16.507548150000005	16.793193259586396	16.379214839895972	17.754498403241435	17.709176827752433	17.774860270490116	16.511323179924126	16.556288951468886	16.491121166621404
2025-01-20 16:45:00	17.20935421981612	17.207391669892477	17.210235945144134	16.503929270000004	16.75749978285573	16.39000628596337	16.50754815	16.811429991306873	16.371021525644736	17.728704382048853	17.727502011065067	17.729244577708236	16.4177523069502	16.445609349874882	16.405236823897084
2025-01-20 17:00:00	17.133705803247278	17.130202867011217	17.13527958619391	16.50392927	16.7998350326736	16.370986101262577	16.50754815	16.83837423271539	16.358916141823517	17.65906735706303	17.646149288542333	17.664871126978124	16.328296274573695	16.355206732912606	16.316206068653322
2025-01-20 17:15:00	17.070067337328908	17.076125158978552	17.0673457073124	16.50392927	16.828867235349957	16.357942647886244	16.50754815	16.84754795854541	16.354794612827423	17.605068287635742	17.59850237552564	17.608018190177965	16.268958304742267	16.323964973716794	16.244245163608785
2025-01-20 17:30:00	17.016510383426926	17.041881482974684	17.005111773485183	16.50392927	16.855840249626027	16.345824337124537	16.507548150000005	16.860317225737234	16.349057695683275	17.50546634501841	17.447656395315647	17.53143893111675	16.202183236949836	16.271027547864236	16.17125318422018
2025-01-20 17:45:00	16.933935763014308	16.93999644112954	16.931212849658188	16.50392927	16.858663655814066	16.344555850286426	16.50754815	16.86452279405478	16.347168237453637	17.464711927018687	17.43711494151237	17.477110572680942	16.13095424319026	16.20593804887284	16.097265866724175
2025-01-20 18:00:00	16.859822030356757	16.86498466948045	16.857502583793938	16.503929270000004	16.867474724432185	16.340597254240613	16.50754815	16.87659407008666	16.341744910540765	17.426812539440625	17.430140709757083	17.42531727451584	16.05676346081083	16.1374424102199	16.02051639658357
2025-01-20 18:15:00	16.79177007342473	16.79715342744278	16.78935146509778	16.503929270000004	16.87206951588165	16.33853292764738	16.50754815	16.878188528302026	16.341028559748352	17.35745198262131	17.343954549231057	17.36351604689809	15.977429916473824	16.05111230787558	15.944326233380284
2025-01-20 18:30:00	16.743506490000005	16.77256986253793	16.730449032772825	16.50392927	16.873165658516246	16.33804045776806	16.507548150000005	16.882753862607977	16.338977467523947	17.276334407144525	17.234466997734597	17.29514440267652	15.935861680000002	16.04600417582404	15.88637737028196
2025-01-20 18:45:00	16.743506490000005	16.859951614551058	16.691190564477075	16.50392927	16.874372066251794	16.337498448495577	16.50754815	16.88152010062985	16.33953176638369	17.193562129635364	17.125679430698526	17.224060153795392	15.93586168	16.128734684098283	15.849208591202217
2025-01-20 19:00:00	16.74350649	16.91513003109318	16.666400261392923	16.50392927	16.875239948388785	16.337108530434026	16.50754815	16.877481815994795	16.341346068176254	17.177924954965512	17.172636590645283	17.18030088676155	15.93586168	16.17875474271947	15.826735811241956
2025-01-20 19:15:00	16.74350649000001	16.95012670912494	16.650677116190252	16.50392927	16.878183479208353	16.335786074558566	16.50754815000001	16.87422600827484	16.342808822369282	17.12530226044856	17.124328016401847	17.125739964295633	15.93586168	16.19713609228583	15.818477523755622
2025-01-20 19:30:00	16.74350649000001	16.974471112262293	16.63973977565029	16.50392927	16.875016952999484	16.337208716768348	16.50754815	16.8741098711498	16.342860999918205	17.072693300752352	17.0746571999007	17.071810969250926	15.93586168	16.23050972484282	15.803483572896699
2025-01-20 19:45:00	16.74350649	16.986779613881126	16.634209869125858	16.50392927	16.882015097159297	16.33406462301539	16.50754815	16.882453465726112	16.339112428441886	17.007838147172027	16.996974371556224	17.012718973897957	15.93586168	16.260960019471902	15.789803005744508
2025-01-20 20:00:00	16.743506490000005	16.999136745694244	16.628658114253316	16.50392927	16.881012328175547	16.334515142413878	16.50754815	16.88143264937581	16.339571056077535	16.953111455869866	16.943835476056435	16.9572789250614	15.93586168	16.259834801408232	15.790308538497749
2025-01-20 20:15:00	16.74350649	17.005522173603516	16.625789298815807	16.50392927	16.8724001737085	16.338384371232408	16.50754815	16.877283626518356	16.34143510982509	16.90119777182184	16.897884720362644	16.90268624421654	15.935861680000002	16.25396330321327	15.79294645797665
2025-01-20 20:30:00	16.74350649	17.015282973552953	16.62140401188201	16.50392927	16.877185946891515	16.33623424125164	16.50754815	16.884727465262657	16.3380907764762	16.88212892685392	16.923621395318147	16.863487383051144	15.935861680000002	16.27296093647808	15.784411289408398
2025-01-20 20:45:00	17.074519408433062	17.7978673585725	16.74953699605158	16.503929270000004	16.883858005810644	16.333236649563343	16.50754815	16.89041397841704	16.335535966218423	16.936817136994616	17.13595256507942	16.847350495391296	15.935861680000002	16.28139471328068	15.780622201279694
2025-01-20 21:00:00	17.444703271082286	18.519887463591672	16.961649503433144	16.9881432412105	18.014465243289507	16.527042051870666	16.621434062102754	17.138399824175647	16.389174082041016	17.252766142868833	17.910048828346856	16.95746522620479	16.108164207835657	16.66985074980509	15.855812283182718
2025-01-20 21:15:00	17.649350650000002	18.724660828255747	17.16624028005902	17.23952487348272	18.383659717757276	16.725493276779655	17.07912546	18.17410061725785	16.587180099492848	17.559047718151483	18.49131805496357	17.140201624801122	16.643614050000004	17.76826090930996	16.13833792480278
2025-01-20 21:30:00	17.823051950000004	18.854954743351307	17.35944344863927	17.536160448324836	18.822223376241574	16.958364060420212	17.17595003	18.148696839970512	16.738918854506004	17.747235060378024	18.70711365599437	17.31598525655039	16.5398773	17.26731732480371	16.21305641929109
2025-01-20 21:45:00	17.923701300000005	18.83673162488892	17.513499269977437	17.761339688975433	19.047972588978563	17.183287226655178	17.175950029999996	17.945665614748627	16.830135781779596	17.970299960208603	18.989375870676454	17.51245426130275	16.747350809999997	17.59688866220084	16.365674383648898
2025-01-20 22:00:00	18.125	19.104004773255376	17.685157275783816	17.96965034610463	19.238830996559308	17.39943874952354	17.510285153741034	18.60403719457666	17.018889309307635	18.146665444958938	19.157951968110062	17.69231932586205	16.85108756	17.658608391967377	16.48828834563785
2025-01-20 22:15:00	18.125000000000007	18.868757255117266	17.790848189729928	18.182670050316645	19.4449024066891	17.615580151076852	17.81356520736075	19.074110446896054	17.24723328814924	18.310456785795367	19.30122169903185	17.86533052042825	16.868871166711294	17.542548561212456	16.566204511210774
2025-01-20 22:30:00	18.097402599999995	18.646304898125265	17.85079432113212	18.460747588831794	19.796162718164446	17.8607784727548	18.056300987042096	19.343860081435064	17.477832408401774	18.46055668466166	19.419261036650898	18.029834439565043	17.4128184158565	18.625083699426547	16.86817749135402
2025-01-20 22:45:00	18.125000000000004	18.617993171736014	17.903510314147585	18.722986249999998	20.101109783881363	18.103829299995326	18.284747530000008	19.578127283261086	17.703663872737774	18.69087523000001	19.721283009824802	18.22793840138307	17.634132739999995	18.82602181051863	17.098646345998866
2025-01-20 23:00:00	18.454545450000005	19.336517122539732	18.058297307264766	18.905697450000005	20.21784461250167	18.316182058151433	18.3815721	19.498808671955935	17.879625234338633	18.80121043000001	19.72699045385614	18.3852802743545	17.8700502	19.056072633154336	17.337199541626312
2025-01-20 23:15:00	18.46377227692258	19.172901378313107	18.14517804296451	18.90569745	19.94642725956956	18.438123187729623	18.381572100000003	19.264042537969125	17.985099874245755	18.926908750000003	19.80189301849583	18.533799875748254	17.973786949999997	19.014233968877143	17.506339738620404
2025-01-20 23:30:00	18.902597399999998	20.06878004959295	18.378660267574183	18.97200393	19.90244421326086	18.553980034621937	18.64549714	19.747202733419662	18.150527960347688	18.95065177	19.677417067326928	18.624134027722686	18.105967649999993	19.109388537520015	17.65515536720114
2025-01-20 23:45:00	18.80194805	19.540015318862704	18.470352610366042	18.97200393	19.71166882868924	18.639690714646857	18.575221239999998	19.351552695767936	18.226434643930347	18.97439479000001	19.5728975817172	18.70550223140243	18.238148349999992	19.20711307186826	17.80281637350845
2025-01-21 00:00:00	18.77435065	19.378568853077358	18.502890297892783	18.97200393	19.643058066954378	18.670515839484263	18.628318580000002	19.391581316208175	18.2854034376456	19.013500930000003	19.555182480211275	18.770136755267405	18.29503625	19.153973795261678	17.909136773143302
2025-01-21 00:15:00	18.801948050000007	19.323773616044793	18.567504679748005	18.997053050000005	19.623407536992268	18.715647410916528	18.725143150000005	19.49767867405612	18.378061972525515	19.05260708	19.553990055473196	18.82734806203379	18.295036250000006	18.982046470134904	17.986379484432142
2025-01-21 00:30:00	18.646103899999993	18.911937844253433	18.52667125837889	18.90569745	19.350394261618565	18.70590612883804	18.72514315	19.37108118632849	18.434939104692994	18.879422720000004	19.025020504364406	18.814009222676876	18.030674850000008	18.303810181213898	17.9079618751068
2025-01-21 00:45:00	18.701038979154998	19.051165759045794	18.543735643262025	18.618378734100723	18.69179441903976	18.585394875649854	18.408120769999993	18.53209331200746	18.352422961272005	18.79283054	18.855921562244173	18.76448529812218	17.77233741531187	17.745289714767196	17.784489280773954
2025-01-21 01:00:00	18.63843546722289	18.965556438346333	18.491468074399293	18.60658153	18.802868424283687	18.518394664452252	18.330253831162807	18.45572053350465	18.273884733009233	18.77369710714962	18.86239297488448	18.733848239036845	17.664846274634517	17.65064449472871	17.671226784447256
2025-01-21 01:15:00	18.66203681089826	19.022138068165525	18.500252188068032	18.46046484651129	18.538302674570033	18.4254942281081	18.221111234973883	18.306450533689183	18.182770390623524	18.76096562349537	18.883160862808285	18.70606631307942	17.72737452875338	17.86527384919259	17.665419761599537
2025-01-21 01:30:00	18.731675311360384	19.172377723704844	18.53367857537951	18.556483299999993	18.8863410591906	18.40828633572596	18.187922959999995	18.334946866427657	18.121868741170182	18.60680835001553	18.58062515190803	18.61857181583194	17.651394138706163	17.756595790968767	17.604129628269334
2025-01-21 01:45:00	18.671441625166253	19.023997513732976	18.513046950592823	18.69793713	19.22256903804706	18.462232939428148	18.032859486684906	18.066058525928717	18.017943976300003	18.769087519999985	19.042038873804856	18.646457201623882	17.61572783	17.74396194106297	17.558115403290543
2025-01-21 02:00:00	18.77435065	19.291410664787023	18.542048324515946	18.49017682	18.710019106307772	18.391407097166073	18.20510151	18.599677435005283	18.027828268330957	18.682495339999978	18.82798763688082	18.61712923560423	17.691020639999987	17.975792981131747	17.563079443259625
2025-01-21 02:15:00	18.74399066900235	19.133034831733173	18.569202711833412	18.49017682	18.750172984168994	18.373366949141477	18.425299319999993	19.10418628462998	18.12029213299232	18.68538986208563	18.83901594479749	18.616369448113637	17.525933171449502	17.595541862791848	17.49465970142613
2025-01-21 02:30:00	18.656179041750946	18.921012981957144	18.53719567731048	18.465127699999993	18.746686159346275	18.33863042116326	18.30192608000001	18.696871625084544	18.124486777135942	18.729981379999987	18.99131676292004	18.612569831151852	17.523632637173986	17.64193837380039	17.47048078448674
2025-01-21 02:45:00	18.5773500873127	18.753091485225603	18.498393807090963	18.556483299999993	19.01178898686776	18.351925672566622	18.02722804808381	18.032226319508215	18.024982447878642	18.63568076470865	18.74397148232806	18.587028413314414	17.494481144521227	17.622925561722834	17.436774232445146
2025-01-21 03:00:00	18.537375195514887	18.73345458161193	18.449281558282905	18.556483300000014	18.998215522215432	18.358023895816245	17.994273819999993	18.09430217296574	17.94933354547915	18.610302001196665	18.745616002237256	18.54950875435236	17.376623023404502	17.451464891707662	17.34299841590598
2025-01-21 03:15:00	18.53722624192567	18.71858339299555	18.45574694216964	18.672888019999984	19.226722210648514	18.424063963331804	18.09109839	18.382606814616118	17.96013083691159	18.60945587266574	18.755867398134132	18.54367678151327	17.380213802236746	17.47256547456618	17.33872247119018
2025-01-21 03:30:00	18.574415520182832	18.78623347586952	18.479250931396052	18.581532420000006	18.939235179501626	18.420825383122448	18.091098390000006	18.38590035684991	17.958651129531205	18.507237124165208	18.536428621220317	18.494122103749177	17.380953192524153	17.48351566566029	17.33487440024561
2025-01-21 03:45:00	18.48426663657478	18.573608530803476	18.44412752467494	18.581532419999984	18.91606059884945	18.431237151241547	17.89744925	17.91718685763607	17.88858162917799	18.454702938860425	18.45095715060012	18.456385829238258	17.404487737193925	17.544196905983892	17.341719849766548
2025-01-21 04:00:00	18.413589177774647	18.44362508922726	18.400094782774232	18.37377209999997	18.424505438249337	18.350978861076385	17.800624669999987	17.777142142746808	17.81117479093983	18.51652922344161	18.63503551192787	18.463287267744874	17.464078289451756	17.68886747780087	17.363086045410853
2025-01-21 04:15:00	18.459790302726553	18.55085386480349	18.41887768788041	18.356135921370008	18.429326170809833	18.323253345534738	17.758109232683804	17.7524603641084	17.76064713015971	18.567714123016486	18.755094675187102	18.483528657548547	17.44410761052321	17.61834715810572	17.3658260746528
2025-01-21 04:30:00	18.528816775787785	18.69778397973017	18.45290397401655	18.220042052426273	18.194305764557075	18.231604732483476	17.69057503974869	17.679701125096738	17.695460421693767	18.49216478915153	18.57978847159711	18.45279762747306	17.394911754734643	17.496704965655073	17.349178573016758
2025-01-21 04:45:00	18.486788824444897	18.586355861156303	18.44205580795139	18.23315263066079	18.30272017306923	18.201897647839587	17.60523930434509	17.569242234629414	17.621411900884027	18.48466848081904	18.573764995423673	18.44463961193867	17.398215280000013	17.503805844284102	17.350776040973827
2025-01-21 05:00:00	18.595708159519564	18.785808671351074	18.510300683189513	18.135877557269136	18.133952086373984	18.136742623903203	17.633524210000008	17.704695041634935	17.601548908830722	18.506202918619685	18.615378660617772	18.457152947577057	17.390813846405766	17.44944882754237	17.364470594011053
2025-01-21 05:15:00	18.53886051410564	18.652312823274453	18.487889186797958	18.033103476292684	17.991645615872546	18.051729471553912	17.536699640000005	17.54043062053834	17.535023402366846	18.54519734408985	18.71780577527321	18.467648628630656	17.399844055400767	17.48990353159	17.359382551605606
2025-01-21 05:30:00	18.48609457859104	18.541533848314227	18.461187080599473	17.94024960612712	17.879104808017495	17.967720457451733	17.53669963999999	17.62471879293578	17.497154803173785	18.512512063152776	18.648036582706254	18.45162423552729	17.40780057835999	17.521930046379772	17.35652502026413
2025-01-21 05:45:00	18.479188859867936	18.5430369538368	18.450503484316755	17.84338630000678	17.760796951871225	17.88049165931406	17.56324830999997	17.731304631447923	17.48774474529148	18.42987736512522	18.47191401237687	18.41099133520055	17.501952040000027	17.737199837775048	17.396261000419997
2025-01-21 06:00:00	18.41090572459176	18.60084537079477	18.325570521225245	17.77373952346721	17.794326864904978	17.76449013818356	17.73034878	18.246049084532636	17.49865733883317	18.306196847270396	18.317089069116534	18.301303240354002	17.501952039999942	17.884105284046083	17.33026000281984
2025-01-21 06:15:00	18.4902469328446	18.645819902538893	18.4203518305182	18.16601179	18.701624274333547	17.92537429703856	17.7038001	18.001427336384566	17.57008351553739	18.375915734695887	18.439905320658664	18.34716679027784	17.738312804025085	18.173012535758044	17.54301292455085
2025-01-21 06:30:00	18.595597923181117	18.755999983844692	18.52353322925984	18.323673870000015	18.91427848350325	18.05832976828117	17.774076000000015	18.099020106634814	17.62808661875829	18.422718810000028	18.50429874388418	18.38606695564627	17.69160198037251	17.892082078861094	17.60153121148636
2025-01-21 06:45:00	18.72137778114285	18.910130022488968	18.636576049523626	18.41502947	18.944832697424257	18.177001933041282	17.774075999999972	18.038630669164718	17.655218105157843	18.53022820191564	18.695798144787556	18.455841705842772	17.913173546936164	18.225215604067476	17.772980738659783
2025-01-21 07:00:00	18.945641048389376	19.248012556236084	18.809792979646716	18.53143418000003	19.03982027994055	18.303028830751373	17.774076	17.9358752183802	17.70138359753932	18.624257808703174	18.82616950747494	18.533543857081042	17.945853584649498	18.113244253039277	17.87064908145993
2025-01-21 07:15:00	19.098326340111413	19.436224804007733	18.946516885317465	18.415029470000015	18.625456672045082	18.320489712559464	17.72455617021618	17.771410702147936	17.703505583406297	18.59590317	18.707077819654753	18.54595513899571	18.06322885501477	18.236960369177982	17.98517556604287
2025-01-21 07:30:00	19.15451634225647	19.407934677695415	19.04066172778397	18.506385070000015	18.790321077094575	18.378819617537232	17.82717334999997	17.995797566120828	17.751414644206562	18.671619926587695	18.809616348500633	18.609621534134078	18.20722732000288	18.41672759700654	18.113104007146205
2025-01-21 07:45:00	19.292941938353945	19.575608226356515	19.165946939396292	18.381795512259373	18.43641182783836	18.357257747289054	17.923997919999973	18.174979380637126	17.8112381333369	18.8303873790158	19.109160615383963	18.705141432241646	18.257317785614212	18.392624977848346	18.196527597798877
2025-01-21 08:00:00	19.251080331987442	19.544034487447817	19.119463247650174	18.36024424079586	18.479634394698262	18.306605186144054	17.923997919999973	18.199152451586492	17.800377768127788	18.663635831202807	18.755289189655027	18.62245823537637	18.294245543089595	18.52069322090829	18.19250818059129
2025-01-21 08:15:00	19.45316396580931	19.726802347114248	19.33022498290427	18.46023636248675	18.60894211840228	18.393426530118916	17.92399792	18.036128477749475	17.873620423040137	18.8839420678004	19.137108127567515	18.77020079457168	18.59170531850926	18.886816586599096	18.459119096613676
2025-01-21 08:30:00	19.627542356933088	19.85487847776345	19.525405838878783	18.617362171133475	18.858763249083538	18.508906614373302	18.0010956047393	18.10560140062506	17.954143725428338	18.89011358016146	19.011712411802435	18.835482221018424	18.84418487371347	19.14556488529526	18.70878225981437
2025-01-21 08:45:00	19.878063933865203	20.159584042156283	19.751583885212654	18.708658142480925	18.94675589411012	18.601686688850435	18.08940771156541	18.20529075827052	18.037344313770376	19.029864407602236	19.20934930946685	18.94922626328622	19.01976122569363	19.244058138816374	18.91899014878345
2025-01-21 09:00:00	19.9512987	19.922623585536332	19.964181722440173	18.711451798574924	18.787273821621017	18.677386831699152	18.189389578589736	18.27126905507729	18.152603147124353	19.112184009404128	19.212621361151562	19.067059981807404	19.294120477123734	19.473700355549337	19.213439662178928
2025-01-21 09:15:00	19.8961039	19.688471452133328	19.989388043244446	18.82313360296885	18.991382183065355	18.74754366118634	18.221375668404402	18.290840056091163	18.190167030458156	19.092095705240755	19.092199326990347	19.092049150541584	19.537581537075944	19.80844408422521	19.415889668066995
2025-01-21 09:30:00	20.097402599999885	20.091478592325526	20.100064110694177	18.942299624142212	19.19403375293914	18.82920168221898	18.23809936997581	18.279939344200184	18.219301700396727	19.12018207122222	19.09709286341155	19.130555483426917	19.72577878896261	20.00989928107262	19.598130451927716
2025-01-21 09:45:00	20.097402600000027	19.972969603117832	20.15330727975862	18.889887297099296	19.004959285597362	18.838188287774102	18.325653856951742	18.43018415947495	18.278690967412302	19.274886557912932	19.391273041606627	19.22259697828244	19.818080994467568	20.006758745968487	19.733312729300508
2025-01-21 10:00:00	20.097402599999942	19.76964319515388	20.244656825365496	18.92807715538814	18.984707615048716	18.902634485105864	18.359882920536787	18.399993912201506	18.341862040223617	19.38643190726896	19.513961407115318	19.32913604501917	19.841606249999945	19.781210256996633	19.86874068163911
2025-01-21 10:15:00	20.0974026	19.76459715558907	20.246923886619356	18.940954555635596	18.999852001079574	18.914493384494136	18.41428609311921	18.50358315977306	18.374167121144268	19.344368555274915	19.36577913623999	19.334749308754397	19.60568878999994	19.194038790574698	19.79063299264027
2025-01-21 10:30:00	19.96915584	19.490061058961217	20.184401321336225	18.935570468374845	18.974378568136455	18.91813494529356	18.358905232879458	18.357476660141625	18.359547055413827	19.35623387230569	19.356381078996204	19.356167735966494	19.501952039999942	19.039946365549316	19.70951980678211
2025-01-21 10:45:00	20.069805190000015	19.82847649765943	20.178228225689253	18.963055796154816	19.023746372655786	18.93578901540799	18.393276201803225	18.424675417225107	18.379169307918033	19.417252622093862	19.46158144469284	19.397336774259543	19.50195204	19.11389000485004	19.67629875144418
2025-01-21 11:00:00	20.069805189999986	19.578939658010977	20.290338979734187	19.020406069316106	19.026680202040115	19.01758725606328	18.416663768989416	18.35577719509362	18.4440186065368	19.470900624527268	19.427574543897094	19.49036596510024	19.530395980000016	19.019558531746547	19.75990265965011
2025-01-21 11:15:00	19.868506490000016	19.315121573421287	20.117128698897687	18.97833000743811	19.017211601603183	18.960861465132055	18.367553364862054	18.341522868353216	18.3792482256124	19.42726864218695	19.385678811505482	19.44595392843513	19.53039598	19.256827375253337	19.653303614016608
2025-01-21 11:30:00	20.097402599999985	20.10577352684026	20.09364174881088	18.980697146954427	19.100405473416586	18.926915145210558	18.302898069965657	18.285536115118134	18.310698368520335	19.39666836323925	19.371217649603928	19.408102741829012	19.530395980000016	19.416849663205966	19.58140954261762
2025-01-21 11:45:00	20.0974026	20.17356080505929	20.063186594828434	18.947159410433176	19.08640757002405	18.88459864308075	18.298510280582335	18.35665053798292	18.272389295373383	19.34596081139967	19.306141731760974	19.36385054283154	19.63413274	19.73699720065297	19.58791827217039
2025-01-21 12:00:00	20.069805190000007	20.094378976665226	20.05876479309244	18.85108552660313	18.91703767044882	18.82145485328114	18.301926080000005	18.428841668737114	18.244906032886238	19.31974646892045	19.277072491787028	19.338918835458653	19.542469072517	19.543106372895036	19.54218274915874
2025-01-21 12:15:00	20.024281319235747	20.101421593152004	19.989624094722647	18.80617815964413	18.91997711267501	18.755051093789675	18.301926080000005	18.517336055293992	18.20514768530271	19.273405264782436	19.252550763805193	19.28277467826496	19.448786233206636	19.451947583851208	19.447365916250376
2025-01-21 12:30:00	19.991480241106114	20.098042810151277	19.943604304288716	18.880648329999996	19.204578830224573	18.73511433714547	18.32847475	18.6230606715097	18.1961245533797	19.27106273028429	19.320767027099084	19.24873181432402	19.360851503561573	19.371654536115965	19.35599796719655
2025-01-21 12:45:00	19.949347638016462	20.070124709979886	19.895085475250287	18.880648329999996	19.218916092797553	18.728672958308344	18.328474749999998	18.646178927665325	18.1857380904692	19.205861352824645	19.235406724279013	19.192587345359634	19.28252380414829	19.30733111126929	19.271378492253348
2025-01-21 13:00:00	19.968307514181028	20.161558666150107	19.881484532861588	18.88064833	19.251849205702165	18.71387692207584	18.425299319999993	18.86503745274477	18.22773581108568	19.125099867593683	19.1163750388472	19.129019718189923	19.247902028755306	19.325938310034747	19.21284225020947
2025-01-21 13:15:00	19.88652130624533	20.036095443099494	19.819321331716647	19.113457760000006	19.809146998623696	18.800901725256033	18.32847475	18.636906529029133	18.18990395072605	19.133472285507384	19.21227869816263	19.098066505908648	19.191402431672696	19.30416698599305	19.1407400956737
2025-01-21 13:30:00	19.867106504848394	20.05282157060375	19.78366930139308	19.113457760000003	19.73475758467775	18.834323056159278	18.451848000000002	18.976253177919492	18.21624567368835	19.12697635842535	19.25550972316081	19.06922948441376	19.149917037645746	19.305017121713636	19.08023439118046
2025-01-21 13:45:00	19.942778233825184	20.269584051429398	19.795952431713147	19.113457759999996	19.708305424711224	18.84620735991234	18.451848000000005	18.94262778664746	18.231352733535203	19.052607080000005	19.14374035788431	19.011663143559232	19.147336089593754	19.37590506417903	19.044645680722105
2025-01-21 14:00:00	19.76171642756596	19.894701439069237	19.701969538339853	19.113457759999996	19.625070754292874	18.883602646622037	18.478396670000002	18.982490986020533	18.251919513527007	19.076350090000002	19.245201679878896	19.00048923077905	18.959601398838956	19.038149983795627	18.924311454872914
2025-01-21 14:15:00	19.791728906562795	20.021676724889815	19.688419017169494	19.11345776	19.6104617481566	18.890166113147032	18.54867257	19.107764343300648	18.297486410980873	19.15206633351013	19.439251266304495	19.023041218776427	18.93951622494385	19.08643843502149	18.873507695778535
2025-01-21 14:30:00	19.670992265874926	19.798754077735545	19.613592031560728	19.11345776	19.630303143198397	18.881251863200713	18.645497140000003	19.299689553622667	18.351584606343444	19.086727982975756	19.311570087534278	18.985711964985693	18.896719990272285	19.072285114946887	18.81784290527355
2025-01-21 14:45:00	19.612895358785245	19.73426533994729	19.558366816524043	19.11345776	19.60003340109917	18.894851312549648	18.575221239999998	19.05770714928185	18.358452208293663	19.162942269999995	19.539957609707074	18.993558566653338	18.92270335876119	19.19645678482393	18.79971268908083
2025-01-21 15:00:00	19.63051653397879	19.839601063176833	19.53658000636807	19.11345776	19.57781793360268	18.904832174758216	18.645497139999996	19.18686855324832	18.402272302163794	19.249534450000002	19.71936027966958	19.038453280148456	18.91226139154202	19.22885236120391	18.7700248689403
2025-01-21 15:15:00	19.614343501370403	19.847635762386297	19.509531036276307	19.113457759999996	19.574592379734153	18.906281336641175	18.74232171	19.4012776784638	18.446269028516262	19.24953445	19.650558593071484	19.069364182822955	18.801976269627932	19.03494000209143	18.697311404318246
2025-01-21 15:30:00	19.62390520491201	19.906229031033188	19.49706406564018	19.11345776	19.605802995506263	18.89225917593197	18.742321709999995	19.334397249544434	18.476316757451038	19.394725079597016	19.940329642507436	19.149598391912622	18.718529441894795	18.912672851549743	18.631305591180254
2025-01-21 15:45:00	19.57248690096587	19.822240262357752	19.46027886903618	19.22986248000001	19.845764252660466	18.953152987935162	18.83914628	19.50087782300871	18.541846601256957	19.192892217472657	19.45299355518963	19.07603509473025	18.823061149025502	19.195920493160056	18.655544632095488
2025-01-21 16:00:00	19.498380401247413	19.701326788510322	19.40720158957857	19.13850688	19.595633757918485	18.933131036297496	19.032795419999996	19.915420150358973	18.636253874476402	19.262090521297946	19.628981212528853	19.09725557306377	18.70519184061102	18.981812357059717	18.580913057858712
2025-01-21 16:15:00	19.509468324919805	19.770147220566678	19.392351719629183	19.13850688	19.59571976712507	18.93309239448004	18.96251952	19.595244431997124	18.678251805914343	19.202048419999997	19.51557605103671	19.061188179969008	18.628043008343994	18.86684711257064	18.520754207894345
2025-01-21 16:30:00	19.537282584626595	19.865771061715872	19.38970080506474	19.047151280000005	19.35498246351433	18.908850313493566	18.86569495	19.293189860970287	18.67363201898437	19.340375896576017	19.797014435535228	19.135219451536365	18.590318309915126	18.84344978180828	18.476592576166038
2025-01-21 16:45:00	19.440348423011997	19.673652234736174	19.335530768469248	19.113457760000003	19.551438186460135	18.91668394521357	18.865694949999998	19.321922595264187	18.66072310937406	19.572160150000002	20.319612173074958	19.236348371517053	18.572676124349847	18.85932101533768	18.443893637094444
2025-01-21 17:00:00	19.468540662861145	19.773555352310435	19.331505077746243	19.113457759999996	19.564587433486427	18.910776312491606	18.768870380000003	19.10421260637002	18.6182093797468	19.57216015	20.258684285759443	19.263721770166043	18.57698243800173	18.91241916864886	18.42627897930519
2025-01-21 17:15:00	19.58774993628951	20.06237988498747	19.37451039412087	19.113457760000003	19.570400256242742	18.908164754441678	18.768870380000003	19.13204831051536	18.60570348368151	19.485567969999998	19.945211101808844	19.279061635419218	18.447261051206883	18.674264245863583	18.345274108679963
2025-01-21 17:30:00	19.49388042258487	19.853299672929335	19.332402208661996	19.229862480000005	19.832126191152902	18.959280232960303	18.67204581	18.92347192615816	18.55908625056662	19.595903169999996	20.180317806500607	19.333340072441757	18.429119157397825	18.692712922646187	18.310692973010884
2025-01-21 17:45:00	19.403196442340366	19.672068588185386	19.282398811598394	19.321218069999993	19.986009541346128	19.022543640844482	18.601769909999998	18.825308475553854	18.501339539968562	19.59590317	20.102968289358422	19.368091304780993	18.417177909999996	18.720093647817517	18.28108533213995
2025-01-21 18:00:00	19.319473239112547	19.520208250296605	19.229287944232755	19.229862479999994	19.67987583588927	19.02768256648453	18.60176991	18.878814222647502	18.477300726056924	19.59590317	20.0463836440944	19.393513391783674	18.412739558462526	18.741712262910703	18.264940227478565
2025-01-21 18:15:00	19.277597399999998	19.471218780995585	19.19060808390054	19.163555989999995	19.503488831573883	19.01083253943782	18.67204581	19.100734834032238	18.479446393405816	19.595903170000003	20.010729922566483	19.40953173044115	18.34188511	18.630771996760352	18.212095349281586
2025-01-21 18:30:00	19.277597400000005	19.522311543081255	19.167653364702634	19.25491159	19.735315425313058	19.039077982830364	18.575221239999998	18.89431228231116	18.43186149635296	19.595903169999996	19.966851151030596	19.42924538142103	18.44562186	18.893116542690475	18.244573524298477
2025-01-21 18:45:00	19.277597399999998	19.560615617015227	19.150444288007648	19.254911589999995	19.729176622676817	19.041835995608963	18.67204581	19.15845434349067	18.453514439881005	19.595903170000003	19.942373129744233	19.440242753303323	18.341885110000007	18.63159671681918	18.21172482287835
2025-01-21 19:00:00	19.35064935	19.747443933051827	19.172379319933235	19.22986248	19.665491986796685	19.03414487549714	18.67204581	19.12800035343431	18.467196667297628	19.595903170000003	19.943320042664983	19.439817328657767	18.341885109999996	18.65028495264249	18.20332865895772
2025-01-21 19:15:00	19.350649349999998	19.714867915864634	19.18701492185791	19.229862479999998	19.67158764858841	19.03140624483708	18.76887038	19.358145959928358	18.504123380322042	19.595903170000003	19.916408049702845	19.451908224046555	18.34602105143642	18.689944691299996	18.191504633526694
2025-01-21 19:30:00	19.35064935	19.716409864893578	19.186322162149253	19.32121807	19.89938485558058	19.061461977927564	18.935970849999997	19.71450918855143	18.586192755868193	19.59590317	19.92957371436988	19.445993215283103	18.57780257	19.233373700107066	18.28327061299537
2025-01-21 19:45:00	19.277597400000005	19.53268225780071	19.162994058089538	19.321218070000004	19.83710337751422	19.089443511551586	19.00624675	19.72820042275863	18.681890752093956	19.59590317	19.908146890578642	19.455619759305257	18.577802570000003	19.159640400856254	18.316397167731253
2025-01-21 20:00:00	19.277597399999998	19.57202740812099	19.145317251423897	19.32121807	19.828439144527263	19.093336137966013	19.006246749999995	19.655832824505193	18.71440373101941	19.59590317	19.90768486409084	19.455827336422963	18.653095370000003	19.269797528969104	18.376026284086343
2025-01-21 20:15:00	19.204545450000005	19.424006797711503	19.10594687349193	19.32121807	19.79039740929125	19.110427352347408	19.006246749999995	19.590889499851173	18.743581166733527	19.595903170000007	19.898691684591025	19.459867750401152	18.653095370000003	19.200191288177265	18.40729865313775
2025-01-21 20:30:00	19.13149351	19.28728280881018	19.061501216331656	19.22986248	19.58181112708339	19.07174062406399	19.076522639999997	19.719333201540667	18.78772369206144	19.59590317	19.894327944897253	19.46182827113313	18.653095370000003	19.152202670516402	18.428858756724523
2025-01-21 20:45:00	19.131493509999995	19.34650616327166	19.034893622298238	19.22986248000001	19.609253634713475	19.059411381505548	19.006246749999995	19.477936292606874	18.794328259843283	19.59590317	19.88724607490345	19.465009980840485	18.65309537	19.137197686265345	18.435600126460496
2025-01-21 21:00:00	19.05844156000001	19.204680043374893	18.9927402123968	19.138506880000005	19.428140761781183	19.008381512822957	18.839146280000005	19.072465802892296	18.734321566816522	19.50931099	19.672414346599034	19.436032670368547	18.756832119999988	19.338762781027782	18.495385011422275
2025-01-21 21:15:00	19.131493510000002	19.437230666296863	18.994133338330403	19.229862480000005	19.7197423092672	19.009771542213294	18.935970850000004	19.36233518761232	18.7444158577394	19.414592710888773	19.4813069067797	19.384619666358063	18.756832119999995	19.273068133668236	18.524899997917156
2025-01-21 21:30:00	19.05281676595028	19.26086092220391	18.95934765227111	18.99705305000001	19.158433317358398	18.924548871911462	18.935970849999997	19.359902890555723	18.745508628880767	19.352631214563196	19.402813755342173	19.330085435372645	18.653095369999996	19.002152120787382	18.496272771820156
2025-01-21 21:45:00	19.009758413772904	19.21109381865862	18.919303376795273	18.905697449999998	19.036721611632437	18.84683152231006	18.839146279999998	19.132622212974237	18.707294773881138	19.318316433905057	19.388722061100005	19.28668492023776	18.54935862	18.786544943658516	18.442796648501258
2025-01-21 22:00:00	18.905634641248753	19.031664804828097	18.84901239384354	18.880648330000007	19.083206024634357	18.789644148352686	18.81259761	19.108393132342453	18.679703969527303	19.30659196893199	19.423573536035757	19.254035032986813	18.41311865980436	18.531543539447394	18.359913279095174
2025-01-21 22:15:00	18.7877908416906	18.83480379436244	18.766669080345277	18.739194499999996	18.843430930443937	18.69236363994548	18.575221239999994	18.58960599814351	18.568758522573198	19.329512477209104	19.522915139873803	19.242621425866993	18.31362861875998	18.401274269350782	18.274251587335137
2025-01-21 22:30:00	18.73484975787973	18.79325330499753	18.70861048308767	18.603245957091573	18.63627603189868	18.588406358265193	18.47363874559608	18.485381360345468	18.46836307809998	19.28575390652649	19.459379937939143	19.207748008355587	18.23096238878073	18.312324816547353	18.194408254566746
2025-01-21 22:45:00	18.669014299108536	18.721936703818244	18.6452375665578	18.467323217600963	18.453728213490614	18.473431117998363	18.338841131926735	18.30906203766547	18.352220145290495	19.13565416765135	19.16322235428184	19.12326846061446	18.11589531533267	18.15722692821076	18.097326039981645
2025-01-21 23:00:00	18.598454694295175	18.636358709609315	18.581425354081578	18.377493223924848	18.377530998942884	18.377476252539935	18.253655891979065	18.24514468555812	18.25747976732761	19.08452878917939	19.111667627669778	19.072335977683714	18.019737431260484	18.044858218716286	18.00845128037455
2025-01-21 23:15:00	18.612393919938913	18.74518684368785	18.55273333100823	18.28072588361757	18.286534399976386	18.278116260325927	18.2227822999525	18.2999308296417	18.18812136632402	19.02730028890579	19.05143987819516	19.016454966181566	17.966533148112916	18.032530869098252	17.936881998105015
2025-01-21 23:30:00	18.523416031381103	18.610747442826685	18.484180179862076	18.162417064777937	18.147335578800988	18.169192804854536	18.066194613948042	18.06256511815232	18.0678252569867	18.980034089790802	19.012456950392068	18.965467297346752	17.87456031170867	17.930224964359713	17.84955155472052
2025-01-21 23:45:00	18.469160758309894	18.56041316881488	18.428163298517802	18.04108347421638	18.0044829423602	18.057527191427127	17.981449749963616	17.99528640695659	17.97523328087982	18.93684613960146	18.981151985811177	18.916940614492745	17.7874341206295	17.839483217713653	17.76404974367864
2025-01-22 00:00:00	18.353126245984882	18.383607129255964	18.339431936109477	17.93728887055236	17.911294862599867	17.948967337893336	17.869767343712514	17.87526755537869	17.867296234123362	18.84591234803546	18.848601462679273	18.844704195079544	17.664701407851688	17.68394772026186	17.656054513870302
2025-01-22 00:15:00	18.26245867293334	18.265003158034638	18.261315498467553	17.855156811295572	17.856737860497084	17.85444648484272	17.775902219046674	17.78846613810538	17.770257559759433	18.682495340000003	18.538184597089064	18.74733060130781	17.579688608102153	17.604605766993682	17.5684939425132
2025-01-22 00:30:00	18.206964543478737	18.228197468606798	18.197425113348743	17.748274039208418	17.741857392020865	17.75115688069848	17.699304516982348	17.737342545093952	17.682214968120615	18.682495340000003	18.66742789881236	18.689264770098795	17.512519701719462	17.561278999194933	17.49061335067975
2025-01-22 00:45:00	18.139400186220634	18.16132577099553	18.129549561176837	17.641824092848125	17.628640764798643	17.647747037334128	17.582827214375676	17.593178746407904	17.57817652607134	18.623483997570787	18.61103776194958	18.62907578458902	17.421640057720907	17.462387971238595	17.403333024111507
2025-01-22 01:00:00	18.05688019332498	18.05681757593279	18.05690832577654	17.548540579578567	17.53957386018456	17.552569105683123	17.457834003540786	17.429287741993686	17.47065913554021	18.54153489286738	18.49801969697429	18.56108519826863	17.327556948829567	17.351784847794892	17.316671950743693
2025-01-22 01:15:00	17.991672417327077	17.997393647993988	17.98910200934629	17.439629287913277	17.417750973641503	17.449458675484653	17.368670170383716	17.35413738314784	17.37519939363461	18.489895957672356	18.46020712393537	18.503234419206372	17.227170673928395	17.234866322279494	17.223713208727172
2025-01-22 01:30:00	17.941358881499948	17.969218764426923	17.928842122503767	17.354886707617887	17.350744396716564	17.356747745848914	17.284631069785345	17.28660721884062	17.28374323470254	18.4483641926093	18.4419204147071	18.45125922326102	17.178164523049034	17.228668677289548	17.155474250854017
2025-01-22 01:45:00	17.88174185327019	17.91644508973053	17.866150544135834	17.254944139135247	17.24632456972066	17.25881669930702	17.185735099499055	17.183163040904304	17.186890662056115	18.40459504044088	18.413806459526317	18.400456576793797	17.110625926725742	17.17446995436603	17.081942378075766
2025-01-22 02:00:00	17.80947554109743	17.83568955942362	17.797698228516097	17.148151593990768	17.12953542667907	17.15651537930472	17.08070426458487	17.068970382813603	17.08597600856907	18.377020705281197	18.42138602986645	18.357088458003762	17.01764449816375	17.06571990657794	16.99604540162985
2025-01-22 02:15:00	17.728665289625255	17.73813730256838	17.724409747578342	17.037786756997914	17.005449728679856	17.052314987111828	16.98116125455564	16.967194195766467	16.98743630995368	18.252181584637732	18.204852906930608	18.273445193462667	16.913897882655174	16.937080947219748	16.903482302923273
2025-01-22 02:30:00	17.654791371905887	17.658770518512142	17.653003639372642	16.95885111340506	16.951893382453555	16.96197705049922	16.896958692329036	16.898629023805018	16.89620825354998	18.216996683992267	18.204937429891668	18.222414609747602	16.85191058558934	16.900861781088278	16.829918019495622
2025-01-22 02:45:00	17.571049705103963	17.558332931023635	17.57676303838642	16.886370830057036	16.90693528585037	16.877131726729594	16.79749714773877	16.792789973647597	16.799611965084086	18.162467535818806	18.155459830532063	18.165615925150522	16.775886228954437	16.829590405549663	16.751758265556585
2025-01-22 03:00:00	17.52015133569443	17.53131037232065	17.51513785547105	16.798871129790058	16.820613891050403	16.789102642847006	16.70184255206603	16.6933273083529	16.705668241270484	18.108639609658855	18.104788053950905	18.110370018745034	16.692980900332717	16.740160894857	16.67178409119862
2025-01-22 03:15:00	17.46894910560471	17.49731732556196	17.456203963305075	16.674682578253233	16.653088572914566	16.68438423282568	16.598109360357984	16.576245235848546	16.60793237281875	18.018420443033303	17.971764085351694	18.039381995035182	16.60054481913966	16.630330561208286	16.58716281907984
2025-01-22 03:30:00	17.405217844293983	17.432387431161118	17.39301121831019	16.587149961814642	16.573099994116244	16.593462266142907	16.516616476232844	16.509539098984664	16.519796167460285	17.96800878155316	17.935069846244453	17.98280743364838	16.511063452208905	16.52920963085095	16.5029108212248
2025-01-22 03:45:00	17.35230921238142	17.390700498217655	17.33506095352746	16.515421885511532	16.525548843426087	16.510872092825288	16.507548150000005	16.60821829534366	16.462319533976043	17.938846948749976	17.942979974084885	17.936990082295157	16.458060695687173	16.506839296477125	16.436145672143855
2025-01-22 04:00:00	17.287530913281106	17.31723250903975	17.27418671808519	16.50392927	16.61146186408591	16.455617524830966	16.50754815	16.691684207610166	16.42482035600122	17.889513023373798	17.896345137733167	17.886443522719578	16.398586174871415	16.460931081289377	16.37057614445175
2025-01-22 04:15:00	17.211110284499206	17.222028336368354	17.20620507278987	16.50392927	16.698095668669993	16.416695090887398	16.50754815	16.753016921315563	16.397265078829236	17.820523187005964	17.807275880000184	17.826474875660733	16.333408970748806	16.402504931315924	16.302365858030246
2025-01-22 04:30:00	17.13958833584361	17.140659560565087	17.13910706096874	16.50392927	16.75071205199115	16.393055846206874	16.50754815	16.78452542923548	16.383109082517386	17.75519045989812	17.729235353480682	17.76685144973784	16.225629607238066	16.252113028755048	16.21373125844058
2025-01-22 04:45:00	17.11058874775424	17.153831805826776	17.09116070717093	16.50392927	16.782288577412814	16.378869291307282	16.50754815	16.805488314076527	16.373690974835192	17.726286432390495	17.73396598132175	17.722836200261963	16.155587814752167	16.188967557555628	16.140591118710027
2025-01-22 05:00:00	17.05178413930044	17.093790405260354	17.032911758941637	16.50392927	16.81044413184781	16.366219694387212	16.50754815	16.82508231393916	16.36488787344763	17.672456988147555	17.677670260158028	17.67011479347618	16.091935591235455	16.13845137539379	16.071037195454174
2025-01-22 05:15:00	16.976957875934023	17.000562533298698	16.966352884944094	16.503929270000004	16.82984427160357	16.357503689569413	16.50754815	16.839463153574446	16.358426916510034	17.626392273418993	17.639321486607603	17.620583496479185	16.03245716390462	16.095390219508577	16.004182892546318
2025-01-22 05:30:00	16.92882892048061	16.968726831528016	16.91090377203902	16.503929270000004	16.841248787205817	16.352379921690137	16.50754815	16.84507191379346	16.35590703873048	17.540391625126716	17.51042178336043	17.553856336644902	15.96574962790038	16.033252674041993	15.935422172387481
2025-01-22 05:45:00	16.856456885197925	16.880512803392683	16.845649153835062	16.50392927	16.845270532347456	16.350573050684474	16.50754815	16.84689852752652	16.355086386183736	17.49926445980001	17.489201172748476	17.503785646736198	15.935861680000006	16.05268675867778	15.883375050449118
2025-01-22 06:00:00	16.788254882918253	16.80600684336608	16.780279364456185	16.503929270000004	16.84955645003441	16.348647493462806	16.507548150000005	16.85489696816328	16.351492883868673	17.460595991353888	17.470410647398552	17.456186508203373	15.935861680000006	16.117517905541803	15.854248013452235
2025-01-22 06:15:00	16.743506490000005	16.78137799096585	16.726491757682012	16.50392927	16.849360980044352	16.348735313313405	16.50754815	16.861180904607288	16.348669666046	17.40346518159298	17.404511333433025	17.402995171345992	15.935861680000006	16.15793962892441	15.836087529033968
2025-01-22 06:30:00	16.74350649	16.854630888278393	16.693581035701015	16.50392927	16.855884554308716	16.345804432122165	16.50754815	16.863397033640794	16.347674013871526	17.35028741479525	17.349095424959607	17.350822946460525	15.935861680000006	16.18367627374807	15.824524688605948
2025-01-22 06:45:00	16.743506490000005	16.91013217245333	16.66864567614416	16.503929270000004	16.857328048506194	16.345155905743596	16.50754815	16.859449126015637	16.349447711500222	17.28619470268976	17.269466907684357	17.293710088851597	15.935861680000006	16.210966576372982	15.812263828006355
2025-01-22 07:00:00	16.74350649	16.942260828350463	16.65421106262515	16.50392927	16.857784836932332	16.344950681957933	16.507548150000005	16.857686439441707	16.350239643149383	17.26593402615555	17.29349960118122	17.253549492448357	15.93586168	16.22004192448907	15.808186497693317
2025-01-22 07:15:00	16.743506490000005	16.963520213624317	16.644659744603572	16.50392927	16.861688455656513	16.34319688224128	16.50754815	16.85267866136559	16.352489514458938	17.22231605848214	17.25454239203652	17.207837560798282	15.93586168	16.225136497913017	15.805897631372414
2025-01-22 07:30:00	16.74350649	16.984380713575685	16.635287635929764	16.50392927	16.86165655146643	16.343211216007838	16.507548150000005	16.851878338603168	16.352849079758006	17.223620650924207	17.314275455414165	17.18289168079103	15.935861680000002	16.23743688793008	15.800371369190838
2025-01-22 07:45:00	16.74350649	16.99340843585891	16.631231702730062	16.503929270000004	16.86037422931942	16.343787331755045	16.50754815	16.86014722492245	16.34913407286093	17.145195548178798	17.185147857388493	17.127245959983135	15.93586168	16.24437390695755	15.797254737453846
2025-01-22 08:00:00	16.743506490000005	16.997986983826515	16.629174673933033	16.50392927	16.859509437396394	16.34417586145959	16.50754815	16.865962130635832	16.3465215789897	17.039169676035197	17.00389015322302	17.055019896429073	15.93586168	16.241248030989667	15.798659116511876
2025-01-22 08:15:00	16.743506490000005	16.99978825382422	16.628365407702177	16.50392927	16.8612312394606	16.34340229821335	16.50754815	16.86415068368619	16.347335417474316	17.02402139900918	17.039505477210312	17.017064784165186	15.93586168	16.237989021116007	15.800123309353667
2025-01-22 08:30:00	16.74350649000001	17.001865239681617	16.627432269128562	16.50392927	16.86232464953124	16.3429110560077	16.50754815	16.872602483874722	16.343538231882366	16.98425868784569	17.011571536262025	16.971987697977475	15.93586168	16.24661173559313	15.796249336182784
2025-01-22 08:45:00	16.801400197520856	17.146261052754586	16.646462711836136	16.798719609461845	17.558149326333112	16.457526548258812	16.50754815	16.866236057775467	16.34639851027479	16.914399777594543	16.914136224979433	16.914518185291193	15.93586168	16.249629021636807	15.794893743902293
2025-01-22 09:00:00	17.231194757833027	18.13790369218502	16.823832772834308	17.24554268024911	18.479603108887872	16.69110973404908	16.734641791046897	17.40284689453448	16.434433701074212	17.158098902344186	17.58214174477193	16.967586900673755	15.93812310367224	16.250787100361247	15.797650873275721
2025-01-22 09:15:00	17.595470203079532	18.78457645373181	17.061234061482146	17.483364202708785	18.73517334804591	16.92095719538341	17.229047370000004	18.48074021027298	16.666692615674464	17.586923099339938	18.541531788879603	17.158040934474293	16.33240379	17.133046618961565	15.972694692930311
2025-01-22 09:30:00	17.789142244128787	18.94155146161785	17.271393175401826	17.723774179142143	18.995180680208904	17.152562562720846	17.158771470000005	18.023234228945036	16.770389650763825	17.77837476331238	18.760865058149324	17.33696608012477	16.436140550000005	17.19397089702241	16.095666046265293
2025-01-22 09:45:00	17.964706557526963	19.067498725240736	17.46924920681498	17.959386816970966	19.243426091355083	17.382499606740417	17.325871939999995	18.256557638386273	16.907737785652536	17.94126474715431	18.899702807765625	17.510662140213	16.539877299999997	17.278066634160588	16.208227019435096
2025-01-22 10:00:00	18.18035418262926	19.291088791483805	17.681328488796055	18.15179976055508	19.39610337045131	17.59276480538431	17.466423740000003	18.406563438588737	17.044042136286215	18.15610495405964	19.16248815138941	17.70396177844772	16.879531510000007	17.89038307032325	16.425380808985214
2025-01-22 10:15:00	18.360076816226233	19.436197100102834	17.876602485788915	18.348123538827277	19.566699594938235	17.800647339704962	17.56324831	18.439590039632357	17.169529561904298	18.283401640495132	19.22031914238943	17.86246769036871	17.19074177	18.367314745891754	16.66213651996168
2025-01-22 10:30:00	18.56243969279478	19.638708514099882	18.078898628150462	18.590373279999998	19.844530581647238	18.026911303897606	17.61634565	18.394424327084728	17.266774070440192	18.55653403555544	19.618718302564954	18.079320814145376	17.289105109089277	18.289759300853614	16.839535834528494
2025-01-22 10:45:00	18.819805190000004	19.96535155859509	18.305139430196416	18.706778	19.825128639716095	18.204330611142044	17.90681936	18.944385822131835	17.440666311795848	18.731370228005222	19.77488869607486	18.262543090176823	17.69102064	19.00195288465787	17.102051080805886
2025-01-22 11:00:00	18.819805190000004	19.684042866568667	18.431524494730024	18.798133599999996	19.785429512108536	18.35456587137153	18.047371159999997	19.055195364729165	17.594580575266605	18.879422720000008	19.87152988798062	18.43369341264639	17.79475739	18.916024729857064	17.290999599629437
2025-01-22 11:15:00	19.021103900000004	19.968920740375857	18.595273145628248	18.91453831	19.88112862638322	18.48027309539305	18.284747529999997	19.404577819004647	17.781635371171816	18.98975791	19.89489296452065	18.58310303043275	17.898494140000004	18.900064384405425	17.448513305556993
2025-01-22 11:30:00	18.847402600000002	19.337046395003807	18.6274177065925	19.072200390000003	20.058270653104866	18.629183315271728	18.355023430000003	19.295658307314685	17.932419354684708	19.08763852037232	19.84915749121395	18.745506808834772	17.794757389999997	18.458859875372344	17.496392505267494
2025-01-22 11:45:00	18.84740259999999	19.27385196721603	18.655809406033374	19.072200389999995	19.866553845180647	18.71531695361449	18.451848	19.36157998201042	18.04312783416922	19.12383613	19.828482919584438	18.80725568830264	17.926938089999997	18.65586880209296	17.599447480219112
2025-01-22 12:00:00	18.673701299999994	18.833460706104137	18.601925334938716	19.072200389999995	19.7488784242025	18.768185621010467	18.451847999999995	19.24295221791196	18.096424365865623	19.060986959999997	19.55270756238792	18.840069008202526	18.030674849999993	18.794203536480364	17.687640222740704
2025-01-22 12:15:00	18.735903114505135	19.007590302339786	18.613840754753344	18.95579568000001	19.391514853599674	18.76003779041175	18.522123889999996	19.27852287549596	18.182292461733688	19.013500930000006	19.373433472057737	18.851792106756683	17.841606249999998	18.22421119971538	17.66971127259164
2025-01-22 12:30:00	18.615173151942574	18.774947866285657	18.54339030926671	18.609968316405766	18.554790508849667	18.634758345887498	18.49557522	19.088411180930954	18.229228628857093	18.926908749999996	19.133320540694736	18.834173017948736	17.605688790000006	17.72820642639743	17.5506446345171
2025-01-22 12:45:00	18.497798814997406	18.578432838481735	18.461571934881242	18.51239803030613	18.481049378808432	18.526482207065968	18.258198850000007	18.46920326382601	18.163399765527437	18.71408684638994	18.650865673942313	18.74249056154757	17.6809816	17.974374000313063	17.54916762304775
2025-01-22 13:00:00	18.34415584	18.366170180709876	18.334265339101343	18.434225471322733	18.45886287503414	18.423156492843702	17.99614209705599	17.92947888580904	18.0260922354423	18.62701932467024	18.558894865634294	18.657625965686393	17.377214539046676	17.340625143222866	17.39365325311246
2025-01-22 13:15:00	18.271103900000007	18.25477103903652	18.278441852027065	18.25674559337652	18.18101781607356	18.290768217961897	17.892997905602268	17.82432021198664	17.923853101284656	18.595903170000007	18.578319349167458	18.603803147475496	17.358328915721728	17.389443295305988	17.34434999156069
2025-01-22 13:30:00	18.271103899999993	18.318176794664353	18.249955208194258	18.25736738999999	18.32764922414952	18.225791493498022	17.8458448523542	17.843590888090123	17.846857502965598	18.527511096711994	18.47272419509246	18.552125501787437	17.251131677684644	17.238123424017168	17.256975965564223
2025-01-22 13:45:00	18.34415584	18.565959139111786	18.24450508242805	18.348722990000006	18.6398122537814	18.217943755547495	17.959916709999995	18.220228249675042	17.842965148696706	18.500894964262976	18.488062175849286	18.50666041992711	17.34132738	17.525100786057862	17.258762516408794
2025-01-22 14:00:00	18.4724026	18.893527073565615	18.283201749557477	18.465127700000014	18.933992006537107	18.254478518802188	18.127017179999992	18.68645342752126	17.875676257200595	18.438685075484408	18.432135228674806	18.441627760282934	17.237590629999985	17.353333701568374	17.185590119585186
2025-01-22 14:15:00	18.472402600000013	18.80876994946276	18.321281037197878	18.697937130000007	19.43923162719236	18.36489177618894	18.127017179999985	18.60605885015765	17.911795560074097	18.41221822821016	18.427069055778983	18.405546117273452	17.34132738	17.610531660784517	17.22038052921276
2025-01-22 14:30:00	18.6461039	19.153837300425973	18.417991792562248	18.69793713	19.294708156031827	18.42982261105817	18.127017179999992	18.55759468796181	17.933569314104105	18.44646182	18.582797078349582	18.385209747408148	17.34132738	17.589718321549284	17.229731449738722
2025-01-22 14:45:00	18.6461039	19.031322901297695	18.47303449361985	18.697937129999985	19.2188988090401	18.46388188289501	18.29411765	18.902618792088802	18.02073307891662	18.44646182	18.5815815680727	18.385755846228236	17.237590630000028	17.343882466844093	17.189836326490365
2025-01-22 15:00:00	18.5	18.682083391225994	18.418194418434666	18.49017682	18.71876289156838	18.387478729875056	18.294117650000015	18.833923757515425	18.051596065464082	18.329219983110878	18.348097955848313	18.320738575069427	17.175347244121607	17.279902747308704	17.1283730325448
2025-01-22 15:15:00	18.646103899999986	18.96965357239406	18.50074100370699	18.465127699999986	18.680706312878208	18.368273540590934	18.294117649999986	18.72426133258144	18.100864691159046	18.310315847918872	18.330011489964306	18.30146708120283	17.266034580000014	17.46807776202391	17.17526155619214
2025-01-22 15:30:00	18.6461039	18.86834292271366	18.54625738254893	18.34175304763736	18.41893885274792	18.307075367080444	18.294117650000015	18.654075978281927	18.132397241641442	18.27168505027881	18.26770969373713	18.27347108002941	17.21824387329833	17.32277934903669	17.171278659560812
2025-01-22 15:45:00	18.57305195000003	18.624285777977626	18.550033853372383	18.37781541664507	18.558348109727895	18.29670652554988	18.127017179999985	18.22295158617343	18.08391621490759	18.29702048	18.354975732632134	18.270982612875414	17.18331498760953	17.241193024024405	17.15731181182892
2025-01-22 16:00:00	18.612648443808656	18.688654170855823	18.578500943251214	18.243943639540767	18.30072716201157	18.218432201908968	18.075870787456168	18.138339289876974	18.04780522839752	18.29702048	18.366821056492164	18.265660800706428	17.200276138600298	17.26995272475972	17.168972165108386
2025-01-22 16:15:00	18.57305194999997	18.618704416504656	18.55254142157034	18.23231827	18.35444612035294	18.17744923578347	18.1707444	18.41251319720859	18.062123636036745	18.29702048	18.38539920759416	18.257314095138867	17.237590630000014	17.354918351994883	17.184878175190732
2025-01-22 16:30:00	18.573051949999986	18.61517431504196	18.55412740918402	18.3737721	18.725150967466323	18.21590623200788	18.1707444	18.424449479441222	18.05676095851193	18.229855603502703	18.231135134533982	18.229280741735025	17.17970947028341	17.22011362414071	17.161556879419976
2025-01-22 16:45:00	18.64610389999997	18.78240873027281	18.58486549799335	18.21611002	18.334907225920507	18.162737362267592	18.17760110537411	18.456536935245797	18.052282109344787	18.225306091223473	18.250571992550068	18.213954744250685	17.16719505049957	17.20224092929159	17.15144980060751
2025-01-22 17:00:00	18.518354212119267	18.633315035141162	18.46670514670359	18.170746679397	18.36565676743287	18.083178378975077	18.015214699760715	18.20508209857852	17.929911955364332	18.249156660649508	18.41903960746043	18.172832438169223	17.13385388	17.296592502604483	17.06073942636607
2025-01-22 17:15:00	18.563050130016418	18.619827108530128	18.537541632423256	18.149726301557216	18.290378266681454	18.08653483896518	18.0670580468821	18.28603005891359	17.968679316838973	18.287057497956685	18.439509934823615	18.218564374146894	17.27853003557587	17.46060836860823	17.196726726532347
2025-01-22 17:30:00	18.657700668035947	18.727095553253015	18.626523255836958	18.149861068561812	18.271455159695698	18.095231839211777	18.07479295597738	18.264823414146267	17.989416953031963	18.247670305218495	18.293224954362394	18.227203723719043	17.366753895330678	17.510815939948483	17.30203036803863
2025-01-22 17:45:00	18.747290359753084	18.820291446949682	18.71449276985328	18.14726636235219	18.25194839261644	18.100235305276982	17.97456741757896	18.01191888171281	17.957786324997045	18.25804163794297	18.279451293229997	18.248422807306724	17.50632433779225	17.67774547587229	17.42930904387225
2025-01-22 18:00:00	18.874907946187538	19.09987394901315	18.773836263758767	18.17680470950318	18.34251280874951	18.102356143175115	18.040895899008014	18.189490934913547	17.974135810412747	18.32624331386103	18.445643618874414	18.272599698565102	17.598988468059876	17.820461469975196	17.49948610488059
2025-01-22 18:15:00	19.117259308972383	19.4223347866796	18.980196413190924	18.347052420541587	18.638161301553566	18.216264372550768	18.174230324099796	18.401306921151154	18.072210403685403	18.462466250538895	18.655112514490398	18.37591503050271	17.798964247148156	18.013502760395703	17.702577378877493
2025-01-22 18:30:00	19.20514840493225	19.393288357147608	19.120621759734092	18.43095037950482	18.72103024368017	18.30062464342606	18.20020900206366	18.36351785547242	18.126838357778524	18.514662809167987	18.66468009005954	18.447263740941366	18.042699230504535	18.304130687963756	17.925244517733063
2025-01-22 18:45:00	19.326442675368344	19.45983071522848	19.26651471543107	18.457332067674272	18.678180821248667	18.35811016389445	18.29578815264894	18.490018626668558	18.2085251860604	18.579537454805205	18.70965762071227	18.521077670122338	18.314290174362224	18.64493976258699	18.165737460811897
2025-01-22 19:00:00	19.45909310720008	19.605639008797212	19.39325364416362	18.504200583818985	18.70884748044897	18.412257775188124	18.320633319637075	18.471690413028384	18.252767089272908	18.619261495240867	18.719740705985085	18.57411866142826	18.51328832187478	18.852649497969487	18.360821706527872
2025-01-22 19:15:00	19.648726016562126	19.79667276024462	19.58225718969021	18.556264125283036	18.715247999976267	18.484836587377316	18.39382322938322	18.53109542964663	18.332150211873596	18.64210753324106	18.660397205000315	18.633890434334717	18.78521062671441	19.143326156033833	18.624318142527386
2025-01-22 19:30:00	19.90611256902908	20.136354883322735	19.802670369853615	18.658645846841754	18.84260619063178	18.575996996733153	18.52975341855061	18.730335782041397	18.439636704518506	18.750026189977078	18.809157473081665	18.723459961335834	19.061267637814936	19.440030007861257	18.891099036779565
2025-01-22 19:45:00	20.19016777584751	20.52030584671833	20.041844874441836	18.692257212373537	18.816353105163316	18.63650398517811	18.63652365472917	18.85494568578252	18.538392017589274	18.839631134151432	18.909173381268097	18.808387515881634	19.322922479999942	19.7023602539982	19.152450436609456
2025-01-22 20:00:00	20.308968038354262	20.44928221402905	20.245928336239558	18.813207158714253	18.952895486109153	18.750448634812216	18.78214890422091	19.022647057389275	18.674099009319207	18.9244540292069	18.958580803180464	18.909121710465115	19.219185719999942	19.101167663350015	19.272208325161557
2025-01-22 20:15:00	20.39935065	20.454122365554152	20.374743067649774	18.869249977297496	19.005636152929473	18.807975028825155	18.79751176324117	18.96385382562914	18.722778372892975	18.962794056686064	18.96625213972839	18.961240425174253	19.294478529999942	19.16365123650694	19.353256009685254
2025-01-22 20:30:00	20.399350650000112	20.263941924638917	20.46018645414796	18.905687202338715	19.018528684190244	18.854990304695292	18.987904855706894	19.299134851850535	18.84807688642499	19.181295235081397	19.38132201405941	19.09142813148253	19.162297819999942	18.79827067919382	19.325846245579555
2025-01-22 20:45:00	20.225649350000058	19.749976835110154	20.439357291472277	18.969541178638725	19.095742702372085	18.912841943338236	18.946133964597035	19.103229492226454	18.875554814502607	19.180284901627008	19.271681961985575	19.13922245421955	19.058561070000028	18.539354596422527	19.291827746534807
2025-01-22 21:00:00	20.45454545000003	20.19920572251472	20.56926329858038	19.096777676566774	19.263600503412174	19.021828290592737	18.97690951727807	19.05003456412138	18.944056235362922	19.22588436804909	19.245713966573433	19.21697541798744	19.058561070000028	18.476534921575478	19.320051078712424
2025-01-22 21:15:00	20.35389610000003	19.930171266832417	20.54426522794489	19.08682514555061	19.191071138661453	19.03998998922546	18.996916938931232	19.057303630291972	18.96978668629086	19.260782062763436	19.272867723222117	19.25535227328203	19.162297820000028	18.785734931583193	19.331478248129258
2025-01-22 21:30:00	20.45454545000003	20.193529319566306	20.571813566571734	19.071473776481568	19.118908246391396	19.05016263782639	19.019483716677282	19.072851280408607	18.995506985145823	19.40393512086728	19.542914592660257	19.341495068322644	19.16229782	18.79149005017706	19.328892615137818
2025-01-22 21:45:00	20.35389609999997	19.93157420475611	20.543634922500814	19.120787780474554	19.199767825908538	19.085303991946233	19.05931391859249	19.12969337912869	19.027694160960323	19.480307773513662	19.63822484496194	19.40935952402245	19.19074177	18.85242171175591	19.342740636747294
2025-01-22 22:00:00	20.353896100000057	19.879741803699716	20.566921943265356	19.157145307648076	19.21219194383288	19.1324142102317	19.084065207537332	19.114648870179614	19.070324721422736	19.44305940158208	19.44007083066529	19.444402092863527	19.294478530000056	19.00909935496375	19.42269236226275
2025-01-22 22:15:00	20.180194810000028	19.57652350055884	20.45140945627071	19.18541967850379	19.28943817573402	19.138686730472813	19.040013971153964	19.034161568698337	19.04264331138768	19.437643761922715	19.416836204216338	19.44699208495021	19.294478530000028	19.056747768095136	19.401285104189185
2025-01-22 22:30:00	19.951298700000027	19.189936824486605	20.29335983247705	19.060009580033288	19.020317794151136	19.077842121516596	19.015654118322566	19.003055554361563	19.021314342710838	19.415855943719244	19.360308469417987	19.440812055361874	19.39821528	19.307170607549104	19.4391194082026
2025-01-22 22:45:00	20.07954545000001	19.695628212706797	20.252030005885366	19.057637610976894	19.046271785766667	19.062743996216266	19.01655045924444	19.028777525807296	19.01105713948432	19.442243918510734	19.419647476922265	19.452395942992503	19.67537526875817	19.901796263568198	19.573649894278304
2025-01-22 23:00:00	20.253246750000006	19.951688364928497	20.388729502713296	19.036244845450188	18.94115794518974	19.07896504701647	19.008316464897845	18.9427026694198	19.03779512663436	19.46597143244246	19.373334883305887	19.50759075161976	19.841606250000016	19.982280493270363	19.77840477838579
2025-01-22 23:15:00	20.377580680142078	20.42394516725449	20.356750258395927	18.939744834729513	18.86489101595586	18.973374811279992	18.911841290347986	18.856920811091292	18.936515708564766	19.408591074145466	19.33331226391522	19.442411988886597	19.70942554000001	19.766212996639066	19.683912334843328
2025-01-22 23:30:00	20.30324111422704	20.331852520962556	20.29038671409949	18.832833024310172	18.76039202631033	18.865378979933286	18.797149534771847	18.72770486698454	18.828349313053106	19.360810447285797	19.3084064415872	19.384354275932992	19.597118083288933	19.63254523642681	19.581201536226985
2025-01-22 23:45:00	20.248589017417647	20.286388627093253	20.23160658408513	18.835763279819016	18.895761286224154	18.808807653752933	18.766477923048296	18.78311658561463	18.75900258189531	19.310810596748215	19.273735560510005	19.32746749708712	19.6129938472973	19.750691616159283	19.551129632301347
2025-01-23 00:00:00	20.191680345775726	20.222741226573554	20.17772545730134	18.743496252575078	18.7976686566573	18.719157926103346	18.737259935149083	18.827438614477245	18.696744876320487	19.294393934819404	19.308284765176097	19.288153126977996	19.63339716733275	19.852371799107516	19.535017260303512
2025-01-23 00:15:00	20.13715009604527	20.19393255832163	20.111639134732716	18.67678267760181	18.766524586771787	18.63646384884429	18.71324278464216	18.880417648685317	18.63813523702857	19.206444210134933	19.18883483504258	19.21435566850976	19.55332141928248	19.752765784700564	19.463715979746823
2025-01-23 00:30:00	20.106963005943197	20.212774762150897	20.059424390835392	18.57599496739253	18.652988484607487	18.54140367704957	18.571183641006865	18.65991739764763	18.531317750342176	19.08661045642084	19.001448735750596	19.124871519330654	19.556028392922386	19.830524493605783	19.43270405783275
2025-01-23 00:45:00	19.962573673981055	19.971396424217968	19.958609829671726	18.556483300000007	18.73412209465274	18.47667456617052	18.5183795148879	18.647196053165526	18.460505417980563	19.110119716394504	19.14770076201935	19.093235478505076	19.30954806627678	19.3677587781244	19.283395427620604
2025-01-23 01:00:00	19.939906106934753	20.017134667055764	19.905209217605016	18.880648330000003	19.580035279597855	18.56643100481835	18.52212389	18.76263248318415	18.4140693046564	19.127010026727753	19.260353217038034	19.06710221658835	19.28032582954473	19.414342474325757	19.220115452903983
2025-01-23 01:15:00	19.959357488805058	20.151613562219563	19.872981571763756	18.99705305	19.793602800519153	18.639182872230524	18.645497139999996	19.15609712017948	18.416097148904868	19.027132430539716	19.09578322772535	18.996289318760656	19.11713813280402	19.168590171580004	19.094021999440898
2025-01-23 01:30:00	19.829236961673853	19.9360899017654	19.78123056829939	18.880648330000007	19.401619647012986	18.64658875279127	18.742321709999995	19.404858304317234	18.444660341538636	18.916234625554456	18.919072842007456	18.914959484829193	19.100469924278933	19.249145794179437	19.033673518961322
2025-01-23 01:45:00	19.816808029558302	19.994470881371054	19.73698848743954	18.99705305	19.661662483256375	18.698460406073224	18.74232171	19.3160719414339	18.484549866892003	18.76908752	18.67397652296555	18.811818547653157	19.004202458150978	19.141342839620094	18.9425886635779
2025-01-23 02:00:00	19.66262792745	19.736137439665335	19.629601914715586	18.880648330000003	19.338611607813817	18.674896712431476	18.548672569999997	18.841356665330167	18.41717681702557	18.769087519999992	18.79889692409501	18.755694889174695	18.762322877797708	18.73597943685309	18.77415833677282
2025-01-23 02:15:00	19.649922795804084	19.801173229074372	19.5819697025957	18.97200393	19.56123939009371	18.707274955175293	18.478396669999995	18.743252669872216	18.35940339469508	18.87942272	19.13543011575619	18.764404904515334	18.69731114361709	18.7321888393556	18.681641454227325
2025-01-23 02:30:00	19.60600059244227	19.783879316875616	19.526084064073665	19.088408640000004	19.78261984942093	18.776516647361618	18.478396669999995	18.809789496918036	18.329510037616522	18.966014900000005	19.338088966213157	18.79885118909264	18.598812771426974	18.642989444406595	18.578965280668015
2025-01-23 02:45:00	19.53845698901041	19.710599107061963	19.461117776552463	19.088408640000004	19.720640025321025	18.804362655290557	18.478396669999995	18.857423672733653	18.308109176018217	18.966014900000005	19.31486979315658	18.80928299148039	18.60596092085823	18.775315261824687	18.529874187960246
2025-01-23 03:00:00	19.501140110817627	19.712320241591904	19.406262081049476	18.99705305000001	19.49915205183389	18.771472339031167	18.47839667	18.909542978496873	18.284693256037638	19.18668529	19.812996892389016	18.90529891791218	18.49452603945764	18.640862902810284	18.42878049215428
2025-01-23 03:15:00	19.39810153681358	19.552585443992044	19.328695723443545	18.997053050000012	19.51503763147959	18.7643353394802	18.839146279999998	19.780423600039402	18.41625357099679	19.13919926	19.58542325825695	18.93872181150775	18.362544164459866	18.456009419514533	18.320552528130953
2025-01-23 03:30:00	19.396103900000004	19.625977682541365	19.29282727306113	19.13850688	19.827775329535523	18.82883554759999	18.882873500000006	19.725761858339695	18.504184527412608	19.13919926	19.539780472988873	18.95922799039631	18.4197927721196	18.679537218267793	18.303095991966067
2025-01-23 03:45:00	19.396103899999996	19.683283256907387	19.267081290374954	19.13850687999999	19.773154084989017	18.853375527033904	18.97969807	19.830580845183853	18.597417402888418	19.312383609999998	19.94929627992554	19.02623443945375	18.35272389638743	18.61127739621995	18.236562179071374
2025-01-23 04:00:00	19.54220779	20.067580294143685	19.306170867848493	19.138506879999998	19.735982097969806	18.870075984970086	18.8828735	19.479300291307617	18.614913637238608	19.202048420000008	19.55246204863376	19.04461621003411	18.209704409999997	18.389524974335753	18.128915460805676
2025-01-23 04:15:00	19.61525974	20.22535564155733	19.341158682778605	19.13850688	19.699596225333742	18.886423261081944	18.759500259999992	19.16099934044595	18.579116615161958	19.152115123116847	19.425681086440495	19.029208675826506	18.313441159999996	18.71853290234821	18.13144342068414
2025-01-23 04:30:00	19.542207789999996	20.03077822452494	19.32270513101053	19.13850688	19.663534290961493	18.902624999712955	18.618948459999988	18.87681801939473	18.503094020271924	19.13919926	19.44463893113888	19.001972741082536	18.20970441	18.48499616312327	18.086022607872156
2025-01-23 04:45:00	19.542207789999992	19.999664844263645	19.33668360620037	19.25491159	19.93001019893261	18.951606417870856	18.715773029999994	19.203187012266287	18.49678993651803	19.139199260000005	19.474863133740424	18.98839375150793	18.20970441	18.543435178493606	18.059767398068086
2025-01-23 05:00:00	19.61525974	20.154958130094975	19.372786550247188	19.25491159	19.90727132914768	18.961822431832204	18.839146279999998	19.520769161525532	18.5329099129378	19.24953445	19.72301572157007	19.036810980164166	18.47406581	19.176191651696442	18.158617968078413
2025-01-23 05:15:00	19.615259739999996	20.101258695990538	19.396912382960775	19.25491159	19.863048901804127	18.981690478899594	18.909422180000004	19.618436411209483	18.59087955438415	19.249534449999995	19.688206931402778	19.05244971197845	18.474065809999995	19.08432252801965	18.199892501904213
2025-01-23 05:30:00	19.542207789999996	19.8965217013034	19.383023279124547	19.25491159	19.831499959646656	18.995864641318164	18.90942218	19.54399719230568	18.62432326142788	19.225791430000005	19.620095643699315	19.048640261526398	18.68153932	19.47652316280129	18.324372665987834
2025-01-23 05:45:00	19.615259739999996	20.079134317818678	19.40685232098002	19.254911589999995	19.795890394513243	19.011863141595498	18.909422180000004	19.49811514099587	18.644936936654034	19.33612663	19.857146041184013	19.102045445265155	18.681539319999995	19.353103502236877	18.379822078705168
2025-01-23 06:00:00	19.67045454999999	20.17926251847058	19.441859665614654	19.163555989999992	19.57724417290441	18.977696081738593	19.10307132	19.921725775536572	18.735270042874873	19.336126630000003	19.797979282860016	19.128627612048398	18.68153932	19.27611111657739	18.41441286066813
2025-01-23 06:15:00	19.670454549999995	20.13207793982382	19.463058534282045	19.254911590000006	19.8148380307215	19.00335043547296	19.24362311	20.154195935896556	18.834525173727634	19.273277469999996	19.601077730190163	19.126004889334858	18.68153931999999	19.220658719074695	18.439326256647597
2025-01-23 06:30:00	19.670454549999995	20.101215675612266	19.476924189217666	19.113457759999996	19.46451417183184	18.955736763379896	19.12024987	19.71788392313304	18.851747614244573	19.186685290000003	19.349494467496367	19.1135391377915	18.68153932	19.185032697435474	18.455332150427544
2025-01-23 06:45:00	19.670454550000002	20.076382282029947	19.48808122111699	19.113457759999996	19.504520320096972	18.9377629866231	19.120249870000006	19.685131686819027	18.866462387081313	19.186685289999996	19.429146686325804	19.0777533583174	18.681539319999988	19.155707701310103	18.46850714868675
2025-01-23 07:00:00	19.67045454999999	20.071149672944948	19.4904321034595	19.204813360000003	19.75512394376612	18.957572373090585	19.120249870000002	19.654808316747037	18.88008593015713	19.297020480000004	19.71727469907012	19.108210613461257	18.681539319999995	19.14565694081052	18.473022707751785
2025-01-23 07:15:00	19.670454549999988	20.06196921821217	19.49455665558583	19.20481336	19.72435264769895	18.971397158280176	19.120249870000006	19.63985835058632	18.886802581620643	19.297020480000004	19.676379127405887	19.126583986237936	18.75683212	19.299858745896493	18.512863635901578
2025-01-23 07:30:00	19.670454549999988	20.051594026350074	19.499217973668795	19.204813360000003	19.736286609953176	18.96603552306452	19.19052577	19.797219806566662	18.917953086904845	19.297020480000008	19.626046760815022	19.14919707847442	18.756832119999995	19.263214818562805	18.529326849631207
2025-01-23 07:45:00	19.5974026	19.871677771247914	19.47417752306253	19.271119840000004	19.876304018179518	18.999225499078776	19.093701199999995	19.507408385363473	18.90783275440191	19.383612660000008	19.83749103794799	19.17969628729874	18.756832119999995	19.247346709384175	18.53645600013174
2025-01-23 08:00:00	19.5974026	19.905916307516826	19.458794992275052	19.271119839999997	19.83740973822114	19.016699740799197	18.996876629999996	19.316165410295874	18.85342804754822	19.273277470000004	19.555065365962317	19.146677110944474	18.756832119999988	19.230627629807998	18.543967470665958
2025-01-23 08:15:00	19.49675325	19.692407111070093	19.408850790678656	19.27111984	19.80878300756996	19.029561025584506	18.99687663	19.371565178766552	18.828538296496177	19.273277470000004	19.591243435414473	19.130423195683356	18.756832119999995	19.220207135514148	18.548649142015375
2025-01-23 08:30:00	19.496753249999994	19.747889272704725	19.383924022408024	19.362475439999997	20.015296007322636	19.069179243086914	18.996876629999996	19.42642762712981	18.80388995013007	19.383612660000008	19.862149335226462	19.16861792185479	18.860568879999995	19.476482578889804	18.58385402977414
2025-01-23 08:45:00	19.377164377619447	19.496237115641147	19.323667930102438	19.271119840000004	19.749954762623357	19.055991106647483	18.99687663	19.43953014874467	18.798003309984274	19.29702048	19.58279064527743	19.16863098545507	18.935861680000002	19.584243462546688	18.6445597197254
2025-01-23 09:00:00	19.23372442275381	19.27438529969813	19.21545649253244	19.27111984	19.742133759249764	19.05950489077184	18.829776159999994	19.083575102916537	18.71575054796503	19.178466951616297	19.292049584397315	19.127437073120472	18.93586168	19.509452373185727	18.678161513496264
2025-01-23 09:15:00	19.14103537560865	19.173838711284837	19.126297645087455	19.20481336	19.60645280441498	19.02436665308892	18.619985498666914	18.68722683314337	18.589775623757212	19.14495902244206	19.28433413448068	19.08234121848268	18.72838818	19.018310521839563	18.598133214825708
2025-01-23 09:30:00	19.046319976596234	19.06833966863043	19.036427071479416	19.022102160000006	19.21933518518976	18.933490221146627	18.570680664806794	18.711549316115278	18.507391850450816	19.12383613	19.309191860039146	19.04056036722878	18.624651420000003	18.835186294415184	18.530063288016372
2025-01-23 09:45:00	18.945517434887396	18.95072318171493	18.943178621095317	19.047151279999994	19.370825523481706	18.901732416986476	18.434867887862257	18.531824632069803	18.39130761147915	19.100093110000003	19.317317904557683	19.002499361720464	18.62465142	18.91351906998167	18.494870301892302
2025-01-23 10:00:00	18.82217009745635	18.78296406354952	18.839784402544925	18.839390960000003	18.965059548675608	18.782931159290676	18.301926079999998	18.36935826512908	18.271630460594174	19.162942269999995	19.48995092714575	19.016025337079437	18.417177909999996	18.498274617183316	18.380743157497353
2025-01-23 10:15:00	18.742929284592456	18.722777599728037	18.75198294011125	18.631835096942094	18.60021384255851	18.64604174746225	18.21447163	18.302667505180384	18.1748473962233	19.037243950000004	19.17590940006415	18.97494497968133	18.26616452852129	18.287400947651967	18.256623528622004
2025-01-23 10:30:00	18.64493226144299	18.617925390554756	18.657065783146397	18.522660032341573	18.5137767336079	18.52665107959873	18.09918400097272	18.152742410537588	18.07512152711024	18.950651769999997	19.013260794099576	18.922523078013224	18.148413453735177	18.163911416975953	18.14145060068498
2025-01-23 10:45:00	18.544546435335253	18.507731182366463	18.561086621451658	18.391139598655307	18.373605854001383	18.39901707813751	17.89868328313209	17.843982366789053	17.92325905714128	18.804028495744628	18.739534744649077	18.83300394913538	18.05195136159633	18.08551221452363	18.036873297237694
2025-01-23 11:00:00	18.471582926315293	18.45503953791012	18.479015463135006	18.250918535973938	18.21078347100081	18.26895023183143	17.78919272640431	17.749607704132025	17.806977301628088	18.777467410000007	18.78269964724983	18.77511669471385	17.94650443108996	17.977601859114174	17.9325331228472
2025-01-23 11:15:00	18.390212494895117	18.384557815951727	18.392753002826197	18.105595727658315	18.04386614256923	18.133329309365013	17.672408969928778	17.639466258252238	17.687209318653018	18.690923371835645	18.65203440055165	18.70839522849947	17.935815937674914	18.075206197666247	17.873191328113588
2025-01-23 11:30:00	18.28398102307212	18.256620826569552	18.296273285268924	17.98442390469122	17.934102413590782	18.007032110837798	17.58979698	17.60702395501077	17.582057324560374	18.629131038321958	18.604236572347965	18.64031550854215	17.756546752888767	17.795818585395725	17.738902886110278
2025-01-23 11:45:00	18.18326772016437	18.145118742273418	18.20040711602842	17.865726111507453	17.824697568607586	17.884159224984195	17.444658863127522	17.412200813925757	17.459241464942806	18.55169395530575	18.51836855750527	18.566666235476983	17.63813845589271	17.66227969648632	17.62729239127819
2025-01-23 12:00:00	18.093465209791656	18.05873746855931	18.109067528316327	17.731404949215648	17.675515005371466	17.756514923986217	17.299323269999995	17.23249886260808	17.329345829842737	18.458865398339128	18.398463774896925	18.486002359595776	17.510206131832557	17.508867545810418	17.51080752555265
2025-01-23 12:15:00	17.99974415232276	17.9597892211391	18.017694918506717	17.605380774625104	17.546659390939173	17.63176284555646	17.189801250676762	17.136407419763152	17.21378978340607	18.41020895122262	18.381384757836152	18.42315895114987	17.40601545860972	17.408441572947726	17.404925465211477
2025-01-23 12:30:00	17.91411480326152	17.879792895742902	17.929534790697414	17.49275593682502	17.446043440162235	17.513742710688007	17.078729500577072	17.034100523669128	17.098780200347306	18.333164225766545	18.29463030823944	18.350476565525096	17.298357384500402	17.299432473172086	17.2978743736479
2025-01-23 12:45:00	17.8163277022767	17.771664203088545	17.836393912056884	17.380310927572868	17.342962623475547	17.397090600428186	16.963073797997392	16.918818043561235	16.98295681810638	18.26164812766164	18.223336964781836	18.278860389245324	17.208096250665157	17.226139103308807	17.199990041506414
2025-01-23 13:00:00	17.723743925993933	17.67851010166638	17.744066368807758	17.24756927507131	17.194477595053375	17.271422058847484	16.8322290713199	16.772166899887004	16.85921352515207	18.142497445481265	18.045097138061056	18.186257003887448	17.079242533701823	17.0690407906063	17.083825925527346
2025-01-23 13:15:00	17.625534848074203	17.570570849163285	17.650228818599395	17.119042002328325	17.055779262069795	17.14746439287926	16.7317004255569	16.691847337387546	16.749605436183714	18.09655144889385	18.04028943076971	18.12182858747137	16.943040387591623	16.899509321384777	16.96259782313383
2025-01-23 13:30:00	17.542690521824166	17.497871670160276	17.562826527644177	17.015495064333777	16.97294789356983	17.03461045989439	16.642084209873225	16.629852963992207	16.647579407298025	18.042969255983536	18.009722909548966	18.057906020323706	16.866508913175956	16.862344847454562	16.86837972531165
2025-01-23 13:45:00	17.454362436131056	17.41030967120517	17.474154258054284	16.909334904138476	16.878855912870666	16.923028363983427	16.52593517652329	16.503522473944926	16.53600465159473	17.96867543026798	17.928556186590367	17.98670001800719	16.788232960018917	16.81302229297315	16.77709572347426
2025-01-23 14:00:00	17.393683112525334	17.37983715621706	17.39990375956239	16.772873316087807	16.71353930930382	16.799530623483506	16.50754815	16.60712905238067	16.46280890400289	17.906056626548786	17.873216064594672	17.920811081919474	16.702042696081204	16.737666266035824	16.686037903782754
2025-01-23 14:15:00	17.30523658475431	17.286592359902677	17.313612975629688	16.640508234653907	16.564167715770484	16.674806148934863	16.50754815	16.709838630256606	16.416664021189064	17.821463453548333	17.769405087411887	17.844851994856008	16.571784877489968	16.570363445795426	16.572423491729545
2025-01-23 14:30:00	17.194906044277047	17.145711943348388	17.217007741795726	16.544812374829508	16.497247788512073	16.566181971580818	16.50754815	16.770373881177825	16.38946702439837	17.757132799188643	17.713911358949748	17.776551127411913	16.473495210863444	16.477035005503648	16.471904868343934
2025-01-23 14:45:00	17.083387006006546	17.00729707216447	17.117572338602265	16.50392927	16.549880570386456	16.483284482869855	16.50754815	16.815676505112314	16.369113671616198	17.683646684499955	17.63599990423411	17.705053208967215	16.37912458883183	16.390152091727764	16.374170203472783
2025-01-23 15:00:00	17.013194363073257	16.97141342980437	17.03196550700566	16.50392927	16.68456451442639	16.42277430511278	16.50754815	16.85750670616891	16.350320392880626	17.615028642941105	17.574601240958636	17.633191678614388	16.25900747967022	16.254608633145736	16.26098377303629
2025-01-23 15:15:00	16.928167283744035	16.889261834773027	16.945646543426662	16.50392927	16.771805641565123	16.38357901610842	16.50754815	16.881675401007854	16.339461993750085	17.50928871215156	17.424422856661188	17.547416850125494	16.14213223945557	16.12134676108759	16.151470642780314
2025-01-23 15:30:00	16.833694076540347	16.78529378599748	16.855439134610336	16.50392927	16.819733746826216	16.36204609925199	16.50754815	16.882865281564122	16.33892740973205	17.446652955816187	17.378128268780817	17.477439409411787	16.03337264254229	16.007661826841346	16.044923878581844
2025-01-23 15:45:00	16.770148441524658	16.750262983134586	16.779082488047735	16.50392927	16.850402355511093	16.34826744897327	16.50754815	16.894581299580096	16.33366369149301	17.485231034381645	17.554247858222208	17.454223475844586	15.996337798467533	16.04571728004369	15.974152813991296
2025-01-23 16:00:00	16.74350649	16.7804859497554	16.72689252982005	16.50392927	16.85191436031727	16.347588142466154	16.50754815	16.88824354808011	16.336511087094443	17.382815107833032	17.3796355058472	17.38424362466725	15.935861680000002	16.00465739067848	15.90495346215895
2025-01-23 16:15:00	16.74350649000001	16.87185234510454	16.685843859445804	16.50392927	16.866534721776063	16.34101957427452	16.50754815	16.89483489762531	16.333549756139348	17.290484941375894	17.247511470408277	17.309791863114974	15.93586168	16.103165068088742	15.860696389699264
2025-01-23 16:30:00	16.74350649	16.927737657118588	16.66073596564238	16.503929270000004	16.87993455913091	16.33499935749191	16.50754815	16.894457486848694	16.333719317502762	17.21842190879074	17.16757366202993	17.241266773277488	15.935861680000002	16.164941527777014	15.832941748390041
2025-01-23 16:45:00	16.743506490000005	16.961594853109855	16.6455247616463	16.503929270000008	16.880686381971024	16.33466158201302	16.50754815	16.889131555674602	16.336112127160693	17.187187029747285	17.179804030385927	17.190504029460357	15.93586168	16.196646099150826	15.818697665598904
2025-01-23 17:00:00	16.743506490000005	16.968752702933813	16.64230891607322	16.50392927	16.86585086037906	16.34132681635143	16.50754815	16.870903532230034	16.344301528998102	17.13333392040467	17.123049476825017	17.137954467520164	15.935861680000002	16.205039209511227	15.814926847900757
2025-01-23 17:15:00	16.743506490000005	16.990341006654702	16.63260982309717	16.50392927	16.87448488563487	16.337447761526356	16.50754815	16.88018563903704	16.34013130709931	17.068414499513754	17.049703571132234	17.076820858641675	15.935861680000002	16.22426997921908	15.806286936872592
2025-01-23 17:30:00	16.743506490000005	17.005521469896077	16.62578961497423	16.50392927	16.88673366535808	16.33194468657825	16.50754815	16.8861835857468	16.33743657741811	16.989666388518817	16.94685280310024	17.00890147761992	15.935861680000002	16.241780014468524	15.798420109441683
2025-01-23 17:45:00	16.74350649	17.011735459488094	16.622997822548815	16.50392927	16.88667086149716	16.331972902805624	16.50754815	16.886480328621616	16.3373032581555	16.949068332285666	16.932942461014743	16.95631328894362	15.93586168	16.250093696843305	15.794684976780541
2025-01-23 18:00:00	16.74350649	17.023322194683153	16.61779218789597	16.50392927	16.886585299211127	16.332011343832683	16.50754815	16.88854462522224	16.336375820552316	16.90111056595232	16.899612324472653	16.901783688935936	15.935861680000002	16.256357342656102	15.791870875038565
2025-01-23 18:15:00	16.74350649	17.033031021079935	16.61343025139887	16.50392927	16.886211489533622	16.33217928731098	16.50754815	16.88863586059781	16.33633483074591	16.839352541959904	16.82954766855045	16.843757630013428	15.93586168	16.26377090787261	15.788540142839846
2025-01-23 18:30:00	16.74350649	17.025515923499224	16.616806599587296	16.50392927	16.88608619785597	16.332235577774853	16.50754815	16.884411502301745	16.338232730849935	16.77900001578508	16.76355253928811	16.78594018638516	15.93586168	16.26790306628146	15.786683665873543
2025-01-23 18:45:00	16.74350649	17.02672849436573	16.616261821371914	16.50392927	16.888138951641096	16.331313326074284	16.50754815	16.885719642542114	16.337645015669494	16.705397322955278	16.66921788500207	16.72165185305019	15.935861680000002	16.271623363369873	15.785012228051226
2025-01-23 19:00:00	16.743506490000005	17.014438221932753	16.62178353797225	16.503929270000004	16.865898453886345	16.34130543376121	16.50754815	16.873188332337342	16.343275024602065	16.68340077200066	16.688057404362862	16.68130866180894	15.935861680000002	16.255361866296326	15.792318118040786
2025-01-23 19:15:00	16.74350649	17.008442071826426	16.62447746048378	16.50392927	16.886378307473663	16.332104340120527	16.50754815	16.871714907647785	16.34393699801332	16.68249534	16.759244353187704	16.64801389929248	15.93586168	16.25473398820006	15.792600208199975
2025-01-23 19:30:00	16.743506490000005	17.01329356863118	16.62229780249904	16.50392927	16.885510786327714	16.332494095997696	16.507548150000005	16.878534440934075	16.340873149725283	16.682495340000003	16.804762704636865	16.627563625453	15.935861680000002	16.256411209637356	15.791846673931044
2025-01-23 19:45:00	16.74350649	17.014924246709015	16.62156517901478	16.503929270000004	16.88880845341172	16.331012535423724	16.50754815	16.883988336661027	16.338422848746493	16.68249534	16.854234203083017	16.60533730006415	15.93586168	16.260976115708488	15.789795774101968
2025-01-23 20:00:00	16.74350649	17.012802527775527	16.622518415057364	16.503929270000004	16.88617969225163	16.332193573046368	16.507548150000005	16.871792031590694	16.343902348125926	16.68249534	16.861052003556665	16.602274230286138	15.93586168	16.252760666134456	15.793486773185954
2025-01-23 20:15:00	16.76603013101398	17.06792549592794	16.63039598155988	16.503929270000004	16.882499200862448	16.333847127148758	16.50754815	16.871975949136157	16.343819718504044	16.68249534	16.864111895509737	16.60089949622027	15.93586168	16.25083783818431	15.794350652409939
2025-01-23 20:30:00	17.17852802549774	18.026606304110913	16.79750734959906	16.50392927	16.877469534189096	16.336106832465767	16.50754815	16.877289723498563	16.341432370602096	16.968684659105715	17.57456133505437	16.696479195998354	15.93586168	16.257063472543926	15.791553628277352
2025-01-23 20:45:00	17.498207002068575	18.582645233804755	17.010995622592898	16.503929270000008	16.892187811942954	16.329494272895204	16.50754815	16.880639830487013	16.33992725007105	17.29808672025529	18.249184665126347	16.87078184647264	15.93586168	16.261001153856117	15.789784525079131
2025-01-23 21:00:00	17.68656589732288	18.759451078654767	17.204545018753475	16.664707295089954	17.265428995058357	16.39481783568386	16.609409885517493	17.11968225636758	16.38015708122252	17.448189688289393	18.37190872517041	17.03318548331386	16.135908585156827	16.71366198740857	15.876338216029236
2025-01-23 21:15:00	17.905844159999997	19.000985872361714	17.413823970388204	17.127210220000002	18.293256143958924	16.603334515032955	17.18532015	18.411770706288163	16.63430613195749	17.6433892	18.596707878790518	17.215086605181067	16.578110147196384	17.5977201811566	16.120024479764982
2025-01-23 21:30:00	18.051948049999996	19.072057489617983	17.59363801191076	17.127210219999995	18.02852663709912	16.722270960143874	17.255596040000004	18.302330873699695	16.78532386833782	17.79283054	18.714016593989086	17.37896434183099	16.903106641907087	18.082104244562856	16.37341206680087
2025-01-23 21:45:00	18.051948049999996	18.82577044006256	17.70428871533421	17.243614929999996	18.11464928068563	16.852280656503552	17.282144719999994	18.141335846923738	16.8961313151502	17.86004225242491	18.641158317519192	17.509106049266606	17.125399831500722	18.290947877298553	16.60174781092489
2025-01-23 22:00:00	18.1525974	18.89927540608882	17.81713336827894	17.426326130000003	18.38802300285135	16.994259419008824	17.422696509999998	18.30998165246149	17.02406115614049	18.065627033391394	18.95473170032999	17.666174212013182	17.343926254902787	18.497152935825955	16.82580991999528
2025-01-23 22:15:00	18.225649350000005	18.914651173594542	17.91609780606623	17.634086440000008	18.703323198266613	17.153704708025153	17.51952108	18.361536862035457	17.14122413444784	18.24787103140826	19.162772212919265	17.83682847159897	17.575949467717418	18.73525738151706	17.055100984705987
2025-01-23 22:30:00	18.298701300000005	18.94438002904522	18.00861375506665	17.97939616020506	19.28296998464518	17.39373255792037	17.519521080000004	18.20574664131168	17.21121684230925	18.45249060316587	19.418150004072068	18.018643625947142	17.828064080963927	19.018490115251076	17.293234993095787
2025-01-23 22:45:00	18.545454550000002	19.407148178296914	18.158316832939075	18.216110020000002	19.536151450498274	17.62304792803701	17.85372202	18.894776395431478	17.38600193828441	18.615625242600743	19.57047517965149	18.186634691172152	18.077523700000004	19.290613481323252	17.532512348970712
2025-01-23 23:00:00	18.719155840000003	19.60821532682826	18.319723316932237	18.35756385	19.55241134517498	17.8207483086895	17.99427382	18.994476886716303	17.544907224808618	18.892021774921037	19.974124625505468	18.40585962465846	18.0775237	18.998810157972752	17.663612392794846
2025-01-23 23:15:00	19.04870129999999	20.209007308938464	18.527404397433433	18.47396857	19.576688530621595	17.978543660155513	18.205101509999995	19.296215844248376	17.714890722149278	18.99563436909861	19.977088822487087	18.554691063953065	18.18126046	19.05479338827034	17.788803637153904
2025-01-23 23:30:00	19.176948049999993	20.218716290638174	18.708907246235018	18.540275049999998	19.492835983929112	18.112312891278222	18.301926080000005	19.292796830723073	17.856752264457757	19.147579139999998	20.10696072322747	18.71655263159346	18.417177910000003	19.43432656993481	17.96019807727567
2025-01-23 23:45:00	19.350649349999987	20.42383210680998	18.86849477809985	18.722986249999995	19.753790393515274	18.25987134494241	18.275377409999994	19.04097946743496	17.93141126825386	19.147579139999994	19.864260723234032	18.825591762025283	18.492470719999993	19.39893745640451	18.08521754857187
2025-01-24 00:00:00	19.45129869999999	20.45469650673664	19.000496786828457	18.90569745	20.01498578538388	18.407321531204346	18.301926079999994	19.00503120749621	17.9860382690959	19.234171319999994	19.95967706789998	18.90821946224782	18.596207469999992	19.497421444742148	18.19131423497091
2025-01-24 00:15:00	19.37824675	20.027803012495028	19.086417124821075	18.90569745000001	19.774365761297563	18.5154261797069	18.495575219999992	19.370283084043525	18.102590527458695	19.297020480000008	19.937483260438054	19.00927633226697	18.59620747	19.3118890154884	18.274669384345792
2025-01-24 00:30:00	19.350649349999994	19.81996346915675	19.139798079074502	18.63163065	18.982664059641387	18.47391998769735	18.49557522	19.19474821596187	18.18145401891568	19.104115005306554	19.303355179877972	19.01460130368752	18.46402677	18.897310500579415	18.26936306495707
2025-01-24 00:45:00	19.106877101991284	19.15689157874769	19.084406829825355	18.51522593	18.72929646692898	18.41904931195944	18.59239979	19.306283156237583	18.27166958198022	19.060986960000008	19.19058705685702	19.002760829528015	18.25416390630418	18.38019878136425	18.197539542146743
2025-01-24 01:00:00	19.048425681623495	19.10152381341589	19.024569999224013	18.307465620000006	18.29377029481566	18.31361859218427	18.548672570000008	19.114004752856083	18.294682748716845	18.98839762321044	19.043854225335945	18.963482338197537	18.183085835933532	18.29861374318429	18.131181993545496
2025-01-24 01:15:00	18.955864827291432	18.95194237994308	18.957627086245054	18.282416499999986	18.352470891945316	18.250942787676728	18.311296200000008	18.50406592826903	18.224689510487842	19.00504568417563	19.13436096962595	18.946947512451587	18.124372559999994	18.23593268103295	18.074251346202573
2025-01-24 01:30:00	18.884093482672437	18.85839676311914	18.895638385660178	18.191060900000007	18.24087442438995	18.168680910781347	18.311296199999994	18.571391518714186	18.194441781447246	18.782314004400334	18.67626980044801	18.829957052552828	17.956167186091882	17.921370173127197	17.971800626699192
2025-01-24 01:45:00	18.932193429273028	19.034639718847142	18.886166835406385	18.140962669999993	18.223528091836062	18.103868060189583	18.504945340000013	19.04035199061406	18.26440032305746	18.87942272	19.004077171839974	18.82341854598495	18.020635810000016	18.15444413542476	17.96051902611353
2025-01-24 02:00:00	18.861738710998264	18.95817669565006	18.81841150050252	18.23231827	18.556980521804935	18.086455519189073	18.601769909999994	19.245928132380417	18.31236549124938	18.816573560000013	18.887613278880416	18.784657164560983	18.020635809999987	18.213451934189898	17.934008275943654
2025-01-24 02:15:00	18.756493509999984	18.75587925450989	18.75676947985785	18.074511136727036	18.170795298658454	18.031253034989717	18.504945339999992	18.908555765246675	18.323613119961635	18.753724389999984	18.750534831378133	18.755157380105473	18.02063581	18.2130189401737	17.934202809487175
2025-01-24 02:30:00	18.97564935	19.31049510860206	18.825211400483127	18.02455796	18.142023396358102	17.97178363352026	18.50494534	18.87861517399291	18.337064689945223	18.75372439	18.807257533688322	18.729673267473373	18.020635810000016	18.22259821777182	17.92989907607354
2025-01-24 02:45:00	18.831212796976715	18.903522850551052	18.798725671457845	18.052055910441812	18.25787317248325	17.959587285466682	18.50494534	18.870090115246434	18.34089478880233	18.753724389999984	18.827423215148464	18.720613323628925	18.02063581	18.21030112839964	17.935423855356674
2025-01-24 03:00:00	18.80376079191321	18.99509131295545	18.717800702749344	18.232318269999972	18.785445310612996	17.9838119184202	18.50494534	18.886513458472177	18.33351618532413	18.667132220000013	18.72363644705564	18.641746262917025	17.95307036135913	18.1573946589958	17.861272488507836
2025-01-24 03:15:00	18.93559842278036	19.200188314433976	18.816724703341748	18.232318270000015	18.662703538945788	18.038956772357693	18.76887038	19.412634847148894	18.47964286577374	18.69427436458143	18.75562124167974	18.666712724145953	17.989199460963622	18.144378797590438	17.91948120827618
2025-01-24 03:30:00	18.937605881293862	19.10790814697057	18.86109326917827	18.140962669999972	18.366658824485686	18.039562948419444	18.69859448	19.069386628578076	18.53200670310261	18.70793799875662	18.774203210219436	18.67816667186753	18.039176853278892	18.170745235190996	17.98006642082558
2025-01-24 03:45:00	19.074892553287906	19.3324497703789	18.959178441261656	18.11591355999997	18.301107110577203	18.032710660465284	18.53149400999997	18.61099237094777	18.49577735508143	18.694795885232836	18.731932184744057	18.678111460814705	18.075116429461062	18.172798014773413	18.031230499827984
2025-01-24 04:00:00	18.998407190062732	19.306434971751276	18.86001789684036	18.14096267	18.44481686137781	18.004448468076617	18.499996003392187	18.64279643472451	18.435839287866116	18.735085940520147	18.925998107738316	18.64931380742206	18.173112934996155	18.50452517309063	18.024217581649282
2025-01-24 04:15:00	19.10229551546571	19.285351274622425	19.02005307294604	18.14096267000003	18.300769150713332	18.069165555476644	18.58733183954899	18.746287579261733	18.51591694199692	18.775295341542623	18.89750264785394	18.72039060972162	18.408227744592587	18.728595911203623	18.264294220463
2025-01-24 04:30:00	19.4492815556279	19.8204798347452	19.282511314285443	18.211240678194702	18.359942123682888	18.144432782395626	18.624540242975677	18.736941099503692	18.574041307434157	18.915024145315673	19.105928063252197	18.82925571841662	18.647919907846536	18.966633098924618	18.504729923449133
2025-01-24 04:45:00	19.668118054527376	20.042523155483202	19.499907067141407	18.262407110976387	18.37977102447895	18.209678396214315	18.721549330354676	18.866904581488956	18.656244797236354	18.955683573740433	19.07910922858881	18.900231467938966	18.830767060725083	19.086233130868205	18.715992449501414
2025-01-24 05:00:00	19.892953246092777	20.295498193604466	19.712099718949787	18.445047814850415	18.690734664043962	18.334666766661996	18.827202787618162	19.007808480975307	18.746061099298288	19.043919031925704	19.17737569835355	18.98396023976244	19.10484730511003	19.421335507623844	18.96265695325593
2025-01-24 05:15:00	20.14244856542958	20.55640237963712	19.956469315568256	18.49992140827816	18.680861687587846	18.418629398733174	18.902083602550192	19.05849196672918	18.83181317806401	19.12351285234258	19.2351362043399	19.073363230430743	19.37917024176244	19.709670153537537	19.230684774153247
2025-01-24 05:30:00	20.28896104	20.582512335991332	20.15707567513425	18.593855413254666	18.76984565477429	18.514787333731306	18.933656366691096	19.020651392893583	18.894571644774032	19.257209869136762	19.41667709000666	19.185565175702436	19.582680799070435	19.847588358176456	19.463664359471977
2025-01-24 05:45:00	20.28896104	20.291301418690054	20.287909565516088	18.71551709610032	18.921571671643388	18.62294185201577	19.031889061284303	19.141760066505135	18.982526725605453	19.350973025141105	19.501719295706565	19.283246439814548	19.605688790000112	19.592964328172137	19.611405577198184
2025-01-24 06:00:00	20.288961039999887	20.112282468962555	20.36833836901667	18.873854471977946	19.14035333214252	18.75412310001994	19.181164729482063	19.36303958408302	19.09945283828455	19.461792925038395	19.621286929198217	19.390136198531764	19.605688790000112	19.39172041579096	19.701819508847677
2025-01-24 06:15:00	20.28896104	19.942981700230582	20.444401033229724	18.886950226768406	19.027884171186013	18.82363207782717	19.28736381622016	19.474140012535766	19.203449872947942	19.60957752543661	19.81730209630114	19.516251993598928	19.605688790000055	19.24703409237747	19.76682350922181
2025-01-24 06:30:00	20.435064940000057	20.18952806891121	20.545378606721215	18.972524134591808	19.09807315010084	18.91611805516024	19.41012501256341	19.621205435348738	19.315291779138136	19.662816794111546	19.792839498801534	19.60440079635231	19.501952040000113	18.930873364299224	19.758523618938227
2025-01-24 06:45:00	20.56331169	20.356071492562442	20.6564196047907	19.17640105386789	19.432141231438898	19.061503292930183	19.56434221794319	19.83289362638124	19.443688686615985	19.764871011073502	19.89326000433932	19.707188999606274	19.50195204	18.896879574125236	19.773796191335066
2025-01-24 07:00:00	20.56331169	20.166078689322273	20.741778690304386	19.249131984698863	19.421041355165222	19.171897339996633	19.658905869520442	19.869669859602872	19.564214801512435	19.878332520585765	19.9915282976504	19.827476446832122	19.63413274	19.11636076239635	19.86675493283633
2025-01-24 07:15:00	20.563311689999942	20.097276897712256	20.77268964015809	19.364607131381547	19.5554054357544	19.278886154054646	19.757756315331324	19.96051586574591	19.666661444855208	19.993787874766895	20.128837280183152	19.93311350421766	19.73786949	19.298610394766065	19.935217779163054
2025-01-24 07:30:00	20.33441558	19.499847784651376	20.709366328634758	19.470634669552638	19.66632321332672	19.38271662814691	19.876730358436152	20.10053434118356	19.776180742998918	19.98975791000003	19.960529906485238	20.002889331869028	19.73786949	19.224751561786668	19.968400733110286
2025-01-24 07:45:00	20.362012990000057	19.648234840100283	20.682695926911606	19.569070455287438	19.76050761542409	19.483062455805765	19.948308716370384	20.133055628358	19.86530648054986	20.273277470000057	20.55591909390539	20.146293552013617	19.97378695	19.722661684876666	20.08661134447567
2025-01-24 08:00:00	20.46266234000006	19.853025988394315	20.73655693275043	19.70039292999997	19.891642839037637	19.61446905782364	20.06115516759864	20.22797224916349	19.9862083628376	20.29702048	20.418951695765536	20.242239788858967	19.973786950000058	19.538831751854314	20.16920160423939
2025-01-24 08:15:00	20.46266234000006	19.890924442828002	20.71953009090339	19.790010883197816	19.980653453714574	19.70435987325547	20.216385450295036	20.46637949038562	20.1040692873558	20.3207635	20.35877088740234	20.303687717254036	19.97378695	19.49949547871037	20.186874422608298
2025-01-24 08:30:00	20.28896104	19.49575691133203	20.645328112300092	19.79174852999997	19.856033736941267	19.762866770359693	20.318726288482754	20.572994018271583	20.20449006205584	20.257914340000028	20.11545654876403	20.32191711577275	19.97378695	19.466185434225615	20.201839804913106
2025-01-24 08:45:00	20.11525973999997	19.1803114223554	20.5353089841592	19.58398821	19.28938896508651	19.716344392497405	20.3112962	20.435400091354115	20.255539379246727	20.32076350000006	20.232466984316275	20.360432949075374	19.76631344	18.996175059418782	20.11231763997131
2025-01-24 09:00:00	20.04220779	19.023554582469956	20.499863578890313	19.583988209999973	19.2800494785211	19.72054039370795	20.214471630000027	20.03760496799409	20.293933463654895	20.3207635	20.10051007149703	20.41971793889263	19.53039598	18.469912452222275	20.006845101175543
2025-01-24 09:15:00	20.042207790000028	19.2399022104858	20.402663919926738	19.583988209999973	19.37465943218151	19.678034472498155	20.3112962	20.307061287687254	20.313198841763693	20.32076350000003	20.138772130599065	20.402527738426528	19.53039598	18.712053221081526	19.8980572195141
2025-01-24 09:30:00	20.27110390000003	19.924812852990204	20.426683935613255	19.58398821	19.41503244317237	19.659895873357357	20.3112962	20.28270041425129	20.324143582003046	20.234171319999973	19.925062771461075	20.373046175140644	19.530395979999973	18.850046926212148	19.836060047643798
2025-01-24 09:45:00	20.27110389999997	19.907482448162003	20.434470059521402	19.583988209999987	19.449461158902228	19.644427899623622	20.04737116000003	19.65446426168195	20.22389454909947	20.25791434	20.026811893970084	20.361742975172888	19.530395979999973	18.944777870017727	19.79349976854263
2025-01-24 10:00:00	20.24350649000003	19.713678565047907	20.481545122949512	19.675343809999987	19.642943220624243	19.68990059653109	20.11764706	19.88020727510922	20.22432290538572	20.344506520000028	20.19498037853966	20.411684931380762	19.42665923	18.692743901936463	19.756389304927097
2025-01-24 10:15:00	20.243506489999973	19.815018731825813	20.436015482802816	19.583988209999987	19.457814824828287	19.640674803337987	19.92399792	19.525699499254902	20.102943587291293	20.08472998	19.61510756148848	20.295719762229794	19.39821528	18.80263087020773	19.665796681500865
2025-01-24 10:30:00	20.472402600000027	20.428743270046365	20.492017661283512	19.583988210000015	19.51737440521666	19.613916151279483	19.85372202	19.502902324027396	20.011336666016717	20.08472997999997	19.740382182730592	20.23943696138187	19.05856107	18.194136799841885	19.446925597172424
2025-01-24 10:45:00	20.344155840000006	20.08950024432657	20.45856632501271	19.583988210000008	19.556396438662425	19.59638451306471	19.75689745	19.38782129726336	19.922714272244	20.171322159999992	20.043664973098156	20.228675388897912	19.190741770000006	18.717474077815748	19.403369283879876
2025-01-24 11:00:00	20.2711039	19.681138042715244	20.536161024287352	19.467583499999993	19.203757461052827	19.586114039237128	19.880270689999993	19.689166755843413	19.966128979258748	20.234171319999994	20.11728584136818	20.28668508576211	19.369771330000006	19.03217572531594	19.521444717611665
2025-01-24 11:15:00	20.24350649	19.882782249612106	20.405571003797462	19.54993754615261	19.57964557538395	19.536590460555917	19.973735684451164	20.072583739613187	19.929325688653734	20.210428309999994	20.13829514367759	20.242835964434697	19.501952040000013	19.526372361074692	19.490980591401232
2025-01-24 11:30:00	20.31655844	20.24833047700366	20.347211582795453	19.46624665452635	19.469180262310978	19.464928656826	19.881081464660863	19.92787821617717	19.860056837168024	20.210428310000008	20.232150237224232	20.20066918327607	19.498648516532274	19.582922874009515	19.460786124042492
2025-01-24 11:45:00	20.31655844	20.329749172510247	20.31063216887221	19.450947709631695	19.51132282495773	19.423822657818555	19.805631862400624	19.83097137295542	19.794247444615138	20.17358722945466	20.20480391353022	20.159562342406222	19.510325977409625	19.64529781696158	19.44968645529207
2025-01-24 12:00:00	20.215909089999993	20.166348550325843	20.238175419418823	19.415002738958947	19.49174275693994	19.38052533957618	19.822466299554964	19.937945743264127	19.77058423064215	20.238425539764496	20.379348261809692	20.175112432758684	19.49138844218243	19.619035889123555	19.434039589208876
2025-01-24 12:15:00	20.261393571005808	20.363803652619062	20.21538324448391	19.360461021856604	19.445959278724672	19.322048761524577	19.70187417887483	19.74158009777951	19.68403528777273	20.23814174057549	20.403825349349887	20.16370417721308	19.52453312284422	19.73470940536182	19.4301060973653
2025-01-24 12:30:00	20.244090858367226	20.362654179970846	20.190823279096044	19.297526353618387	19.378168946400173	19.261295623528028	19.679201064159646	19.773807856627105	19.636696563196004	20.14311809294224	20.211276904141382	20.11249601834552	19.48765073542852	19.6849257091958	19.399019950112784
2025-01-24 12:45:00	20.14285714	20.149231675710894	20.139993218158878	19.23377588265072	19.311071303887026	19.199048954269195	19.59600615173247	19.660937345883404	19.566834165954518	20.08486676865874	20.11705312326192	20.070406232532676	19.43586787812378	19.60577335756894	19.359533532286104
2025-01-24 13:00:00	20.266885144604665	20.517492425828095	20.154293467533265	19.18017298272087	19.26972187887253	19.139940869957073	19.57009512964718	19.68078535658477	19.52036473783464	20.16466730944238	20.334760353929713	20.088248695252418	19.46741806520221	19.70576674422717	19.36033387607505
2025-01-24 13:15:00	20.26729079272984	20.537444394867673	20.14591743524762	19.159408176547693	19.30082683821531	19.095872256088327	19.505838767450992	19.61535287418955	19.456636777467004	20.13144892238941	20.283570184351877	20.063104587304828	19.354002203439293	19.50285680595173	19.287125497962695
2025-01-24 13:30:00	20.30478413313269	20.636248800668128	20.155865224529812	19.138430806176498	19.3211706516036	19.056330295912147	19.507530575558118	19.694222915511755	19.423654306883297	20.06758750864957	20.167203589742975	20.022832457723553	19.294405937440416	19.43107656221677	19.233003192975676
2025-01-24 13:45:00	20.21009256392236	20.434229767336795	20.109393240649208	19.094444810044195	19.282558577832063	19.00992992886414	19.551344107155455	19.848955202542633	19.417634774445276	20.01120990995056	20.07727229991147	19.981529705765222	19.21690651426636	19.324469718557918	19.168581016686094
2025-01-24 14:00:00	20.231051970320173	20.513126816295525	20.10432269169356	18.905744400313438	18.93552277999017	18.892365707994898	19.53597913681687	19.865483089776195	19.38794112896558	19.98749117472259	20.073832156257918	19.948700298960336	19.15352634197803	19.261907624075796	19.104833302194972
2025-01-24 14:15:00	20.26754756296247	20.60957511715701	20.113883009628694	18.892195099048852	18.99772071295614	18.84478504062674	19.450975027147184	19.71857721103719	19.330747959022688	19.970609536348555	20.078173743529675	19.92228358819472	19.12031610191221	19.257995457723993	19.058460159446046
2025-01-24 14:30:00	20.262922577407444	20.602334675456614	20.11043308408101	18.880648330000003	19.05771495035368	18.80109665998603	19.37722063216782	19.606083944454888	19.27439798461856	20.091872182526803	20.385728260492453	19.959849886629197	19.052524816345855	19.176117258706174	18.996997777024553
2025-01-24 14:45:00	20.363345110702383	20.82471695917305	20.156062106317	18.85559921	19.05194417302748	18.767386255596346	19.37630112123125	19.65901940864145	19.249282760220872	20.13136258144708	20.477925079618554	19.975660589514973	19.021958211378948	19.17505484177427	18.953175667288292
2025-01-24 15:00:00	20.201411477849607	20.459705918332176	20.085366149516855	18.972003929999996	19.388731000415362	18.784778724451066	19.27187143835671	19.48354858992219	19.176770109392503	20.246209341419043	20.73365215193105	20.027213296116546	19.02376086244779	19.245858009021397	18.92397808645095
2025-01-24 15:15:00	20.395144608378878	20.904242528960303	20.166419455653884	19.088408639999997	19.6638452846672	18.829879132975606	19.190888318353387	19.364411588890476	19.112928588112087	20.31602134519914	20.856934680187678	20.073002310639072	18.961863872313693	19.15776287152837	18.87385127846362
2025-01-24 15:30:00	20.30111346906755	20.669587568858706	20.135567134378764	19.17976424	19.809634652563396	18.89677898218166	19.152745369719653	19.346913985921443	19.06551019432464	20.125859432992492	20.38673493510113	20.008654497262523	18.93881679305157	19.157192725537424	18.840705866862265
2025-01-24 15:45:00	20.292544820524054	20.649107621295368	20.1323499390181	19.06335953	19.45231555316559	18.88861117176618	19.04796297309372	19.178565415329356	18.98928651353858	20.04149690046737	20.20668979594628	19.967279802498584	19.042881186186225	19.42159050363648	18.87273642037524
2025-01-24 16:00:00	20.14602825770328	20.357916692715936	20.05083200429179	19.06335953	19.48403067744695	18.87436234781368	19.06705505609565	19.317853208469337	18.95437762531907	20.0320141243761	20.232474336525698	19.941952289932086	18.75683212	18.861588039154046	18.70976786646702
2025-01-24 16:15:00	20.05326219037995	20.18920342532627	19.992187142795373	19.17976424	19.7504884538568	18.92335191203535	19.049973970000007	19.343781791583613	18.91797335450592	20.035265127667607	20.266502546934348	19.931375852344868	18.860568880000002	19.166482806036957	18.72312929004137
2025-01-24 16:30:00	20.027526182972448	20.183067552125486	19.95764527799065	19.179764240000004	19.701104210133916	18.945539036026794	19.049973970000003	19.393748102990653	18.895524721844783	19.99089479543258	20.191238987531527	19.900885085938857	18.86056888	19.172367631239304	18.720485383066396
2025-01-24 16:45:00	19.975677804400366	20.115322118485114	19.91293905459417	19.179764240000008	19.684588054049687	18.952959338035654	19.146798539999995	19.678606316504357	18.90787040852702	19.92269279699801	20.06391920053223	19.859243253381187	18.93586168	19.351955800355217	18.74892084331867
2025-01-24 17:00:00	19.885164700732194	19.97652325615597	19.84411955264325	19.038310410000005	19.366884471339358	18.890690179543192	19.217074439999998	19.832982909393884	18.940361939257816	19.846751820065123	19.940629317825046	19.804574973245444	18.93586168000001	19.352333417100954	18.748751189418424
2025-01-24 17:15:00	19.917200079178727	20.11372925980729	19.828904360345604	19.038310409999998	19.393522082818315	18.878722556994667	19.34044768	20.059297080714934	19.017486355041115	19.88624199701169	20.077718524159657	19.80021631090174	18.93586168	19.331167555259086	18.75826048966621
2025-01-24 17:30:00	19.967529869726466	20.271284460723525	19.831060415800252	19.03831041	19.41030181425122	18.87118383707554	19.34044768	19.953555089457126	19.064993626475786	19.898382025898957	20.136073981055254	19.791592886625843	18.935861680000006	19.332070075891636	18.75785500938203
2025-01-24 17:45:00	19.841203388823676	20.021305996608874	19.760287724456408	19.03831041	19.428110032834002	18.863183043219507	19.340447680000004	19.908901931078812	19.08505519038489	19.90089428819852	20.163483758409058	19.782919308828568	18.935861679999995	19.339041711556312	18.75472282524281
2025-01-24 18:00:00	19.801675805244447	19.97806431517077	19.722428793538423	18.946954809999998	19.26701646566915	18.80315899368487	19.340447680000008	19.88882279892474	19.09407624975846	19.834286453744646	20.028209959376092	19.74716140048995	18.93586168	19.336789676112073	18.755734609282975
2025-01-24 18:15:00	19.770700327559958	19.95582124914446	19.68753005844228	18.946954809999998	19.310333428218094	18.783697749641142	19.507548150000005	20.24275629705693	19.17723724335124	19.86339186343105	20.11988833079754	19.74815432012148	18.935861679999995	19.346328945726945	18.751448850470496
2025-01-24 18:30:00	19.731328380314952	19.91279959546675	19.649797834377186	19.06335953	19.631583529759357	18.808070486629852	19.50754815000001	20.123316297027372	19.230898692639887	19.756323321178403	19.895045756003807	19.69399874901046	18.93586168	19.31934905068819	18.76357025258936
2025-01-24 18:45:00	19.691110082924553	19.868313869164666	19.611496787657256	19.038310410000005	19.510682243519273	18.826085383346413	19.507548150000005	20.034339220096868	19.2708739011159	19.78984762243828	20.006613532053827	19.692460039857387	18.93586168	19.32609784031053	18.76053818768657
2025-01-24 19:00:00	19.604773603447107	19.730769145801855	19.54816691050512	19.03831041000001	19.516815139553156	18.82333002425873	19.217074440000005	19.334215187955074	19.16444598802019	19.754246388244113	19.954178592799348	19.664421774603348	18.93586168	19.324059312265824	18.761454048112448
2025-01-24 19:15:00	19.623231819256567	19.828985220787057	19.53079188523562	18.921905699999996	19.243162760829296	18.777572817598422	19.217074440000005	19.42162170987237	19.12517639121677	19.715085112983978	19.89303661327237	19.63513588821673	18.93586168	19.31819380581098	18.764089275650136
2025-01-24 19:30:00	19.577283543826837	19.770540503943053	19.490457953049994	18.80550098	19.00524673219688	18.7157601348101	19.21707444	19.497808776685254	19.090947419170398	19.62180229493562	19.715948874472687	19.57950455630302	18.93586168	19.309902480452664	18.767814363854598
2025-01-24 19:45:00	19.50138935701099	19.647656900076637	19.435674953604682	18.805500979999998	19.069854937976654	18.68673325974962	19.120249870000002	19.303597200593313	19.0378764316175	19.636695191733143	19.794717438072393	19.565699689754638	18.832124930000003	19.085414611221026	18.718328116697805
2025-01-24 20:00:00	19.419281100902488	19.523991815721317	19.372237156563592	18.830550100000004	19.173730278674245	18.676367700885493	19.120249870000002	19.378057457409536	19.004423272758036	19.612468175566086	19.777567749422534	19.538293004703043	18.832124929999996	19.145203393017233	18.691466490093703
2025-01-24 20:15:00	19.380454180181992	19.50240483832251	19.325664754060888	18.921905700000003	19.414216073298697	18.700722778662914	19.287350340000003	19.817652724015836	19.049098544282746	19.6672997945127	19.933942205440953	19.54750392873334	18.663929856790848	18.791098257507258	18.60679622748348
2025-01-24 20:30:00	19.30766619872796	19.401304349076042	19.265596884803458	18.9219057	19.39832493952283	18.70786227354772	19.287350340000007	19.79051726885997	19.061289835729585	19.57526891386785	19.744548979563262	19.499215551019184	18.653095370000003	18.848109609842428	18.56548027673746
2025-01-24 20:45:00	19.336323565642356	19.529529362266647	19.24952096136187	18.921905700000007	19.382410704759607	18.715012147136996	19.190525770000004	19.533055692304906	19.036635515051422	19.47084085979538	19.54512878063287	19.437465127245208	18.653095369999992	18.90400645863098	18.540367199745486
2025-01-24 21:00:00	19.23312045899162	19.35956350312685	19.176312714525064	18.9219057	19.37201751852397	18.71968154964865	19.007758955172317	19.141152158226824	18.947828675539128	19.420866119012295	19.490942201025675	19.389382661875853	18.65309537	18.94077861290488	18.523846376810848
2025-01-24 21:15:00	19.18169936113914	19.30390857514268	19.126793772239	18.76424361	18.987837901877167	18.663788203504463	18.955387157276608	19.117076740749773	18.882744011078522	19.443392372885267	19.595082361141433	19.37524179845133	18.513755956300823	18.67579142514645	18.4409574123267
2025-01-24 21:30:00	19.13337813097668	19.256070325268663	19.078255550932457	18.764243610000005	19.048685854157583	18.63645071769732	18.889445492355406	19.05694231508028	18.814193296638436	19.359170335810113	19.44605954606897	19.320133154389463	18.463337638524028	18.634533772614372	18.386423433353006
2025-01-24 21:45:00	19.07118839602165	19.177538192962828	19.023408052468362	18.53200301218682	18.541418105123423	18.527773042896456	18.7547752901743	18.8443325422343	18.71453942330676	19.284875049504024	19.330878340986768	19.264206904055257	18.370329060000003	18.50359057392265	18.31045794504925
2025-01-24 22:00:00	18.99793281705064	19.072014939919917	18.964649544457195	18.53143418	18.65578328218941	18.475567192059827	18.742321710000002	18.918443011835294	18.663194748305887	19.27629309556609	19.365855484221488	19.236054920952796	18.3052519766679	18.418514433761274	18.254365945220158
2025-01-24 22:15:00	18.95884172857352	19.053314466844178	18.916397454857716	18.53143418	18.743002493347426	18.43638174936565	18.768870380000003	19.05562886637282	18.640036857136852	19.250607837735245	19.357561469367752	19.202556206132236	18.24884714362205	18.370428976908805	18.19422342142076
2025-01-24 22:30:00	18.889527050946946	18.965263470394955	18.855500543658707	18.349616019548524	18.37782210161485	18.336943721808588	18.591817307853493	18.678972004400514	18.55266084998454	19.251653072809237	19.40476973015134	19.182861531104813	18.159613850106602	18.25064711009554	18.11871484924201
2025-01-24 22:45:00	18.823287391783367	18.885711534624672	18.7952417623909	18.2637249746365	18.295234219467307	18.249568647248747	18.463185978323438	18.492194283192728	18.45015326164303	19.19750083568201	19.31890995713582	19.14295470865204	18.060891624143032	18.118068559271812	18.035203435896776
2025-01-24 23:00:00	18.73690919538606	18.77405370495477	18.72022108239142	18.13998267507137	18.139532286556825	18.140185023534425	18.34859134806901	18.356902682157923	18.344857270434858	19.074200078725767	19.092705251864473	19.0658861603591	17.96694970836634	18.012396116320115	17.94653175696682
2025-01-24 23:15:00	18.668079501600786	18.70159814658282	18.65302040023205	18.04748340769945	18.05250954377533	18.045225288592896	18.265264662383643	18.288387669948037	18.254876064782252	19.033475683902136	19.06466249712546	19.019464217091652	17.936672809347204	18.03947575402748	17.890485979128535
2025-01-24 23:30:00	18.602522190887363	18.636907606597536	18.5870736707857	17.95554801399121	17.965360557301782	17.95113948004008	18.178755856643757	18.209150476833205	18.165100302645598	18.969975754251607	18.98448451018073	18.963457327674753	17.855461835374204	17.94786348643143	17.813948050116615
2025-01-24 23:45:00	18.5109939571276	18.514892584797707	18.509242399768564	17.866228209339106	17.882506438658048	17.858914801963934	18.06153464484927	18.060863450233608	18.061836196053417	18.911310123943682	18.91699171819753	18.908757523626736	17.760627182623782	17.828303941452972	17.730221682280234
2025-01-25 00:00:00	18.449086957088422	18.466999648870438	18.44103922599795	17.74125413484896	17.721313832617007	17.750212821358964	17.94567690102937	17.92255689681987	17.956064149297408	18.86050906386456	18.871194747496734	18.85570824947909	17.644678760638417	17.671716909881997	17.632531186340575
2025-01-25 00:15:00	18.39396983787865	18.426128079748842	18.379521932110887	17.669347061719563	17.680559646626023	17.66430952357318	17.85895737242598	17.84869847747411	17.863566441172477	18.682495339999996	18.508295559645823	18.760759009434484	17.573047803287714	17.611822021895247	17.55562750217418
2025-01-25 00:30:00	18.325459125130237	18.35219195482521	18.313448723383228	17.588101923246043	17.612863249009507	17.57697726964217	17.76352307995754	17.753449916983012	17.768048703902622	18.68249534	18.648948939027683	18.697566911451336	17.52149264512967	17.59152661599457	17.490028107494705
2025-01-25 00:45:00	18.262671581421984	18.291731579954018	18.249615640052518	17.484534048071556	17.4930865709729	17.48069161024631	17.685567782141383	17.69571580648501	17.681008524827586	18.67099746076986	18.71394329060482	18.65170295751068	17.448457325268738	17.519308570067768	17.41662560659091
2025-01-25 01:00:00	18.176653192629527	18.183138760659567	18.17373938670299	17.383158811650183	17.384805472655685	17.382419007430315	17.57741277228219	17.571736938709	17.57996278446725	18.55956262942605	18.525487791089144	18.574871614765826	17.35851278318584	17.41487500282513	17.333190626536304
2025-01-25 01:15:00	18.09590691227718	18.085471989540693	18.10059506597039	17.279458328171852	17.26867812696025	17.284301606977063	17.496056816394507	17.505838828507915	17.491661999358048	18.497584616635724	18.458949019450543	18.514942638559504	17.28527139180848	17.344655391456335	17.258591623850744
2025-01-25 01:30:00	18.053784386936627	18.075740448953617	18.04392006921885	17.196446166621875	17.19936859661344	17.195133190828564	17.4080509124588	17.422304970027547	17.401646915580095	18.46029616646062	18.449230396142866	18.465267744429468	17.217618641697523	17.285060970127116	17.18731846515669
2025-01-25 01:45:00	17.99280960027241	18.018699959106176	17.981177699926796	17.12127161896582	17.143895106955874	17.11110744320218	17.307939605466764	17.310865214044938	17.3066252016128	18.42808246882644	18.445205623289645	18.420389457400944	17.13202752915345	17.18551196212132	17.107998291153393
2025-01-25 02:00:00	17.973197670033272	18.060693095649036	17.933888130988507	17.0072573018492	17.00934719439224	17.006318364619727	17.176506703763838	17.142264315721526	17.19189096505821	18.34296919104975	18.325881437522217	18.350646297707044	17.040902489016858	17.08721713397046	17.02009446012466
2025-01-25 02:15:00	17.82739729620223	17.810571781539814	17.83495658539838	16.887356285770593	16.86034723469841	16.899490786976944	17.070874265700805	17.031277608105988	17.08866406838833	18.260981786019574	18.2160135945215	18.281184886547692	16.92979107658767	16.942672772702906	16.924003647898218
2025-01-25 02:30:00	17.77150548803819	17.776226606601153	17.76938440578526	16.80418025241235	16.79613124227662	16.807796474357392	16.990592353834046	16.97590780511321	16.997189759781087	18.235003066522154	18.235461108949476	18.23479727934466	16.875748582298048	16.92485062867315	16.853688242622276
2025-01-25 02:45:00	17.703350235500828	17.710776523528178	17.700013787256662	16.717509171562742	16.71988037216589	16.71644384955263	16.91756696423749	16.930929120661304	16.911563676568825	18.189673116086322	18.20304593868866	18.183665036366435	16.81091092391948	16.876072687799134	16.78163534884311
2025-01-25 03:00:00	17.608800865476717	17.59615401509195	17.614482783765528	16.600786553188097	16.583478420111177	16.60856267094729	16.80135244102899	16.794072834428604	16.80462298892192	18.10147995602142	18.079653977038642	18.111285830636874	16.73836117075697	16.817252260865622	16.70291734766468
2025-01-25 03:15:00	17.54479894563073	17.543229705678037	17.54550396647905	16.50392927	16.489109759742632	16.51058731084026	16.690683675476887	16.665958316507513	16.70179217008632	17.99792635508732	17.922882128995862	18.031641876954495	16.624717878272	16.659868982838166	16.608925353032127
2025-01-25 03:30:00	17.489389871767454	17.506714181694246	17.481606486148177	16.50392927	16.616913526871457	16.45316822705775	16.59950327950602	16.582918934563665	16.60695421708882	17.959333977748255	17.920115150882015	17.976954030398304	16.53424130418965	16.559281640949724	16.522991297819182
2025-01-25 03:45:00	17.41799569290709	17.431031001782017	17.412139249789377	16.50392927	16.69804425471738	16.416718189909588	16.51310823308738	16.50801649902929	16.515395823751156	17.924683057070034	17.919247496246573	17.927125120628403	16.466553995859115	16.5082248791267	16.447832294680925
2025-01-25 04:00:00	17.3255601878801	17.31096803416489	17.332116083027522	16.50392927	16.758740373981677	16.389448918935777	16.50754815	16.623334829197276	16.45552804775194	17.866746877350096	17.860653413309617	17.869484520614655	16.3776370403311	16.40956873732682	16.36329091559389
2025-01-25 04:15:00	17.272157790496063	17.280219303919356	17.26853595113198	16.50392927	16.80128818375748	16.370333236282875	16.50754815	16.706288991872636	16.41825878626011	17.803540741206078	17.79004600916639	17.809603591832598	16.310946999414533	16.35871822169025	16.289484566218196
2025-01-25 04:30:00	17.199637639589454	17.203277883802613	17.198002167551664	16.503929270000004	16.828367787891025	16.358167037324336	16.507548150000005	16.76066304193548	16.39382986521739	17.712294764072336	17.657602888656506	17.736866476215674	16.2220765342265	16.25725737209342	16.206270650547157
2025-01-25 04:45:00	17.123845157325775	17.119514403307864	17.125790858406283	16.50392927	16.83668281474325	16.3544313006226	16.507548150000005	16.798338848198732	16.376903053707828	17.686642968011274	17.678702953102096	17.690210221086407	16.17705342336071	16.250381372816825	16.144108982300715
2025-01-25 05:00:00	17.06401073454766	17.069517682168286	17.061536598660133	16.50392927	16.84205864096037	16.35201607435114	16.50754815	16.822122310861758	16.366217729902694	17.633975015598036	17.62954017959348	17.63596747815081	16.11435724212044	16.196311747988034	16.077537101803117
2025-01-25 05:15:00	16.995355102530873	17.001448901725293	16.992617308689898	16.50392927	16.851113811018564	16.34794780954239	16.50754815	16.836161405906708	16.359910310389743	17.575703192010444	17.56895585578631	17.57873460393723	16.02605060302798	16.089476761143448	15.997554792860154
2025-01-25 05:30:00	16.912281731975163	16.90133123107136	16.91720152223629	16.50392927	16.864244797352093	16.34204838089979	16.507548150000005	16.85132029678443	16.353099794198307	17.487126080184954	17.440859565051845	17.50791248553461	15.93586168	15.982083951255145	15.915095152334636
2025-01-25 05:45:00	16.84236271175305	16.833087611051855	16.846529785981126	16.50392927	16.866891639453208	16.340859219955806	16.50754815	16.858207260683717	16.35000565099717	17.430316534202234	17.390350714793296	17.448272192197553	15.93586168	16.076027762819418	15.872888512356493
2025-01-25 06:00:00	16.78579120276833	16.803414427094076	16.77787352227415	16.50392927	16.871427704053787	16.33882127788888	16.50754815	16.87516422796608	16.342387303377564	17.3824639614097	17.365451339992784	17.390107313060778	15.935861680000002	16.139651550734143	15.844303911989012
2025-01-25 06:15:00	16.74350649	16.79401275110279	16.720815271243673	16.50392927	16.879169135011715	16.335343243690392	16.50754815	16.87874461725835	16.340778722681037	17.323033124671607	17.30414410837702	17.331519494311205	15.93586168	16.175364520525786	15.828258954546381
2025-01-25 06:30:00	16.74350649	16.871145879840775	16.686161256883132	16.50392927	16.883483549518584	16.333404883549623	16.50754815	16.87841876504582	16.340925120051878	17.276477157906687	17.27158327788995	17.278675857624354	15.93586168	16.208653813455516	15.813302895404046
2025-01-25 06:45:00	16.74350649	16.922377782943066	16.663144025054564	16.503929270000004	16.87652584722823	16.33653080776703	16.50754815	16.872199599072488	16.34371923809787	17.20039218144808	17.170279370221213	17.21392112562247	15.935861680000002	16.232448597445764	15.802612485205525
2025-01-25 07:00:00	16.74350649	16.96285119534678	16.64496031803261	16.50392927	16.87983265684659	16.335045139677618	16.50754815	16.87998606936666	16.34022096883527	17.144478419589007	17.122676289546035	17.154273579463393	15.93586168	16.2421952745576	15.79823354331469
2025-01-25 07:15:00	16.74350649	16.98087425252706	16.636863002487843	16.50392927	16.878663130315253	16.33557057913373	16.50754815	16.87533692024997	16.342309716989142	17.08462815161102	17.061841829070897	17.09486548492616	15.93586168	16.248250044986587	15.795513284136444
2025-01-25 07:30:00	16.74350649	16.995172160593935	16.630439304660698	16.50392927	16.88143248608993	16.334326375814673	16.50754815	16.87575953288557	16.34211984754417	17.0536871733893	17.065354967825183	17.04844512081666	15.93586168	16.25573026094828	15.792152607400038
2025-01-25 07:45:00	16.74350649	17.001921694095508	16.627406905551286	16.50392927	16.887195655912777	16.331737125604405	16.50754815	16.887516921207947	16.336837542645704	16.965740973922866	16.93505688499992	16.979526579091146	15.935861680000002	16.260364667427154	15.790070482750123
2025-01-25 08:00:00	16.74350649	16.995803924347744	16.630155468771303	16.50392927	16.875431394244913	16.337022518527654	16.50754815	16.873848820588695	16.342978283503626	16.916254248350587	16.89179049310211	16.927245210853524	15.935861680000002	16.246546034752548	15.796278853951756
2025-01-25 08:15:00	16.74350649	17.00133825914289	16.627669028501025	16.503929270000004	16.876448762288533	16.336565440131245	16.50754815	16.876988854290815	16.34156754372441	16.962158451130648	17.06483623835922	16.916027851071433	15.935861680000006	16.245792731427997	15.79661729457583
2025-01-25 08:30:00	16.74350649	17.01291005815524	16.62247010430707	16.73117769071937	17.41333005938248	16.4247034381316	16.50754815	16.87674659614696	16.341676384339763	17.100973746966783	17.457405953949635	16.940837538032454	15.93586168	16.25576307880899	15.792137863143788
2025-01-25 08:45:00	16.743506490000012	17.00776400753242	16.624782098065157	17.2176386043599	18.451891619387776	16.663119133840134	16.596587459171744	17.091625677714738	16.37417898417417	17.3578861578775	18.06913471597955	17.03833970423745	15.99481127890785	16.38986114694596	15.81732510631102
2025-01-25 09:00:00	16.92601694177939	17.463377607574774	16.68459403395828	17.413460088339	18.626450180192556	16.868493525332326	17.100770585606515	18.23657696757784	16.5904807618223	17.607619705600218	18.51572045624272	17.1996324118333	16.45706362379803	17.39484310272035	16.03574240863004
2025-01-25 09:15:00	17.347402600000006	18.376067886591358	16.885248630661867	17.66881322054512	18.933153208734566	17.100776414257098	17.475793859999996	18.84487380103424	16.860699973448376	17.576109677712093	18.194004205989835	17.298504889645287	16.822643610000007	17.992093154998802	16.29723874195707
2025-01-25 09:30:00	17.347402600000006	18.119966848649387	17.000308517273478	17.905146768272186	19.189952095685978	17.327915389289174	17.475793859999996	18.52324202634639	17.00520120555451	17.89878171925361	18.84440717653608	17.47393549931511	17.08700502	18.295078476900564	16.544247379943233
2025-01-25 09:45:00	17.603896100000004	18.548713027451686	17.179413132594174	18.150525924743647	19.464575080458996	17.56015601420487	17.599167099999995	18.607302694904917	17.146236615332562	18.069218851000045	19.013783066681533	17.64484942076633	17.32292248	18.522745131137697	16.78387172369176
2025-01-25 10:00:00	17.832792210000004	18.87712433772498	17.363599514935157	18.301077834321987	19.532347752968896	17.74789859550961	17.422696509999998	17.981567858391163	17.171609382461938	18.196689591850323	19.090766577640572	17.795002830118474	17.533865013879243	18.713151803720322	17.00404051409557
2025-01-25 10:15:00	17.933441560000002	18.858196533285323	17.517971934321093	18.48539462189587	19.690152176575992	17.9441267350106	17.730348779999996	18.651659237954707	17.31642669019425	18.374414755474145	19.28938113684554	17.963342902973952	17.73786949	18.904541816297883	17.213712357895147
2025-01-25 10:30:00	18.006493510000006	18.7934537196491	17.652931676679398	18.708389429476714	19.939223241065026	18.155406122821105	18.011452370000004	19.159072467852017	17.49585493473316	18.687486780925592	19.787994621969343	18.19305572190594	17.76631344000001	18.677677744984415	17.356859911673673
2025-01-25 10:45:00	18.20779221	19.121905445400014	17.797103654965206	18.989930529684983	20.31158970588224	18.396141624436943	18.275377410000004	19.53756362881495	17.708308239228067	18.869113987945465	19.95949048244411	18.379234693315638	18.0775237	19.203114139891646	17.571823647295055
2025-01-25 11:00:00	18.409090910000003	19.415499664003683	17.95693625240414	19.16355599	20.43040720914751	18.59439094951344	18.37220198	19.48976250067245	17.870109572161645	19.010623146514064	20.037718935666998	18.549174313706224	17.97378695	18.755514855125714	17.622575862189898
2025-01-25 11:15:00	18.45454545000001	19.31304622578679	18.06884220290739	19.20481336	20.250392996764084	18.73506018985961	18.46902655	19.479240634291784	18.015162251260207	19.210428309999998	20.262272558261483	18.73786060425933	18.002230900000004	18.682216335993537	17.696730196872473
2025-01-25 11:30:00	18.60064935	19.472105411690865	18.209125612138884	19.204813360000003	20.048592997697938	18.825723957556	18.275377410000008	18.80126024147914	18.039111210349958	19.210428309999998	20.015062093527096	18.848926175371886	18.18126046	18.982149868716576	17.821440580721536
2025-01-25 11:45:00	18.74675325	19.61827226818332	18.355201227337922	19.02210216	19.488305343474156	18.812648555830457	18.20510150999999	18.620013075903397	18.01869196589846	19.123836129999994	19.622668775169775	18.89972291260488	18.181260459999994	18.861607336087918	17.875597370743087
2025-01-25 12:00:00	18.975649349999994	20.001589810691403	18.514719577805288	19.11345776	19.713395742419603	18.843920405579595	18.06932789979369	18.337703566108225	17.94875332507267	19.100093109999985	19.519568009189268	18.91163337268307	18.18126046	18.80898425705267	17.89923962364299
2025-01-25 12:15:00	18.875	19.50294023963379	18.59288192132393	19.11345776	19.682115181482143	18.857973990928315	18.45184799999999	19.290323153582396	18.075141771578902	19.186685289999986	19.660477229993333	18.973822244495743	18.256553259999993	18.876653986343808	17.977957281497687
2025-01-25 12:30:00	18.746753250000015	19.124062396345177	18.57723754656957	19.11345776	19.63800720833188	18.877790616546548	18.258198849999985	18.680811965692214	18.068329189326658	19.07635008999999	19.327332379130468	18.963589931115287	18.12437256000001	18.490737513745582	17.959773812665027
2025-01-25 12:45:00	18.52045716707777	18.541338489559422	18.511075703354095	18.71493086266663	18.69559359810476	18.72361861920895	18.16137428	18.44129005719725	18.03561501778094	18.950651769999986	19.000855258106252	18.928096579691385	17.99219186	18.164764234088118	17.91465934410533
2025-01-25 13:00:00	18.418565708014782	18.51964806350826	18.373151896126416	18.60896378392876	18.64854129978529	18.591182581152637	17.967725139999985	18.071383075286434	17.92115418356697	18.856395465114858	18.88098972749482	18.84534586897314	17.888237626582	18.089680402632574	17.797734350385383
2025-01-25 13:15:00	18.42010112950321	18.49298204972447	18.387357527664676	18.574298126648586	18.636245455184884	18.546466718175765	17.92424583848754	18.00233124041531	17.889163991244615	18.842108061749226	18.865511919824854	18.831593284932637	17.907565708043364	18.090582017155278	17.825340989456805
2025-01-25 13:30:00	18.427750902873825	18.483425605604566	18.40273763063243	18.582988973295713	18.714426888791976	18.523937156188694	17.842893727452893	17.868793266599486	17.831257702618913	18.760238475835834	18.702844610004142	18.786024125702255	17.812094578130914	17.85346693478397	17.79350699760562
2025-01-25 13:45:00	18.46221805425411	18.53563109130588	18.429235385433742	18.550643434401824	18.689394004979167	18.48830622153372	18.020822489999972	18.35099856244858	17.87248251542161	18.82563035972834	18.88134095220474	18.800600963108508	17.835673052537498	17.894626816581848	17.809186578836375
2025-01-25 14:00:00	18.499085839396813	18.723074026036702	18.398453465688988	18.44466439849086	18.553726554409135	18.395665458875385	17.96772513999997	18.231964588248545	17.84900886614912	18.80615558315592	18.911298053490107	18.758917661701446	17.95737281308165	18.24554327995853	17.827904922166
2025-01-25 14:15:00	18.606305691335574	18.81654246480948	18.51185148876033	18.588193290248984	18.855196688803247	18.468235241623148	18.13482561	18.535420909280404	17.954848011772555	18.81166866088362	18.877146091656755	18.782251264449314	18.073851137075184	18.33938557441229	17.954553056532404
2025-01-25 14:30:00	18.67046862169685	18.8193031972841	18.603600913824266	18.56080234590762	18.75411217925853	18.473953000489104	18.231650179999985	18.63785982545703	18.04915019435984	18.766202502875522	18.737764682064668	18.778978915123872	18.071746430861857	18.187759612771792	18.019624566525465
2025-01-25 14:45:00	18.75634252798277	18.88272459641853	18.699562178395695	18.46076922958672	18.50692097789002	18.440034386146124	18.13482561	18.294974082692953	18.062874846906084	18.79897360426505	18.788079730003854	18.80386795357083	18.153102638224897	18.240579311192583	18.113801524282962
2025-01-25 15:00:00	18.915129030185756	19.201551234911893	18.786446590381274	18.480678909453474	18.58698801848833	18.432916845974063	18.23165017999997	18.528208920483497	18.098413644420418	18.968584958035123	19.18405533909267	18.871779424516546	18.338726562741623	18.59548746804199	18.223370213983458
2025-01-25 15:15:00	19.084752196314085	19.357595008984287	18.962170642795513	18.520662268468584	18.61977306501744	18.476134229439367	18.231650180000027	18.39752951282992	18.157124682641637	19.10200370678122	19.37954287797154	18.977312195086995	18.455038144422833	18.628777609611312	18.37698128325127
2025-01-25 15:30:00	19.226719120680528	19.456700236257984	19.123394271652955	18.515830409344318	18.55701932254127	18.497325245444273	18.306930333032025	18.482353499107347	18.22811702653439	19.09222578299567	19.24482551477276	19.02366648321174	18.62386512285958	18.789888027766466	18.54927512210429
2025-01-25 15:45:00	19.51160219279059	19.880134921316156	19.346029517656063	18.523801221515203	18.53355838103805	18.519417570135403	18.27166260361286	18.333819130729903	18.24373720737185	19.10211741624093	19.175694905373128	19.069060863152572	18.768095304653695	18.901937068092764	18.707963497891228
2025-01-25 16:00:00	19.595437794737123	19.898531366247873	19.459265320580187	18.597864781797757	18.67893242530619	18.561443086888147	18.341830721767103	18.45543653674723	18.290790428080413	19.257474926324562	19.471806048631464	19.161181233693924	18.975877649580138	19.201088795435723	18.87469583042764
2025-01-25 16:15:00	19.795454550000056	20.06702977603991	19.67344249192422	18.66450582019134	18.74333528233305	18.62908968502623	18.461826973257878	18.62537226645849	18.388350102399585	19.358322214715034	19.56807818024722	19.264084027302033	19.188278275693754	19.396621277424337	19.094674898104643
2025-01-25 16:30:00	19.9237013	20.096375938709002	19.846122839130828	18.759491497061294	18.872710620652953	18.708624934288224	18.656344069251936	18.948098778557046	18.52526586652064	19.425285025539612	19.59217708904961	19.350304533238045	19.393162289861394	19.581868958656177	19.308381032866635
2025-01-25 16:45:00	19.850649350000058	19.69028409532687	19.922697507896714	18.808383895909667	18.894477961672848	18.76970395332046	18.7382336228014	19.00240507385492	18.619547898415078	19.47701475152029	19.590458599313138	19.42604722570036	19.42665923	19.394276112780553	19.441208166721708
2025-01-25 17:00:00	19.722402599999885	19.293905992559818	19.91491556855999	18.89014384014919	19.004103961153344	18.838944365495195	18.925318793698576	19.30074762085744	18.756647871351845	19.570719001035094	19.707700458110146	19.5091766072768	19.53039598000006	19.455014097167897	19.564263202721804
2025-01-25 17:15:00	19.722402599999942	19.237708976962324	19.940163503103804	19.041780486288292	19.225386988629573	18.95929060842485	18.93221939871105	19.150513464212747	18.83414525334075	19.719536749777543	19.90768129764478	19.63500803986625	19.45510318	19.087755380444783	19.62014349574224
2025-01-25 17:30:00	19.621753249999944	18.946509963986756	19.925123421976878	19.2390083262058	19.535294879357654	19.105894077688276	19.00961432260669	19.188237495712215	18.929363331791194	19.823146086068647	19.99854918825394	19.744341793782667	19.322922480000056	18.691849349612983	19.60644808930431
2025-01-25 17:45:00	20.024350649999885	19.904282599678336	20.07829426681087	19.235859811173473	19.38583878185836	19.168477954778837	19.11336106227348	19.291395864226352	19.033374412120793	19.90070283179528	20.033460742339923	19.84105797343466	19.32292248	18.675123826391786	19.613962454809382
2025-01-25 18:00:00	20.024350649999942	19.695765745323765	20.17197575210082	19.369552578040956	19.54493045611488	19.290759618326604	19.256006337695478	19.461631278344715	19.16362411798349	19.942271879999943	19.96588751897685	19.93166195524219	19.42665923	18.882957438250813	19.670931049481453
2025-01-25 18:15:00	20.02435065	19.58591528790729	20.22132885615747	19.544271256229738	19.791795046860006	19.433064915511807	19.390176396237067	19.61067601141728	19.291111351735765	20.052607079999945	20.104929895062643	20.02909972830514	19.558839929999944	19.109995526766	19.76049466188755
2025-01-25 18:30:00	19.923701299999887	19.29915592705746	20.204294148713302	19.725442039999944	20.03572535410246	19.586039391635097	19.46876891996864	19.6359797040768	19.393645234354835	20.05260708	19.973390455483152	20.088197157681464	19.558839930000058	19.01364770893108	19.803781362654206
2025-01-25 18:45:00	19.8961039	19.23170284661389	20.194602923985144	19.67534381000003	19.752475335418236	19.640690515971528	19.61323526214539	19.817252214119474	19.521575472128006	20.11545624000003	20.044731989856427	20.14723090310798	19.63413274	19.138354909323425	19.856873504506837
2025-01-25 19:00:00	19.8961039	19.15399366267777	20.229515745753474	19.791748530000056	19.88590724234015	19.749445340397983	19.853682306335614	20.172329913679555	19.710521787094137	20.11545624	19.92499428035447	20.201026105927667	19.63413273999994	19.020172494979416	19.90996995153091
2025-01-25 19:15:00	20.042207790000113	19.53519579317779	20.269995788572487	19.93584710433835	20.12317480532785	19.85168538360392	20.00327296102736	20.338522096269735	19.852653784324218	20.22579143000003	20.151989701926347	20.25894872812006	19.737869489999945	19.21873016695985	19.97110599745281
2025-01-25 19:30:00	20.042207790000056	19.462157893325	20.3028099174918	20.02190193949606	20.17818691085516	19.95168695236373	20.13482561	20.461272775367146	19.98816094150169	20.225791429999973	20.059590626492056	20.300461356213702	19.501952039999942	18.62319312860484	19.896756768308023
2025-01-25 19:45:00	20.17045455	19.72157587301161	20.372124680241143	20.181834964200462	20.40044878470502	20.083617160785337	20.20510150999997	20.444685263808175	20.097462432202093	20.225791429999973	19.998487378623853	20.32791354003848	19.501952040000056	18.67932806199087	19.87153672577233
2025-01-25 20:00:00	20.24350649	19.728633666085255	20.474826164512535	20.386882892232872	20.661247486464966	20.26361763975177	20.27537741	20.400213784766763	20.21929150249602	20.22579143	19.932993044905007	20.357338530549896	19.32292248	18.243580051533296	19.807844440615554
2025-01-25 20:15:00	20.24350649000006	19.713244042499277	20.481740343225113	20.216110020000027	20.118920026125323	20.25977508971178	20.27537741	20.306850843020978	20.261237171976035	20.202048419999944	19.87729850412237	20.347950556118803	19.190741770000056	18.100192783865282	19.6806985608722
2025-01-25 20:30:00	20.371753249999944	19.966750092611782	20.553711190275806	20.216110020000027	20.077850672462183	20.278226538459023	20.34565331	20.404717803852602	20.31911708812416	20.202048419999972	19.880132149104632	20.346677469242763	19.01171221	17.84049951192054	19.5379092192822
2025-01-25 20:45:00	20.371753250000058	19.903872877052148	20.581960374078108	20.124754420000027	19.81816157726782	20.26249903050288	20.17855284	19.941831421684032	20.284905940982526	20.18668528999997	19.8488878596443	20.338449352913358	19.14389292	18.316258381739747	19.515728727044518
2025-01-25 21:00:00	20.298701300000058	19.60312913269951	20.61120473748292	20.033398820000027	19.614283894284927	20.221696830103895	20.10827693999997	19.774268502957263	20.25833870156987	19.9660149	19.286057636109007	20.271502946095893	19.04015616	18.084397641556336	19.469554914663036
2025-01-25 21:15:00	20.2987013	19.666775542714714	20.582609973563024	20.033398820000027	19.74105131195228	20.164743352601192	20.038001039999973	19.707852363858265	20.186328706092638	19.9660149	19.492249909337403	20.178865837833882	19.27607362	18.75748402606361	19.509063147710606
2025-01-25 21:30:00	20.19805195	19.517662485267614	20.50373417328558	19.891944990000027	19.471473770522657	20.08085234947535	19.774076	19.166205425183314	20.047177272743767	20.05260708000003	19.81892815009198	20.157593265900687	19.17233687	18.531485885561494	19.46025542822599
2025-01-25 21:45:00	20.19805195000003	19.586878022018034	20.472637337933975	19.77554028000003	19.290512922203497	19.993451121908635	19.413326389999987	18.467721533008365	19.83816335473537	19.903165740000027	19.463625285620736	20.100640436895077	19.17233687	18.566423370900566	19.444558876841825
2025-01-25 22:00:00	20.125	19.31385259981311	20.48942854211299	19.684184679999987	19.15796378667888	19.920602762506576	19.316501820000013	18.44403036011018	19.70848175125485	20.01350092999997	19.727859572592163	20.141832554342614	19.040156160000027	18.183177931495038	19.425175364111
2025-01-25 22:15:00	20.142857139999972	19.53380367585533	20.416489855775126	19.659135559999985	19.276170960286954	19.83119211929133	19.439875070000014	19.008709531926506	19.633587123337406	20.14757914	20.109544648572378	20.164667099916755	19.04015615999997	18.34891856112023	19.35071218268513
2025-01-25 22:30:00	20.06980519	19.46517909487155	20.341448797956275	19.65913555999997	19.396262935417663	19.777237753652884	19.483602289999986	19.24719001207734	19.58981650182031	20.10009311	19.979229736888776	20.15439404574562	19.143892920000056	18.72269461679025	19.333126940282796
2025-01-25 22:45:00	19.969155839999992	19.34376263586505	20.25012959837946	19.659135559999996	19.47331846371735	19.742618603257416	19.483602290000007	19.306490976354212	19.563174039608988	20.100093109999992	19.96408616469977	20.16119767962764	19.24762966999999	19.00464299798402	19.356797595108624
2025-01-25 23:00:00	19.99675325	19.245414690973707	20.334311153330653	19.800589389999992	19.7445864755843	19.825750119665006	19.483602289999993	19.23387840841398	19.595797077379224	20.10009311	19.841182869511726	20.216415102103433	19.115448970000006	18.470129257831807	19.405375217495866
2025-01-25 23:15:00	19.99675325	19.567206730881026	20.189737918009982	19.795520684888146	19.856116192056714	19.76829661645009	19.38677772000001	19.176181488171633	19.481393418357683	20.07635008999999	19.954357225730362	20.131158478295042	19.32292248	19.23685530306102	19.361590342103028
2025-01-25 23:30:00	20.21623395223173	20.34003855144132	20.160611596065102	19.71801198134021	19.757350423580107	19.70033818844983	19.469859566637403	19.541645819458576	19.437607771891656	20.06756423187407	20.0539219919495	20.073693354159026	19.32292248	19.341742051866824	19.31446731003085
2025-01-25 23:45:00	20.245889553968343	20.432786624188772	20.161921305028734	19.656221030784423	19.696134142719842	19.638289052958363	19.392300008047165	19.436236473108938	19.37256043678753	20.12009772863596	20.21794916533977	20.076135488957444	19.308747395349602	19.388286389615338	19.27301248488239
2025-01-26 00:00:00	20.238055792970687	20.43684413390886	20.148745089070935	19.57653119629405	19.61200183907321	19.56059511040776	19.356819699281434	19.442802940200647	19.31818954756411	20.128265021979203	20.270381977202902	20.06441537542943	19.337301394802964	19.5024390974091	19.263109093632092
2025-01-26 00:15:00	20.093621481636948	20.15044036532234	20.068094157082648	19.523975811249638	19.586076288985883	19.496075596614517	19.33458792595429	19.46881636093669	19.274282397194078	20.133315798662935	20.309566311872768	20.054130785481707	19.30965512582713	19.486952186861217	19.229999924492983
2025-01-26 00:30:00	20.01620009440834	20.034690819386537	20.00789266724422	19.476585864974055	19.565004714968936	19.436861454106783	19.24057768618482	19.326360563835024	19.202037552747775	20.126226419088617	20.314185062864926	20.041781231305055	19.303110498731808	19.513093967382666	19.208770099772718
2025-01-26 00:45:00	19.943231665773425	19.935890211511197	19.946530000297034	19.394110796102655	19.460736040144585	19.364177715446132	19.17241914633968	19.24905002513126	19.137990780505785	20.078518148110167	20.226456330134532	20.01205316778038	19.30435996865535	19.547008494569273	19.19534396425924
2025-01-26 01:00:00	19.96393903190785	20.048110522931296	19.926122854781365	19.349269923630082	19.449377576483283	19.30429402162357	19.14157889982684	19.261484769457713	19.087708146804278	20.05921529906787	20.21521029087887	19.98913059260206	19.266238787213545	19.495928634170223	19.163044798001135
2025-01-26 01:15:00	19.897359800068884	19.961676205281716	19.868464023813846	19.35927217903621	19.554043959081653	19.27176601698681	19.197834408034456	19.45985950339817	19.080112988378293	20.02075112774543	20.16275488188669	19.95695233965298	19.251632638079553	19.50707326255536	19.136869458967237
2025-01-26 01:30:00	19.846428433830432	19.911430906203524	19.81722442450339	19.295871215235852	19.475890653460414	19.21499291690307	19.10439379984735	19.303716034666966	19.014843230580574	20.006432563004285	20.165048052185252	19.935170531633126	19.18991980733701	19.41137171250825	19.090426922405005
2025-01-26 01:45:00	19.791463159054665	19.85258044578314	19.764004667915785	19.29737064046104	19.543193295362826	19.186928578113864	19.057079499944173	19.257106534610024	18.96721228147111	20.033187775863038	20.255251410212992	19.933420056082625	19.14428426034316	19.354843446494765	19.049685205695337
2025-01-26 02:00:00	19.734574087739205	19.80433805878089	19.70323085437265	19.1256739831348	19.235279775879285	19.07643080088728	18.987740350050746	19.177865636548894	18.902321743073323	19.94584489750463	20.090031209499074	19.88106553994191	19.102152915332937	19.325038475227455	19.002015924655687
2025-01-26 02:15:00	19.801823880319105	20.017715047923684	19.704829297772122	19.050988113601186	19.155142941576575	19.004193915525292	18.952397274170423	19.167413947140954	18.855795580517004	19.838506009780986	19.88827641889814	19.816145391192123	19.054134712571123	19.275468622969044	18.954694839783652
2025-01-26 02:30:00	19.719383873496838	19.873115926256553	19.650315849793202	19.00923940148405	19.146846070703337	18.94741611531306	18.952331748578327	19.227101117106578	18.82888464097869	19.794192892489292	19.841680385199943	19.772857931996104	19.016658626324023	19.246400722077734	18.913441163014383
2025-01-26 02:45:00	19.623584293238853	19.709245875054783	19.5850986550317	18.991986544528245	19.186852949355142	18.904437869895872	18.90962678380346	19.18305405450862	18.78678264768954	19.783246146700325	19.87036911423159	19.744103943896423	19.011284253559296	19.28208765549154	18.889618957039012
2025-01-26 03:00:00	19.695167441637118	19.940065069128476	19.58514097131492	18.955795680000005	19.19789942883278	18.847024430524403	18.89438288783493	19.21115917542771	18.752063106452663	19.74679071379621	19.844903323234526	19.70271113564276	18.805892550420303	18.901010540453925	18.763158380984912
2025-01-26 03:15:00	19.62753253374997	19.821520198174394	19.54037865553031	19.047151280000005	19.46906156085426	18.857597385703155	18.979698069999998	19.449730335268715	18.76852415371985	19.72109580606355	19.833049976909674	19.670797555393545	18.907700836437304	19.19071735186185	18.780548488927728
2025-01-26 03:30:00	19.554136298471267	19.69878840665949	19.48914767015483	19.04715128	19.457735378116965	18.862685960556142	19.12024987	19.78030542156617	18.82370317291954	19.656891262976018	19.729881654999527	19.624098478153858	18.930993301994658	19.275789282468228	18.77608496294131
2025-01-26 03:45:00	19.59491706056202	19.83509429922844	19.487011344639427	18.930746559999992	19.18166849578813	18.81801351638504	19.12024987	19.741641607891783	18.841073871816732	19.59194221831795	19.63454552535429	19.57280160211322	18.920946599914025	19.277572647137788	18.760723303335226
2025-01-26 04:00:00	19.602561654453634	19.88858437971684	19.47405869092958	18.814341849999998	18.981992838715026	18.739020391301942	19.120249869999995	19.7076596036978	18.856341149063304	19.496051336909378	19.483296633430733	19.50178171093601	18.834536771636515	19.124905614223703	18.704081204677045
2025-01-26 04:15:00	19.523902339304954	19.735795862869068	19.428703799732666	18.93074656	19.335270357733016	18.74900398420691	19.04997397	19.478643382555855	18.857383364358967	19.474247296667766	19.50147079543112	19.46201644939728	18.671636551133307	18.817570271710867	18.606072125946284
2025-01-26 04:30:00	19.49094753346688	19.69840694187318	19.397741132588678	18.930746560000003	19.319749769916264	18.755977001921686	19.12024987	19.63002199196161	18.891221815205654	19.52385345007061	19.672631373651438	19.457011194548794	18.61853253228896	18.767426991627737	18.551637920122253
2025-01-26 04:45:00	19.380199083450616	19.490891632270937	19.330467648473363	18.778955814722206	18.95824705756515	18.698404676633352	19.190525770000004	19.765203965953294	18.93233701529635	19.48292035712441	19.618234625598397	19.422126990128852	18.715134614609553	19.03133560150732	18.57307330165549
2025-01-26 05:00:00	19.33746777321627	19.453798688536246	19.285203159087008	18.83939096	19.17759786495409	18.687442930238014	19.093701200000005	19.47638290713887	18.9217717373724	19.508862025224484	19.716592374819054	19.41553389714577	18.752700543900886	19.13895414478013	18.57916631741891
2025-01-26 05:15:00	19.31590074964373	19.462855378336936	19.249877655593156	18.748035360000003	19.016420229274775	18.627456650615684	19.0937012	19.49842360637065	18.911869394239275	19.413375221326685	19.53241842248742	19.359892043993604	18.671977785958212	18.98417709137351	18.531714329902066
2025-01-26 05:30:00	19.24967604204782	19.366826534039443	19.197043212312447	18.748035360000003	19.072719611933987	18.602162725073143	19.313899010000004	20.00614701410525	19.002889037141127	19.444833312019213	19.64516998334663	19.354826981422836	18.767476083358332	19.21661641398099	18.565688398585834
2025-01-26 05:45:00	19.24414496166428	19.411065413077488	19.16915171537719	18.81434185	19.24300111704715	18.621755802486057	19.217074439999998	19.699405472940338	19.0003749904181	19.43269968382843	19.64514990625908	19.337251033171185	18.702159724837163	19.08192207376869	18.531541857925895
2025-01-26 06:00:00	19.199310402753465	19.36888239892301	19.123125882735266	18.90569745	19.457824555771072	18.65764034450865	19.21707444	19.695097806834	19.002310318668776	19.340193524601197	19.47112987127005	19.281367050010843	18.634308354427247	18.964096204318484	18.486142798679012
2025-01-26 06:15:00	19.146932160808248	19.299564293336896	19.078358304164944	18.90569745000001	19.39521985672071	18.685767093357374	19.313899009999997	19.909962980826155	19.046102153541863	19.288456960864625	19.397000414834153	19.23969106125513	18.544591869770475	18.800147715574333	18.429776924554254
2025-01-26 06:30:00	19.183919585414404	19.42835846163867	19.07409922073394	18.905697450000005	19.366019649156765	18.698886027190447	19.313899009999997	19.85246677605932	19.07193378177044	19.283928415987017	19.43178705995497	19.21749917014634	18.525426004860165	18.800723708817173	18.401741529169335
2025-01-26 06:45:00	19.21312767931846	19.522808674149992	19.073995638162266	18.905697450000005	19.349457937570822	18.706326796163843	19.21707444	19.5890086957477	19.04997354249017	19.299828479907273	19.50387877554066	19.208153709405313	18.51588358469253	18.818445200233857	18.37995010524643
2025-01-26 07:00:00	19.17125537729956	19.458947597382124	19.042002350885653	18.90569745	19.35088211363465	18.70568694894676	19.146798539999992	19.46616207456159	19.003316372298407	19.250455697645144	19.42754382626585	19.170894364496714	18.407138869999994	18.63576163119072	18.3044242961317
2025-01-26 07:15:00	19.167207789999996	19.48727461211366	19.023409652528642	18.997053050000005	19.55458675664704	18.746566891941193	19.24362311	19.731996102948862	19.024209156646158	19.19651533180209	19.340482009948282	19.13183465031612	18.43399363345902	18.72863664799917	18.30161778634678
2025-01-26 07:30:00	19.09415584	19.31987420949822	18.992746137761664	18.99705305	19.494681134785633	18.773481011907908	19.243623109999998	19.7121793133486	19.03311235197382	19.153249610076777	19.28106549953241	19.0958250800315	18.56776352	19.06483477604945	18.34444165134009
2025-01-26 07:45:00	19.194805190000007	19.591088746636377	19.016764751511207	19.20481336	19.954943014433887	18.867798587718106	19.17334721	19.5139490225094	19.020323207278384	19.24128298627648	19.517916326740014	19.11699844201026	18.83212493	19.62169100871091	18.477392343912495
2025-01-26 08:00:00	19.323051949999996	19.90019803621272	19.063754433005872	19.204813360000006	19.885834018557674	18.898847556879893	19.17334721	19.55831866457645	19.00038902026275	19.249534449999995	19.582136501259598	19.10010454291235	18.83212493	19.49291390176047	18.535248725296018
2025-01-26 08:15:00	19.32305195000001	19.808444420901292	19.104977071768996	19.088408640000008	19.53316851858702	18.888588984402944	19.17334721	19.560339626827574	18.999481051715144	19.24953445	19.567005341732113	19.10690260009137	18.83212493	19.407756358587612	18.57350791135919
2025-01-26 08:30:00	19.323051950000004	19.73800053653095	19.13662577344262	18.99705305	19.329941761932517	18.847494353334675	19.173347209999996	19.580781256406514	18.990297131179677	19.18668529	19.38369767145718	19.098172480939525	18.83212493	19.3556707839714	18.59690867676647
2025-01-26 08:45:00	19.32305195	19.725268394743235	19.14234601105739	19.113457759999996	19.633792116347795	18.8796843535249	19.076522640000007	19.369092002456703	18.945078433678887	19.18668529	19.413260771905296	19.08489050827443	18.93586168	19.54073926097258	18.664105085650007
2025-01-26 09:00:00	19.42370130000001	19.963617318371263	19.18113033522451	19.11345776	19.597951184995562	18.895786800944023	18.97969807	19.18997229905735	18.885227039553946	19.10603764946386	19.230113085377276	19.050293613038992	18.935861679999988	19.49143651967235	18.686255592610962
2025-01-26 09:15:00	19.350649350000005	19.71694157386477	19.18608327840858	18.83939096	18.930814763845117	18.79831649740292	18.909422180000004	19.099893639827823	18.823848045874463	19.06703261733643	19.18581229540305	19.013667834436934	18.832124929999992	19.217613611620077	18.658934362895323
2025-01-26 09:30:00	19.35064935	19.7004933393069	19.193473064949067	18.748035359999996	18.82391784128023	18.713943230729164	18.909422180000007	19.174214285174813	18.790457611008428	19.019389839952545	19.122036458672277	18.973273243136436	18.756832119999995	19.063050763813447	18.619255627851928
2025-01-26 09:45:00	19.35064935	19.68228949993867	19.20165160147683	18.748035360000003	18.935715660948674	18.663715224791183	18.700337764680214	18.736643211662827	18.684026621832956	18.959399929539952	19.03504652196975	18.92541377931787	18.595113284859178	18.75381032364294	18.52381461526067
2025-01-26 10:00:00	19.368506489999998	19.74129417994537	19.201022165531786	18.748035359999996	19.0101108381815	18.63029130458512	18.578220277236472	18.58740476603296	18.57409391270472	18.924665613802897	19.014010590893417	18.88452511684919	18.59259722510858	18.82713083586387	18.48722705216055
2025-01-26 10:15:00	19.194805190000004	19.306789537079514	19.144493381891817	18.748035359999992	19.062579608977092	18.6067183785755	18.4880106988659	18.50671250980253	18.479608435981326	18.8580953226004	18.916944823214003	18.831655691889935	18.469623352078326	18.62494506501747	18.3998411332216
2025-01-26 10:30:00	19.09391593827412	19.13655506964121	19.07475922708021	18.63163065	18.827131067935237	18.543797128898667	18.39984976788495	18.42903180153514	18.386738999143567	18.806038820016933	18.857971099119695	18.782706926506997	18.45209207583228	18.661808898232717	18.357871474463963
2025-01-26 10:45:00	18.99634572626277	19.003193836895612	18.993269038877003	18.428399962130833	18.421493464299434	18.43150288144639	18.299009840809056	18.322992887308352	18.288234848903574	18.771436870888884	18.83864439017465	18.741242188311226	18.29833976891098	18.399156111904663	18.25304546988483
2025-01-26 11:00:00	18.89807488303267	18.87899002374772	18.906649240102723	18.310480824518667	18.29085675609804	18.319297434968508	18.200371080306756	18.22778799427143	18.188053336351615	18.667990169160678	18.667805430022838	18.66807316790377	18.182231244050303	18.24254788587118	18.15513246294237
2025-01-26 11:15:00	18.828533674717587	18.821928157844173	18.83150137070419	18.20562749817226	18.188387723745244	18.213372904074248	18.12521540212282	18.1785053222904	18.10127355393159	18.617284971259767	18.62337234188549	18.614550065616335	18.111680119400393	18.188355618174306	18.07723170690776
2025-01-26 11:30:00	18.752579314493506	18.747958347295754	18.754655401205532	18.12191362819669	18.130808523847204	18.117917370730517	18.024730170146984	18.067748534785874	18.00540307878748	18.56654132118351	18.578154056843594	18.56132400516232	18.037003854575268	18.12295070766702	17.9983900510123
2025-01-26 11:45:00	18.67632168269454	18.67237995861968	18.67809260220644	18.03339882	18.060918310290017	18.021034991029126	17.87573723861414	17.850717259833807	17.886978098645884	18.48858823039768	18.471583853071742	18.496227878181806	17.97225115855034	18.075819992228727	17.92572023327454
2025-01-26 12:00:00	18.577116443648922	18.551639145455454	18.588562766025703	17.96709234	18.040599895174168	17.934067206515955	17.749506853425622	17.70010093742244	17.771703714238647	18.400159713428202	18.350649550976133	18.422403409602325	17.863162474092977	17.936547464248626	17.830192406052035
2025-01-26 12:15:00	18.505251500296232	18.488303010725744	18.512866039088777	17.82990019529098	17.82265166043871	17.83315678341301	17.683632165957317	17.681536411691425	17.684573736714455	18.377723297479235	18.379596584750875	18.376881675661537	17.745365142035403	17.778879046987605	17.730308170245287
2025-01-26 12:30:00	18.453996294124114	18.468498387044338	18.447480861073004	17.7243150263151	17.71352062916362	17.729164683006346	17.605892885260157	17.627913939106243	17.595999368314814	18.337900686011004	18.36018852352988	18.327887309734407	17.65818084864896	17.692651557323806	17.642694008519683
2025-01-26 12:45:00	18.365219809681438	18.359739363972587	18.367682038912953	17.61183523140145	17.589147785019257	17.622028142094898	17.508871556666186	17.526515703653782	17.500944476135523	18.274484797165012	18.283624783368733	18.27037842655175	17.575259978258952	17.615392259158433	17.557229533217164
2025-01-26 13:00:00	18.290161868429948	18.286926962332878	18.29161523203878	17.48975235892205	17.44694350800077	17.508985320930165	17.401918937626252	17.405973734466095	17.4000972173069	18.17687247264531	18.134006931411022	18.196130904214343	17.465367009543698	17.48135091465513	17.458185834783496
2025-01-26 13:15:00	18.211641883684077	18.203473703100514	18.215311645975248	17.381106509651218	17.335481161383278	17.401604854525225	17.294109683163683	17.283479936540772	17.298885366429047	18.125953343654402	18.09700967654408	18.138957020182232	17.368647725635874	17.376745437535085	17.36500962318841
2025-01-26 13:30:00	18.13740174683961	18.12982413200904	18.140806182488134	17.302824689450258	17.28981370277601	17.30867020520246	17.194543230656127	17.180634366980385	17.200792140423488	18.107374460829337	18.129115844282776	18.097606592900988	17.298329053017053	17.32911564417787	17.284497396118727
2025-01-26 13:45:00	18.044689015709814	18.014961230464248	18.058044977196953	17.217930990878347	17.223273765220256	17.215530614000098	17.105036865063543	17.100769159325434	17.10695424010531	18.04847819313841	18.06196938583475	18.042416932651648	17.221631705678423	17.263161909796004	17.202973208176324
2025-01-26 14:00:00	17.97320990682621	17.953481550199257	17.982073371397743	17.10534902356858	17.09596319727503	17.10956584407728	17.008422380537738	17.00767117881267	17.008759876964945	18.02288182923727	18.07301971014315	18.000356114627387	17.142718037011456	17.1941736168436	17.119600312739045
2025-01-26 14:15:00	17.91234882567154	17.912788925752785	17.912151099548087	16.97988690006569	16.94124217506497	16.9972490228921	16.909780069408026	16.906440501539258	16.911280454972257	17.89997878549763	17.859705526591977	17.918072568484227	17.012558511095076	17.01350632400247	17.012132682107698
2025-01-26 14:30:00	17.852309182549597	17.870195211622526	17.844273430357415	16.88071806787336	16.84877199827272	16.895070649867847	16.828777375663947	16.843679670734886	16.822082141646575	17.8629051982807	17.854221355205297	17.866806635024716	16.927664323286503	16.937939117006522	16.923048111615195
2025-01-26 14:45:00	17.787082015326355	17.812235238002398	17.775781292095093	16.78526249446016	16.762094192067426	16.79567144191197	16.739314765624442	16.758234467351137	16.730814609776218	17.801132734460765	17.78807834624791	17.806997749454947	16.850746128509282	16.876600485723753	16.839130402804233
2025-01-26 15:00:00	17.747255872631712	17.81148178105639	17.71840075435396	16.687530693814747	16.670285083108674	16.695278721813125	16.634129050200148	16.63916963877433	16.631864437942184	17.743985020461334	17.7342238632228	17.748370467916327	16.773554475149222	16.814480891250046	16.755167244727115
2025-01-26 15:15:00	17.672620822843562	17.722695337294134	17.65012357722085	16.58361829964612	16.56047779448697	16.594014758485738	16.52726503006605	16.51575619457123	16.532435666302856	17.657704715384412	17.6124547641087	17.678034403638716	16.67335643931718	16.696156517376533	16.663112925986166
2025-01-26 15:30:00	17.57737040353042	17.590904287036526	17.57128996311464	16.50392927	16.504735066671486	16.503567245408465	16.50754815	16.595810448273	16.46789407396431	17.622945596582866	17.61179021978352	17.627957432536196	16.5646039971301	16.562509889557646	16.56554482806845
2025-01-26 15:45:00	17.508855199232688	17.524071314423537	17.50201897356723	16.50392927	16.630222233768997	16.447188952944373	16.50754815	16.687449256006282	16.426723015417473	17.590392513266387	17.609477479670176	17.58181810807048	16.515075673750697	16.55828781576299	16.49566152299155
2025-01-26 16:00:00	17.427556655773913	17.430786526574956	17.426105554399523	16.50392927	16.71695113089217	16.408223796265844	16.50754815	16.753997335347172	16.396824602959974	17.515983824165932	17.509745915772225	17.518786362719624	16.43453125670006	16.48169672883119	16.413340972119403
2025-01-26 16:15:00	17.37084253982738	17.391620313672	17.361507597955157	16.50392927	16.77350745149526	16.382814434835467	16.50754815	16.80105348496032	16.375683434293194	17.441597684164392	17.413213876175583	17.45434982978255	16.352050360907338	16.397826721274942	16.331484170017543
2025-01-26 16:30:00	17.292028937644684	17.3000351396735	17.28843194832739	16.50392927	16.81500326516668	16.364171388113526	16.50754815	16.82349882081143	16.365599297896317	17.36981988185581	17.326234254240426	17.389401830494606	16.232965563963507	16.236094296723365	16.23155990141922
2025-01-26 16:45:00	17.218740633028983	17.222220425932647	17.217177247811392	16.50392927	16.827353893429475	16.358622555125883	16.507548150000005	16.837809046106145	16.35917006624217	17.355187057339844	17.369196282074853	17.348893057821215	16.178842092416478	16.21942455913112	16.160609389979463
2025-01-26 17:00:00	17.15369771335148	17.162106282117332	17.149919950572624	16.503929270000004	16.839932060590648	16.35297149451724	16.50754815	16.856311179100494	16.350857513737452	17.294496337130152	17.298568895133844	17.292666637157478	16.109348408851915	16.16185332265713	16.085759244678556
2025-01-26 17:15:00	17.083168043512675	17.09198353177087	17.07920746183146	16.50392927	16.854353208971972	16.34649242785317	16.50754815	16.864729145675376	16.34707552875454	17.23577795613672	17.235583852693388	17.23586516203155	16.024396667142366	16.071389540565967	16.003283926908566
2025-01-26 17:30:00	17.005742443991522	17.00631813286754	17.005483801163173	16.50392927	16.8657527377959	16.34137090041053	16.50754815	16.873700070147887	16.343045113411822	17.153612646061802	17.119846201737378	17.168783077569877	15.939738770318364	15.98172073960716	15.92087730585528
2025-01-26 17:45:00	16.924436234433546	16.912981242975818	16.92958267987107	16.50392927	16.870571044798247	16.339206153786293	16.50754815	16.873244038805836	16.343249997058248	17.09936007231453	17.072546195927064	17.11140688634367	15.93586168	16.07156218744405	15.87489478535122
2025-01-26 18:00:00	16.859595687923353	16.863381396771516	16.857894862208962	16.503929270000008	16.87309641085101	16.338071569037957	16.50754815	16.880901911123765	16.339809503698024	17.06186554226108	17.06492315578815	17.060491831835872	15.93586168	16.138148140610713	15.844979357116916
2025-01-26 18:15:00	16.793493464989577	16.800634890285195	16.790284998552412	16.503929270000004	16.877883555650833	16.33592082282354	16.507548150000005	16.874881705760146	16.342514233643996	17.011182508927725	17.017656894651815	17.008273726935737	15.93586168	16.17686669066274	15.827584066513833
2025-01-26 18:30:00	16.74350649	16.775866533797227	16.728967919598336	16.50392927	16.87945071925204	16.335216734828798	16.50754815	16.877087682616896	16.34152314259241	16.93445286374598	16.91150873926705	16.944761093584336	15.93586168	16.205758682087307	15.81460360659845
2025-01-26 18:45:00	16.743506490000005	16.857092290657167	16.692475188255486	16.503929270000004	16.87867226062854	16.33556647710892	16.50754815	16.88396980792365	16.3384311732517	16.868405879201482	16.833769798111955	16.883967017082284	15.935861680000002	16.23424553817523	15.801805164008233
2025-01-26 19:00:00	16.74350649	16.919956709364183	16.66423175376393	16.503929270000004	16.87953002196963	16.335181106071616	16.50754815	16.891311821864583	16.33513258727824	16.845256442657362	16.860098120787324	16.838588442338107	15.93586168	16.25287094147845	15.79343722919084
2025-01-26 19:15:00	16.74350649	16.955947691849694	16.64806189206753	16.503929270000004	16.880657170893898	16.334674705830277	16.50754815	16.890518300500247	16.3354890968767	16.767319420945398	16.750773803590363	16.77475295917737	15.935861680000002	16.260021163218344	15.790224810727995
2025-01-26 19:30:00	16.74350649	16.983754018441648	16.635569194613183	16.50392927	16.886346015046243	16.332118848312554	16.507548150000005	16.88890274995985	16.336214923931088	16.72347950303287	16.72315864992153	16.723623654430718	15.93586168	16.268876973242048	15.786246113470963
2025-01-26 19:45:00	16.74350649	17.001417321983375	16.627633507514716	16.503929270000004	16.889101056897296	16.33088107588673	16.507548150000005	16.889374559845113	16.33600295137395	16.682495340000003	16.707242717630173	16.671376952948762	15.93586168	16.28051706178882	15.781016508471685
2025-01-26 20:00:00	16.74350649	17.010069456303263	16.62374631673331	16.50392927	16.889933918002143	16.330506891912087	16.50754815	16.884736700047867	16.338086627514734	16.68249534	16.770978731482238	16.642741932232617	15.93586168	16.27883367920022	15.781772810794104
2025-01-26 20:15:00	16.74350649	17.00817600878078	16.62459699605501	16.503929270000004	16.887753544459912	16.331486480025266	16.507548150000005	16.884434727492376	16.338222296344018	16.682495340000003	16.814821293317188	16.623044549379237	15.93586168	16.27194388508294	15.784868225542445
2025-01-26 20:30:00	16.74350649	17.01334150896033	16.62227626409029	16.503929270000008	16.883546185055366	16.33337674294615	16.50754815	16.89768229090565	16.33227049249167	16.682495340000003	16.841538887827486	16.611040992425337	15.93586168	16.27693967450567	15.782623740439481
2025-01-26 20:45:00	16.74350649	17.013665930258274	16.622130509594108	16.503929270000004	16.88544091261288	16.332525488536255	16.50754815	16.89799548451235	16.33212978232054	16.68249534	16.866779275830993	16.599701107959973	15.93586168	16.27541648583196	15.783308071582738
2025-01-26 21:00:00	16.74350649	17.038887936775136	16.61079888347784	16.503929270000004	16.892911927945534	16.329168945415788	16.507548150000005	16.90692920420572	16.328116082168453	16.786179966555608	17.168771984127215	16.61429079924082	16.02349348979694	16.484419103929504	15.816410967505504
2025-01-26 21:15:00	17.017857139999997	17.703687899222786	16.70973027716078	16.777996070000004	17.554291157617175	16.429225813244457	16.674648620000006	17.294187284335216	16.39630516211027	17.115456240000007	17.928222994396293	16.7503001619379	16.56832125	17.63626001308578	16.088522675280302
2025-01-26 21:30:00	17.017857139999997	17.569566582454804	16.76998768034639	16.77799607	17.423385469419443	16.48803851373909	16.77147319	17.442105947937424	16.47017441469477	17.05260708	17.573355458031124	16.81864766378311	16.568321250000004	17.393124103195667	16.197757649288903
2025-01-26 21:45:00	17.01785714	17.480152055412606	16.81015942437984	16.777996069999997	17.342044397376373	16.52458305335264	16.674648620000003	17.115415573558302	16.476622887241923	17.13919926	17.68180947504795	16.895417859036435	16.804238709999996	17.7556924072232	16.37677400545044
2025-01-26 22:00:00	17.118506489999994	17.65749083206432	16.876354104434867	16.985756390000002	17.77284825664824	16.6321354064334	16.991670999999997	17.84597711947904	16.60785230863985	17.139199260000005	17.582947142082332	16.93983426949925	16.804238709999996	17.566346398399205	16.461842502168476
2025-01-26 22:15:00	17.219155839999996	17.807950016930814	16.954625122828176	16.869351670000004	17.369894789449976	16.644469978652914	16.991670999999997	17.691688284404044	16.677170480919926	17.33368327503566	17.981980330460264	17.042419380569534	16.907975459999992	17.66095660808685	16.569679581874016
2025-01-26 22:30:00	17.420454549999995	18.182923791234643	17.07789590538733	17.0144095498695	17.67917646793703	16.71574615189712	16.991671	17.59044919838699	16.722654707971067	17.633106890456766	18.562235118530925	17.215672469148082	17.115448969999996	17.97752110062509	16.728141201168437
2025-01-26 22:45:00	17.76785714	18.832634822593658	17.289478760863716	17.542730839999997	18.841227509893855	16.95934827816363	17.018219680000005	17.57660819482596	16.767349477686892	17.80890604227922	18.749751990967354	17.38620713779614	17.426659229999995	18.503022640148554	16.943075668918766
2025-01-26 23:00:00	17.94155844	18.976816338295055	17.47644257265005	17.54273084	18.547381197382943	17.091366186683032	17.01821968	17.532182697141074	16.787308759255453	17.969838309983277	18.898903268702227	17.55243231403708	17.605688789999995	18.652584550225615	17.135344318014578
2025-01-26 23:15:00	17.94155844	18.746476327604732	17.579928664409472	17.634086439999997	18.5724207817674	17.212515938626243	17.018219679999998	17.510993165781983	16.796828693634176	18.106034631710784	19.00019371535343	17.70431098543655	17.50195204	18.199470072192547	17.188574373362776
2025-01-26 23:30:00	18.24350649	19.316225936446646	17.761560072031223	17.841846760000003	18.885097878959034	17.373139735540146	17.25559604	18.019658207311572	16.912321732946964	18.288901072178145	19.21223750555879	17.874068761528868	17.53039598	18.147155035293597	17.253301331969546
2025-01-26 23:45:00	18.170454550000006	18.89145722559081	17.84652581169108	17.958251470000008	18.947279806724474	17.51390540567452	17.35242061	18.138208147187132	16.99938562952461	18.461824949999993	19.397088739008378	18.04163397232957	17.794757390000008	18.644522710395368	17.41297876779339
2025-01-27 00:00:00	18.439480880506053	19.45762828998219	17.982052334219674	18.049607070000008	19.000053621668926	17.62259485113426	17.600608428994487	18.632479518003432	17.137014171613643	18.524460468348494	19.350191570741742	18.153479828142842	18.03067485	19.068789852579318	17.564275356087563
2025-01-27 00:15:00	18.825715223214846	20.090424845764566	18.25751234931569	18.166011790000006	19.088472434884018	17.751572949544865	18.04737116	19.455295376547234	17.41482549749326	18.769087519999985	19.730356554133394	18.337213026403823	18.10596765	19.002778127171542	17.70305279793743
2025-01-27 00:30:00	18.99350649000001	20.162775952265346	18.46818252869238	18.307465620000006	19.221271739838077	17.896915044420574	18.117647059999985	19.277176755875328	17.596698935766142	18.769087519999985	19.46698906883904	18.455537548782438	18.238148350000014	19.08968344067122	17.855574613611495
2025-01-27 00:45:00	18.993506489999973	19.845235981377378	18.610845414163748	18.282416499999986	18.980620145736488	17.968730804089375	18.28474753	19.39511975941383	17.785884644321342	18.966014899999973	19.77623519102318	18.60200288519249	18.238148350000014	18.924777375353006	17.929662845855916
2025-01-27 01:00:00	18.99350649	19.75552469973152	18.651150482729292	18.282416499999986	18.944600024949754	17.984913756906607	18.57522124	19.92260523984911	17.969874805285215	19.162942269999984	20.094176796749327	18.744561540590894	18.134411600000014	18.65705115135338	17.89960252620358
2025-01-27 01:15:00	19.2224026	20.044041846471117	18.853260329846336	18.490176819999984	19.311895789415768	18.12099873229144	18.575221240000015	19.56235690665305	18.13172550570664	19.249534450000013	20.05582932460671	18.887286028075266	18.266592299999985	18.803166844872212	18.025522576941427
2025-01-27 01:30:00	19.295454550000027	19.96016382057442	18.99681705162598	18.39882122	18.920834644922763	18.164293449382512	18.548672570000015	19.28204939593003	18.219184430814067	19.27327747	19.8443201766027	19.016722051091534	18.37032906	18.900519485047706	18.132127564688687
2025-01-27 01:45:00	19.14935064999997	19.427018192863752	19.02460146407566	18.490176820000027	19.03197962852014	18.246758166896768	18.742321709999985	19.564149878812408	18.373094561692966	19.359869649999972	19.912786475020052	19.111457743106854	18.37032906	18.753092886278104	18.198362703266355
2025-01-27 02:00:00	19.10389609999997	19.337126148371375	18.999111585514243	18.789292730000014	19.674743748237354	18.39148140296581	18.715773029999987	19.37440575914922	18.419865571976402	19.33612662999997	19.781490440699514	19.136035642584204	18.47406581	18.967584679046723	18.252339941297862
2025-01-27 02:15:00	19.237741584784185	19.50702477300332	19.11675928283063	18.905697450000016	19.701194085742568	18.54830041075337	18.618948460000013	18.9776791556882	18.457779596719803	19.35314147463288	19.68103985706065	19.20582481006383	18.521464694348666	18.85176633148848	18.373068306648236
2025-01-27 02:30:00	19.35338915294163	19.634281024700833	19.227191355484592	19.08840864	19.936949108479116	18.7071803135818	18.618948460000013	18.89884847048693	18.493196281375447	19.313127674971287	19.514150678099497	19.222812992406404	18.63983632101973	18.96538400050697	18.493575769366032
2025-01-27 02:45:00	19.476051160577736	19.773994588186596	19.342192519188302	18.80914401269621	19.02864700175761	18.710526727755564	18.71577303	19.07006087342254	18.556600230781186	19.35986965000003	19.56773069583353	19.266482803321253	18.699059661076475	18.95534194192331	18.583918346493192
2025-01-27 03:00:00	19.576052823778017	19.971012719604232	19.39860707347924	18.782954001136815	18.959330160026784	18.70371253844715	18.81259761000003	19.26174203858853	18.61080808411245	19.429203618659912	19.709195812204754	19.30341002445863	18.803454190337767	19.13829451218992	18.653018683418622
2025-01-27 03:15:00	19.75320849075217	20.143803869526355	19.57772361043334	18.90569745	19.178956967988942	18.782928681048475	18.81259761	19.11326771918103	18.677513937759244	19.454873771246582	19.65559426860313	19.364694997071922	19.146424110776344	19.649866674116247	18.920239770725004
2025-01-27 03:30:00	19.921943026777907	20.29862682008711	19.752708279059277	18.90569745000003	19.10011717063728	18.81834945956882	18.81259761000003	19.024253243585253	18.717505948534182	19.497281898506344	19.65539594117991	19.42624515469646	19.416157794976282	19.97679284992719	19.16427827753455
2025-01-27 03:45:00	20.046646640806184	20.36304350912223	19.90449732315693	18.903835750497148	19.016391976627077	18.853267011221362	18.873480331819003	19.08336540436937	18.779184139803675	19.543683653721757	19.674643004848576	19.484846843795196	19.48647296298064	19.872301378805997	19.31312976166771
2025-01-27 04:00:00	20.190340445964413	20.53229839939723	20.036707162537994	18.98773657450496	19.171314813867372	18.90525939450157	18.91415782817318	19.121094729244817	18.821186176967103	19.642266398658183	19.83484018668139	19.55574774027093	19.653095369999942	20.03690311739799	19.48066000522698
2025-01-27 04:15:00	20.46468170194183	20.883118819484448	20.276688214350145	19.046057441770014	19.21019157093528	18.97231602142037	18.96668703780005	19.135446950722223	18.89086736677706	19.688307123351922	19.819068130946043	19.62955942428789	19.95212173879887	20.412839948978743	19.745132397993302
2025-01-27 04:30:00	20.53223217529272	20.769959667888543	20.425427069923558	19.093718431933468	19.229801624042658	19.032579606493073	19.084846688536047	19.303354685854487	18.986676428871306	19.792028164396857	19.944396429904074	19.723572856705232	20.129181157826025	20.503847659433898	19.960852729567307
2025-01-27 04:45:00	20.68774748313325	20.883118309612716	20.59997218428009	19.211027760740745	19.406010547613896	19.123426798522416	19.20371213998427	19.462957491557066	19.08723959072691	19.85456645395728	19.973085059494405	19.801318964513086	20.105967650000057	20.178199681575396	20.073515577842954
2025-01-27 05:00:00	20.89285714	21.1531742406658	20.775903080280614	19.35054093310141	19.629714416593636	19.22511516515567	19.384797507838808	19.761859819825318	19.215392701004276	20.075863903173246	20.379260244523213	19.939555401987036	19.973786950000058	19.704392015224144	20.094819456928292
2025-01-27 05:15:00	20.74675325	20.517853425300952	20.849592301676353	19.51111162518981	19.84656918387373	19.360398808969478	19.526723811239542	19.918001812020965	19.35093224567109	20.122973967594508	20.323220735228624	20.03300802851254	19.8700502	19.36940696128475	20.09497687246619
2025-01-27 05:30:00	20.847402600000112	20.635121301717913	20.942775357199366	19.611661705496825	19.923670985074466	19.47148362336776	19.59438125262362	19.908868312157054	19.45308996500708	20.237613384189263	20.437704425935657	20.147717408911888	19.8700502	19.32715871827657	20.113957967151123
2025-01-27 05:45:00	20.847402600000056	20.492028893296794	21.007063250837746	19.718360926670396	20.017805644314826	19.58382779265628	19.742512010284212	20.092920836882723	19.585081957754426	20.327956316907223	20.50238663057584	20.2495890745343	19.870050199999945	19.304148803573483	20.124295754916147
2025-01-27 06:00:00	20.948051949999886	20.66894753562805	21.073446686891657	19.83999003072322	20.15318653191241	19.699278559174502	19.836638545790986	20.156690745582257	19.69284697776874	20.511406621979315	20.792850321775422	20.384960901781028	19.8700502	19.32866258105506	20.11328231865639
2025-01-27 06:15:00	20.92045455	20.41784442346167	21.14626489670559	20.050404081976986	20.4474761854914	19.872009368803845	19.968062708371075	20.27386211726983	19.83067456814115	20.67495142272369	20.983703267117452	20.536236825966967	19.8700502	19.258922668693724	20.14461474305051
2025-01-27 06:30:00	20.892857139999943	20.307858381678756	21.15568266910077	20.25674313215473	20.719859969471134	20.048676147273454	20.046853925204697	20.280067368581147	19.942076870934045	20.728364382137354	20.926254762427313	20.639457109833245	19.87005020000006	19.222997589239263	20.16075499613885
2025-01-27 06:45:00	20.892857139999887	20.272928098511212	21.171375984726694	20.274028662473675	20.565189701371107	20.14321718122983	20.21456773645117	20.496007757411682	20.088123669063066	20.923985931411007	21.20628744987377	20.79715481442048	19.76631344	18.97077250269415	20.12373038284761
2025-01-27 07:00:00	21.021103899999943	20.483693915625285	21.262548965443614	20.438560968454716	20.723511111241876	20.310539889811253	20.369028647364594	20.632790973493982	20.25052673272677	20.808193669999973	20.67174052835267	20.869498704653097	19.76631344	18.934031038175288	20.14023741763151
2025-01-27 07:15:00	21.194805190000057	20.85420884255199	21.347826737404205	20.646109225023658	21.031497457743594	20.47296378713503	20.44424045191527	20.652539648554004	20.350656754874592	20.74534450999997	20.51228615103114	20.850051888667167	19.766313440000058	18.99189379435547	20.114241106883924
2025-01-27 07:30:00	21.19480519	20.74359306347682	21.397523681626296	20.848652048952495	21.309747717699377	20.641493125312593	20.61315984643592	20.890943901306528	20.488358314537493	20.65875233	20.271502881200746	20.832733966417038	19.76631344	19.02789946190701	20.098064647549165
2025-01-27 07:45:00	21.12175325	20.50354639207863	21.399498360080656	20.955795680000058	21.366031689918195	20.771486748007817	20.662675689999972	20.848293808618706	20.579282042504616	20.91852886	20.94634603005631	20.90603129084434	20.15281651	19.933731411120462	20.2512460471778
2025-01-27 08:00:00	20.975649349999888	20.067221585843285	21.383783562881888	20.74803536	20.64022844252365	20.796470351909704	20.662675689999972	20.675512414304148	20.65690846603721	20.91852885999997	20.78903059048304	20.976709241956883	19.916899049999945	19.232217619208107	20.224509547891955
2025-01-27 08:15:00	20.9025974	20.012378415184596	21.302550856946027	20.65667976	20.46411300437604	20.74319525890354	20.75950026	20.846892868193272	20.720236914289984	20.808193669999973	20.49360447076949	20.949530846465848	20.049079749999944	19.586506151531022	20.256902671051364
2025-01-27 08:30:00	20.902597399999944	20.119941660128514	21.254225341101574	20.65667975999997	20.48141055992273	20.735423893368022	20.66267569	20.533945130316198	20.720511158843408	20.808193669999973	20.523391246238578	20.936148382124713	20.152816509999944	19.79185080528525	20.31498950777035
2025-01-27 08:45:00	21.003246749999942	20.418814794892807	21.265817628381456	20.65667976	20.514564871453004	20.720528478042894	20.66267569000003	20.52710073447191	20.72358617726624	20.65875233	20.16783820060356	20.879307953352026	20.15281651	19.727618890687875	20.34384732447353
2025-01-27 09:00:00	21.00324675	20.31471271252749	21.31258812915445	20.65667975999997	20.461934532592945	20.74417399260318	20.59239979	20.288010299253425	20.729154488741216	20.74534451	20.396991306321233	20.901851021797683	20.04907975	19.366995400954217	20.355523443049606
2025-01-27 09:15:00	20.975649349999944	20.369167992821374	21.248126481485997	20.47396857000003	20.06850243278913	20.656134515703457	20.59239979000003	20.387815722889375	20.684314370875768	20.79283054	20.57519285980097	20.890609787625664	20.049079749999944	19.454617106845628	20.31615716938819
2025-01-27 09:30:00	20.975649349999944	20.453164053834247	21.21038912074107	20.473968569999972	20.17445921978315	20.608530741836546	20.49557522	20.23358006879439	20.613283186483642	20.879422719999944	20.784246135243535	20.922183214600665	20.04907975	19.507057332968053	20.292597067796976
2025-01-27 09:45:00	20.875	20.240156552506424	21.160219519888415	20.357563850000012	19.978410070107444	20.527908301835822	20.495575220000028	20.28590010049653	20.58977708528417	20.879422719999972	20.745023625594467	20.93980492183431	20.049079750000057	19.531835690143645	20.281464762399366
2025-01-27 10:00:00	20.875	20.18676182899382	21.18420845364045	20.631630649999988	20.6515554386119	20.622678933377244	20.59239979	20.51280062685375	20.628161732862793	21.00512103999997	20.9773658468264	21.017590764469247	20.04907975	19.47087545318998	20.308852694943653
2025-01-27 10:15:00	20.874999999999943	20.336364531169004	21.11699564541675	20.65667976	20.71347878949927	20.631161355442373	20.59239979000003	20.566039142585655	20.604242979418046	21.00512104	20.962105974721002	21.02444664903834	20.049079749999972	19.573367366888775	20.262805603281834
2025-01-27 10:30:00	20.975649349999973	20.669939771134516	21.11299713180904	20.540275050000016	20.428281314860886	20.590591075932082	20.59239979	20.582396319212737	20.596894102962352	20.548417129999972	19.832057929616123	20.870259669302868	19.94534300000003	19.42196646721195	20.18048318139762
2025-01-27 10:45:00	21.04870129999998	20.85560244255992	21.135455859139725	20.540275050000005	20.49120962320713	20.562318937399706	20.689224359999994	20.804817195948065	20.63729134674797	20.54841713	20.031116887652953	20.78082738380811	20.077523700000008	19.816624784841487	20.194739154636437
2025-01-27 11:00:00	21.1038961	20.672675340756346	21.29763296284861	20.540275049999998	20.397510590930167	20.60441560407485	20.61894846	20.4835949880318	20.679759440159625	20.548417129999994	20.031706362082854	20.780562547470026	20.181260460000022	19.821566959955128	20.342861887556424
2025-01-27 11:15:00	21.103896099999993	20.877090120280723	21.205794438714463	20.53273329454866	20.55107133940874	20.524494462799925	20.522123889999992	20.434789398003335	20.561361125534727	20.65875233	20.53913124347684	20.71249513698868	20.181260460000015	20.02164761155401	20.25297058031633
2025-01-27 11:30:00	21.003246750000006	20.797253107717946	21.09579461827167	20.44205871146576	20.435541010284336	20.444986954025527	20.45184799999999	20.409447370158396	20.470897558334617	20.658752330000006	20.660513553446982	20.65796105569774	20.181260460000008	20.15596781158736	20.192623823779613
2025-01-27 11:45:00	21.00324675	20.933030796400075	21.034793047994178	20.401439045793936	20.4359056063619	20.385954069306884	20.381572099999996	20.35497713208544	20.39352056384567	20.605818392469327	20.637116360723397	20.59175698644214	19.973786950000008	19.779474235720983	20.061086865110866
2025-01-27 12:00:00	21.00324675	21.011851778153	20.999380722858795	20.326897981776444	20.357187516215397	20.313289640216915	20.36013763278899	20.4117102090243	20.336967344915152	20.591714010897878	20.644829582280213	20.56785049332031	19.8700502	19.68922115349506	19.951292235386283
2025-01-27 12:15:00	21.00324675	21.094292480149065	20.962342146599703	20.22980965995357	20.234374887968727	20.22775861548299	20.259432580890408	20.27613541754971	20.25192840789854	20.618319963395027	20.743840406119837	20.561926721011428	19.97378695	20.064138510214423	19.9331942200486
2025-01-27 12:30:00	20.96800681720487	21.073508941909097	20.920607311902977	20.16927640160488	20.196037820134	20.157253155599044	20.21409851250128	20.267327603893165	20.190183993180284	20.60479992218397	20.737379645043397	20.54523511916018	19.962198467857387	20.101176372687757	19.899759119310403
2025-01-27 12:45:00	20.930725798533533	21.03330544618012	20.88463929017057	20.066323650251228	20.059642811393488	20.069325186549634	20.142427713209198	20.19389733549366	20.119303680008933	20.559657352656068	20.65859522540961	20.515207004027666	19.88494138698204	19.982674526482633	19.84103229532235
2025-01-27 13:00:00	20.90290447055484	21.003202998594467	20.857842813029784	19.981932864396708	19.970858390927926	19.986908352476874	20.058022012114783	20.093380989272543	20.04213609484101	20.696553091041718	20.9901799344151	20.5646337845986	19.908969252476105	20.0812979922455	19.83154619547826
2025-01-27 13:15:00	20.880543550887722	21.01085790010891	20.821996524426027	19.919583442518253	19.943277443016445	19.908938311859636	20.039765575885678	20.151705906560238	19.989473543263777	20.70263722515586	21.008490138264307	20.565225046802794	19.879562604995915	20.076292681644787	19.79117662853048
2025-01-27 13:30:00	20.951696551962915	21.21705480969647	20.83247762457537	19.90796518532413	20.018437152534094	19.8583328522298	20.105974159038418	20.380860125492305	19.98247466686348	20.638438596061704	20.866899134586223	20.535796904840545	19.835431655914086	20.032612578492596	19.746843125480268
2025-01-27 13:45:00	21.076684588998383	21.515841174096497	20.87938235511372	19.829751770930805	19.930195763987886	19.78462475955734	19.989358772230613	20.177053510384738	19.905032150741086	20.525655841654896	20.62974919155366	20.47888926416414	19.759466741077794	19.920363208933722	19.687179922185997
2025-01-27 14:00:00	20.82576077683818	20.959496195493163	20.765676748167103	19.836173867885776	20.031231943560915	19.748539080263612	19.842652456042845	19.927058822215443	19.804730755298642	20.52055390480671	20.65846055400908	20.45859584502014	19.752248924570747	19.964332830254733	19.656964851002584
2025-01-27 14:15:00	20.704852023625676	20.747720197421643	20.685592409311546	19.73140975126329	19.86899964180587	19.669594003338354	19.791454591395997	19.90441391680268	19.740704749546623	20.51196322000547	20.67483232764566	20.438790142659876	19.69308660840674	19.88860736261276	19.60524395071998
2025-01-27 14:30:00	20.677559191369177	20.759500176597356	20.64074512554202	19.700780258585084	19.88062560244803	19.6199801765597	19.80576157601362	20.01806669141214	19.710378118370812	20.54433809240389	20.777897706162918	20.439405512309257	19.637426550689458	19.822676843340407	19.554198158339034
2025-01-27 14:45:00	20.600469434338343	20.6538195668514	20.57650053422379	19.616049402936675	19.764715132213222	19.549257553551556	19.715117465596876	19.882634968651615	19.63985597871722	20.51757203798512	20.733517298833124	20.420553152676593	19.57458995416876	19.744693248968407	19.498166734766023
2025-01-27 15:00:00	20.62177571712314	20.77731894821089	20.551893975619947	19.542419136900502	19.68332262370998	19.47911467181219	19.683122405514755	19.8915788454154	19.5894680629507	20.463350878246853	20.639326457474336	20.384289386130153	19.49552855666132	19.64590316597743	19.42796894957727
2025-01-27 15:15:00	20.478375842133275	20.512148047194643	20.46320282246802	19.51938660731074	19.706811667737476	19.435181145379893	19.649588839743988	19.88149102359936	19.545400902069844	20.491606819892652	20.731284900929058	20.383925363195136	19.59045293916836	19.908689483298467	19.447477100501217
2025-01-27 15:30:00	20.44799871732689	20.51677434392267	20.41709952276937	19.428555288060373	19.573156164893	19.363589676729774	19.58720490714625	19.802699757537322	19.49038838015897	20.57830187544511	20.941814405759096	20.41498465168085	19.55399264943467	19.85921072626941	19.416865687378483
2025-01-27 15:45:00	20.399860476945	20.47544403962652	20.365902644435913	19.38752456	19.56004738559088	19.31001430502439	19.574558264007603	19.83509205736483	19.457506849600733	20.590606190958425	20.961944814111032	20.42377289649856	19.41127195077881	19.585749128168427	19.332883653690736
2025-01-27 16:00:00	20.417378553916514	20.580064937789125	20.344287569857798	19.29616896	19.424791999609152	19.238381797277043	19.592208832850798	19.93048938980587	19.44022771305939	20.491271237042362	20.735889091971032	20.38137046163963	19.35938202129604	19.532972335518046	19.281392169978915
2025-01-27 16:15:00	20.376968334515624	20.53497931342536	20.305977894715596	19.296168960000003	19.506721509414557	19.20157288707462	19.458002254966186	19.673877029196966	19.361015037558154	20.49296399886077	20.754052081286915	20.37566355603163	19.42951574774227	19.73439874000381	19.292539330929117
2025-01-27 16:30:00	20.236783560830315	20.276680060561578	20.2188590464583	19.230890030100145	19.407600797752092	19.151498235937666	19.331713808792685	19.456545429621755	19.275630037115857	20.49023168998539	20.75927083708715	20.369359029693296	19.34295700887281	19.57980698218298	19.236546151298683
2025-01-27 16:45:00	20.200318375035632	20.266535700023596	20.170568562359886	19.20481336	19.42388848508723	19.10638830380139	19.348312057324296	19.567088603579354	19.25002114523869	20.406297145701807	20.584683425718136	20.326152585114762	19.262610055341842	19.44870394373199	19.179002656210045
2025-01-27 17:00:00	20.124586716207904	20.175344701009774	20.101782404195472	19.20481336	19.492607300095322	19.075514633290503	19.220327942517567	19.355171093809513	19.159746236864663	20.41503084960783	20.64101269316868	20.313502774964554	19.231351687983	19.44444686080775	19.135613277003763
2025-01-27 17:15:00	20.07451944772349	20.136724152209535	20.046572406577585	19.204813359999996	19.5336021072377	19.05709667645842	19.10967695751947	19.189927468780816	19.07362237999626	20.28289593235138	20.371289246160256	20.243182994263325	19.30652279209056	19.65415214966915	19.150341486511785
2025-01-27 17:30:00	20.023398499685072	20.094489686172896	19.991458981118083	19.015402949684205	19.127393387384103	18.965088405210338	19.15269040841726	19.37313643481067	19.053649440037617	20.32756163361551	20.521275364573526	20.24053082695321	19.319015780367927	19.705344389201134	19.14544785466026
2025-01-27 17:45:00	19.95703938983357	20.018791475247745	19.929295699285177	18.997053050000005	19.18104100458473	18.914391795041645	19.12191700589626	19.368368066720674	19.011192616250504	20.273717924733432	20.429965705285838	20.203519646514238	19.288879254246865	19.658075111385024	19.12300865176449
2025-01-27 18:00:00	19.870743451766796	19.91440607711788	19.8511269099424	18.997053050000005	19.26261962524447	18.87774053068727	19.024740003915223	19.226321627005802	18.934174347164387	20.232847328717142	20.383699272720808	20.165073266918398	19.22365650668734	19.55434503947944	19.075086296302484
2025-01-27 18:15:00	19.898703303387062	20.052121726191494	19.82977618589522	18.855599210000005	18.97481954381129	18.802036451331162	19.10307132	19.503621577952618	18.923113957731445	20.179185419482245	20.301590440699737	20.124191859225107	19.219360597295847	19.574685698294854	19.05972178380353
2025-01-27 18:30:00	19.851628346658348	20.00363387151663	19.78333600940318	18.91695075897005	19.184870724331834	18.79658091945968	19.10307132	19.498045532298953	18.925619137662792	20.114431749597667	20.201262740306195	20.07542072478659	19.188505121583503	19.53321929597618	19.033633535986784
2025-01-27 18:45:00	19.825199308376366	20.000656465481473	19.746370730546527	18.897863526932795	19.197895580283646	18.763066517456323	19.10307132	19.496442010591124	18.92633956045906	20.070565693492615	20.153363236599343	20.033366797314237	19.197011116376267	19.577345732551837	19.026136143891588
2025-01-27 19:00:00	19.68994040192343	19.75634689501942	19.6601056006774	18.754924264557076	18.93559513376469	18.673753294333366	19.103071319999998	19.507441235359536	18.921397879766	20.072817827187205	20.20997734055024	20.01119543712555	19.111177163819836	19.417062853638207	18.97375025969853
2025-01-27 19:15:00	19.648773122204943	19.736656211052143	19.609289415621408	18.63645056661534	18.74720917249325	18.586689453829617	19.00624675	19.278729194652307	18.883827100953308	20.097586830585563	20.304455492314105	20.00464583763506	19.048198591464843	19.317262840174347	18.927314653638827
2025-01-27 19:30:00	19.638242160223857	19.779382617142417	19.574831230303918	18.59448411510854	18.738953525159044	18.529577568564108	19.006246749999995	19.323074565418302	18.863903818435244	20.11354094230212	20.367240963971845	19.99955977314616	18.93198032777853	19.11166110207985	18.851254182802567
2025-01-27 19:45:00	19.629379704882357	19.81441017437906	19.54625007365921	18.672888020000002	19.000673523337355	18.525622069225243	19.006246749999995	19.34502293023742	18.85404295887883	20.016248324048206	20.16796285504533	19.948086723165446	18.87481448842493	19.046944600218893	18.797480670082724
2025-01-27 20:00:00	19.608330783307892	19.81831028205613	19.51399216792825	18.67288802	19.033985716302904	18.510655721661003	19.006246749999995	19.362112572275745	18.84636500376016	19.981922743119856	20.12886307745274	19.915906071173197	18.834492790355213	19.021105707313357	18.750652204475475
2025-01-27 20:15:00	19.580493616829624	19.802556576924037	19.480726199975614	18.764243609999998	19.278070135577813	18.53339401155199	18.8026606194757	18.892981647390584	18.762081606934228	20.005512300113686	20.21964292818132	19.909308684605037	18.920479613797976	19.259693621774527	18.768079117460683
2025-01-27 20:30:00	19.446934123039366	19.55359340487545	19.399014735547794	18.946954810000005	19.69288500846923	18.611826749818178	18.786048929999996	18.95235795412496	18.711330382929358	19.933346176419125	20.0847194862875	19.865337877782615	18.708963871692763	18.8387840444316	18.65063886654923
2025-01-27 20:45:00	19.373404649173803	19.456414263753036	19.336110474507773	18.946954809999998	19.561131265349402	18.671020460495193	18.88287349999999	19.260080149095913	18.71340384605835	19.85020064417432	19.937424987914326	19.81101289553751	18.65651854914154	18.794051479366818	18.594728392083805
2025-01-27 21:00:00	19.27802092544127	19.32748683754909	19.255797109856612	18.94695481	19.505146993287894	18.69617281460979	18.715773029999998	18.899912515182514	18.633043696077415	19.83480055270532	19.95885319650745	19.77906675621451	18.60111403132262	18.752924754197434	18.532909213799154
2025-01-27 21:15:00	19.195149516238672	19.219969033054454	19.18399871882868	18.946954809999998	19.466145789893947	18.71369509439547	18.645497139999996	18.807828233780494	18.57256577902615	19.82803719306828	19.98393533025299	19.75799600099979	18.550657849166335	18.709473424577123	18.47930592398178
2025-01-27 21:30:00	19.10416274980863	19.099953774341035	19.106053738786823	18.946954809999994	19.427053696877284	18.73125820864933	18.518210739556835	18.58869382222688	18.486544427052905	19.793464616672516	19.941360592369694	19.72701859860566	18.49091099229231	18.645207779908656	18.421589247131347
2025-01-27 21:45:00	19.040918980753297	19.045655713090422	19.038790883616333	18.830550100000004	19.128320773519278	18.696769072766706	18.48829231017852	18.61827275095492	18.429895300554342	19.751803965961283	19.88572669058695	19.69163578533237	18.418813051505605	18.55534588598766	18.357472212825265
2025-01-27 22:00:00	18.963565012136275	18.964712707141043	18.96304938104718	18.739194499999993	18.94651695990195	18.646049626710713	18.376669095318785	18.463372794888205	18.33771525928035	19.68455419632869	19.778674623280136	19.64226820740848	18.351679852902063	18.484920262623543	18.291818219548936
2025-01-27 22:15:00	18.913095226472066	18.940770601622	18.900661362274274	18.739194499999996	19.009288697811687	18.61784783141794	18.288362147835667	18.362957444609652	18.254848318850243	19.63948961485254	19.726624098578412	19.600342238106133	18.295171211581003	18.43454559302278	18.23255373586079
2025-01-27 22:30:00	18.850555671126223	18.883334910207463	18.835828766611474	18.85559921	19.32077215039348	18.646608468663793	18.225033360170503	18.32000143666552	18.182366543194476	19.573488210599244	19.62897742551903	19.54855827346137	18.194856793084423	18.289239645096394	18.15245290305006
2025-01-27 22:45:00	18.80195403843044	18.854188889537852	18.778486206773486	18.905697449999998	19.409878552802173	18.679181302364235	18.1685144025986	18.287298012194746	18.11514785335976	19.507042958041072	19.535693613964444	19.494170924220438	18.095321510106164	18.154525486015974	18.06872262237856
2025-01-27 23:00:00	18.718090865399393	18.74656733762129	18.705297088024345	18.67288802	18.826588001001962	18.603834405346937	18.105862149742194	18.2406419912098	18.045308887633567	19.43962964663198	19.449132365077606	19.43536030935931	18.018558051171002	18.08089158900745	17.990553128374913
2025-01-27 23:15:00	18.65705187389882	18.693114192590112	18.640849962602736	18.521235786114122	18.553318118778613	18.506821984482244	17.97165921877514	18.032477763279726	17.944334945157138	19.408182536070946	19.445509059140853	19.39141264889461	17.972070675564833	18.069660324004502	17.928226050903525
2025-01-27 23:30:00	18.59798639487258	18.643506235741967	18.577535451873295	18.40937572868001	18.42022187633372	18.40450282176313	17.923690760631704	18.02562867129361	17.877892568885052	19.355233488882796	19.389403683844193	19.339881662161016	17.900991492897568	17.99999602203157	17.85651119719968
2025-01-27 23:45:00	18.549409153353132	18.61176632807314	18.521393611087618	18.312098474869146	18.321424864593055	18.30790835774681	17.877006273488213	18.01528211622201	17.814882344144042	19.27787407847805	19.279279293869216	19.277242749824048	17.80515336236848	17.877269136342342	17.77275352188747
2025-01-28 00:00:00	18.446571987445182	18.463524200448404	18.438955775806058	18.1987211051362	18.191641306132126	18.2019018843989	17.746945392848577	17.82056855768968	17.71386831878953	19.19733522821674	19.17269912924598	19.20840362050795	17.680034651426226	17.703472710963688	17.669504508735482
2025-01-28 00:15:00	18.366751695963472	18.366301860945306	18.36695379575424	18.125707824126003	18.14737127262994	18.115974970450317	17.6236623272222	17.64615772468281	17.613555699377578	18.682495339999996	17.998247309648193	18.989911121752257	17.62465105432121	17.679109775814762	17.600184092490775
2025-01-28 00:30:00	18.311795092301047	18.32743288427769	18.304769417644877	18.037095558639894	18.062984152505404	18.025464451251047	17.545552236760393	17.578816693431037	17.53060733593735	18.682495339999996	18.31732829612306	18.846555895944704	17.5594879381862	17.627381176105583	17.528985179120976
2025-01-28 00:45:00	18.266403498788748	18.306434843835355	18.248418401738824	17.937203160417727	17.952677643571377	17.93025085639218	17.45547115416887	17.483776979604112	17.442754044190718	18.682495340000003	18.521086220039265	18.755012480851924	17.463371469505418	17.506935216623077	17.443799351235167
2025-01-28 01:00:00	18.18631288374571	18.21048297954957	18.175453855196153	17.828372122078694	17.830399693993833	17.8274611839719	17.334994545410705	17.328324622455362	17.33799117746311	18.68249534	18.663498463914443	18.691030168386263	17.35043277307512	17.361707517049926	17.345367308390795
2025-01-28 01:15:00	18.090313641451374	18.07843834167779	18.095648921059798	17.71502748215976	17.695950273108885	17.723598402168122	17.271429059131307	17.299339146516495	17.258889744508974	18.6300236775011	18.618413636322998	18.635239782957925	17.250862210129373	17.246086542317954	17.25300780001567
2025-01-28 01:30:00	18.054460482880444	18.08338396727694	18.041465873948688	17.626832184720072	17.62040712381852	17.62971880628454	17.181001978784884	17.20411673507506	17.1706170882777	18.598805899168976	18.617518546364796	18.590398767820126	17.230432096473173	17.300327809127836	17.199029674845722
2025-01-28 01:45:00	17.98167624820238	17.999565295590962	17.973639139955335	17.545009423166157	17.55441107173793	17.540785494097676	17.084815294012714	17.09695704408783	17.079360304848528	18.522792922569995	18.51187732679159	18.527697030818256	17.15402749920905	17.22141812844909	17.12375054984033
2025-01-28 02:00:00	17.909447906236487	17.922207279696487	17.903715434102278	17.428830771980802	17.414087772975343	17.435454438200644	16.982321058116177	16.98138657211851	16.98274089965136	18.47769904230476	18.483679672978536	18.475012092291905	17.07722606591402	17.144812205434715	17.04686127859312
2025-01-28 02:15:00	17.837800182224576	17.84736587590269	17.833502551731502	17.314470747092045	17.280301030547577	17.329822358872896	16.88024679028739	16.867325824980867	16.886051861656995	18.414916242257537	18.41103843522233	18.416658445418282	16.97150682635677	17.006121354915926	16.955955371496856
2025-01-28 02:30:00	17.822988133316684	17.89713364309968	17.78967638254461	17.245858987459467	17.24984160292935	17.244069696451255	16.81057539892518	16.825814552374677	16.80372882273773	18.373078683807567	18.385766035010697	18.36737856949891	16.88651340705193	16.916989857817477	16.87282108859204
2025-01-28 02:45:00	17.700784933309254	17.699193151214846	17.701500081786453	17.14552317434111	17.141956012318445	17.147125812351298	16.716723724582526	16.725242090720577	16.712896632549487	18.321411659716787	18.335570437039134	18.315050469905295	16.821829422293938	16.871005620329836	16.799735768103897
2025-01-28 03:00:00	17.62729442628131	17.630521828476045	17.625844433990924	17.0309646406898	17.0114795148951	17.039718827641046	16.63212712914459	16.65442760003468	16.622108077005564	18.258210673856997	18.265091896714125	18.25511910996466	16.73423619790533	16.781558059601497	16.71297565134618
2025-01-28 03:15:00	17.557830612941213	17.561362955196444	17.55624361859466	16.930857760797974	16.90866766935602	16.940827222170448	16.539553915626794	16.555949494320288	16.532187786068846	18.164894643293685	18.12371500467085	18.183395640356117	16.62881647907628	16.64624849640845	16.620984703173423
2025-01-28 03:30:00	17.485390481470702	17.485149738203386	17.485498641489354	16.856590215235354	16.862289897138595	16.85402948858318	16.507548150000005	16.599543941159936	16.466216707594818	18.116016915865412	18.089959421524146	18.127723906076703	16.556174079340774	16.58539253250931	16.54304694820709
2025-01-28 03:45:00	17.413746527708817	17.410933393291145	17.41501039969357	16.784702164917995	16.81543948581775	16.77089264393404	16.50754815	16.687486678458605	16.42670620243164	18.086590645673823	18.096513990754637	18.08213233121722	16.50740964212611	16.572184529481333	16.478307881140424
2025-01-28 04:00:00	17.431866547741215	17.535790934799806	17.385175881091698	16.663331489766986	16.657271596277035	16.666054050610292	16.507548150000005	16.753713835955182	16.396951972252026	18.034317934111478	18.04717817488845	18.028540144776894	16.439899671775787	16.514354638042658	16.406448889829797
2025-01-28 04:15:00	17.32016660708736	17.354778763219183	17.3046162181006	16.568923239855213	16.56273473932359	16.57170358067377	16.507548150000005	16.797193929923225	16.377417437280876	17.957441383217972	17.940689616863263	17.96496753911646	16.35677267854263	16.419780717150317	16.328464719168153
2025-01-28 04:30:00	17.22893306953827	17.230038051906533	17.22843662818441	16.50392927	16.538472277552685	16.48840994776618	16.507548150000005	16.81752865194357	16.368281547677533	17.89173916839609	17.8638264630873	17.904279659187	16.238599000491117	16.25262173525376	16.23229893124992
2025-01-28 04:45:00	17.160191053181503	17.160995603313182	17.15982958862959	16.50392927	16.645691506945155	16.440238989633333	16.50754815	16.827179661584495	16.363945586824357	17.887100928449954	17.925574708461923	17.869815606995303	16.17917716368997	16.218575592701065	16.161476420221216
2025-01-28 05:00:00	17.08857520762443	17.088572353846182	17.08857648975669	16.503929270000004	16.72292546404523	16.40553967557388	16.50754815	16.851117152963646	16.353191061711986	17.817656901146854	17.833514713251642	17.810532376867897	16.107817051225037	16.158246069269396	16.085160535871772
2025-01-28 05:15:00	17.01729062139281	17.01688498029189	17.0174728659454	16.503929270000004	16.774300990039432	16.38245791751852	16.507548150000005	16.86277489248232	16.34795352656592	17.760553725814823	17.772085640784162	17.755372720538745	16.033522925343252	16.088501646540955	16.008822340457325
2025-01-28 05:30:00	16.942768039115403	16.937404584948084	16.94517770692971	16.503929270000004	16.816528032812492	16.363486347577002	16.507548150000005	16.86530065819339	16.346818762260945	17.665729886395138	17.62697196674633	17.68314286478808	15.935861680000002	15.968593912476566	15.921155894394587
2025-01-28 05:45:00	16.866720029682753	16.85518148833514	16.871904012027336	16.50392927	16.837323687409317	16.354143372323357	16.50754815	16.862878147169063	16.34790713677911	17.61584686152447	17.591209431346023	17.626915851894495	15.93586168000001	16.064257980077336	15.87817638576237
2025-01-28 06:00:00	16.805959659060672	16.812619518140448	16.802967548459613	16.50392927	16.853440682589493	16.34690240347429	16.50754815000001	16.868734819613223	16.345275878144786	17.578901957488085	17.585233316186386	17.576057434014935	15.93586168000001	16.12847023501685	15.849327401659107
2025-01-28 06:15:00	16.752560963837404	16.775240230442524	16.742371728116268	16.50392927	16.86077696400136	16.343606392984896	16.507548150000005	16.867270152353303	16.345933917058662	17.535243854495647	17.55310207947588	17.527220593997278	15.93586168000001	16.171360174020865	15.830058008773246
2025-01-28 06:30:00	16.743506490000005	16.83953709682375	16.700362304325566	16.50392927	16.868420561004378	16.340172313171948	16.50754815000001	16.875598890895418	16.3421920200325	17.473691133882852	17.478997978324983	17.47130689942334	15.935861680000002	16.203666081549073	15.815543760463466
2025-01-28 06:45:00	16.74350649	16.906723639297997	16.67017704611249	16.50392927	16.87270206172681	16.338248740383612	16.50754815	16.879060310729592	16.340636889382353	17.398801943277103	17.37752798101948	17.408359810378357	15.935861680000002	16.225566655559952	15.805704372139736
2025-01-28 07:00:00	16.74350649	16.943354733538747	16.653719597975343	16.50392927	16.868700429544724	16.340046575132074	16.50754815	16.87965038792497	16.34037178223661	17.382563521633674	17.413071819852355	17.368856894897746	15.935861680000002	16.23662522233102	15.800736030546943
2025-01-28 07:15:00	16.74350649	16.96586538335456	16.64360611762331	16.50392927	16.86809229612033	16.34031979449666	16.50754815	16.877887508166737	16.341163800678707	17.33188043016495	17.360914052528624	17.318836338958086	15.93586168	16.24286789091218	15.797931353358294
2025-01-28 07:30:00	16.74350649	16.984681555401135	16.63515247510963	16.50392927	16.87046482007279	16.33925387793831	16.50754815	16.87717233539794	16.341485110183534	17.257710154511535	17.256169231537086	17.258402453239192	15.935861680000002	16.249141675957322	15.795112696309033
2025-01-28 07:45:00	16.74350649	16.99941635556288	16.62853249242827	16.50392927	16.879287737638826	16.335289958452123	16.507548150000005	16.880349130510034	16.340057854408546	17.174494734163947	17.136367346244278	17.19162443018583	15.93586168	16.25727983014334	15.7914564241385
2025-01-28 08:00:00	16.74350649	17.002575642344915	16.627113102714603	16.50392927	16.875250089920947	16.337103974093488	16.507548150000005	16.86966353417688	16.344858629572713	17.139866188731897	17.129934027285167	17.144328464164488	15.93586168	16.253641750307647	15.793090923774828
2025-01-28 08:15:00	16.74350649	17.000986088135036	16.62782725025818	16.503929270000004	16.878598257656364	16.33559972482106	16.507548150000005	16.87416131009364	16.342837889668086	17.11066127386034	17.133295350275258	17.100492340978278	15.93586168	16.25006137612629	15.794699497682393
2025-01-28 08:30:00	16.74350649	17.008508425615453	16.624447649361173	16.50392927	16.87844222556413	16.335669826195826	16.50754815	16.879072482388132	16.340631420956058	17.06188838852631	17.087028850317452	17.05059339844623	15.93586168	16.254639745018366	15.792642549339577
2025-01-28 08:45:00	16.74350649	17.014848395592654	16.621599257052573	16.880080447439457	17.76397420381464	16.48296875979264	16.50754815	16.880303314126095	16.340078438581028	16.995013251724433	16.99915596452679	16.99315203292917	15.935861680000002	16.26025822987131	15.790118302521591
2025-01-28 09:00:00	16.74350649	17.025022015015804	16.617028500500147	17.285647209516856	18.544875618987795	16.719906909609627	16.50754815	16.88297939566074	16.33887614107995	16.943762742846626	16.952380906741944	16.939890814140036	15.935861680000006	16.271117164434074	15.785239650761511
2025-01-28 09:15:00	17.045454550000002	17.73235423248833	16.73684744627336	17.526522589999995	18.807253699396366	16.951121656792928	16.79802186	17.56022482741816	16.455582845652703	17.24953445	17.763609714189656	17.01857309942203	16.247071950000006	16.94999268890634	15.931266980346436
2025-01-28 09:30:00	17.246753250000005	18.065532144401928	16.878896065558557	17.61787819	18.7173822094033	17.123898123311562	16.79802186	17.423760840061178	16.516892753015988	17.249534450000002	17.671861429412353	17.05979334330749	16.4829894	17.34232933584115	16.09690913896992
2025-01-28 09:45:00	17.31980519	18.05475753390365	16.989609209405604	17.73428291	18.757644933720393	17.274511566009686	16.86829776	17.504945898582093	16.582267436868918	17.33612663	17.815934810439074	17.120560635889696	16.482989399999994	17.165924308548057	16.17616357152188
2025-01-28 10:00:00	17.621753249999998	18.599321238773335	17.182556037652557	17.82563851	18.765477442261172	17.40339203318701	16.938573660000003	17.584455007620797	16.64839508353269	17.422718810000006	17.94577018000298	17.187724716230555	16.586726159999994	17.283192181436533	16.27382113587633
2025-01-28 10:15:00	17.62175325000001	18.366158558399512	17.28731028535675	17.825638510000008	18.57986955039482	17.486781086054513	17.202498699999996	18.110460878417094	16.79457366331986	17.50931099	18.0451140095697	17.268587894251297	16.58672615999999	17.158689979243352	16.329756907876163
2025-01-28 10:30:00	17.8961039	18.85966508646436	17.463199598834844	17.942043220000002	18.728317007881383	17.58878977906778	17.202498700000007	17.931478149578837	16.87498619366749	17.50931099	17.927794436585902	17.32129668791068	16.59140738661378	17.0812896832938	16.371315340279278
2025-01-28 10:45:00	18.14285714	19.226263434599705	17.656109384455206	18.191060899999997	19.17998091981558	17.746763499792998	17.439875069999996	18.370027395113144	17.02198054712308	17.61964618	18.138630365493228	17.38647937202478	17.13385388	18.222879046667366	16.644581703671186
2025-01-28 11:00:00	18.21590909	19.148138986450704	17.79708116550765	18.282416500000004	19.19643560030994	17.87177023754191	17.660072880000005	18.703393770159618	17.191334509058734	17.619646179999997	18.049061558489495	17.42672043024385	17.237590630000003	18.205138503650772	16.802895208504737
2025-01-28 11:15:00	18.49025974	19.58135698885282	18.00005662819656	18.373772099999996	19.237340321526542	17.985792174386624	17.75689745	18.698319050253087	17.333939919451517	17.81657356	18.464133134502553	17.525640997542332	17.341327380000003	18.23370745497313	16.94040299849034
2025-01-28 11:30:00	18.590909089999993	19.555797906984235	18.157408317151997	18.30746562	18.925000650064565	18.03002234562316	18.06454971	19.24015597623124	17.53637877879467	18.123836130000004	19.045885223789565	17.709582189311938	17.341327380000006	18.051620071398684	17.02221037371944
2025-01-28 11:45:00	18.590909089999993	19.329818011923393	18.25893551638223	18.465127700000007	19.24126009500596	18.116430537026332	18.06454971	18.992662373366578	17.64757155689327	18.32076350000001	19.286360065117513	17.886944753353013	17.548800890000006	18.395641944303357	17.168336068501397
2025-01-28 12:00:00	18.81980519	19.785830795005495	18.385793686301874	18.465127700000007	19.153196573382136	18.155995307610944	18.32847475000001	19.453695239971523	17.82294090667947	18.431098700000007	19.374087688168505	18.00743698067793	17.65253765	18.508594976092084	17.267932184654292
2025-01-28 12:15:00	18.965909089999993	19.86245801496932	18.56311174689784	18.739194500000007	19.72644152653158	18.29564873445684	18.425299319999993	19.42583934905096	17.975781335933625	18.509310989999992	19.31352289599162	18.14799839455449	17.860011150000012	18.764461054797984	17.453664091322658
2025-01-28 12:30:00	18.96590909	19.651455789564114	18.657909848166845	18.972003930000007	20.069997899146024	18.47870229168803	18.59239979	19.589450313289056	18.14444955489911	18.68249534	19.504312859257194	18.313272976275755	17.860011150000012	18.563283669071776	17.544048134185168
2025-01-28 12:45:00	18.965909089999972	19.516298963660926	18.718632480094357	18.972003930000014	19.84450510236766	18.58001064966092	18.882873499999985	20.060066570380656	18.353989656785487	18.74534451	19.4413675122015	18.43263852350367	17.963747910000027	18.670258106058437	17.646330285683945
2025-01-28 13:00:00	19.139610389999973	19.9788403055131	18.762565065638995	18.97200393	19.72637599103019	18.633083148957468	18.90942218	19.90637385869713	18.461516353338993	18.65875232999997	19.141302480370555	18.441954436355218	18.09592861000003	18.927569335325916	17.722292921810123
2025-01-28 13:15:00	19.3961039	20.299281667575567	18.99032838123418	18.972003930000014	19.55291265273271	18.71101595312011	18.83914628	19.481416995572225	18.55058987155452	18.745344509999985	19.23888215837428	18.52361020420861	18.22810931000003	18.952004813678627	17.90288089530381
2025-01-28 13:30:00	19.29545455	19.7542922342655	19.08931008315608	18.855599210000015	19.16916674514954	18.714721042034256	18.93597085	19.54894371436537	18.660577244270613	18.792830539999986	19.178626097868296	18.619502100957703	18.22810931	18.716587777349133	18.00864796959675
2025-01-28 13:45:00	19.295454550000027	19.59061335675848	19.16284697015203	18.85559921	19.141682833205287	18.727068886530958	18.935970849999986	19.408048045672583	18.72387819687171	19.13919926000003	19.91973612973537	18.788523275046515	18.256553259999972	18.6160281427984	18.09505005178613
2025-01-28 14:00:00	19.4237013	19.92424424993524	19.198819684811667	18.97200392999997	19.43104715726066	18.765767117752432	18.87412437000406	19.217120446416445	18.72002468349993	19.13919926000003	19.7511336565402	18.864272212279047	18.23018092682539	18.540363095528914	18.09082372059629
2025-01-28 14:15:00	19.456181406826854	19.742656214624944	19.327475333758116	19.113457759999985	19.620344661999845	18.885725963449346	18.921802632263738	19.24310991229698	18.777447187611102	19.13919926	19.504641076396684	18.97501525553193	18.34401169566871	18.602926143797298	18.227687813176146
2025-01-28 14:30:00	19.587226234899756	19.867573008284857	19.461273336712225	19.17976424	19.608858189328476	18.986982900446606	18.95575784725688	19.244044612321286	18.826237706430817	19.16294227	19.41365752135815	19.050302084607182	18.577089997925444	18.9310567031526	18.418061478185734
2025-01-28 14:45:00	19.65683993709365	19.859373822269255	19.565846452449534	19.20481336	19.5452814436201	19.05184943837358	19.037660778808085	19.356828258089724	18.894266693913465	19.167207566610028	19.308463595911743	19.103744712865762	18.7478290571643	19.109830719797866	18.585190629024623
2025-01-28 15:00:00	19.79647119321953	20.10513897663524	19.657794362989193	19.255200991976718	19.58376570338843	19.107584962212	19.122335791725714	19.501869213013787	18.9518207763644	19.241623752443395	19.442251350491745	19.151486715639066	18.823201339999944	19.147308691649744	18.677587892157362
2025-01-28 15:15:00	19.985764187061122	20.293693727597617	19.847419031167874	19.410531825509338	19.81637263975054	19.22819754664735	19.228486379674546	19.61134663630059	19.05647669916135	19.31507889755556	19.492057070358005	19.23556696484718	18.823201339999887	18.886526310050787	18.794750991136482
2025-01-28 15:30:00	20.1649010659102	20.46255757821151	20.031171328499397	19.4394529803834	19.75625828273651	19.297120163384164	19.27675926515819	19.593374318928024	19.1345119221601	19.43017752983362	19.63962350936214	19.336078611494713	18.719464579999944	18.50402787681351	18.81625498288082
2025-01-28 15:45:00	20.275621596260308	20.48651627233498	20.18087181425568	19.439803600064238	19.65265317335572	19.344175530904295	19.405252996619684	19.76646506159456	19.2429693152541	19.545520868845948	19.78229191513102	19.439145471239613	18.851645289999944	18.725395509722446	18.90836620577693
2025-01-28 16:00:00	20.49837489694248	20.83151070368847	20.348705186665313	19.599487679772267	19.934921309405883	19.448785614284702	19.580723705889866	20.050245854768555	19.369778972335638	19.7087510894333	20.05018583065377	19.555352872363244	18.587283879999944	18.08394521172014	18.813421542560604
2025-01-28 16:15:00	20.79374196636351	21.203561919944086	20.609619958233054	19.721333009162606	20.056803808625972	19.570614244186288	19.728996565249346	20.200529208648355	19.517148566041072	19.891096632066425	20.287284250515583	19.71309929624141	18.48354713	17.849040217904978	18.768615452825316
2025-01-28 16:30:00	20.97564935	21.30609842635269	20.827186721493774	19.831365518266995	20.153530598434532	19.686624685148217	19.85414385814967	20.30001606186709	19.653824462276617	20.079971517039617	20.53121536384102	19.877238774273792	18.48354713	17.853997601771862	18.76638822239238
2025-01-28 16:45:00	20.975649350000058	21.022768856814075	20.954479716503897	19.948888198839203	20.27140131269724	19.80399100275804	19.847673296783796	20.118472895001275	19.726009709178868	20.15219859581905	20.5082563446346	19.992230621713475	18.55883993	18.028268881376427	18.797212430106356
2025-01-28 17:00:00	20.975649349999944	20.82678804091885	21.042529068572662	20.115556506148437	20.5006234118724	19.9425554325623	19.93119434729759	20.170541115545362	19.823661741273213	20.25027967795399	20.5656167719246	20.1086064908078	19.34061939082189	19.715317248206713	19.17227687518539
2025-01-28 17:15:00	20.97564935	20.638017293753173	21.127339114400797	20.219106817832397	20.556886008391476	20.06735094961016	20.125317166928347	20.44845698986778	19.980138405897605	20.40741862735816	20.73970145855025	20.258132137982045	19.351366419999945	19.372047663245404	19.342074846947753
2025-01-28 17:30:00	20.975649349999888	20.533882995562546	21.174124088949952	20.37477307124111	20.738949194525073	20.211157711504825	20.187504733135544	20.421634359318585	20.082316060502535	20.54984090593961	20.878415178716583	20.402220580489143	19.587283880000058	19.665627610826093	19.552085971947918
2025-01-28 17:45:00	20.8474026	20.177753791473368	21.148259311077254	20.515225930000028	20.88170283657264	20.350576885018143	20.368857736345568	20.674950835617256	20.231337648267015	20.666085572294325	20.961721253951726	20.533263744303383	19.483547129999945	19.176758362080584	19.621379764862297
2025-01-28 18:00:00	20.71915584	19.889619125818093	21.091846247820854	20.515225930000028	20.66590864136902	20.447527900254556	20.355023430000028	20.461979480973707	20.30697071144658	20.751829684544308	20.976519767570046	20.65088196608349	19.48354713	19.029253299965777	19.68765015508785
2025-01-28 18:15:00	20.819805190000057	20.162826326935154	21.11496960673935	20.51522593	20.57435468147009	20.488660838759813	20.478396670000027	20.604208092954494	20.421872697368258	20.9981378	21.350674493420307	20.839751749332947	19.48354713000006	18.92086398663183	19.73634680310755
2025-01-28 18:30:00	20.81980519	20.15863488519149	21.116852718247287	20.51522592999997	20.50954878006421	20.517776533594315	20.408120770000057	20.301207639133416	20.456154205606765	20.88780261	20.86332047853978	20.898801828482135	19.48354713000006	18.853476608833173	19.766622291683746
2025-01-28 18:45:00	20.819805190000057	20.18115901793692	21.106733180347078	20.581532419999913	20.603424770016243	20.571696726514347	20.40812077000003	20.281354160939433	20.465073884215542	20.99813779999997	21.081354080238402	20.960750775545023	19.398215279999942	18.627929247660223	19.744285816268473
2025-01-28 19:00:00	20.81980519	20.116816950644314	21.135640485942304	20.69793712999997	20.781980421970765	20.6601785495493	20.47839667	20.40037589466742	20.513449482105898	20.911545620000027	20.736753157391163	20.99007556696921	19.266034579999943	18.304369536681126	19.698086990766285
2025-01-28 19:15:00	20.847402599999942	20.180125892056882	21.147193584727916	20.953914037021345	21.287819260992777	20.80389864654137	20.3815721	20.112889780162565	20.50228444659365	20.82495345	20.461054201816737	20.98844441657502	19.13385388	18.07389531841523	19.61006714679894
2025-01-28 19:30:00	20.957792209999944	20.42754110108491	21.19602096907761	20.72298625000003	20.562531317814415	20.795074697793552	20.117647060000028	19.516096725802814	20.38790880434948	20.675512099999942	20.097967932555296	20.93498846508379	19.03011712	17.954999810031154	19.513140838971424
2025-01-28 19:45:00	20.95779221	20.359880541685914	21.226419191416653	20.72298625	20.53454381739059	20.807648792186825	20.258198850000056	19.986629113462442	20.380208441777825	20.73836127	20.351673205160754	20.912090690435093	19.445064140000056	18.977185503383556	19.65527048398718
2025-01-28 20:00:00	20.829545450000058	19.954021285537127	21.222896886208048	20.60658153	20.187453643692976	20.794885362978448	20.284747530000057	20.0263478787553	20.40084012693609	20.651769090000027	20.13084132370687	20.885809100943334	19.680981600000056	19.34358630795544	19.832564992078005
2025-01-28 20:15:00	21.00324675	20.502871748728097	21.22805290999179	20.51522593	20.062776336018274	20.718500385267134	20.09109839	19.622137945230303	20.30179076373713	20.565176909999945	20.012775078123255	20.813357443162033	19.369771329999942	18.57429356939562	19.727159889112045
2025-01-28 20:30:00	21.076298700000056	20.628717379961472	21.277385959727496	20.63163065	20.428769630478918	20.72277110804569	20.091098390000056	19.719703415125977	20.257957001899996	20.58891992999997	20.15736012681923	20.782809116936278	19.294478530000056	18.449947315152915	19.673905597540056
2025-01-28 20:45:00	20.875	20.081265223581447	21.23160547926051	20.72298625	20.631289167245853	20.764183490077983	20.14419572999997	19.90391291752625	20.25214887763306	20.738361270000027	20.586835560727405	20.8064380379341	19.398215279999913	18.74928154189971	19.6897652203059
2025-01-28 21:00:00	20.875000000000057	20.01273096587833	21.262396232721358	20.60658152999997	20.2392734399186	20.771604005254005	20.241020299999942	20.070326832902296	20.317708669275675	20.73836126999997	20.46640484871735	20.860544589706677	19.294478529999914	18.41695857853137	19.68872662413804
2025-01-28 21:15:00	20.94805195	20.33546540832011	21.223271990464866	20.34872299	19.7063854359282	20.637309427336646	20.525641808109537	20.76517767062694	20.418024246688674	20.49394786	19.887518695663697	20.76640154252786	19.42665923	18.883806922522076	19.670549397127786
2025-01-28 21:30:00	21.176948050000057	20.956158383862327	21.27614340725023	20.34872299	19.905226979780355	20.547974820678462	20.53149400999997	20.65572759072973	20.47567892300546	20.556797019999973	20.17629583393549	20.727746828231858	19.530395979999973	19.154542377221844	19.699257743566875
2025-01-28 21:45:00	21.10389609999997	20.70719177326865	21.28212558012561	20.348722990000027	20.020675153220935	20.496106800726878	20.337844869999973	20.120179391644033	20.435636606652636	20.58054004	20.287000783347906	20.71241999588716	19.39821528	18.828957033148235	19.653968985107298
2025-01-28 22:00:00	21.00324674999997	20.281243182431613	21.327625164414798	20.348722989999985	20.01541395580474	20.498470527102214	20.33784486999996	20.08503496981819	20.451426129501883	20.49394785999997	20.069396084193194	20.684688512898674	19.398215280000027	18.752831656762687	19.688170241164585
2025-01-28 22:15:00	20.72889609999997	19.841559852156042	21.127554414248692	20.465127700000014	20.42726327420025	20.48213925362019	20.337844869999973	20.188628774952388	20.40488398516625	20.493947859999984	20.211265368014146	20.6209501390081	19.53039598000003	19.21934893225473	19.670141755073985
2025-01-28 22:30:00	20.527597399999973	19.599762695357636	20.944450673100192	20.465127700000014	20.460468720589297	20.467220864662764	20.525064195187635	20.693179057408756	20.449534329552066	20.580540039999985	20.50191210369686	20.61586563457095	19.558839930000058	19.35640055302557	19.649790954437805
2025-01-28 22:45:00	20.454545450000015	19.672153012445555	20.806055095857822	20.4651277	20.487658678416704	20.455005086508425	20.3112962	20.145081357604894	20.385972433539838	20.47020484	20.253940204482337	20.56736721247895	19.66257669000001	19.582890679690095	19.69837765115374
2025-01-28 23:00:00	20.527597400000015	19.844034380006384	20.83470542347542	20.4651277	20.409355884181746	20.49018460275892	20.408120769999993	20.34746487684162	20.435371968375495	20.470204839999994	20.199297745964248	20.591916722827648	19.66257669	19.37825149377417	19.790316995550747
2025-01-28 23:15:00	20.527597400000015	20.13173649189011	20.705447952918966	20.4651277	20.522212538103904	20.439480888677952	20.33784487	20.294333957379845	20.357393251032246	20.47020484	20.349473336705024	20.52444652988614	19.76631344000001	19.76129148093294	19.768569682479416
2025-01-28 23:30:00	20.701298700000006	20.73135618764348	20.687794611348586	20.411658733876475	20.47899374361951	20.381406772977424	20.363790329792216	20.467079562599388	20.317385022299153	20.470204839999994	20.44356410860468	20.482173864250058	19.76631344	19.817758439864217	19.743200469046506
2025-01-28 23:45:00	20.7012987	20.763242093170255	20.673469059590175	20.39087510405827	20.486554012335898	20.347888927875566	20.374697285860545	20.535240785188787	20.30256904703192	20.47020484	20.5031068628763	20.45542277175123	19.530395979999987	19.34786871388425	19.612400983617214
2025-01-29 00:00:00	20.7012987	20.793631686340024	20.659815764108117	20.300676964051924	20.352858185327992	20.27723322695688	20.29929545064669	20.418832560348264	20.245590372374966	20.470204839999994	20.58836542198566	20.417118201716583	19.55883993000001	19.55784473330656	19.55928704735505
2025-01-29 00:15:00	20.730535026561395	20.90641292305873	20.65151742088868	20.2421242427258	20.300630037341143	20.215839030652248	20.267681103358164	20.408852682231316	20.204256191110797	20.475618723642935	20.63206398400265	20.40533172261177	19.638872964925866	19.818803896534313	19.55803443043513
2025-01-29 00:30:00	20.706741380608673	20.87259430349423	20.63222774858763	20.246815759952344	20.384200006279748	20.185092402906704	20.193135044438673	20.300942514845094	20.144699804111145	20.50931099	20.718925037558826	20.415136562835904	19.737869489999994	20.046509562437098	19.599205109629708
2025-01-29 00:45:00	20.6531179806879	20.7750659099949	20.598329780564455	20.19329944471306	20.3256902754934	20.13381950624653	20.130894615147362	20.224124875808876	20.089008556009574	20.50215104231007	20.708902674203788	20.40926262798101	19.781903309009973	20.135142352193224	19.623201709898662
2025-01-29 01:00:00	20.6234420433619	20.732076879386582	20.574635088046463	20.09026181602998	20.167386744753266	20.055611485734005	20.09457072177781	20.21421938277151	20.040815526258903	20.510212417592044	20.73407583072184	20.40963610154822	19.865461316668338	20.297075780748045	19.67154757193688
2025-01-29 01:15:00	20.720709632610394	20.995366683839837	20.59731298640586	20.082073616471966	20.232022225008542	20.01470540104249	20.07475384104757	20.244647931057955	19.998424612202328	20.37196091077057	20.440778595513862	20.34104282052358	19.897951335064995	20.3585867146456	19.690999208007046
2025-01-29 01:30:00	20.92027254412935	21.452260974137037	20.681263249488218	19.9465121406718	20.004769506021095	19.92033854174675	19.983711563417774	20.10844632997126	19.927671305980695	20.38714583250286	20.51978755966381	20.32755317247403	20.002230900000008	20.563409531170205	19.75010716715543
2025-01-29 01:45:00	20.60015249298009	20.719103136340834	20.54671089958613	19.86193341450204	19.904528353221423	19.84279655797594	19.943799718284097	20.091554766027258	19.87741701567485	20.35613149086279	20.48273412224091	20.29925204777986	19.973786950000004	20.47563067237814	19.748320929801125
2025-01-29 02:00:00	20.51366172152562	20.574543387568152	20.486309088955792	19.813794340676537	19.890539153961477	19.779314786881855	19.871207589778596	20.000677905013255	19.813039766992006	20.416201174509165	20.649335539158443	20.311459648362387	19.8700502	20.231608243064443	19.707611079202927
2025-01-29 02:15:00	20.479599730020446	20.56305618945515	20.44210479897007	19.769466517916147	19.880930623577807	19.71938844145946	19.84898781415886	20.023637091740923	19.770522196694458	20.397397481819976	20.623234618221492	20.29593442053814	19.750901543299157	20.007273151406284	19.63572009617856
2025-01-29 02:30:00	20.436926442089742	20.52818726551078	20.395925202581736	19.75028095699637	19.91816526125426	19.674854675373258	19.845441746510488	20.0775832111914	19.741146305856745	20.361337407281663	20.558936703463033	20.272560911895837	19.77563167121145	20.092007555790225	19.63349178103838
2025-01-29 02:45:00	20.481874869999885	20.682255092070665	20.3918489731275	19.679014518982687	19.8303988042078	19.611001289388803	19.80870016103259	20.047591547356586	19.701372146887028	20.338572833932513	20.529506954461915	20.252790837752634	19.725383383133806	20.00747257748474	19.59864765813556
2025-01-29 03:00:00	20.363209360998976	20.46113391441445	20.31921427178333	19.614461983756193	19.75883318579832	19.54959955965031	19.819339054092055	20.12169470326962	19.683498110258654	20.302303652940502	20.472785864721494	20.22571019547368	19.64064133039246	19.85710053099897	19.543391544612717
2025-01-29 03:15:00	20.316925062247854	20.41279520191622	20.273852970512785	19.702316661402214	20.01905874134956	19.560012248672244	19.79002495133911	20.093991780638515	19.65346014397271	20.339170982807985	20.577507446337822	20.232092281801826	19.62089668605984	19.85466435630745	19.51587063131091
2025-01-29 03:30:00	20.2766347232861	20.37822702202377	20.230991806461923	19.650480330730176	19.94212883797671	19.519449841967237	19.684316797708313	19.898410536548532	19.588129755620674	20.40537472580657	20.737842772470252	20.256005023682306	19.596002126130493	19.836494920998078	19.487954638581286
2025-01-29 03:45:00	20.234843904447796	20.341752589810405	20.186812466096484	19.572318117597295	19.80973936696137	19.46565059976706	19.643947584479506	19.862847743706148	19.545601136131296	20.381719310513944	20.677972737252507	20.248619944877774	19.6267730576944	19.934685960949775	19.48843537652169
2025-01-29 04:00:00	20.161066184403836	20.250342964339303	20.120956326751674	19.42101637182271	19.54552793421617	19.3650763945155	19.54338543261233	19.708892158265936	19.469027338478092	20.249882403910533	20.392875690459157	20.18563904328724	19.467010431876016	19.636207730684514	19.39099425415046
2025-01-29 04:15:00	20.121014830131188	20.221787975440623	20.075739938760286	19.410024746209494	19.598804767319997	19.325210533826514	19.514174813903853	19.712032140651395	19.42528239174191	20.264564683610757	20.45780775570619	20.177745332379473	19.476490907534735	19.709496129226817	19.371807402136834
2025-01-29 04:30:00	20.04825960219939	20.119967228739775	20.01604313230444	19.31258158321922	19.44863170638353	19.251457614841055	19.400569456742822	19.52382654204334	19.345193085086063	20.341000831876652	20.64946237281498	20.202416661310153	19.429686598777007	19.65132022416748	19.33011207142766
2025-01-29 04:45:00	19.990837188854638	20.055157245605084	19.96193977205371	19.279439159573293	19.447803421890672	19.20379724461911	19.43727225	19.690777223953166	19.323378710977572	20.3000976837824	20.55563655010581	20.18529036702841	19.453913980641207	19.743936990175158	19.323613787952034
2025-01-29 05:00:00	19.923935127984528	19.980368133695002	19.898581168897216	19.237395769145373	19.430417535009283	19.150675845351444	19.50754815	19.910598681604792	19.32646747638046	20.136065591476356	20.204381535757577	20.105372920857263	19.50830130640123	19.89690620315848	19.33371070061174
2025-01-29 05:15:00	19.883912614194447	19.959911668472703	19.84976811154769	19.183742292937524	19.378803713363258	19.096106002601324	19.437272250000003	19.73524483755611	19.303400507764653	20.161712392840887	20.310652658116574	20.09479720119529	19.344294677226962	19.563473700127556	19.245822942300613
2025-01-29 05:30:00	20.021202080187887	20.32344206731835	19.885413100462607	19.09010306176933	19.2386816601075	19.023350358168123	19.437272249999996	19.7774851541171	19.28442297423725	20.220650684764976	20.474550015904082	20.10657997077495	19.330066589590405	19.579775251947442	19.217878639835803
2025-01-29 05:45:00	20.018832102504607	20.3395884012399	19.87472420017426	19.061257794217997	19.248477374123674	18.977144649622698	19.437272250000003	19.798182656984803	19.275124096137255	20.166712995288744	20.365866583008607	20.077238195008807	19.269864344742885	19.493371520599613	19.169448077328987
2025-01-29 06:00:00	19.86845980743982	20.031008669851673	19.79543060838522	19.035524300403445	19.261640349378492	18.933935930574076	19.507548149999998	19.987184586268558	19.292059316314123	20.10007097907944	20.242579358628774	20.03604547522394	19.235689601346447	19.47173478985541	19.129640313755466
2025-01-29 06:15:00	19.842814487996367	20.01921696843659	19.763561199682652	18.931386564734076	19.091716818287154	18.859354131978346	19.507548149999995	19.967912095390904	19.30071797163596	20.098262296356342	20.27066148923421	20.02080758651266	19.2818611584399	19.610495822692794	19.134213700587154
2025-01-29 06:30:00	19.87849738556616	20.138122651226976	19.76185415026927	18.855176073268122	18.99408631681796	18.792767123267467	19.507548149999995	19.943347543573672	19.311754219553855	20.077361575569203	20.249716772666172	19.999926631945925	19.34976641477319	19.77656636948188	19.15801571048378
2025-01-29 06:45:00	19.867733418139707	20.139138381576988	19.745797854856285	18.784679226052592	18.91417552946517	18.72649972741796	19.507548150000005	19.916749897070037	19.323703886823616	20.106010093631316	20.33930407675051	20.00119685483864	19.409424527759388	19.905967364347823	19.18634006494429
2025-01-29 07:00:00	19.742290463795346	19.896505849203006	19.673005290641186	18.75744752493952	18.940173036789187	18.675353454398362	19.50754815	19.94716080155593	19.31004101669226	20.022129169425888	20.174152690100712	19.953828747093723	19.174260839253492	19.409424379894467	19.06860765432784
2025-01-29 07:15:00	19.742533341627396	19.94234402920408	19.652763322571218	18.699814963596705	18.881058466465326	18.618386723177473	19.507548150000005	19.935556349098945	19.31525461127439	19.97413537262545	20.098864894239636	19.918097471610388	19.182948431826233	19.470803246161886	19.053622355820366
2025-01-29 07:30:00	19.678943490667738	19.84063791008673	19.606298171798336	18.601640041362224	18.734863634483315	18.54178596329333	19.507548150000005	19.93258352263051	19.316590228963115	19.935930790746077	20.04911235086332	19.885081104316598	19.076613275441975	19.278859670367247	18.985748953084247
2025-01-29 07:45:00	19.670454549999995	19.873202810247808	19.57936475191765	18.48671997378338	18.560274095653394	18.45367391903018	19.410723580000003	19.69499708461324	19.283006498217247	19.94557784442649	20.108398567096845	19.872426505255746	19.01420128602701	19.19628204838646	18.93239688554668
2025-01-29 08:00:00	19.670454549999995	19.90116109897598	19.566803781619484	18.48133595	18.64630437801893	18.407219699730618	19.410723580000003	19.749344590883293	19.258589502646643	19.926532746183998	20.096605919279586	19.850123059720758	18.963205819226694	19.14523658176977	18.88142388243198
2025-01-29 08:15:00	19.670454550000002	19.95058706077406	19.544597914724704	18.48133595	18.722147080931858	18.373145441900178	19.41072358	19.78215831260871	19.243847105929422	19.933323140844063	20.140880954871854	19.840072528744614	18.97896656552359	19.23443910212281	18.864189049080466
2025-01-29 08:30:00	19.670454550000002	19.960482108531128	19.540152313558487	18.481335950000002	18.773330607614596	18.350149944405032	19.41072358	19.806421407583844	19.232946295143496	19.888950836635207	20.063481491108924	19.810538513610787	18.939614862251513	19.19246585056219	18.826015142865558
2025-01-29 08:45:00	19.670454549999995	19.96978520619708	19.53597266098392	18.481335950000002	18.806567801254477	18.33521729219002	19.41072358	19.80626105418443	19.23301833797511	19.833849036019682	19.966933114226308	19.774057638564532	18.823515222634935	18.98815752757395	18.749545491430453
2025-01-29 09:00:00	19.67045455	19.985015779889462	19.52912993946995	18.41502947	18.671485869115195	18.299809928368536	19.27017179	19.497324959593175	19.16811746742915	19.816052917848054	19.970206251323866	19.74679562309805	18.845111591648433	19.102748910125488	18.729361492042806
2025-01-29 09:15:00	19.49675325	19.577877268853367	19.46030622703689	18.323673870000004	18.496781079584984	18.245901065693708	19.187536068704016	19.36383812339982	19.108327899202997	19.77787280253053	19.91822633719708	19.71481541739048	18.75385576766987	18.951916031122295	18.66487217104632
2025-01-29 09:30:00	19.518292113180213	19.689195211797553	19.441509561627488	18.232318270000004	18.34802266131827	18.180335137668607	19.04283870316815	19.12364316746576	19.006535248193856	19.74957261849791	19.88988566271178	19.68653342472066	18.70449467901646	18.900280131938906	18.616533098717973
2025-01-29 09:45:00	19.47298665206297	19.63655649014788	19.399498753792933	18.34872299	18.711959754704047	18.185529660930065	18.94591730084883	19.00487305348641	18.919429933721805	19.658769648712173	19.723294061664596	19.629780419704563	18.699944230000003	18.952214029976084	18.586605624213643
2025-01-29 10:00:00	19.39500209363539	19.5310731987031	19.333868698604967	18.14096267	18.245958809169625	18.093790491532488	18.84549476997136	18.90069090560618	18.820696506135434	19.6173379379291	19.69357399946163	19.583086953762315	18.542018523653798	18.659450504432687	18.48925922794154
2025-01-29 10:15:00	19.284364856963354	19.347024825510463	19.256213276891458	18.01312441530146	18.03772181581077	18.00207340927554	18.754910766684787	18.80581630199935	18.732040163862308	19.56687301709311	19.633780892126357	19.536812957295563	18.440407979548752	18.519512887872704	18.40486809320031
2025-01-29 10:30:00	19.231989017024873	19.30437969513779	19.199465668887186	18.166011790000006	18.520256784543854	18.006858241726675	18.64078559590611	18.66051246126446	18.631922801324826	19.529851158842078	19.60337866459165	19.496817062056042	18.3920034162675	18.498754962358046	18.34404257671957
2025-01-29 10:45:00	19.190779007139195	19.28473738454947	19.148565823085317	17.983300589999995	18.101047422335785	17.930399839240437	18.52613439664922	18.521046154785804	18.528420418355964	19.452325443844384	19.48213567252676	19.438932442552304	18.336563806286655	18.459158464504615	18.281485046797428
2025-01-29 11:00:00	19.191067775396196	19.33714167028152	19.125440373346276	17.85960996409241	17.877062627336986	17.851768912489774	18.440070920803947	18.435188024942075	18.44226468561145	19.420027805819515	19.46137560359393	19.40145125899333	18.279538997733884	18.397889793500415	18.226366901085157
2025-01-29 11:15:00	19.06601918487644	19.118194278798082	19.042578200650777	17.793887243323805	17.837188544084345	17.774433035735743	18.362045188954784	18.375666083932593	18.35592565642851	19.417214739050653	19.509666284422178	19.375678537506925	18.219531961981563	18.343255676869084	18.163945945148043
2025-01-29 11:30:00	19.023039391566513	19.09426037763635	18.991041557245286	17.75049116	17.847376051370837	17.706963165326144	18.276916526114224	18.29727383193005	18.267770490167983	19.37353173737501	19.45866255181221	19.335284559874243	18.159214341855108	18.286776244459116	18.101903921844617
2025-01-29 11:45:00	18.956379135683843	19.01527090898526	18.929920512896246	17.750491159999996	17.94389067430605	17.66360152313785	18.173977484797007	18.177877394685915	18.172225351368652	19.293858493258377	19.32795495401198	19.27853979349951	18.08883779065135	18.209142254627814	18.034787959009744
2025-01-29 12:00:00	18.934875557812926	19.034104134327716	18.890294603146863	17.572483375165298	17.579171178731073	17.569478709795163	18.094999562762204	18.107342342217176	18.08945425605055	19.235921675355602	19.253397019943122	19.2280704335844	17.96853682871037	18.02236280368171	17.94435414430296
2025-01-29 12:15:00	18.743506489999994	18.647549137252003	18.786617764423006	17.508779877841864	17.53978450494732	17.494850262765496	18.010850854098592	18.02502993217078	18.004480543660364	18.682495340000003	17.971568700523008	19.001897163533148	17.905870288828442	17.9704711833226	17.87684669854845
2025-01-29 12:30:00	18.73788697912356	18.777257236682992	18.720198892393967	17.432832893215824	17.46871807610194	17.416710564672783	17.914090817792502	17.91487001385151	17.913740744200773	18.682495340000003	18.29269943060448	18.857621038424078	17.84687638118852	17.92389107671181	17.81227557595341
2025-01-29 12:45:00	18.680059629883075	18.718617046624594	18.662736732506453	17.37231603958758	17.42939532627507	17.346671722380165	17.82032916695584	17.81288123666105	17.82367533853755	18.682495339999996	18.503497684622364	18.762914576473996	17.779226775301368	17.8557109440039	17.744864322695875
2025-01-29 13:00:00	18.63446747134082	18.693425009770017	18.607979301901615	17.232916177349974	17.220508419149432	17.238490677411086	17.729492196056036	17.725381525292683	17.731339019152614	18.682495339999996	18.65022550569431	18.696993381499652	17.685732134711095	17.739839513705796	17.661423022409124
2025-01-29 13:15:00	18.553191459654208	18.58096866206025	18.54071184697903	17.15023774013864	17.143947186882	17.153063930732205	17.669663455802414	17.700269157924172	17.655913067892637	18.646059519460465	18.644357104594707	18.646824372516093	17.6696102858559	17.785885244980637	17.617370811466515
2025-01-29 13:30:00	18.489828855138096	18.513521055081746	18.47918453342428	17.092404347382885	17.120536234958536	17.07976538339962	17.582138671031327	17.60679462152722	17.571061359938966	18.611260001896397	18.62807104375239	18.603707214975586	17.617358422219038	17.742592255524528	17.56109394638613
2025-01-29 13:45:00	18.44157194208406	18.480305134291022	18.424170073121513	17.028976852470976	17.07690666927264	17.007443166661538	17.511650755134205	17.55101581891546	17.49396500184118	18.570049273636698	18.594920340355113	18.558875316125523	17.53629075173438	17.63639943891696	17.491314385029156
2025-01-29 14:00:00	18.365243512947846	18.38373770531989	18.356934527969106	16.929684701128398	16.95296605405624	16.919224962856468	17.417165064251193	17.441744455535307	17.40612214932645	18.51387783026397	18.52753582929322	18.50774162780155	17.487682245260057	17.605705634862854	17.434657244134158
2025-01-29 14:15:00	18.277089756508694	18.265892747841413	18.282120296634577	16.825864834918118	16.821321357220995	16.827906107506685	17.313814889168253	17.315025735484447	17.313270885750832	18.457570339318508	18.461684051153163	18.45572214994352	17.398653281418166	17.48581058955446	17.359495650226492
2025-01-29 14:30:00	18.228724333172654	18.24027605177629	18.223534430611604	16.74966554200769	16.755469963234262	16.74705775855808	17.2316346133174	17.238189326052172	17.22868974237859	18.432816626999887	18.46773222358976	18.417129909691397	17.33890535558412	17.43334936487354	17.296473989091766
2025-01-29 14:45:00	18.18884408433412	18.228989713167945	18.170807642394294	16.672070645134475	16.68370716073443	16.666842645372174	17.140089345844146	17.139062525613433	17.140550670875335	18.368997989228067	18.380718861941354	18.363732089893112	17.257375229540546	17.33286693075427	17.223458668125676
2025-01-29 15:00:00	18.10519742871935	18.120755486144514	18.098207576832685	16.58672381205163	16.598136933065707	16.581596177972845	17.051731451090884	17.052411752550974	17.051425808405916	18.31857047159704	18.330959012900596	18.31300460521429	17.175682090298807	17.24051531748562	17.146554118664152
2025-01-29 15:15:00	18.0643603073098	18.105159180660493	18.046030378702973	16.519313467729727	16.54739786770112	16.50669583875707	16.95498802622692	16.94252708243628	16.9605864212633	18.250700368945818	18.238979207995033	18.255966397778778	17.091608830298917	17.13976263618446	17.069974511712655
2025-01-29 15:30:00	18.028060406555777	18.09476089926563	17.998093518526716	16.50392927	16.613981586504785	16.454485475628285	16.89588676989944	16.91680640916902	16.886488091387022	18.207688616990314	18.20659727775172	18.20817892882215	17.01757010379655	17.06294036139871	16.997186364873837
2025-01-29 15:45:00	17.945207644906386	17.97717894442762	17.930843727730174	16.50392927	16.694036002314085	16.41851899896033	16.83295736670823	16.87570634009975	16.813751306198988	18.17356084024652	18.191835935100872	18.165350290384417	16.97067035151778	17.04342145984934	16.937985070963013
2025-01-29 16:00:00	17.892753387114567	17.918314059526637	17.881269606755513	16.50392927	16.731152411581437	16.401843510738775	16.771229987245484	16.818269520107762	16.750096284075475	18.163292735984523	18.215962513872295	18.13962950244074	16.938226234845597	17.03340423367259	16.895465104937816
2025-01-29 16:15:00	17.83710768999689	17.862840644687605	17.82554650745468	16.50392927	16.761195692877763	16.38834580464912	16.669490180687976	16.680771915798303	16.664421575058697	18.106600072233967	18.13691572691149	18.092979995494787	16.870806776883853	16.95514942002136	16.832913705329315
2025-01-29 16:30:00	17.776711137063376	17.79684177582114	17.76766693704177	16.50392927	16.78072196768874	16.379573130458684	16.58636456469587	16.58986984768274	16.584789727411916	18.03900901487343	18.037397969417544	18.039732817904333	16.78451728782507	16.83805520973184	16.760464018562605
2025-01-29 16:45:00	17.743684924813753	17.790745725278846	17.722541666633788	16.50392927	16.79007468556737	16.3753711847451	16.512674186342693	16.520381421466887	16.5092115154898	18.03208547455394	18.0788146801515	18.01109119377822	16.784539328946977	16.9088647965318	16.728682959452343
2025-01-29 17:00:00	17.711892980075504	17.776763442805155	17.68274827942885	16.50392927	16.7943424227614	16.373453795570967	16.507548150000005	16.60195657802085	16.46513276929499	17.983397442100472	18.014544649335917	17.969403769284547	16.730780825656822	16.84630941329499	16.678876677587503
2025-01-29 17:15:00	17.662618563284706	17.72684708904382	17.63376226910308	16.503929270000004	16.803761869656352	16.369221870154394	16.507548150000005	16.675090992088695	16.43227527891668	17.946420207058733	17.98250343713097	17.930208900794387	16.6860706958477	16.810310833974064	16.630252662776435
2025-01-29 17:30:00	17.619154853204236	17.689435730591427	17.587579386552022	16.503929270000004	16.81532195299066	16.364028209525937	16.507548150000005	16.731465167102307	16.406947751012016	17.874152399139906	17.87061802701448	17.87574030545712	16.634445741594114	16.757589446712984	16.57912030885955
2025-01-29 17:45:00	17.539998496268694	17.572200175137176	17.525531075327788	16.50392927	16.819404588553905	16.362193981954036	16.50754815	16.758517054531097	16.394794004486037	17.847596047664343	17.86770967809546	17.83855948906486	16.628313891539722	16.800980680499247	16.550738957369504
2025-01-29 18:00:00	17.441598887361774	17.443082849724142	17.44093217963376	16.503929270000008	16.845521479669856	16.350460306235288	16.50754815	16.80536540324011	16.37374619564575	17.822794110441546	17.88083616143266	17.796717246952785	16.5091410348656	16.620275123079335	16.4592112271174
2025-01-29 18:15:00	17.403029150710406	17.431903969622116	17.390056405981962	16.50392927	16.842951916419665	16.351614747695507	16.50754815	16.818856829116854	16.367684830396776	17.77322188993752	17.8191571378522	17.752584314787445	16.434447894609885	16.525627943379632	16.39348294516261
2025-01-29 18:30:00	17.3500472812535	17.383442237060684	17.33504375038361	16.503929270000008	16.840742652819735	16.352607315399833	16.507548150000005	16.833679048690907	16.36102557232728	17.68640072513764	17.676554455595483	17.690824411453683	16.37135329245148	16.458957735365665	16.331994774620476
2025-01-29 18:45:00	17.294570744175022	17.328739400415284	17.279219608762727	16.50392927	16.83975079441476	16.353052932944095	16.50754815	16.837728305256185	16.35920634111678	17.650841632867184	17.657469025434803	17.647864108670127	16.29613356659378	16.366843572210964	16.264365303200552
2025-01-29 19:00:00	17.243672086436355	17.28835108188013	17.223598914570307	16.50392927	16.838659979725595	16.353543009108797	16.50754815	16.83470039257798	16.360566707682356	17.61798237878636	17.646058919830608	17.605368280636036	16.236844357281253	16.317376913750135	16.20066306379523
2025-01-29 19:15:00	17.194407976046705	17.245130008481006	17.17161981654723	16.503929270000004	16.840138770476912	16.352878624858207	16.50754815	16.83168058635455	16.36192343221752	17.582168027310672	17.620974828687707	17.564733087561564	16.174246434351282	16.254333672773726	16.13826521129192
2025-01-29 19:30:00	17.13428474658978	17.176410473944905	17.11535869516936	16.503929270000004	16.844842022592616	16.350765569559847	16.50754815	16.831165120413498	16.36215501836495	17.521411986030916	17.53814917286816	17.513892380350413	16.12841768518025	16.226349900835643	16.084419153508986
2025-01-29 19:45:00	17.074313291618076	17.108110134780596	17.059129202661	16.50392927	16.8498641334425	16.348509258888143	16.507548150000005	16.83842777105614	16.35889208836609	17.44354359637742	17.42083984228418	17.453743833723653	16.037549397953747	16.099053044876364	16.009917324698655
2025-01-29 20:00:00	17.02250323392412	17.058841050022064	17.006177548430845	16.50392927	16.842920404704053	16.351628905132955	16.50754815	16.842295709300615	16.357154319009872	17.410176569956608	17.40883565912299	17.41077900815722	15.943168962269283	15.969844488453097	15.931184305578006
2025-01-29 20:15:00	16.96879888976161	17.008924855785825	16.950771281837692	16.50392927	16.829660878596393	16.35758608352915	16.50754815	16.83876026186151	16.35874270843903	17.384190863476825	17.411825580834808	17.37177526582324	15.93586168	16.0358164787437	15.890954451578908
2025-01-29 20:30:00	16.928237771970956	16.985429271713077	16.902543040202755	16.50392927	16.84782025460037	16.349427523295482	16.50754815	16.8605509831466	16.34895267423849	17.348044927156305	17.387068172531276	17.330512744451603	15.93586168	16.104559015037225	15.860070123678922
2025-01-29 20:45:00	16.89444241839472	16.975425798733614	16.85805858085117	16.558558646119355	16.999309815603027	16.360540004757127	16.50754815	16.856596962202335	16.350729118430834	17.28413995024666	17.297620806569938	17.27808333363765	15.935861680000002	16.148052172986155	15.840529719383035
2025-01-29 21:00:00	16.89441077004561	17.04321662150373	16.827555967216604	17.04011343857075	18.0992284879912	16.564279141005038	16.60175706740938	17.07347437762184	16.38982610195161	17.21316154398708	17.196773373751064	17.22052434510761	16.262789268766646	16.908414907580784	15.972725575966091
2025-01-29 21:15:00	17.246753249999994	17.910534286874555	16.948532784157806	17.405531588670183	18.709103447264635	16.819868869591513	17.1322228	18.26593772440649	16.622872616570998	17.29702048	17.46619625618721	17.221013971857918	16.851087560000003	18.087969534204753	16.295386962893534
2025-01-29 21:30:00	17.76518895823881	18.974228574196903	17.221997246721408	17.640613572368345	18.939669400848388	17.056979794355577	17.32587194	18.43972000702424	16.825447446119544	17.40735568	17.748079552387704	17.254276838782335	16.983268270000007	18.071088246858523	16.494537555759226
2025-01-29 21:45:00	17.936576446779494	19.073798011845707	17.42565081609757	17.86301927048771	19.14499066095719	17.287061109552152	17.54886040262708	18.72262512530462	17.02151683156906	17.690848326719014	18.377529016263104	17.382339611126746	17.087005019999996	18.044774995056027	16.65670256743859
2025-01-29 22:00:00	18.1525974	19.29757525108961	17.63818706110467	17.99755417163085	19.16653751748227	17.47235875537876	17.82717335	19.114079756780818	17.248998007823104	17.84031657	18.62266897220874	17.48882491103666	17.29447853	18.307061690522843	16.83954986367814
2025-01-29 22:15:00	18.298701299999998	19.346812757574614	17.827810645147633	18.244710530679413	19.475124813435833	17.691915707991747	17.967725140000002	19.130687223964877	17.445234928363597	17.95065177	18.68736587060833	17.619664275523796	17.50195204	18.53855565908308	17.03623157345542
2025-01-29 22:30:00	18.3262987	19.157427828909967	17.952892859475224	18.529388204574307	19.83948569778601	17.94079367863862	18.064549709999998	19.089953131829425	17.60386121613461	17.950651770000004	18.497068106406747	17.70516037248393	17.766313440000012	18.885814879525032	17.263349025140936
2025-01-29 22:45:00	18.37175325	19.073824766909375	18.056329814866814	18.772518161732552	20.10092334740993	18.175698440631123	18.451847999999995	19.765363928197953	17.861717655447286	18.3207635	19.28529393576415	17.88742373900451	17.870050199999998	18.848931363305038	17.430263010689043
2025-01-29 23:00:00	18.6461039	19.575172543713872	18.22869624847638	18.955795680000005	20.224373985529578	18.385854702153374	18.54867257	19.66524515084321	18.04702401918638	18.431098699999996	19.284857846052414	18.047525750324276	18.105967649999993	19.153062866006998	17.635533567446124
2025-01-29 23:15:00	18.87676703703647	19.904804424910992	18.414895167121838	19.047151280000005	20.144237906437766	18.554257288412018	18.645497139999996	19.67364924913989	18.18357372864729	18.344506520000003	18.868720038798692	18.108990301409282	18.10596765	18.923462346808208	17.73868742389776
2025-01-29 23:30:00	19.083855259949043	20.142659584754693	18.60816056329723	18.95579568	19.69858267538751	18.62207978352155	18.74232171	19.70407325198891	18.310230437512224	18.49394786	19.133603280278017	18.20656643929538	18.10596765	18.764414868906535	17.81014353715793
2025-01-29 23:45:00	19.323051950000007	20.43400577229162	18.823927768970442	18.905697450000005	19.464569972872717	18.654609794796315	18.67204581	19.359048430105023	18.363392458938325	18.6433892	19.362993709308267	18.320088623354263	17.91689905	18.23118876850589	17.77569642284518
2025-01-30 00:00:00	19.15801437629653	19.801816059084352	18.86877014200055	18.697937130000003	18.95550760285126	18.582217062487125	18.672045809999997	19.28324760897476	18.397447900315687	18.84309337791024	19.70735260936012	18.4548029985632	17.91689905000001	18.307026777137704	17.741624274039587
2025-01-30 00:15:00	19.0762987	19.492095697080213	18.889491353485717	18.880648329999996	19.425947311184075	18.63565893265642	18.575221239999994	18.997974120836826	18.385288786290698	19.12383613	20.188602721633213	18.645462733759	18.12437256000001	18.74998603912051	17.843299837496588
2025-01-30 00:30:00	18.948051950000014	19.138215124562812	18.86261632084861	18.880648330000007	19.342482387045898	18.67315766668952	18.672045809999997	19.232365995778597	18.420307755519755	19.037243950000008	19.713900041919004	18.733239039137846	18.360290019999994	19.181010165467892	17.991560679282536
2025-01-30 00:45:00	18.79898980462084	18.831868999627858	18.784217992371254	18.78929273	19.118809852758183	18.641248805282558	18.67204581	19.167033021209836	18.449660251340518	19.084729979999956	19.66779709146911	18.82277229223847	18.15281651	18.554363827398745	17.972411193487517
2025-01-30 01:00:00	18.712970591365604	18.82546690023337	18.662428771439522	18.58345845435296	18.69381607438459	18.533877494628626	18.67204581	19.16019296149756	18.452733321646036	18.839850661398852	18.997091268414	18.7692063307109	18.152816509999987	18.6119127176914	17.946555894950194
2025-01-30 01:15:00	18.759337538862066	18.892804458368914	18.69937414024301	18.629716781484312	18.82744610208406	18.540881869330832	18.548672570000015	18.770741749629835	18.44890235886197	18.803203651600338	18.872671770945992	18.77199333711171	17.976003296939684	18.074163450220354	17.931902358509234
2025-01-30 01:30:00	18.833803198747187	19.017790552565643	18.751142213698273	18.587618868780552	18.751692454044303	18.513904649314227	18.47665564363599	18.590554958771847	18.42548348756044	18.76035553614383	18.78095913783533	18.7510988455288	17.958112056253846	18.011387542247277	17.934176692981453
2025-01-30 01:45:00	18.832318431916836	18.96524790284857	18.772596495701123	18.50404818728805	18.59056730509462	18.465177279288042	18.503224597059642	18.675248863964626	18.425938332218266	18.708642096454692	18.67850513272959	18.72218189175149	18.10188181088681	18.30066172628322	18.012574892375312
2025-01-30 02:00:00	18.851382581342314	19.141915432571327	18.720853329340855	18.492031780534063	18.67001594494682	18.412067880580537	18.443712298443263	18.628485201361386	18.360698385538	18.700464983060254	18.763662221868447	18.672072020697158	18.089666905371885	18.368595749276867	17.964351047965238
2025-01-30 02:15:00	18.916404211693507	19.091344887554044	18.837807676161958	18.61514751727478	18.875996368158162	18.497954555283712	18.49763034138673	18.676971893691995	18.417056600495926	18.79622539267703	18.91439951222855	18.74313267229877	18.23265095181236	18.476262891153	18.123202109499914
2025-01-30 02:30:00	19.052644001409277	19.223685469184005	18.975799284003244	18.712497135053102	19.0103950835716	18.578658926298402	18.616209961598713	18.870403223910156	18.502007191574734	18.811215505342318	18.876670377249734	18.78180824405058	18.29266778351604	18.41645315344756	18.237054066590247
2025-01-30 02:45:00	18.996753250000058	18.910172422968134	19.035651882434593	18.76478209781357	19.039919935605628	18.641169446051947	18.684393079084213	18.938819876608186	18.57008538744296	18.826240101834426	18.847691964900118	18.816602308283223	18.435883945317133	18.56038851066743	18.379947111608942
2025-01-30 03:00:00	18.868506489999945	18.568311234481726	19.003376822189296	18.778823758206432	19.00549292497986	18.676986886177843	18.825282464522996	19.181631894568522	18.665183445227143	18.92177290631385	19.028987799023827	18.873603896545603	18.548800889999885	18.67547713863574	18.49188837249676
2025-01-30 03:15:00	18.88061995766536	18.519174442198555	19.04300852258524	18.857279307520734	19.066371377903284	18.763339391841612	18.940035845204147	19.295672878695463	18.780256888128292	19.05662123143546	19.228209647901327	18.979530783458074	18.548800889999942	18.450738312830403	18.592857989887705
2025-01-30 03:30:00	19.38798408524666	19.653441351289583	19.26872067586504	18.937621326719842	19.13648814129885	18.84827536654666	19.02446891877197	19.343642673009743	18.88107201469407	19.128756090234308	19.276644664780942	19.062313397322043	18.94830090991184	19.17804566562395	18.845082251548376
2025-01-30 03:45:00	19.499374799180732	19.666388633823722	19.424339598109327	18.99227287096536	19.15331925426377	18.919918698758863	19.066876096752566	19.30660454206738	18.959172012625686	19.194537846546854	19.314709833917103	19.140547533380527	19.220918998006717	19.518682940225517	19.087140994980814
2025-01-30 04:00:00	19.660284458434546	19.950313337723255	19.52998162860922	19.08433228035144	19.322213309547347	18.97745819477069	19.158823378080907	19.45662590676142	19.02502803910852	19.36183440000055	19.65209676698089	19.23142666990799	19.426018149898255	19.822382751252622	19.247941300014418
2025-01-30 04:15:00	19.988768153986356	20.3441356957887	19.82911027288685	19.280546797142932	19.581555933160764	19.145310808497243	19.32724840457824	19.6403435133539	19.18658248614281	19.476845512710913	19.723440552571063	19.36605643683174	19.41662019	19.40465034806076	19.421997945074168
2025-01-30 04:30:00	20.271103900000057	20.629086597070163	20.11027109407007	19.50588290241228	19.89505658385131	19.33103675567878	19.52179662487951	19.881413801744348	19.360229487447498	19.580957557679703	19.7793284139649	19.49183441934872	19.520356939999942	19.375879095318542	19.58526727601611
2025-01-30 04:45:00	20.34415584	20.43169351548077	20.304827319131817	19.684184680000016	20.083523171905544	19.504771734361256	19.59241242954627	19.844239910728902	19.479272546696095	19.67539119120388	19.82245125157201	19.609320729299384	19.624093700000028	19.39301705394259	19.727910743880926
2025-01-30 05:00:00	20.344155840000028	19.71758605721272	20.62565820617985	19.68418468	19.649322318146694	19.699847480252927	19.80062467	19.900975799848624	19.75553937977817	20.04271387425901	20.278897440431116	19.93660241699328	19.49191299	18.574488236947843	19.90408932832773
2025-01-30 05:15:00	20.34415583999997	19.863910734232157	20.55991813389565	19.684184679999987	19.68001903695365	19.68605620078891	19.800624669999987	19.89321997507762	19.7590238807622	20.06801367989295	20.261977230407624	19.980870635458842	19.491912990000028	18.844338016778202	19.782852470722844
2025-01-30 05:30:00	20.14285714000003	19.488277426697636	20.436943677860512	19.617878189999985	19.56584058314189	19.641257404675358	19.730348779999986	19.70636559921825	19.74112383223526	20.160238232449935	20.40261468522396	20.05134446381237	19.284439490000057	18.54389956802074	19.61714583175882
2025-01-30 05:45:00	20.142857139999972	19.632853728289053	20.371989107580276	19.684184680000016	19.791670485326097	19.635893955868	19.73034878	19.721277619318464	19.734424229001846	20.18668528999997	20.38366038355155	20.098189233476802	19.284439489999972	18.729988644660637	19.53354059442779
2025-01-30 06:00:00	20.11525974	19.69120130885464	20.30577874529726	19.684184679999973	19.787462418730804	19.637784536512214	19.730348780000014	19.74827801118291	19.722293618164244	19.9660149	19.777142123585556	20.050870785055793	19.18070273	18.638875755607472	19.424132240234314
2025-01-30 06:15:00	20.24350649000003	20.043982549311004	20.333147680744418	19.78452587574298	19.989298542947836	19.69252656149152	19.730348779999986	19.747003116148644	19.72286639709263	19.9660149	19.842611020423252	20.02145722270845	19.38817623999997	19.196956190905407	19.47408669683955
2025-01-30 06:30:00	20.24350649	20.03009029992038	20.339389126122768	19.73818303411857	19.837787880338627	19.69343303074436	19.73034877999997	19.762251501005117	19.716015673461456	19.85567969999997	19.61889832830439	19.96205973655887	19.491912990000028	19.416991365509833	19.5255734299883
2025-01-30 06:45:00	20.24350649000003	20.046731911918958	20.331912459862565	19.771601194420505	19.882055167418603	19.721976945682258	19.80062467	19.93329047028297	19.74102119451058	19.85567969999997	19.675806281689994	19.93649239518271	19.41662019	19.21886905541828	19.505464902638153
2025-01-30 07:00:00	20.2711039	20.144767104734356	20.327863909467226	19.634086439999987	19.53218110128863	19.679869997971764	19.98067061803327	20.329567282619504	19.823919942639463	19.91852886	19.87585098526529	19.937702977634444	19.28443949	18.94024323194649	19.439078388545795
2025-01-30 07:15:00	20.27110390000003	20.072238900672957	20.360449044625284	19.725442039999987	19.75787552526953	19.71087047415429	20.066099715181274	20.412650454816443	19.910403006069828	19.94227188	19.906886734936876	19.95816955386897	19.35973229	19.128875504010537	19.463450556169164
2025-01-30 07:30:00	20.170454550000027	19.80914341158034	20.332782742623408	19.799994986318314	19.91505010271745	19.74830355721147	20.08893772737265	20.36236249546381	19.96609471562158	20.08587330377824	20.238873008800937	20.01713430586946	19.07696598000003	18.46932103311638	19.349965883672382
2025-01-30 07:45:00	20.2711039	20.057804310203185	20.366934150488476	19.72544204	19.677264546782727	19.747087000720782	20.18498115053969	20.48730891069923	20.04915273655493	20.120034435539996	20.233067526817358	20.0692514525023	19.57724483999997	19.67291621211713	19.534262049628524
2025-01-30 08:00:00	20.4724026	20.41615584607785	20.497672880747643	19.492632609999973	19.089303149223216	19.67383859962429	20.26717616868639	20.540535491124103	20.14436256005493	20.175654621822762	20.24846037432627	20.142944790987855	19.577244839999942	19.497214880243295	19.613200329165977
2025-01-30 08:15:00	20.4724026	20.37837184905348	20.514648299700582	19.492632609999987	19.207367984514118	19.62079497797187	20.315584118094442	20.58436235643669	20.194828677679794	20.21309324910699	20.285932440386585	20.18036839505382	19.473508089999942	19.262896224672907	19.56813081210342
2025-01-30 08:30:00	20.472402599999942	20.338937702218946	20.532365090307337	19.60903732999997	19.58725275899934	19.618824601029203	20.241020300000013	20.351651738962985	20.19131632017607	20.28138882307447	20.392792011192075	20.231338115369454	19.577244839999942	19.50313035058116	19.610542654086657
2025-01-30 08:45:00	20.399350650000013	20.143582579519798	20.514260942534605	19.60903733	19.602431748855047	19.612005054862237	20.144195730000014	20.097151997180326	20.165331320107413	20.25791434	20.276164528325793	20.24971498002752	19.312883439999986	18.8790522222202	19.507793117553206
2025-01-30 09:00:00	20.3262987	19.879845548610103	20.526879101349095	19.517681730000014	19.358609784747074	19.589148835838287	20.09109839	19.948037050846228	20.155372324982125	20.14757914	19.927650237086105	20.24638777754103	19.31288344	18.87244110333209	19.51076333038702
2025-01-30 09:15:00	20.55519481	20.54015332835827	20.561952577114397	19.426326129999985	19.24064465516601	19.50974824188191	19.950546589999984	19.710330845995525	20.05846960542229	20.234171319999987	20.227876192629164	20.236999565630356	19.445064139999985	19.305513238808324	19.507760921694768
2025-01-30 09:30:00	20.55519481	20.497602257794583	20.581069724758947	19.56321449572314	19.689551219517668	19.506454518366183	19.95054659	19.819330826556058	20.00949859966323	20.234171319999987	20.221962419608154	20.239656478147026	19.41662019	19.27256901744147	19.48133883274366
2025-01-30 09:45:00	20.527597399999987	20.46309779738381	20.556575482334793	19.544855085746743	19.638120468184862	19.50295324726006	19.853722019999992	19.668947365928357	19.93673671965537	20.21042831	20.168453606093227	20.22928651030594	19.41662019	19.293539609282092	19.471917262496447
2025-01-30 10:00:00	20.527597399999987	20.413776275092612	20.578734427132275	19.517681730000007	19.5366166121918	19.509174753942837	19.75689745	19.503656360329995	19.870672432315516	20.100093109999992	19.882454379474318	20.197872829511525	19.548800889999985	19.555689879219294	19.545705836872486
2025-01-30 10:15:00	20.655844159999987	20.7720951059848	20.603615474122748	19.401277009999994	19.317680852481754	19.438834703957475	19.56324831	19.193525274293098	19.72935576082483	20.215075275094797	20.27175127982344	20.18961214253555	19.47350809	19.422086864098503	19.49661037989776
2025-01-30 10:30:00	20.482142859999986	20.362415056628354	20.53593361223942	19.411418381232785	19.432507325520998	19.40194363814677	19.492972410000007	19.21453820503257	19.618066038318716	20.03724395	19.832882495380634	20.129058516568136	19.561419326220832	19.662043391711464	19.516211412739523
2025-01-30 10:45:00	20.555194809999993	20.589418560937457	20.539818921897655	19.379336426277014	19.399651432040905	19.370209394701924	19.325871940000003	18.970082795070162	19.485719236997475	20.03724395	19.950067297259707	20.076410272245642	19.52035694	19.548548140360097	19.507691328244015
2025-01-30 11:00:00	20.58016656006661	20.59357517559074	20.574142399468805	19.357773665763112	19.371492681832464	19.351610049847892	19.255596040000004	18.952365412316077	19.391830090118866	19.97439479	19.842419090219348	20.03368822033624	19.520356940000006	19.53178887403507	19.515220853694395
2025-01-30 11:15:00	20.555879318638574	20.588141487309656	20.541384721119684	19.32145687607122	19.360205093605412	19.304048256599344	19.4062185689977	19.49269458096413	19.36736702738959	20.075133257164417	20.186479580285262	20.02510809750144	19.532249237684514	19.63182387543655	19.487512806230704
2025-01-30 11:30:00	20.532955357455982	20.579891498305624	20.511868105769913	19.33734712121309	19.456450413589213	19.283836946377427	19.354494631398683	19.429217446503603	19.320923511568935	20.027879396890885	20.09750929966475	19.996596397093928	19.49492090346095	19.582361503178465	19.455635996341485
2025-01-30 11:45:00	20.468433751650533	20.476259939440478	20.464917638295624	19.254672474852143	19.321740429132785	19.22454049539273	19.327576710799214	19.419580050309182	19.286241877106328	20.182550725205537	20.467461291813315	20.05454742716436	19.558851285185668	19.75002903865785	19.47295983072716
2025-01-30 12:00:00	20.46194335512387	20.50372198285232	20.443173247013995	19.17827441854271	19.208554713011498	19.164670228274126	19.35471734248761	19.525634024895542	19.277928688072443	20.112475233489583	20.295187754454044	20.030386999433084	19.58039114179512	19.804034585976183	19.479913652380443
2025-01-30 12:15:00	20.427135584811644	20.475463759171458	20.40542292676593	19.1879324180758	19.29787710876212	19.13853697733267	19.256444822106527	19.350062933470145	19.21438451120403	20.003081515395415	20.062518655494966	19.976377872742	19.591604356087444	19.841257130842603	19.47944151525542
2025-01-30 12:30:00	20.380278429784674	20.419022938995006	20.362871476371332	19.138503661494543	19.242574333991417	19.091747272401747	19.230805951110625	19.34765221529077	19.178309803435482	20.00106282463661	20.092958416693104	19.959776399219926	19.566782221151445	19.795368047045105	19.464084241402123
2025-01-30 12:45:00	20.37971476566926	20.466339018622953	20.340796623037885	19.115120375947125	19.24326390835846	19.057548643994206	19.179306234734064	19.28372088557649	19.13239530464544	19.957416569470567	20.024005593509877	19.92749976156885	19.60170118365925	19.882346707764945	19.475614064133506
2025-01-30 13:00:00	20.36777395839596	20.47084184972827	20.321468094174197	19.03186703320524	19.105369299859333	18.998844275722973	19.107216766300162	19.176315616018535	19.076172355557123	20.000061256004585	20.14801697807065	19.9335883953662	19.582490391428355	19.84076566199961	19.466453675664457
2025-01-30 13:15:00	20.348644489159973	20.473511879752568	20.292544647009674	19.073966131898313	19.26114229875077	18.989872491718227	19.071575310024194	19.161689467721786	19.03108923917455	20.037659300129278	20.253640379934264	19.940624322245878	19.494932959113033	19.673282816955886	19.41480476211117
2025-01-30 13:30:00	20.31984618204767	20.446477525507916	20.262953839333644	19.085263338228426	19.328928709788578	18.975790490136177	19.019969663293644	19.107419656597806	18.98068053586714	20.011304087919083	20.204041762856235	19.9247117991792	19.551579469278416	19.825555896063065	19.42848861086792
2025-01-30 13:45:00	20.43078746481658	20.724173388707168	20.298976397561386	19.113457759999996	19.44011711838647	18.966697758406067	19.0063915945505	19.135384497014307	18.948438261559517	19.988062984520845	20.164191177437196	19.90893292683379	19.688166376668203	20.13055515327446	19.48941199877264
2025-01-30 14:00:00	20.404671829645974	20.670963146018032	20.285033702000558	19.11345776	19.440625188210085	18.966469495151983	18.923537757936632	19.007452580767474	18.885836895505392	19.971889389632867	20.142777834722708	19.89511342154903	19.688807690928094	20.115885711464706	19.496932058513096
2025-01-30 14:15:00	20.467391009249063	20.81940778969016	20.30923854267408	19.204813359999996	19.651889038077137	19.00395327274795	18.926012202537386	19.074157987843098	18.859453951168156	20.05015743447178	20.33161738891137	19.923704411462687	19.495994433492957	19.694751117127076	19.40669795243995
2025-01-30 14:30:00	20.424321860502822	20.719762178380588	20.291587804644696	19.296168959999996	19.83470402451959	19.054218423766557	19.00624675	19.315577171371192	18.867272212862215	20.08250750111876	20.397774272070823	19.940865908372185	19.474675667518298	19.680101420222567	19.38238293804246
2025-01-30 14:45:00	20.512194078754273	20.915342347090487	20.3310694944293	19.412573670000004	20.022728904443934	19.13844595597447	19.103071319999998	19.544060142475043	18.904945907003963	20.11404641152129	20.458012791579737	19.959510791495028	19.54201182340511	19.852228227728087	19.40263923595566
2025-01-30 15:00:00	20.530576894001427	20.947606730732304	20.343215663006404	19.29616896	19.670496162932302	19.127992970276793	19.10307132	19.506261161707727	18.92192805778349	20.04839860949979	20.300476382279047	19.935146276801866	19.48390369905832	19.7475444273571	19.365456415329888
2025-01-30 15:15:00	20.473392323088774	20.80216871180021	20.325681191928567	19.387524560000003	19.867982755844128	19.171666529983074	19.17334721	19.62706573038197	18.969502657364618	20.025646228191928	20.248660522262966	19.925451400420886	19.37751568846188	19.541572264530974	19.303809110807656
2025-01-30 15:30:00	20.564310814052448	20.999342783558774	20.368861668332215	19.38752456	19.82228787219273	19.19219611539167	19.17334721	19.601356390799655	18.981053230220443	20.015099284342902	20.229871532713307	19.918607404640255	19.363462212400865	19.54836185136416	19.280391360113015
2025-01-30 15:45:00	20.476647919361245	20.784977558680232	20.338123008942567	19.41257367	19.83406761015969	19.22320682731957	19.118201160309127	19.439913267530322	18.97366383677497	20.02989096215895	20.267770244680325	19.923017661316017	19.324597438257122	19.498861511473443	19.246304883623708
2025-01-30 16:00:00	20.44455421143808	20.715340473533825	20.32289661542405	19.412573670000004	19.82101736926337	19.22906997902661	19.19989589	19.663219046393227	18.991736211040728	19.95016712192429	20.089721726382624	19.887468676443014	19.343621323249465	19.575170591997416	19.239591941638075
2025-01-30 16:15:00	20.359128130299887	20.534646456310984	20.280272070787646	19.412573670000004	19.806046094351075	19.235796203987206	19.199895890000004	19.612962715752744	19.014315142198054	20.02798531877425	20.281534193233707	19.914072056335947	19.30679213800688	19.518604476562643	19.211630072858647
2025-01-30 16:30:00	20.379304566848717	20.60536200720839	20.277742528426252	19.49386879507158	19.95224986031335	19.287929475904985	19.199895890000004	19.60265116334698	19.018947868641217	20.063012803643115	20.3568210874842	19.93101198046814	19.320553514398554	19.574793641318763	19.206329689260492
2025-01-30 16:45:00	20.446675082900146	20.76959635540303	20.30159451119595	19.34626719	19.62792319613034	19.219726085796516	19.173347209999992	19.532009429199135	19.012209111519223	20.050286056533107	20.316587780727858	19.930643252909384	19.336676036406153	19.626400622726614	19.206509917914353
2025-01-30 17:00:00	20.45761720446504	20.79448020885969	20.306272956113823	19.34626719	19.650014928682317	19.209800814649974	19.17334721	19.547930401758755	19.00505621080404	19.96819690309636	20.130774357862524	19.895154858201415	19.323578194807652	19.612372903125866	19.19382984759222
2025-01-30 17:15:00	20.32708860421123	20.506650819405706	20.246415724920958	19.34626719	19.687925646277552	19.192768463266603	19.17334721	19.52435037227029	19.015650137095957	19.95330495539843	20.113846105313282	19.881177772103356	19.34300633286047	19.667764875317985	19.197100321031726
2025-01-30 17:30:00	20.358937219183016	20.60301702633354	20.249278175390756	19.32121807	19.631806264030697	19.18167844659491	19.27017179	19.74449717313903	19.057069081633184	19.914403780283504	20.040911224041565	19.85756710265308	19.262933294638966	19.50405927577393	19.154601332100086
2025-01-30 17:45:00	20.426045433419617	20.76599395738912	20.27331493714346	19.325160805076475	19.650986906527528	19.178775165294113	19.27017179	19.678617304611553	19.086667283435393	19.884323230855383	19.99713566370378	19.833639384213345	19.250481231837615	19.500233533697845	19.13827367592939
2025-01-30 18:00:00	20.297586636946427	20.48803424206072	20.21202322015594	19.321218069999993	19.676715276193562	19.161501933884047	19.17334721	19.431916842627125	19.0571782446168	19.935260417343095	20.14219097043528	19.842291618127764	19.209545437113103	19.440072661842205	19.105975234698576
2025-01-30 18:15:00	20.26660141180999	20.44267531290442	20.187495746100893	19.321218069999997	19.679187266518223	19.160391329535287	19.17334721	19.481290419005422	19.03499591320046	19.865805837901796	19.99613724517105	19.807251147679374	19.351663802211952	19.764732543236775	19.166082193925433
2025-01-30 18:30:00	20.282402740359288	20.50349917942826	20.183069557589157	19.437622789999995	19.97753949142155	19.19505151834683	19.07652264	19.251184043878705	18.998051574489274	19.903713773405897	20.104067633896904	19.813699720141823	19.235630746443462	19.505524585902496	19.11437409393288
2025-01-30 18:45:00	20.232166144522473	20.410619112312766	20.15199162276162	19.43762279	19.91150614136027	19.224718675620743	19.07652264	19.293819577876615	18.97889647950471	19.836556348624484	19.963492622943825	19.779527007988264	19.254920558643267	19.56030331034666	19.117719612225798
2025-01-30 19:00:00	20.175998250441598	20.323666947015955	20.109654343285	19.437622790000002	19.875159876846176	19.241048156779257	19.07652264	19.364343474700178	18.94721183020716	19.956274723145338	20.262545979969037	19.818674593268025	19.22703249895738	19.520431536278956	19.09521554016073
2025-01-30 19:15:00	20.13016858606872	20.259634079786878	20.072002929470713	19.437622790000002	19.83834475429593	19.257588284301825	19.07652264	19.37085891509444	18.944284603363368	19.928219543364964	20.190433350393885	19.81041334020704	19.275561435462937	19.636671037839314	19.113323788018484
2025-01-30 19:30:00	20.10087042200205	20.23384582856071	20.041127848040915	19.43762279	19.82543480381745	19.26338840698056	19.07652264	19.387420974150935	18.936843678280017	19.76559037270827	19.828228301449997	19.73744869457793	19.16539816514141	19.40384367471694	19.058270472433563
2025-01-30 19:45:00	20.062605527765946	20.187465857932914	20.006508857690932	19.437622789999995	19.80713259476603	19.271611138583363	19.173347210000003	19.61898205173733	18.973134455016567	19.829111182924308	20.007369932615536	19.749023918570273	19.174591245071788	19.447982201978682	19.051763423852748
2025-01-30 20:00:00	20.025240090819207	20.15314234175316	19.96777676068946	19.43762279	19.82742934184912	19.26249231018372	19.17334721	19.593301955221662	18.984671889683018	19.77073745813818	19.90084278645085	19.712284339620886	19.180824190711036	19.489470988895206	19.04215678862829
2025-01-30 20:15:00	20.08198144708618	20.31907872414259	19.97545948203185	19.43762279	19.829988335759673	19.261342617267385	19.076522640000004	19.342148939912565	18.957183287865377	19.810679512375227	20.019232488970125	19.71698179825288	19.148702501351668	19.438237207949882	19.018621691140876
2025-01-30 20:30:00	19.972138857593695	20.09988201619392	19.91474700372983	19.437622790000002	19.811595257521255	19.26960617415711	19.006246749999995	19.210151921927984	18.914637180003364	19.713327023524574	19.816394599205445	19.667021301117224	19.114033479583316	19.385181595967797	18.992213311352607
2025-01-30 20:45:00	19.933662537460794	20.057508083424295	19.87802178492646	19.43762279	19.814091054112875	19.268484874239142	19.006246750000003	19.258698112093388	18.892826572827612	19.701789806722473	19.825615891872825	19.646157797452027	19.075680520765726	19.32791978085164	18.962355635799597
2025-01-30 21:00:00	19.870923645290485	19.982786825254667	19.82066627458194	19.43762279	19.83270824099453	19.26012063085753	18.880881645049897	19.017215476553382	18.81963021350486	19.693245406380594	19.849957513224844	19.622838517798392	19.05413933155106	19.332862322192465	18.928915958944053
2025-01-30 21:15:00	19.81415115921483	19.90793268075812	19.772017432144658	19.251923510743644	19.396034930685584	19.187177800334943	18.85632483	19.045749763394404	18.771220874417004	19.67131750724073	19.82514787465492	19.60220531318508	19.018986696731645	19.285290306273776	18.899343046067784
2025-01-30 21:30:00	19.773686590938294	19.870950500898335	19.729988312550454	19.23208603555541	19.422348429506755	19.146605829577275	18.85632483	19.097654429043573	18.747901386951433	19.6257783131876	19.74691526848042	19.57135446370821	18.9060333290803	19.07521129496645	18.830025837160434
2025-01-30 21:45:00	19.777891005214986	19.931827816225248	19.708730988674155	19.20481336	19.447978687177244	19.095565169529067	18.758920204140207	18.895856900276435	18.697397920368857	19.58256676791936	19.6796875981602	19.538932771724195	18.835488519534024	18.97445166943726	18.773055800012273
2025-01-30 22:00:00	19.659140194118347	19.725071558905043	19.629518856315634	19.08840864	19.216169641875624	19.031008769592113	18.71861080381994	18.885502267954294	18.64363058080305	19.56844735187996	19.690634302297436	19.513551765460512	18.82528793848989	19.018890736875708	18.738306971099156
2025-01-30 22:15:00	19.628325294586883	19.718690897066026	19.587726255791914	18.99705305	19.078607214134703	18.96041277335977	18.62412105739054	18.741718177672325	18.571287568568287	19.535292284888857	19.647269773844663	19.484983557966686	18.81188594960433	19.037517692877927	18.71051516639445
2025-01-30 22:30:00	19.63051180872982	19.77891470568936	19.563838043429165	18.931224433348557	19.019240611431396	18.891680933050466	18.55478116733956	18.662582947274736	18.506348483600565	19.49377242190481	19.5892440391698	19.45087937646692	18.814478126957624	19.083589913737605	18.69357283144778
2025-01-30 22:45:00	19.5414901706998	19.62803447037629	19.502607949106014	18.849856711723795	18.925051541553405	18.816073527307594	18.471246030337614	18.55340337307914	18.43433476041026	19.427670114026217	19.478667212256124	19.404758374241762	18.655182028787912	18.77928436606075	18.599425906245045
2025-01-30 23:00:00	19.48180559000442	19.551600497858455	19.450448457490296	18.77283323602093	18.84383535208299	18.740933734601743	18.410785574182885	18.50020625033469	18.37061106750599	19.394566925681982	19.451061667308007	19.36918523016884	18.583903145237766	18.689156562809206	18.536615377923056
2025-01-30 23:15:00	19.421777599252206	19.480582640837937	19.395357942887607	18.696503829771668	18.765022622577273	18.665720024308285	18.39547010171616	18.54426600198922	18.32861976970942	19.38275839753514	19.471354577632436	19.342954316621864	18.620722056385596	18.833536041843345	18.52510997596255
2025-01-30 23:30:00	19.373878981097057	19.438339241077	19.344918574439404	18.610009206066753	18.663463904636185	18.58599332699933	18.291866007936754	18.383434947503577	18.250726339435715	19.30815922659182	19.345184163857613	19.291524834486896	18.5304052731003	18.687571737647723	18.459794252796378
2025-01-30 23:45:00	19.312267098906894	19.364420477595782	19.288835870800284	18.541748883954753	18.60445161699614	18.5135780908492	18.2110343199573	18.282320144778474	18.179007355182563	19.24666487432915	19.257167919870245	19.24194611473822	18.492023023830235	18.66180288988301	18.415745112994937
2025-01-31 00:00:00	19.269784779741748	19.329286047874945	19.24305232594277	18.463203616973225	18.514388561706582	18.440207482382874	18.15596212368824	18.23526565991415	18.120332998717174	19.201181919293465	19.20553431763873	19.199226493949944	18.36792484268186	18.445417865045357	18.333109136982326
2025-01-31 00:15:00	18.74350649000001	18.15818453494491	19.00647722343055	18.37372544616817	18.403870046251015	18.36018222004399	18.093042272163864	18.173243795042403	18.057009703914083	18.682495340000003	17.997523957138544	18.990236106213118	17.935861679999995	17.564584155402784	18.102667524384255
2025-01-31 00:30:00	18.743506490000005	18.443433913411127	18.878321705568915	18.309230481996153	18.352354602526123	18.289855877120367	18.009258422633987	18.064983991988964	17.984222297271604	18.68249534	18.307042571748383	18.851177018489857	17.93586168	17.786857236061664	18.002805705537515
2025-01-31 00:45:00	18.743506490000005	18.627958905503704	18.79541917288964	18.24320631507263	18.293905577769294	18.220428385455293	17.95217261439833	18.0191018102249	17.92210297569363	18.682495339999992	18.5059613171823	18.761807727063015	17.93586168	17.93445158265586	17.936495201995193
2025-01-31 01:00:00	18.743506490000005	18.748095421513597	18.741444796131578	18.172479728478148	18.21938902441464	18.151404537550157	17.88991808166247	17.954886040228402	17.860729578538642	18.682495339999996	18.632701178641664	18.704866629885622	17.906182794467597	17.965993338829612	17.87931139047887
2025-01-31 01:15:00	18.72457624974299	18.78587945063778	18.697034231949683	18.09363038359279	18.129525772137157	18.077503469898943	17.835312914449585	17.90963631451975	17.80192124195429	18.682495339999996	18.713840002406563	18.66841295544052	17.838254348093184	17.886807413810033	17.81644065190156
2025-01-31 01:30:00	18.682468657814077	18.74576175983409	18.65403262647175	18.02901554041569	18.07100677559709	18.010149913015347	17.763048669164483	17.823755977523014	17.735774371206297	18.6562668424143	18.70092280054503	18.63620402064542	17.82928982266903	17.934759149507723	17.78190505264005
2025-01-31 01:45:00	18.64792224704634	18.721963533047877	18.614657321451446	17.9761204348672	18.03673253869281	17.948888909960047	17.716399388723072	17.79596973310437	17.68065039342133	18.637520541383083	18.701276505062378	18.608876557701084	17.780339303832054	17.886584761688923	17.732605837258674
2025-01-31 02:00:00	18.575642252526457	18.623293012883558	18.554233939902257	17.890639858353698	17.93849261942573	17.869140791785107	17.64224758447633	17.71580563539993	17.609199764496168	18.573864325735254	18.607241177657897	18.558868928494647	17.720345316880366	17.82650926587583	17.67264847023022
2025-01-31 02:15:00	18.518585008949792	18.558556655364164	18.5006267330245	17.7962645989928	17.816960456880686	17.78696645994172	17.55713679572011	17.606474487241655	17.534970586485798	18.517005764795876	18.529354044473664	18.51145798696962	17.630171371045854	17.696559346431798	17.600344889350716
2025-01-31 02:30:00	18.476014587595785	18.526604442791886	18.4532858120729	17.740765924947368	17.785276693315097	17.720768333361868	17.50686229293627	17.577393751027692	17.47517424654737	18.515757210514064	18.579057321072323	18.487318030408183	17.59090384888272	17.68144988877681	17.550223744002764
2025-01-31 02:45:00	18.43422943672557	18.494876841011653	18.40698205219124	17.668568269465858	17.712026026453323	17.64904376994975	17.425290054416877	17.47523752044571	17.402849888519864	18.469002421167897	18.51780996372403	18.447074394802097	17.535068771463106	17.626487359206372	17.493996652332072
2025-01-31 03:00:00	18.36976371149562	18.419851459007774	18.347260520584364	17.579519509389808	17.60912452992386	17.566218703062912	17.347902354455783	17.392741445021414	17.327757255795863	18.426755406199007	18.475243702055923	18.404970809509663	17.461198431160863	17.542426113042698	17.424704834953083
2025-01-31 03:15:00	18.30558143929254	18.33856496473292	18.290762753949757	17.491520385329938	17.50388301190386	17.485966161796725	17.26536492334017	17.293813452236684	17.25258370021275	18.354764538516157	18.360903818572915	18.352006311244274	17.391786222883777	17.459834341179686	17.36121387988127
2025-01-31 03:30:00	18.237183510714846	18.250901440063664	18.231020383036395	17.43197636093983	17.463812739298277	17.41767306051792	17.20824964942172	17.253048662566464	17.188122556559588	18.32310771342721	18.3435844352938	18.31390802679149	17.308287694607813	17.34949907926177	17.289772434835747
2025-01-31 03:45:00	18.211156932435735	18.25930796405031	18.189523860261076	17.443539424303832	17.575261810902923	17.384359801339027	17.14260589217058	17.189841299856965	17.121384187268003	18.302695901682533	18.347883830194476	18.282394078727894	17.27700019669829	17.35425223693536	17.24229275833092
2025-01-31 04:00:00	18.14618649066577	18.182140280713245	18.130033338615455	17.305267699914253	17.34638270390127	17.286795741601246	17.06773230593056	17.112602852395035	17.047573074910296	18.25940063803284	18.3016110839891	18.240436524632205	17.214847604642376	17.293917036039396	17.179323657203142
2025-01-31 04:15:00	18.100653873855066	18.14552595803204	18.08049395197846	17.22061680440735	17.2473487917681	17.208606781100347	16.998439665740776	17.043658608111006	16.978123909023726	18.203300116917198	18.224443682716657	18.19380083373194	17.173211266734175	17.27178036674378	17.128926598613923
2025-01-31 04:30:00	18.06194086896693	18.121727987391868	18.03507998967457	17.13273906422781	17.143345469312436	17.127973867740515	16.913994137601172	16.94091471560361	16.9018993851653	18.14517896116609	18.146262194955135	18.14469229091304	17.086008620748053	17.148941521527902	17.057734418948414
2025-01-31 04:45:00	18.012562711547393	18.071722069874347	17.9859838694005	17.070364014306616	17.0975223458818	17.058162445048204	16.841487941164825	16.867317745250325	16.829883246575683	18.136809665373438	18.182753856143634	18.11616807241871	17.0283723704831	17.09521066617509	16.99834357096931
2025-01-31 05:00:00	17.956961912893053	18.002783958345063	17.936375196820414	17.017928242110703	17.0658158607283	16.996413514905704	16.800031649034146	16.85684072859777	16.774508729230202	18.10041885842138	18.144758005170537	18.08049837220075	16.99132423020376	17.078527954079064	16.95214574556413
2025-01-31 05:15:00	17.92026307822948	17.98287704743762	17.892132164527276	16.94638379078776	16.9914945199105	16.92611665161668	16.74196245921096	16.807305207964546	16.712605572089785	18.079243474007434	18.144547293396407	18.04990407689065	16.948000431044736	17.05010148734493	16.902128941982333
2025-01-31 05:30:00	17.86214203805658	17.912346669306373	17.839586334161737	16.87578171955882	16.919135553148443	16.856303910264934	16.649671853351386	16.680946785662503	16.63562079680581	17.99466018028399	17.998706461875905	17.99284228565574	16.86751374343848	16.939772364784346	16.835049725152658
2025-01-31 05:45:00	17.80935197721081	17.855465196766417	17.788634443787277	16.817065684676646	16.872545628088616	16.7921399129988	16.58637402598331	16.623608881990027	16.569645322560014	17.94870071738253	17.95025957250094	17.948000362184402	16.786843861374837	16.834117400389573	16.765605025005904
2025-01-31 06:00:00	17.81901412779156	17.95273465220263	17.758936790737312	16.718038577987993	16.75068831685688	16.703369854728052	16.51423250571813	16.561459533903445	16.493014565518934	17.914807351613614	17.941015472558213	17.903032688580534	16.73518847574512	16.812309908943032	16.700539715902586
2025-01-31 06:15:00	17.782561149257134	17.918586725438445	17.721448209233646	16.6461356174022	16.680882917288386	16.630524511656233	16.50754815	16.635935488858408	16.449866881817243	17.87746783869113	17.910193896600276	17.86276482716673	16.681193852077286	16.765008064207343	16.643538191555095
2025-01-31 06:30:00	17.665700208662827	17.707566767212676	17.6468905954013	16.57342926155949	16.608333530595946	16.557747633441657	16.50754815	16.706718558959192	16.418065792351676	17.814483069099786	17.820743200549554	17.81167054627453	16.636231102128804	16.735148959081567	16.591789746106556
2025-01-31 06:45:00	17.597820238930677	17.620686385156496	17.58754704280024	16.50392927	16.54581372667377	16.48511161555237	16.50754815	16.750756069505258	16.398280823845468	17.73487150336902	17.69879940218255	17.751077809699176	16.546679977013426	16.607367019034136	16.51941478422151
2025-01-31 07:00:00	17.564671736860934	17.61480729162201	17.542147067330596	16.50392927	16.635109904724352	16.444993042805002	16.50754815	16.77263159556262	16.38845268895013	17.74458875323571	17.784485225118573	17.726664251375297	16.498684048701044	16.57563675377134	16.464111094249176
2025-01-31 07:15:00	17.51993296256191	17.57725036084976	17.494181667678966	16.50392927	16.69563583326348	16.417800234330905	16.50754815	16.78547150051285	16.38268403600148	17.703193964700414	17.741474281328564	17.685995561577627	16.459523568166308	16.55779566219882	16.41537233751402
2025-01-31 07:30:00	17.46348385526024	17.512481416397844	17.441470458227407	16.50392927	16.740389700491278	16.397693424416957	16.50754815	16.79966445583	16.37630749085899	17.65453273643554	17.681945980447374	17.64221664129979	16.40939580674895	16.512030373091534	16.363284624768944
2025-01-31 07:45:00	17.409398828467133	17.45386283207059	17.389422247138043	16.503929270000004	16.772616072975936	16.383214909242703	16.50754815	16.81034402770945	16.371509422333435	17.644334483322318	17.709352339673465	17.615123562352963	16.3271032592633	16.396959369436587	16.295718630055013
2025-01-31 08:00:00	17.43622935745418	17.55735673443847	17.38180981127283	16.50392927	16.77455655306781	16.38234309934635	16.50754815	16.792836737593205	16.379375016443632	17.584044528989033	17.6074206802584	17.573542200157867	16.275991630814815	16.336483362855667	16.24881418598487
2025-01-31 08:15:00	17.421973104923566	17.569179545334222	17.355836878072402	16.50392927	16.781683605203998	16.379141090415594	16.507548150000005	16.800696697218637	16.375843730235104	17.57921227036633	17.645458017628982	17.549449688262825	16.256536731935345	16.358094676999745	16.210909249370175
2025-01-31 08:30:00	17.33302513126072	17.411926139033717	17.29757685240618	16.50392927	16.786174440577355	16.37712346872612	16.507548150000005	16.808057030421338	16.372536913868675	17.544962052875018	17.608701735791556	17.516325383738604	16.207779244428764	16.309476678117818	16.162089093061212
2025-01-31 08:45:00	17.282774065213125	17.35237448729262	17.25150431036581	16.50392927	16.797829629153334	16.371887079655746	16.507548150000005	16.815383006584447	16.369245533273656	17.499221933354367	17.5472079906476	17.47766298007769	16.163339006231414	16.269912320389107	16.115458241899702
2025-01-31 09:00:00	17.33320392390638	17.533319293897854	17.243297018547885	16.663242861422294	17.176772849524774	16.432526489955958	16.680421141723595	17.215478721790934	16.4400329535774	17.439734320283193	17.45734481265063	17.4318223599442	16.262134790529306	16.544828676457286	16.13512739250369
2025-01-31 09:15:00	17.75	18.517760588835426	17.405064083276834	17.284168578678383	18.544156597652087	16.71808700493657	17.229047370000004	18.418238296031316	16.694773185841004	17.414152714904365	17.44783401545477	17.399020536396208	16.757048888328917	17.62768993986413	16.365891314450778
2025-01-31 09:30:00	17.850649349999998	18.564087667008994	17.530119091633637	17.551200087649	18.87175482194302	16.95790738093719	17.175950030000006	17.991450025490707	16.809565974054905	17.600724190119006	17.953381934619102	17.442283754184174	17.325665161304514	18.675578124939044	16.719182525468717
2025-01-31 09:45:00	18.280467032954085	19.425618821204814	17.765978548377664	17.88441418407088	19.299798363574588	17.248516944004002	17.2024987	17.87976140128676	16.89822125449436	18.04098182216702	18.953677419464334	17.63093017700446	17.57779140075453	18.888863790254014	16.988758877935922
2025-01-31 10:00:00	18.385840696070737	19.3616648548614	17.94742694357058	18.15532672505043	19.583096263043927	17.513865048560604	17.66007288	18.846248984276702	17.12715318097714	18.235457254992216	19.21058315633509	17.797357212359913	17.76737423360904	18.98730723231646	17.219288393610057
2025-01-31 10:15:00	18.724685047617413	19.92201836825089	18.18675268617338	18.319249850903798	19.62630154920955	17.732023725578024	17.75618556079866	18.77361303367803	17.29908046428764	18.41986716157835	19.390877504426182	17.98361613798005	18.000628761368016	19.193193683318764	17.464838723969855
2025-01-31 10:30:00	18.615565027392254	19.359149731421994	18.281490740074542	18.575362600703926	19.8986471999754	17.980843432915286	18.238226023441655	19.66948205326228	17.595197952072965	18.620024124917766	19.605589125754474	18.177234052078088	18.284649004710452	19.514683841262688	17.73202465785365
2025-01-31 10:45:00	19.02191364079723	20.150121790005038	18.51503751579083	18.816270239533466	20.135538108057048	18.223555689906934	18.50280039327631	19.92964253738773	17.861755372008865	18.53737137087843	19.1376892945086	18.267663318232984	18.549358620000003	19.78931094233915	17.992278591122997
2025-01-31 11:00:00	19.25	20.39241180274961	18.73674252340236	19.022102159999996	20.313141144924337	18.44207015228037	18.50494534	19.601758977917115	18.01217399542854	18.872439480000004	19.840194951993343	18.437650789684156	18.75683212	19.956226858303758	18.217973614385265
2025-01-31 11:15:00	19.103896100000004	19.778961860167286	18.800605686011803	19.13850688	20.268850822428	18.630671195720755	18.628318579999995	19.649290148681256	18.169621208563484	18.872439480000004	19.57957059020854	18.55474289425414	18.52091467	19.157077278096956	18.235102483753543
2025-01-31 11:30:00	19.1038961	19.638036909677098	18.863919794203046	19.04715128	19.81648933713768	18.701506645633796	18.725143149999994	19.656940094166107	18.306509740302182	19.084729980000006	19.918959368710304	18.70993126913016	18.59620747	19.220580950582022	18.315691848289237
2025-01-31 11:45:00	19.103896100000007	19.581431625546532	18.889351153739973	19.163555990000003	19.976267428970118	18.79842476379604	18.654867259999996	19.32596905827353	18.353357756427815	19.25791434	20.147458581781876	18.858264028474807	18.596207470000007	19.13086735052246	18.355997958460932
2025-01-31 12:00:00	19.03084416	19.354502891678596	18.88543226605745	19.163555990000003	19.851089938341847	18.85466392625222	18.35224722892541	18.53660447014769	18.269420062579155	19.171322160000006	19.72064396100305	18.924525408824735	18.69994423	19.324932295232067	18.4191524905479
2025-01-31 12:15:00	19.20454545	19.769373277117833	18.95078222332387	19.163555989999995	19.753775501908905	18.898384904939473	18.40812077	18.731832449311295	18.26268508799058	19.123836130000008	19.533289170210054	18.93987896700709	18.56776352	18.91849769265999	18.410187297500592
2025-01-31 12:30:00	19.076298700000006	19.399779287053033	18.93096684204864	19.022102159999996	19.350687288719424	18.874476957242	18.40812077	18.769378552359296	18.245816548940024	19.10009311	19.410043257444705	18.960840145206	18.420841383700708	18.58887028236527	18.34535013937316
2025-01-31 12:45:00	19.17694805	19.626747376643483	18.97486429455148	18.827053523790866	18.910347139472968	18.789631754426452	18.3112962	18.568071345466233	18.195933453486177	18.97439479	19.109741934263877	18.91358665272199	18.387645016659675	18.568658535159745	18.306320102550984
2025-01-31 13:00:00	19.121753250000058	19.62608109494919	18.895171174733036	18.714414564789568	18.825741909306085	18.66439793174594	18.214471629999984	18.44438929088491	18.1111752896024	18.894970913713635	19.030476030274233	18.834091803374776	18.30461099180533	18.582125503496204	18.179930559016697
2025-01-31 13:15:00	19.067282541645458	19.265156467183324	18.978382662055964	18.69769985977414	18.786856656712292	18.657643907526577	18.15691280871936	18.264378414821042	18.108631159601188	18.900032418769523	19.000921556989947	18.854705414641472	18.410511292367573	18.684993102409845	18.28719337771085
2025-01-31 13:30:00	19.162221034077426	19.377368623623042	19.06556052283227	18.66888398030071	18.728011881786507	18.642319270937534	18.2410203	18.44838283587231	18.14785742156461	18.980468200655604	19.14752051189397	18.90541571299775	18.38817623999997	18.49472648358042	18.340305840710215
2025-01-31 13:45:00	19.23904493329445	19.445560104258842	19.14626275503514	18.722018796985907	18.854693056838542	18.66241152082023	18.247561439085086	18.40908598257252	18.174992441286378	19.006817013404774	19.16031734213357	18.93785309759906	18.388176240000057	18.474286773970572	18.349488898651032
2025-01-31 14:00:00	19.231881676428316	19.446998754726113	19.13523487313512	18.766534137076746	18.996669264176287	18.663140094466797	18.26756897	18.48422768214085	18.170229548603373	19.05249719578227	19.271363970359108	18.954165746334695	18.312883439999972	18.323021616765846	18.308328606960288
2025-01-31 14:15:00	19.368614501364004	19.57540543657951	19.27570842902088	18.791321984909523	18.980730600066178	18.70622536070877	18.376495465024842	18.64031019469549	18.257970006766953	19.13294193136845	19.355573836880115	19.03291890135594	18.255995540000058	18.067564802430812	18.340652827893564
2025-01-31 14:30:00	19.47755190502745	19.646506497864237	19.401644769115364	18.86689587	19.080017153507836	18.7711457281342	18.400700486742828	18.605617910564654	18.30863613690977	19.168178465662677	19.341208601884	19.090440288519773	18.43502510000003	18.416053388756225	18.443548622442904
2025-01-31 14:45:00	19.316558439999945	19.07913844532176	19.42322539413078	18.90741983173025	19.112444938016676	18.815307102818906	18.42776985839928	18.58995490451521	18.354904113042835	19.228234846361357	19.3887049366662	19.156139588398275	18.331288340000057	18.056709490568483	18.454649852063596
2025-01-31 15:00:00	19.198051949999943	18.8619653127119	19.349047395738125	18.958251469999972	19.18887405944013	18.854638422570332	18.481042944535442	18.677407532769482	18.39282117300999	19.309138664634457	19.526066581909614	19.211678296003527	18.227551590000058	17.883676564584594	18.38204616663603
2025-01-31 15:15:00	19.271103899999943	18.966210224098305	19.408085116709458	18.84184676	18.7928244141268	18.863871292203925	18.608810755004754	18.843626557646168	18.503313800194803	19.407440914163526	19.614460126299566	19.314432282624068	18.35973229	18.113968982464435	18.470147689037788
2025-01-31 15:30:00	19.2711039	18.88200718282025	19.44591546858811	18.84184675999997	18.776858468459714	18.871044398228207	18.66175891272462	18.840313129276133	18.581538902389838	19.500939154910196	19.69341668718017	19.41446374186131	18.227551590000115	17.748449549323922	18.44280033291261
2025-01-31 15:45:00	19.271103899999943	18.83248301993248	19.46816545481289	18.65913555999997	18.309622481543734	18.816163174958575	18.783446119999944	18.992545784776368	18.689502792346815	19.567263336466397	19.71736942263141	19.499824370218278	18.227551590000058	17.726584362989712	18.452623822424925
2025-01-31 16:00:00	19.34415584	19.03752569840023	19.481917207965296	18.45137525	17.914648467366963	18.692513369733575	18.660072879999973	18.60950733288589	18.682790734500514	19.643389199999973	19.788759691274024	19.5780778198623	18.12381484	17.525077199752477	18.39281291025594
2025-01-31 16:15:00	19.34415584	18.91416329220013	19.537340897707338	18.451375249999973	17.998297640509236	18.65493185716244	18.56324830999997	18.312033113179446	18.676113108571514	19.6433892	19.626095501050894	19.651158832861142	18.04852203	17.320972023492402	18.37539232277868
2025-01-31 16:30:00	19.344155840000056	18.814566381985028	19.582087335630092	18.567779960000028	18.316594407777714	18.680631439983955	18.396147839999944	17.89469364787933	18.621438853851288	19.470204839999973	19.100396925649502	19.636350424708098	18.076965979999944	17.3794658799103	18.39033559018509
2025-01-31 16:45:00	19.2711039	18.57328305191689	19.58461761435626	18.56777996	18.316495949672916	18.680675674784652	18.32587194	17.82040100585573	18.5529675770793	19.470204839999973	19.12275992298865	19.626303280976117	17.97322922	17.13750743797556	18.348698426416718
2025-01-31 17:00:00	19.2711039	18.371402740688072	19.675317464328657	18.659135560000028	18.401993406286802	18.774663194276968	18.22904737	17.54499350397324	18.536375918504802	19.359869650000086	18.73356425637911	19.64125323264136	17.97322922	17.000938105979913	18.41005566253068
2025-01-31 17:15:00	19.170454550000056	18.25230186785982	19.582957928932615	18.659135560000028	18.429540862476543	18.76228680091637	18.325871940000027	17.95200543795886	18.49384094816341	19.359869649999972	18.893419279577444	19.569434309175335	17.97322922	17.158356364310446	18.33933151748363
2025-01-31 17:30:00	19.06980519	18.17856104174732	19.470219227620873	18.659135560000028	18.45301915451603	18.751738582753717	18.22904737	17.834992512588443	18.40608650883709	19.27327747000003	18.74415026520179	19.51100128664848	17.97322922	17.265117466386187	18.29136638466707
2025-01-31 17:45:00	19.115259739999942	18.419853888129797	19.42768845605758	18.42632612999997	17.923736579178257	18.65212723254308	18.22904737	17.920154214561617	18.367825454327402	19.18668528999997	18.68240490559954	19.413246042411743	17.973229219999943	17.333429745855142	18.260675360557798
2025-01-31 18:00:00	18.886363640000056	18.027881502905608	19.27205851318746	18.70039293	18.693119289126596	18.703660797638832	18.22904736999997	18.006287686299093	18.32912780760475	19.186685290000028	18.83212686145365	19.345979656448378	17.97322922	17.444127905877572	18.210941404605705
2025-01-31 18:15:00	18.91396104	18.170502171912855	19.247978792329093	18.70039292999997	18.60207386153964	18.744565265105365	18.29932326999997	18.141313801946033	18.370313031009744	19.07635009	18.562147024533054	19.307368858543157	18.07696598	17.620984574185446	18.281827191308025
2025-01-31 18:30:00	18.740259740000056	17.793317162736262	19.165697709495362	18.70039292999997	18.57347960943756	18.757411958078762	18.22904737	17.9476027642415	18.35549349722487	19.27327747000003	19.10412667305759	19.349272755582888	18.15225878	17.718922188732734	18.346946234047607
2025-01-31 18:45:00	18.76785714	17.971342812203027	19.12571140321313	18.492632610000058	18.037526387889258	18.69710062283241	18.22904737	17.927310277340503	18.3646104116296	19.273277470000057	19.036912715917794	19.379470330529728	18.152258780000057	17.610751763928263	18.395544540843844
2025-01-31 19:00:00	18.767857140000057	18.11480554601571	19.06125713150027	18.517681730000056	18.157424013948475	18.679536645907262	18.396147839999944	18.348794439927257	18.41742255597461	19.27327747	19.045984735826583	19.375394495498256	18.152258779999944	17.66034760094941	18.373262353196537
2025-01-31 19:15:00	18.840909089999943	18.24868865288819	19.10697914145601	18.63408644000003	18.40716093940808	18.73603847649781	18.396147839999944	18.211174412788946	18.47925184352954	19.35986965	19.19528177259962	19.433814928252275	18.25599554	17.759294138790267	18.479151241992668
2025-01-31 19:30:00	18.96915584	18.453119430429453	19.200998284879574	18.750491160000028	18.58946439631433	18.822836517597864	18.46642374	18.291370787123746	18.545070718828413	19.33612663	19.02836317205451	19.47439716907695	18.388176239999886	17.901889774173494	18.60665276812483
2025-01-31 19:45:00	19.243506489999888	18.976363557724504	19.363527227688962	18.75049115999997	18.483544208006194	18.870423848576877	18.66007288	18.64347090448405	18.667531738565202	19.33612663	19.00950777717214	19.482868433444366	18.38817624	17.752957247262728	18.673564483113807
2025-01-31 20:00:00	19.44480519	19.10717152243798	19.596495678324914	18.75049116	18.362424839741035	18.924839796638082	18.66007288000003	18.404955289118696	18.774690928077263	19.375232769999943	19.010005940285367	19.539320186248574	18.65253765	18.147985754575796	18.879220385625274
2025-01-31 20:15:00	19.344155839999942	18.74601558786169	19.612885518496967	18.75049116	18.376642353106053	18.91845221816976	18.63352421000003	18.312176925812754	18.77789762753352	19.39897579000003	19.12555657068832	19.521816308821258	18.54880089	17.864516834376445	18.85623285701928
2025-01-31 20:30:00	19.37175325	18.74598916179861	19.65289363745285	18.75049115999997	18.375542956599865	18.918946149933333	18.70380009999997	18.450276519894913	18.817701998308138	19.39897579	19.101620277344438	19.532570295685844	18.47350809	17.645904647360037	18.845329926548402
2025-01-31 20:45:00	19.5	19.037122046712287	19.70795966017272	18.84184676	18.59834966833139	18.95124400408295	18.7038001	18.416814543134908	18.832735640040852	19.20204842000003	18.585486116222103	19.47905467242191	18.341327379999942	17.369148269892836	18.77810350193215
2025-01-31 21:00:00	19.38149351	18.60375486531453	19.7309123213804	18.81679764000003	18.435967183953114	18.987895381122513	18.94117647	18.892247340223427	18.96315912250833	19.13919926000006	18.499789891691293	19.426470135616967	18.341327379999942	17.34294316531998	18.78987680978372
2025-01-31 21:15:00	19.45454545	18.83863157943482	19.73126037735534	18.81679764000003	18.469941752634757	18.972631444468476	19.13482560999997	19.284203093985916	19.06771398675994	19.13919926000006	18.675885758539373	19.34735460123602	18.473508089999942	17.75046722299608	18.798352537494395
2025-01-31 21:30:00	19.45454545	18.855807887325334	19.723543485404548	18.725442039999972	18.263926462457547	18.93278961831612	19.13482561	19.14830292850237	19.128770582846755	19.13919926000003	18.72971464451405	19.32317060898646	18.47350809	17.774253862729562	18.787665786309844
2025-01-31 21:45:00	19.3538961	18.605492940107588	19.69013520082126	18.841846760000013	18.58847053619825	18.955682454751496	19.09109839	18.93918645529481	19.159348679505257	19.202048420000015	18.92903412060633	19.324707018278332	18.369771330000027	17.552794671792224	18.736818814122415
2025-01-31 22:00:00	19.20779221	18.054251746797377	19.726049519554863	18.77554028000003	18.27482242824491	19.00050047426683	19.161374280000015	18.92844501708644	19.26602365899018	19.2886406	18.986741854081924	19.42427626845594	18.36977133	17.378811422502785	18.81498520148432
2025-01-31 22:15:00	19.409090910000028	18.872383160290973	19.65022047870994	18.684184680000016	18.216814159854565	18.894162739775496	18.994273820000014	18.608817889216457	19.167449672960743	19.50931099	19.613931350864142	19.462307639466815	18.42665923	17.763419569800252	18.724636468640483
2025-01-31 22:30:00	19.48214286	19.16159194828597	19.626158487001987	18.95363434883005	18.993265517756	18.93582904105172	18.844351900000028	18.373980079167342	19.055678370229202	19.225791430000015	18.87441162269225	19.38365772023974	18.794757389999972	18.736280988877603	18.821029396301356
2025-01-31 22:45:00	19.30844156	18.793244895873038	19.539906727941087	19.0997053	19.320640519922698	19.000444549020237	18.844351900000014	18.516082873025947	18.991835086031827	19.22579143	18.962165623502766	19.344232009730625	18.87005020000001	18.836727762973556	18.88502114996841
2025-01-31 23:00:00	19.381493509999984	18.946038652754407	19.577132648762486	19.16263265423992	19.33418212337144	19.08555970434027	18.9146278	18.731050631936508	18.997104498695187	19.288640599999994	19.13780496045996	19.35640733660494	18.73786949	18.392930402556438	18.89284212348913
2025-01-31 23:15:00	19.454545449999987	19.27854877625086	19.53361641936553	19.14980354	19.293929245515116	19.085051411435238	18.844351900000007	18.66596145506681	18.924498331781585	19.375232770000007	19.425963231568886	19.35244082349805	18.63413273999999	18.287057527275618	18.79006508194861
2025-01-31 23:30:00	19.527597399999987	19.515794409045796	19.532900193037392	19.102396032234587	19.18567879614026	19.06497913830595	18.91462780000001	18.929185440740138	18.908087410681972	19.40788564855483	19.521210270299747	19.356971688060746	18.63413273999999	18.415333526116008	18.73243383609278
2025-01-31 23:45:00	19.55519481	19.60225596023358	19.534051394677665	19.096009780966032	19.175981282418913	19.060080555675608	19.022534679357065	19.219394872674517	18.93409024467821	19.522873560205912	19.75704470277701	19.41766623528267	18.76631344	18.791271327568605	18.755100476019905
