date	HL_CI4_I_sol	HL_CI4_I_rad	HL_CE2_I_sol	HL_CE2_I_rad	HL_CJ1_I_sol	HL_CJ1_I_rad	HL_CL1_I_sol	HL_CL1_I_rad	HL_CI3_I_sol	HL_CI3_I_rad
2025-01-01 00:00:00	561.2207356	561.2207356	396.34768420000006	396.3476842	420.1584636	420.1584636	331.8423869333334	331.842386933	616.2251532333333	616.225153233
2025-01-01 00:10:00	561.2207356	561.2207356	396.34768420000006	396.3476842	420.1584636	420.1584636	331.8423869333334	331.842386933	616.2251532333333	616.225153233
2025-01-01 00:20:00	561.2207356	561.2207356	396.34768420000006	396.3476842	420.1584636	420.1584636	331.8423869333334	331.842386933	616.2251532333333	616.225153233
2025-01-01 00:30:00	561.2207356	561.2207356	396.34768420000006	396.3476842	420.1584636	420.1584636	331.8423869333334	331.842386933	616.2251532333333	616.225153233
2025-01-01 00:40:00	561.2207356	561.2207356	396.34768420000006	396.3476842	420.1584636	420.1584636	331.8423869333334	331.842386933	616.2251532333333	616.225153233
2025-01-01 00:50:00	561.2207356	561.2207356	396.34768420000006	396.3476842	420.1584636	420.1584636	331.8423869333334	331.842386933	616.2251532333333	616.225153233
2025-01-01 01:00:00	553.4750116	553.4750116	390.8774662	390.8774662	414.3596196	414.3596196	327.2624429333333	327.262442933	607.7202822333333	607.720282233
2025-01-01 01:10:00	553.4750116	553.4750116	390.8774662	390.8774662	414.3596196	414.3596196	327.2624429333333	327.262442933	607.7202822333333	607.720282233
2025-01-01 01:20:00	553.4750116	553.4750116	390.8774662	390.8774662	414.3596196	414.3596196	327.2624429333333	327.262442933	607.7202822333333	607.720282233
2025-01-01 01:30:00	553.4750116	553.4750116	390.8774662	390.8774662	414.3596196	414.3596196	327.2624429333333	327.262442933	607.7202822333333	607.720282233
2025-01-01 01:40:00	553.4750116	553.4750116	390.8774662	390.8774662	414.3596196	414.3596196	327.2624429333333	327.262442933	607.7202822333333	607.720282233
2025-01-01 01:50:00	553.4750116	553.4750116	390.8774662	390.8774662	414.3596196	414.3596196	327.2624429333333	327.262442933	607.7202822333333	607.720282233
2025-01-01 02:00:00	564.0608344000001	564.0608344	398.35343080000007	398.3534308	422.28470640000006	422.2847064	333.5216997333334	333.521699733	619.3436059333334	619.343605933
2025-01-01 02:10:00	564.0608344000001	564.0608344	398.35343080000007	398.3534308	422.28470640000006	422.2847064	333.5216997333334	333.521699733	619.3436059333334	619.343605933
2025-01-01 02:20:00	564.0608344000001	564.0608344	398.35343080000007	398.3534308	422.28470640000006	422.2847064	333.5216997333334	333.521699733	619.3436059333334	619.343605933
2025-01-01 02:30:00	564.0608344000001	564.0608344	398.35343080000007	398.3534308	422.28470640000006	422.2847064	333.5216997333334	333.521699733	619.3436059333334	619.343605933
2025-01-01 02:40:00	564.0608344000001	564.0608344	398.35343080000007	398.3534308	422.28470640000006	422.2847064	333.5216997333334	333.521699733	619.3436059333334	619.343605933
2025-01-01 02:50:00	564.0608344000001	564.0608344	398.35343080000007	398.3534308	422.28470640000006	422.2847064	333.5216997333334	333.521699733	619.3436059333334	619.343605933
2025-01-01 03:00:00	557.5200008	557.5200008	393.7341356	393.7341356	417.3879048	417.3879048	329.65419146666665	329.654191467	612.1617148666666	612.161714867
2025-01-01 03:10:00	557.5200008	557.5200008	393.7341356	393.7341356	417.3879048	417.3879048	329.65419146666665	329.654191467	612.1617148666666	612.161714867
2025-01-01 03:20:00	557.5200008	557.5200008	393.7341356	393.7341356	417.3879048	417.3879048	329.65419146666665	329.654191467	612.1617148666666	612.161714867
2025-01-01 03:30:00	557.5200008	557.5200008	393.7341356	393.7341356	417.3879048	417.3879048	329.65419146666665	329.654191467	612.1617148666666	612.161714867
2025-01-01 03:40:00	557.5200008	557.5200008	393.7341356	393.7341356	417.3879048	417.3879048	329.65419146666665	329.654191467	612.1617148666666	612.161714867
2025-01-01 03:50:00	557.5200008	557.5200008	393.7341356	393.7341356	417.3879048	417.3879048	329.65419146666665	329.654191467	612.1617148666666	612.161714867
2025-01-01 04:00:00	596.5068116000001	596.5068116	421.26756620000003	421.2675662	446.57541960000003	446.5754196	352.7065762666667	352.706576267	654.9695655666667	654.969565567
2025-01-01 04:10:00	596.5068116000001	596.5068116	421.26756620000003	421.2675662	446.57541960000003	446.5754196	352.7065762666667	352.706576267	654.9695655666667	654.969565567
2025-01-01 04:20:00	596.5068116000001	596.5068116	421.26756620000003	421.2675662	446.57541960000003	446.5754196	352.7065762666667	352.706576267	654.9695655666667	654.969565567
2025-01-01 04:30:00	596.5068116000001	596.5068116	421.26756620000003	421.2675662	446.57541960000003	446.5754196	352.7065762666667	352.706576267	654.9695655666667	654.969565567
2025-01-01 04:40:00	596.5068116000001	596.5068116	421.26756620000003	421.2675662	446.57541960000003	446.5754196	352.7065762666667	352.706576267	654.9695655666667	654.969565567
2025-01-01 04:50:00	596.5068116000001	596.5068116	421.26756620000003	421.2675662	446.57541960000003	446.5754196	352.7065762666667	352.706576267	654.9695655666667	654.969565567
2025-01-01 05:00:00	590.1381052	590.1381052	416.76983140000004	416.7698314	441.80748120000004	441.8074812	348.94084453333335	348.940844533	647.9766716333334	647.976671633
2025-01-01 05:10:00	590.1381052	590.1381052	416.76983140000004	416.7698314	441.80748120000004	441.8074812	348.94084453333335	348.940844533	647.9766716333334	647.976671633
2025-01-01 05:20:00	590.1381052	590.1381052	416.76983140000004	416.7698314	441.80748120000004	441.8074812	348.94084453333335	348.940844533	647.9766716333334	647.976671633
2025-01-01 05:30:00	590.1381052	590.1381052	416.76983140000004	416.7698314	441.80748120000004	441.8074812	348.94084453333335	348.940844533	647.9766716333334	647.976671633
2025-01-01 05:40:00	590.1381052	590.1381052	416.76983140000004	416.7698314	441.80748120000004	441.8074812	348.94084453333335	348.940844533	647.9766716333334	647.976671633
2025-01-01 05:50:00	590.1381052	590.1381052	416.76983140000004	416.7698314	441.80748120000004	441.8074812	348.94084453333335	348.940844533	647.9766716333334	647.976671633
2025-01-01 06:00:00	554.9380928	554.9380928	391.9107296	391.9107296	415.4549568	415.4549568	328.1275434666667	328.127543467	609.3267578666666	609.326757867
2025-01-01 06:10:00	554.9380928	554.9380928	391.9107296	391.9107296	415.4549568	415.4549568	328.1275434666667	328.127543467	609.3267578666666	609.326757867
2025-01-01 06:20:00	554.9380928	554.9380928	391.9107296	391.9107296	415.4549568	415.4549568	328.1275434666667	328.127543467	609.3267578666666	609.326757867
2025-01-01 06:30:00	554.9380928	554.9380928	391.9107296	391.9107296	415.4549568	415.4549568	328.1275434666667	328.127543467	609.3267578666666	609.326757867
2025-01-01 06:40:00	554.9380928	554.9380928	391.9107296	391.9107296	415.4549568	415.4549568	328.1275434666667	328.127543467	609.3267578666666	609.326757867
2025-01-01 06:50:00	554.9380928	554.9380928	391.9107296	391.9107296	415.4549568	415.4549568	328.1275434666667	328.127543467	609.3267578666666	609.326757867
2025-01-01 07:00:00	605.5434895999999	605.5434896	427.6494872	427.6494872	453.34073759999995	453.3407376	358.04984426666664	358.049844267	664.8919150666666	664.891915067
2025-01-01 07:10:00	605.5434895999999	605.5434896	427.6494872	427.6494872	453.34073759999995	453.3407376	358.04984426666664	358.049844267	664.8919150666666	664.891915067
2025-01-01 07:20:00	605.5434895999999	605.5434896	427.6494872	427.6494872	453.34073759999995	453.3407376	358.04984426666664	358.049844267	664.8919150666666	664.891915067
2025-01-01 07:30:00	605.5434895999999	605.5434896	427.6494872	427.6494872	453.34073759999995	453.3407376	358.04984426666664	358.049844267	664.8919150666666	664.891915067
2025-01-01 07:40:00	605.5434895999999	605.5434896	427.6494872	427.6494872	453.34073759999995	453.3407376	358.04984426666664	358.049844267	664.8919150666666	664.891915067
2025-01-01 07:50:00	605.5434895999999	605.5434896	427.6494872	427.6494872	453.34073759999995	453.3407376	358.04984426666664	358.049844267	664.8919150666666	664.891915067
2025-01-01 08:00:00	1887.3747480000002	1887.374748	1332.9097860000002	1332.909786	1412.984988	1412.984988	1115.9796880000001	1115.979688	2072.353567	2072.353567
2025-01-01 08:10:00	1887.3747480000002	1887.374748	1332.9097860000002	1332.909786	1412.984988	1412.984988	1115.9796880000001	1115.979688	2072.353567	2072.353567
2025-01-01 08:20:00	1887.3747480000002	1887.374748	1332.9097860000002	1332.909786	1412.984988	1412.984988	1115.9796880000001	1115.979688	2072.353567	2072.353567
2025-01-01 08:30:00	1887.3747480000002	1887.374748	1332.9097860000002	1332.909786	1412.984988	1412.984988	1115.9796880000001	1115.979688	2072.353567	2072.353567
2025-01-01 08:40:00	1887.3747480000002	1887.374748	1332.9097860000002	1332.909786	1412.984988	1412.984988	1115.9796880000001	1115.979688	2072.353567	2072.353567
2025-01-01 08:50:00	1887.3747480000002	1887.374748	1332.9097860000002	1332.909786	1412.984988	1412.984988	1115.9796880000001	1115.979688	2072.353567	2072.353567
2025-01-01 09:00:00	18202.4514	18202.4514	12855.012300000002	12855.0123	13627.2834	13627.2834	10762.868400000001	10762.8684	19986.44685	19986.44685
2025-01-01 09:10:00	18202.4514	18202.4514	12855.012300000002	12855.0123	13627.2834	13627.2834	10762.868400000001	10762.8684	19986.44685	19986.44685
2025-01-01 09:20:00	18202.4514	18202.4514	12855.012300000002	12855.0123	13627.2834	13627.2834	10762.868400000001	10762.8684	19986.44685	19986.44685
2025-01-01 09:30:00	18202.4514	18202.4514	12855.012300000002	12855.0123	13627.2834	13627.2834	10762.868400000001	10762.8684	19986.44685	19986.44685
2025-01-01 09:40:00	18202.4514	18202.4514	12855.012300000002	12855.0123	13627.2834	13627.2834	10762.868400000001	10762.8684	19986.44685	19986.44685
2025-01-01 09:50:00	18202.4514	18202.4514	12855.012300000002	12855.0123	13627.2834	13627.2834	10762.868400000001	10762.8684	19986.44685	19986.44685
2025-01-01 10:00:00	26628.07784	26628.07784	18805.39388	18805.39388	19935.137039999998	19935.13704	15744.829706666667	15744.8297067	29237.856526666663	29237.8565267
2025-01-01 10:10:00	26628.07784	26628.07784	18805.39388	18805.39388	19935.137039999998	19935.13704	15744.829706666667	15744.8297067	29237.856526666663	29237.8565267
2025-01-01 10:20:00	26628.07784	26628.07784	18805.39388	18805.39388	19935.137039999998	19935.13704	15744.829706666667	15744.8297067	29237.856526666663	29237.8565267
2025-01-01 10:30:00	26628.07784	26628.07784	18805.39388	18805.39388	19935.137039999998	19935.13704	15744.829706666667	15744.8297067	29237.856526666663	29237.8565267
2025-01-01 10:40:00	26628.07784	26628.07784	18805.39388	18805.39388	19935.137039999998	19935.13704	15744.829706666667	15744.8297067	29237.856526666663	29237.8565267
2025-01-01 10:50:00	26628.07784	26628.07784	18805.39388	18805.39388	19935.137039999998	19935.13704	15744.829706666667	15744.8297067	29237.856526666663	29237.8565267
2025-01-01 11:00:00	31103.38504	31103.38504	21965.96428	21965.96428	23285.58024	23285.58024	18391.019573333335	18391.0195733	34151.78199333333	34151.7819933
2025-01-01 11:10:00	31103.38504	31103.38504	21965.96428	21965.96428	23285.58024	23285.58024	18391.019573333335	18391.0195733	34151.78199333333	34151.7819933
2025-01-01 11:20:00	31103.38504	31103.38504	21965.96428	21965.96428	23285.58024	23285.58024	18391.019573333335	18391.0195733	34151.78199333333	34151.7819933
2025-01-01 11:30:00	31103.38504	31103.38504	21965.96428	21965.96428	23285.58024	23285.58024	18391.019573333335	18391.0195733	34151.78199333333	34151.7819933
2025-01-01 11:40:00	31103.38504	31103.38504	21965.96428	21965.96428	23285.58024	23285.58024	18391.019573333335	18391.0195733	34151.78199333333	34151.7819933
2025-01-01 11:50:00	31103.38504	31103.38504	21965.96428	21965.96428	23285.58024	23285.58024	18391.019573333335	18391.0195733	34151.78199333333	34151.7819933
2025-01-01 12:00:00	32351.30724	4618.409190069262	22847.27718	-7891.878718032	24219.83844	6971.40512315838	19128.899439999997	4055.985130883324	35522.01121	5278.973831071999
2025-01-01 12:10:00	32351.30724	-5371.24529719579	22847.27718	-7632.330037044212	24219.83844	-8156.365644772286	19128.899439999997	-4762.383705620883	35522.01121	-3180.174312220719
2025-01-01 12:20:00	32351.30724	-5284.957543302764	22847.27718	-7520.233194848635	24219.83844	-8021.406058994366	19128.899439999997	-4697.345345397847	35522.01121	-3184.7298044049603
2025-01-01 12:30:00	32351.30724	-5213.720072998134	22847.27718	-7498.132116838817	24219.83844	-7911.880298549164	19128.899439999997	-4638.508215902424	35522.01121	-3198.7341010696837
2025-01-01 12:40:00	32351.30724	-5141.516347043747	22847.27718	-7376.522190736836	24219.83844	-7798.039162698802	19128.899439999997	-4576.255346791422	35522.01121	-3213.3328680310588
2025-01-01 12:50:00	32351.30724	-5070.580224130776	22847.27718	-7265.1889990227755	24219.83844	-7686.662197902726	19128.899439999997	-4514.957881783874	35522.01121	-3226.861205930363
2025-01-01 13:00:00	29803.824680000005	-4880.539612947436	21048.18326	-6986.332138925332	22312.663080000002	-7399.429135275408	17622.60674666667	-4353.665424166971	32724.853636666667	-3100.169156200045
2025-01-01 13:10:00	29803.824680000005	-4818.086198293673	21048.18326	-6975.988292307284	22312.663080000002	-7300.819835260285	17622.60674666667	-4345.8503117280015	32724.853636666667	-3128.11784582413
2025-01-01 13:20:00	29803.824680000005	-4749.35622346096	21048.18326	-6943.672888595407	22312.663080000002	-7197.631098818649	17622.60674666667	-4284.44640028671	32724.853636666667	-3139.8312807390284
2025-01-01 13:30:00	29803.824680000005	-4680.515092366226	21048.18326	-6824.705436374912	22312.663080000002	-7089.499197384332	17622.60674666667	-4225.116102269072	32724.853636666667	-3153.006221827458
2025-01-01 13:40:00	29803.824680000005	-4611.903995165154	21048.18326	-6717.93731511815	22312.663080000002	-6982.426047696412	17622.60674666667	-4215.373849543743	32724.853636666667	-3167.474728929821
2025-01-01 13:50:00	29803.824680000005	-4543.76802793716	21048.18326	-6614.880959591079	22312.663080000002	-6884.915138900247	17622.60674666667	-4155.774490175187	32724.853636666667	-3179.7705563009113
2025-01-01 14:00:00	22488.41868	-4364.11606426823	15881.86626	-6357.136382643928	16835.97708	-6611.683609695585	13297.104080000001	-4002.491229528807	24692.475469999998	-3062.992958003324
2025-01-01 14:10:00	22488.41868	-4306.48779192222	15881.86626	-6259.633341497878	16835.97708	-6517.279761020938	13297.104080000001	-3951.204862063123	24692.475469999998	-3088.588745915222
2025-01-01 14:20:00	22488.41868	-4236.853005779463	15881.86626	-6159.696564133135	16835.97708	-6415.026490280063	13297.104080000001	-3892.1761893516396	24692.475469999998	-3099.0091269998084
2025-01-01 14:30:00	22488.41868	-4167.520127034615	15881.86626	-6059.812267195293	16835.97708	-6313.618523371984	13297.104080000001	-3836.049245991295	24692.475469999998	-3102.2603159059254
2025-01-01 14:40:00	22488.41868	-4109.351872095009	15881.86626	-5964.386963334533	16835.97708	-6224.817902909668	13297.104080000001	-3776.5676251512614	24692.475469999998	-3113.3384077988558
2025-01-01 14:50:00	22488.41868	-4041.8594336485767	15881.86626	-5864.449119683826	16835.97708	-6128.086195220338	13297.104080000001	-3721.226138559743	24692.475469999998	-3121.869325375388
2025-01-01 15:00:00	2010.445696	-4150.381478613962	1419.825472	-5915.662705762302	1505.122176	-6185.791601723895	1188.7499093333333	-3760.5811996241373	2207.4865173333333	-3256.7050622348565
2025-01-01 15:10:00	2010.445696	-4086.7709528370015	1419.825472	-5824.229967596132	1505.122176	-6090.370951660637	1188.7499093333333	-3707.533361185683	2207.4865173333333	-3270.39028817393
2025-01-01 15:20:00	2010.445696	-4007.894860911014	1419.825472	-5714.240333611904	1505.122176	-5981.53328841529	1188.7499093333333	-3647.4846581271704	2207.4865173333333	-3258.254894137522
2025-01-01 15:30:00	2010.445696	-4002.8283525644492	1419.825472	-5607.911841574504	1505.122176	-5874.054683049952	1188.7499093333333	-3585.6958536958928	2207.4865173333333	-3249.0534954080526
2025-01-01 15:40:00	2010.445696	-3918.245930457856	1419.825472	-5503.093174045329	1505.122176	-5766.7654650589575	1188.7499093333333	-3574.363131145037	2207.4865173333333	-3237.486636844867
2025-01-01 15:50:00	2010.445696	-3841.41398719653	1419.825472	-5403.961217382702	1505.122176	-5659.390177991174	1188.7499093333333	-3510.7746261400534	2207.4865173333333	-3227.5201811337615
2025-01-01 16:00:00	529.6353944	-3862.558603260157	374.0413508	-5438.015470688841	396.5120664	-5700.5120376668965	313.16639306666667	-3533.759050145927	581.5441792666666	-3329.6735288169316
2025-01-01 16:10:00	529.6353944	-3788.700739170632	374.0413508	-5336.678353993239	396.5120664	-5680.912097209416	313.16639306666667	-3473.697869472254	581.5441792666666	-3319.4321645466393
2025-01-01 16:20:00	529.6353944	-3715.5168677866604	374.0413508	-5315.791763447742	396.5120664	-5565.967765464156	313.16639306666667	-3413.8297100239934	581.5441792666666	-3304.4017627578182
2025-01-01 16:30:00	529.6353944	-3640.435693690555	374.0413508	-5202.9272170418635	396.5120664	-5457.968498583993	313.16639306666667	-3357.232750006563	581.5441792666666	-3292.062375732495
2025-01-01 16:40:00	529.6353944	-3566.846626233767	374.0413508	-5099.212490745953	396.5120664	-5358.52936519973	313.16639306666667	-3295.628723988313	581.5441792666666	-3277.406512221678
2025-01-01 16:50:00	529.6353944	-3497.7891129612353	374.0413508	-4996.282914196308	396.5120664	-5262.975963299779	313.16639306666667	-3242.62059092228	581.5441792666666	-3269.1962020849633
2025-01-01 17:00:00	607.3508252	-3496.5890758445876	428.9258714	-5004.567838889986	454.6938012	-5270.769672672427	359.1184978666667	-3249.3573201862655	666.8763849666666	-3351.065980851113
2025-01-01 17:10:00	607.3508252	-3418.8919407206686	428.9258714	-4907.056656168266	454.6938012	-5175.227574700957	359.1184978666667	-3190.3202542561066	666.8763849666666	-3338.116468371738
2025-01-01 17:20:00	607.3508252	-3345.975073483462	428.9258714	-4808.415131391033	454.6938012	-5077.7220820427765	359.1184978666667	-3136.1141007385067	666.8763849666666	-3328.4872250790554
2025-01-01 17:30:00	607.3508252	-3345.456999733362	428.9258714	-4706.376336687385	454.6938012	-5071.684188831291	359.1184978666667	-3082.486547658935	666.8763849666666	-3327.7785937170415
2025-01-01 17:40:00	607.3508252	-3335.2693799701033	428.9258714	-4701.6621179418125	454.6938012	-5050.7005090593475	359.1184978666667	-3031.6474420880977	666.8763849666666	-3325.5433709323956
2025-01-01 17:50:00	607.3508252	-3258.8341241318067	428.9258714	-4595.489724503984	454.6938012	-4942.802993018583	359.1184978666667	-2980.686930873696	666.8763849666666	-3320.1339385749984
2025-01-01 18:00:00	570.9459224	-3250.704637964879	403.2158468	-4581.358869277309	427.4392344	-4936.146630024686	337.5927610666667	-2976.110290060466	626.9034912666666	-3374.451566233599
2025-01-01 18:10:00	570.9459224	-3177.906006706493	403.2158468	-4487.335061598859	427.4392344	-4847.78933131795	337.5927610666667	-2970.2048392735483	626.9034912666666	-3363.5487559499297
2025-01-01 18:20:00	570.9459224	-3107.9355180528532	403.2158468	-4402.462360080146	427.4392344	-4757.340515745085	337.5927610666667	-2915.2772084370404	626.9034912666666	-3351.9349836584315
2025-01-01 18:30:00	570.9459224	-3041.040171922978	403.2158468	-4396.990031895116	427.4392344	-4673.555634388759	337.5927610666667	-2863.5817058969583	626.9034912666666	-3337.8077119063955
2025-01-01 18:40:00	570.9459224	-2973.7087484097187	403.2158468	-4287.8244171474835	427.4392344	-4589.7082898501085	337.5927610666667	-2808.8128203043752	626.9034912666666	-3331.7296041506656
2025-01-01 18:50:00	570.9459224	-2907.8285681495313	403.2158468	-4237.554885613178	427.4392344	-4497.918690748704	337.5927610666667	-2757.167725083782	626.9034912666666	-3322.654858177461
2025-01-01 19:00:00	582.7366356	-2962.298840979621	411.5427342	-4308.606397508367	436.2663636	-4497.997193456728	344.5644536	-2805.516771547488	639.8497948999999	-3379.414742805695
2025-01-01 19:10:00	582.7366356	-2954.0258628783754	411.5427342	-4290.103896609908	436.2663636	-4410.0183069535	344.5644536	-2751.737644198411	639.8497948999999	-3375.6517123716603
2025-01-01 19:20:00	582.7366356	-2945.746095973053	411.5427342	-4273.255279226623	436.2663636	-4409.5563904984965	344.5644536	-2704.168505043679	639.8497948999999	-3369.245791686966
2025-01-01 19:30:00	582.7366356	-2937.467569340171	411.5427342	-4257.269052628293	436.2663636	-4313.452391001383	344.5644536	-2652.1719802531147	639.8497948999999	-3366.8283103691783
2025-01-01 19:40:00	582.7366356	-2932.6919425097626	411.5427342	-4239.154551663712	436.2663636	-4229.905224541792	344.5644536	-2600.640650328909	639.8497948999999	-3364.1552182315145
2025-01-01 19:50:00	582.7366356	-2925.3668622466153	411.5427342	-4224.2225248223085	436.2663636	-4230.047033196383	344.5644536	-2553.2952767947763	639.8497948999999	-3355.311342610288
2025-01-01 20:00:00	572.9253852	-2988.0971197582717	404.6137914	-4308.776430348321	428.9211612	-4237.579513300047	338.7631912	-2566.266340245564	629.0769583	-3433.956522328969
2025-01-01 20:10:00	572.9253852	-2982.7584561451167	404.6137914	-4294.745443270745	428.9211612	-4149.049395818793	338.7631912	-2545.9821803508476	629.0769583	-3423.8848460531617
2025-01-01 20:20:00	572.9253852	-2978.051366512794	404.6137914	-4283.960446375364	428.9211612	-4061.2984387567903	338.7631912	-2540.081428903362	629.0769583	-3416.79140475152
2025-01-01 20:30:00	572.9253852	-2971.5712005704468	404.6137914	-4267.742050412497	428.9211612	-3979.257171855552	338.7631912	-2536.724058796017	629.0769583	-3404.3930195882485
2025-01-01 20:40:00	572.9253852	-2963.823539263595	404.6137914	-4250.984309700205	428.9211612	-3894.256770193203	338.7631912	-2533.3519335840224	629.0769583	-3390.4678810751843
2025-01-01 20:50:00	572.9253852	-2960.5376197401883	404.6137914	-4237.066984574768	428.9211612	-3815.842843106093	338.7631912	-2533.180435973148	629.0769583	-3382.574199424239
2025-01-01 21:00:00	565.0075340000001	-3040.99960723822	399.0220130000001	-4350.142190971037	422.99345400000004	-3868.397612554948	334.0814706666667	-2605.9704877660697	620.3830901666666	-3477.455362910481
2025-01-01 21:10:00	565.0075340000001	-3034.5560470612977	399.0220130000001	-4330.079636249574	422.99345400000004	-3787.791042810253	334.0814706666667	-2600.4764271096906	620.3830901666666	-3462.4205621998035
2025-01-01 21:20:00	565.0075340000001	-3028.227937822193	399.0220130000001	-4313.08863491088	422.99345400000004	-3779.7621184015643	334.0814706666667	-2594.5613221443296	620.3830901666666	-3452.7906775471356
2025-01-01 21:30:00	565.0075340000001	-3019.066054747126	399.0220130000001	-4297.502743053752	422.99345400000004	-3775.2735200121742	334.0814706666667	-2590.6423744651347	620.3830901666666	-3441.115129210144
2025-01-01 21:40:00	565.0075340000001	-3012.7776814628182	399.0220130000001	-4282.356094995219	422.99345400000004	-3765.9322207068753	334.0814706666667	-2585.4436010627514	620.3830901666666	-3429.6329436216183
2025-01-01 21:50:00	565.0075340000001	-3004.8239795689324	399.0220130000001	-4265.0856491642135	422.99345400000004	-3753.634157342409	334.0814706666667	-2578.970324475982	620.3830901666666	-3419.9068249454913
2025-01-01 22:00:00	604.6828535999999	-3015.6469975431655	427.04168519999996	-4275.359685910602	452.69642159999995	-3777.441469163433	357.5409616	-2591.6366268942274	663.9469293999999	-3429.9270949802676
2025-01-01 22:10:00	604.6828535999999	-3007.9084493150845	427.04168519999996	-4264.800093447451	452.69642159999995	-3766.7142602783497	357.5409616	-2593.512303306342	663.9469293999999	-3419.0491547003194
2025-01-01 22:20:00	604.6828535999999	-2999.7843535487445	427.04168519999996	-4246.646829901075	452.69642159999995	-3753.5835650829904	357.5409616	-2585.2541787562386	663.9469293999999	-3407.260091387262
2025-01-01 22:30:00	604.6828535999999	-2990.3859766558635	427.04168519999996	-4229.606186727205	452.69642159999995	-3742.0231160624344	357.5409616	-2579.4016277784285	663.9469293999999	-3395.5637621459523
2025-01-01 22:40:00	604.6828535999999	-2980.905779093075	427.04168519999996	-4210.75489012988	452.69642159999995	-4604.364392940083	357.5409616	-2573.051812620958	663.9469293999999	-3383.2260575893756
2025-01-01 22:50:00	604.6828535999999	-2972.866241351099	427.04168519999996	-4194.112015749824	452.69642159999995	-4459.8421646625675	357.5409616	-2568.215205844511	663.9469293999999	-3369.603224942135
2025-01-01 23:00:00	604.8549807999999	-2994.5325376173378	427.1632456	-4221.455844424108	452.82528479999996	-4488.299795838418	357.6427381333333	-2589.521557567811	664.1359265333332	-3392.1417398690774
2025-01-01 23:10:00	604.8549807999999	-2983.9302954640557	427.1632456	-4201.122917896079	452.82528479999996	-4469.736898132554	357.6427381333333	-2583.3024872496276	664.1359265333332	-3383.1282211290063
2025-01-01 23:20:00	604.8549807999999	-2975.215363681836	427.1632456	-4182.731518328141	452.82528479999996	-4449.628537904169	357.6427381333333	-2577.542474898974	664.1359265333332	-3371.4707921595036
2025-01-01 23:30:00	604.8549807999999	-2964.657898892776	427.1632456	-4163.633683420832	452.82528479999996	-4430.784275403417	357.6427381333333	-2572.4275983943685	664.1359265333332	-3354.5464663006205
2025-01-01 23:40:00	604.8549807999999	-2954.725759162506	427.1632456	-4150.381032225139	452.82528479999996	-4413.521340313073	357.6427381333333	-2567.1723124265955	664.1359265333332	-3343.7012713867416
2025-01-01 23:50:00	604.8549807999999	-2944.9611932856055	427.1632456	-4131.381434231919	452.82528479999996	-4394.901226687267	357.6427381333333	-2561.061560114413	664.1359265333332	-3332.1120316236347
2025-01-02 00:00:00	556.8314919999999	-2928.0948935013853	393.247894	-4100.122126762522	416.87245199999995	-4362.927972007534	329.2470853333333	-2547.3380422166974	611.4057263333332	-3310.2291285120755
2025-01-02 00:10:00	556.8314919999999	-2849.707045270582	393.247894	-3994.9634350328197	416.87245199999995	-4256.467064094177	329.2470853333333	-2492.276736626186	611.4057263333332	-3194.373750065067
2025-01-02 00:20:00	556.8314919999999	-2807.982981817694	393.247894	-3939.717912314014	416.87245199999995	-4200.136738300194	329.2470853333333	-2458.095176343779	611.4057263333332	-3147.9060553799754
2025-01-02 00:30:00	556.8314919999999	-2780.9058697769333	393.247894	-3902.4367120438465	416.87245199999995	-4163.009135390535	329.2470853333333	-2435.5740074776877	611.4057263333332	-3116.930411931392
2025-01-02 00:40:00	556.8314919999999	-2762.8353816228664	393.247894	-3878.1285361675464	416.87245199999995	-4138.4863641130705	329.2470853333333	-2421.2467033209196	611.4057263333332	-3096.395024879519
2025-01-02 00:50:00	556.8314919999999	-2750.8171025853158	393.247894	-3861.2676031221117	416.87245199999995	-4122.988667316165	329.2470853333333	-2411.3272401092163	611.4057263333332	-3082.634858446804
2025-01-02 01:00:00	561.7371172	-2718.297015305455	396.7123654	-3809.1974969422026	420.5450532	-4067.9004300328716	332.1477165333333	-2383.313046673202	616.7921446333332	-3044.0218146556854
2025-01-02 01:10:00	561.7371172	-2712.0757072393253	396.7123654	-3796.2284584254267	420.5450532	-4053.083056756528	332.1477165333333	-2379.436767842434	616.7921446333332	-3035.9597442976083
2025-01-02 01:20:00	561.7371172	-2704.481590886308	396.7123654	-3781.6681521660958	420.5450532	-4037.665963155876	332.1477165333333	-2374.588021640406	616.7921446333332	-3025.829665028566
2025-01-02 01:30:00	561.7371172	-2696.3726257861663	396.7123654	-3766.367057961943	420.5450532	-4022.1335746749446	332.1477165333333	-2368.2947526938856	616.7921446333332	-3015.7830031364288
2025-01-02 01:40:00	561.7371172	-2688.8910230261754	396.7123654	-3750.9218577600786	420.5450532	-4006.316690382694	332.1477165333333	-2361.7267292940146	616.7921446333332	-3004.072101358511
2025-01-02 01:50:00	561.7371172	-2681.383921144653	396.7123654	-3737.3455159032774	420.5450532	-3991.52606089909	332.1477165333333	-2357.6841823048067	616.7921446333332	-2995.061076240202
2025-01-02 02:00:00	559.4994636	-2737.963938245796	395.1320802	-3811.863265614592	418.8698316	-4072.398999260826	330.8246216	-2408.422897418664	614.3351819	-3059.5310151743365
2025-01-02 02:10:00	559.4994636	-2728.1389223491697	395.1320802	-3794.678122664589	418.8698316	-4055.244840923775	330.8246216	-2401.5376900348356	614.3351819	-3047.4500604801397
2025-01-02 02:20:00	559.4994636	-2722.0263413820544	395.1320802	-3778.103947038033	418.8698316	-4039.6334874233253	330.8246216	-2394.9329177841723	614.3351819	-3036.2800719483757
2025-01-02 02:30:00	559.4994636	-2714.6680979291878	395.1320802	-3765.8284601527857	418.8698316	-4023.7908566213146	330.8246216	-2390.3211956455852	614.3351819	-3024.2444610650496
2025-01-02 02:40:00	559.4994636	-2707.513880336485	395.1320802	-3758.424884341318	418.8698316	-4014.570240295144	330.8246216	-2385.4938766848	614.3351819	-3015.599963912373
2025-01-02 02:50:00	559.4994636	-2700.5962789828413	395.1320802	-3752.9831492894746	418.8698316	-4008.417526737554	330.8246216	-2379.2546301815937	614.3351819	-3005.773103962666
2025-01-02 03:00:00	558.8109548000001	-2685.442758073701	394.64583860000005	-3736.559174362958	418.35437880000006	-3990.402279508424	330.4175154666667	-2365.1373609589973	613.5791933666667	-2987.0837412137535
2025-01-02 03:10:00	558.8109548000001	-2677.2766179981754	394.64583860000005	-3734.5904739568236	418.35437880000006	-3988.269908749152	330.4175154666667	-2359.6251199538656	613.5791933666667	-2982.554695775072
2025-01-02 03:20:00	558.8109548000001	-2669.385699680638	394.64583860000005	-3733.3105515854536	418.35437880000006	-3986.9137568440883	330.4175154666667	-2355.4529183416125	613.5791933666667	-2979.7209942921736
2025-01-02 03:30:00	558.8109548000001	-2664.901302917341	394.64583860000005	-3732.016494104472	418.35437880000006	-3985.485597658393	330.4175154666667	-2350.5994572473783	613.5791933666667	-2977.750209497237
2025-01-02 03:40:00	558.8109548000001	-2661.9474349226457	394.64583860000005	-3731.514242438471	418.35437880000006	-3984.4068481784916	330.4175154666667	-2346.0064436190196	613.5791933666667	-2976.234451241279
2025-01-02 03:50:00	558.8109548000001	-2659.9949377258154	394.64583860000005	-3730.986118604958	418.35437880000006	-3983.961526510725	330.4175154666667	-2339.8888549083777	613.5791933666667	-2975.257516228804
2025-01-02 04:00:00	602.3591364	-2688.347150458483	425.4006198	-3772.7725609883087	450.9567684	-4029.056157934095	356.1669784	-2362.6849750422048	661.3954680999999	-3009.0663707154454
2025-01-02 04:10:00	602.3591364	-2686.884048442146	425.4006198	-3772.2881682363336	450.9567684	-4028.0313946719566	356.1669784	-2360.467087125326	661.3954680999999	-3008.4054072573
2025-01-02 04:20:00	602.3591364	-2686.346475047881	425.4006198	-3772.2344662828395	450.9567684	-4027.767878071299	356.1669784	-2358.978517079914	661.3954680999999	-3008.0315362725896
2025-01-02 04:30:00	602.3591364	-2686.1553793608914	425.4006198	-3772.0618856743545	450.9567684	-4027.349261608842	356.1669784	-2357.941198347849	661.3954680999999	-3007.894014909263
2025-01-02 04:40:00	602.3591364	-2685.6317156702444	425.4006198	-3771.715970937233	450.9567684	-4027.606078275456	356.1669784	-2357.277675107382	661.3954680999999	-3007.408930840332
2025-01-02 04:50:00	602.3591364	-2685.597158959369	425.4006198	-3772.068137010678	450.9567684	-4028.0101338633945	356.1669784	-2357.354910554572	661.3954680999999	-3007.6536236901075
2025-01-02 05:00:00	597.0231932	-2676.4191827197446	421.63224740000004	-3758.7379385373033	446.96200919999995	-4013.6546956094867	353.01190586666667	-2348.253675214014	655.5365569666666	-2996.758030166877
2025-01-02 05:10:00	597.0231932	-2676.2561155279373	421.63224740000004	-3758.7140442915716	446.96200919999995	-4013.888551036926	353.01190586666667	-2348.042490994885	655.5365569666666	-2996.9398639210367
2025-01-02 05:20:00	597.0231932	-2675.9619155447363	421.63224740000004	-3758.376959436485	446.96200919999995	-4013.334372849577	353.01190586666667	-2347.6559862508475	655.5365569666666	-2996.544977488348
2025-01-02 05:30:00	597.0231932	-2676.265379024426	421.63224740000004	-3758.7320172010404	446.96200919999995	-4013.174401986524	353.01190586666667	-2347.7122198980787	655.5365569666666	-2996.572371973114
2025-01-02 05:40:00	597.0231932	-2676.0459090085105	421.63224740000004	-3758.7257753903696	446.96200919999995	-4013.285021769609	353.01190586666667	-2348.104788994512	655.5365569666666	-2996.8583649658194
2025-01-02 05:50:00	597.0231932	-2675.9053665568554	421.63224740000004	-3758.457966279778	446.96200919999995	-4013.2032711694023	353.01190586666667	-2348.1565844806046	655.5365569666666	-2996.6848613241664
2025-01-02 06:00:00	561.7371172	-2694.5031864822995	396.7123654	-3782.901295802407	420.5450532	-4029.7512608172306	332.1477165333333	-2363.434942729503	616.7921446333332	-3020.7999961470578
2025-01-02 06:10:00	561.7371172	-2716.7757645524753	396.7123654	-3818.5365136551445	420.5450532	-4058.8358105016564	332.1477165333333	-2377.538288597336	616.7921446333332	-3053.2339015397865
2025-01-02 06:20:00	561.7371172	-2737.366767885075	396.7123654	-3849.905126959431	420.5450532	-4080.1915976286678	332.1477165333333	-2393.294811943434	616.7921446333332	-3081.743461353195
2025-01-02 06:30:00	561.7371172	-2758.753985659312	396.7123654	-3879.456079844417	420.5450532	-4103.18140774852	332.1477165333333	-2408.383839081817	616.7921446333332	-3109.8278155856797
2025-01-02 06:40:00	561.7371172	-2771.6499189482975	396.7123654	-3911.741200390564	420.5450532	-4128.223564731741	332.1477165333333	-2423.553268894906	616.7921446333332	-3135.1700779400753
2025-01-02 06:50:00	561.7371172	-2773.712817642214	396.7123654	-3939.1433244284717	420.5450532	-4147.702290545734	332.1477165333333	-2436.2325740635424	616.7921446333332	-3149.643469778256
2025-01-02 07:00:00	618.4530296	-2806.9289010348157	436.76651720000007	-3992.5053009207495	463.0054776	-4210.648243469834	365.6830842666667	-2463.5483086764602	679.0667000666666	-3202.2347002503466
2025-01-02 07:10:00	618.4530296	-2817.752402054718	436.76651720000007	-4027.2905874992784	463.0054776	-4250.518961929222	365.6830842666667	-2478.349861802553	679.0667000666666	-3227.9324322478756
2025-01-02 07:20:00	618.4530296	-2824.4410438836585	436.76651720000007	-4058.44930799372	463.0054776	-4285.416131080692	365.6830842666667	-2495.790411073285	679.0667000666666	-3242.8154792122145
2025-01-02 07:30:00	618.4530296	-2832.8776231682878	436.76651720000007	-4083.488633771216	463.0054776	-4318.230231621122	365.6830842666667	-2511.2358952598674	679.0667000666666	-3238.7104218269324
2025-01-02 07:40:00	618.4530296	-2838.5028433921652	436.76651720000007	-4109.1814315988195	463.0054776	-4348.532242048713	365.6830842666667	-2514.2396779909177	679.0667000666666	-3226.9240820170603
2025-01-02 07:50:00	618.4530296	-2831.989100828031	436.76651720000007	-4116.242987412858	463.0054776	-4372.798022266057	365.6830842666667	-2506.9733648747224	679.0667000666666	-3214.5833111579236
2025-01-02 08:00:00	4096.62736	-2769.9311021674075	2893.1375200000007	-4027.826310420464	3066.9441600000005	-4293.135315459125	2422.2814933333334	-2458.348773874682	4498.1317733333335	-3146.9501574848246
2025-01-02 08:10:00	4096.62736	-2764.787449075585	2893.1375200000007	-4013.174672851071	3066.9441600000005	-4269.551677177555	2422.2814933333334	-2454.1127209357187	4498.1317733333335	-3140.576964734896
2025-01-02 08:20:00	4096.62736	-2760.642170000023	2893.1375200000007	-3994.9974798948338	3066.9441600000005	-4249.83500311459	2422.2814933333334	-2449.842767295428	4498.1317733333335	-3133.832621242762
2025-01-02 08:30:00	4096.62736	-2751.4835709181125	2893.1375200000007	-3982.739158517727	3066.9441600000005	-4233.928283040195	2422.2814933333334	-2443.534272760847	4498.1317733333335	-3125.573401572524
2025-01-02 08:40:00	4096.62736	-2741.2237210590383	2893.1375200000007	-3969.793061347035	3066.9441600000005	-4225.095012394884	2422.2814933333334	-2436.9122566289166	4498.1317733333335	-3120.2130003389266
2025-01-02 08:50:00	4096.62736	-2735.5258573681776	2893.1375200000007	-3954.7293569928	3066.9441600000005	-4209.384332857284	2422.2814933333334	-2435.3007724478152	4498.1317733333335	-3116.4541106232728
2025-01-02 09:00:00	10628.8546	-2622.2327372958225	7506.354700000001	-3796.9485981081543	7957.3026	-4030.5822284441965	6284.7009333333335	-2338.4727420600766	11670.572983333333	-2985.013308354697
2025-01-02 09:10:00	10628.8546	-2614.977569703031	7506.354700000001	-3784.3308363619017	7957.3026	-4015.1176925515447	6284.7009333333335	-2334.940935017671	11670.572983333333	-2976.7195138189927
2025-01-02 09:20:00	10628.8546	-2616.5034906747624	7506.354700000001	-3774.394384662557	7957.3026	-4005.659594968216	6284.7009333333335	-2330.7645589634803	11670.572983333333	-2978.354476539338
2025-01-02 09:30:00	10628.8546	-2610.3654907159453	7506.354700000001	-3771.7169652949706	7957.3026	-3998.281295341585	6284.7009333333335	-2334.3937796695236	11670.572983333333	-2978.4980361501057
2025-01-02 09:40:00	10628.8546	-2608.1054747683866	7506.354700000001	-3765.6628800234976	7957.3026	-3989.9484245105905	6284.7009333333335	-2330.3502805251655	11670.572983333333	-2980.407559600293
2025-01-02 09:50:00	10628.8546	-2605.4651022831767	7506.354700000001	-3754.3118346646534	7957.3026	-3978.1484357055924	6284.7009333333335	-2326.6956714476573	11670.572983333333	-2975.1280398454364
2025-01-02 10:00:00	18856.534760000002	-2393.3797289415197	13316.941820000002	-3445.6770361778163	14116.96356	-3648.053567118848	11149.619226666668	-2144.3755583785496	20704.635956666665	-2728.117542407199
2025-01-02 10:10:00	18856.534760000002	-2391.221651081956	13316.941820000002	-3441.0159997173305	14116.96356	-3643.681085210239	11149.619226666668	-2144.8218229333706	20704.635956666665	-2730.972696141729
2025-01-02 10:20:00	18856.534760000002	-2396.892388616561	13316.941820000002	-3440.041527313222	14116.96356	-3643.330182504731	11149.619226666668	-2144.7114922638357	20704.635956666665	-2738.703979493308
2025-01-02 10:30:00	18856.534760000002	-2401.2606529715376	13316.941820000002	-3442.949492230515	14116.96356	-3649.4546952796627	11149.619226666668	-2145.13815490836	20704.635956666665	-2745.1169549928454
2025-01-02 10:40:00	18856.534760000002	-2405.2556943374693	13316.941820000002	-3437.2292154921397	14116.96356	-3647.707382088538	11149.619226666668	-2145.010425584729	20704.635956666665	-2751.0146175932496
2025-01-02 10:50:00	18856.534760000002	-2409.418235462057	13316.941820000002	-3434.6126468478087	14116.96356	-3648.3790261928407	11149.619226666668	-2147.0054406729014	20704.635956666665	-2760.036039154351
2025-01-02 11:00:00	17427.879	-2305.5637047711643	12307.990500000002	-3280.1981899289385	13047.399000000001	-3488.47339751015	10304.874000000002	-2057.0161122510544	19135.959749999998	-2642.5862452554866
2025-01-02 11:10:00	17427.879	-2313.941775780251	12307.990500000002	-3290.54930045356	13047.399000000001	-3493.155835957381	10304.874000000002	-2060.0756760878467	19135.959749999998	-2658.820518245062
2025-01-02 11:20:00	17427.879	-2321.3959041055205	12307.990500000002	-3292.0365433203806	13047.399000000001	-3493.8553178589336	10304.874000000002	-2060.688552120111	19135.959749999998	-2667.8565093370235
2025-01-02 11:30:00	17427.879	-2325.7758318740634	12307.990500000002	-3289.1581714620406	13047.399000000001	-3496.377354635626	10304.874000000002	-2061.1906680603697	19135.959749999998	-2676.1404368448566
2025-01-02 11:40:00	17427.879	-2334.522598413656	12307.990500000002	-3296.0932268460547	13047.399000000001	-3496.9430402773087	10304.874000000002	-2062.7434897379226	19135.959749999998	-2682.9208013217394
2025-01-02 11:50:00	17427.879	-2342.254751580742	12307.990500000002	-3296.4394733828685	13047.399000000001	-3495.452796611824	10304.874000000002	-2066.5993089711446	19135.959749999998	-2687.117337879761
2025-01-02 12:00:00	26576.439680000003	-1930.6493070799552	18768.925760000002	-2706.8022158882923	19896.47808	-2867.19927455542	15714.296746666669	-1702.4487950336406	29181.15738666667	-2208.2269839276123
2025-01-02 12:10:00	26576.439680000003	-1940.5905879394413	18768.925760000002	-2733.0408613557556	19896.47808	-2883.796192185935	15714.296746666669	-1714.6918369974665	29181.15738666667	-2209.16262969303
2025-01-02 12:20:00	26576.439680000003	-1949.6080781644014	18768.925760000002	-2748.5108503963784	19896.47808	-2898.7354850422635	15714.296746666669	-1724.0586068273515	29181.15738666667	-2211.1833873519936
2025-01-02 12:30:00	26576.439680000003	-1957.1404653660102	18768.925760000002	-2783.4464778191395	19896.47808	-2908.2318535991217	15714.296746666669	-1731.901135408043	29181.15738666667	-2209.3518846069637
2025-01-02 12:40:00	26576.439680000003	-1964.6458339957571	18768.925760000002	-2793.8554165205787	19896.47808	-2920.088844854381	15714.296746666669	-1738.3563205644132	29181.15738666667	-2206.5142029966446
2025-01-02 12:50:00	26576.439680000003	-1970.7266337382935	18768.925760000002	-2806.0781951752106	19896.47808	-2924.802219764533	15714.296746666669	-1738.5135641308989	29181.15738666667	-2212.6794579613234
2025-01-02 13:00:00	28237.467160000004	-1801.1379173700989	19941.983620000003	-2548.61981518627	21140.007960000003	-2657.788492458232	16696.440293333337	-1580.205006765791	31004.979723333334	-1997.614309693141
2025-01-02 13:10:00	28237.467160000004	-1819.2962084754981	19941.983620000003	-2571.8131755043396	21140.007960000003	-2675.2467951471335	16696.440293333337	-1583.1092960710157	31004.979723333334	-2010.0095545379663
2025-01-02 13:20:00	28237.467160000004	-1819.1613019730175	19941.983620000003	-2586.370824147656	21140.007960000003	-2678.15052667238	16696.440293333337	-1583.8509166659496	31004.979723333334	-2013.9281053728482
2025-01-02 13:30:00	28237.467160000004	-1825.1893016344875	19941.983620000003	-2589.7865109040977	21140.007960000003	-2665.89147415986	16696.440293333337	-1585.1002146008504	31004.979723333334	-2009.9814452123464
2025-01-02 13:40:00	28237.467160000004	-1821.5408153462886	19941.983620000003	-2591.4472044449612	21140.007960000003	-2665.28159931385	16696.440293333337	-1583.9030799751745	31004.979723333334	-1998.22431934403
2025-01-02 13:50:00	28237.467160000004	-1824.2520840494508	19941.983620000003	-2585.767105456962	21140.007960000003	-2664.421786078936	16696.440293333337	-1591.3308579669138	31004.979723333334	-1990.342763025379
2025-01-02 14:00:00	23710.521800000002	-1753.2144331141571	16744.9451	-2482.245739468046	17750.9058	-2564.0005976556204	14019.717466666667	-1529.01370763239	26034.355116666666	-1904.5323148595635
2025-01-02 14:10:00	23710.521800000002	-1760.1508738168886	16744.9451	-2486.6522854568902	17750.9058	-2586.4251570369997	14019.717466666667	-1537.0043317453692	26034.355116666666	-1914.714634533062
2025-01-02 14:20:00	23710.521800000002	-1757.320073844854	16744.9451	-2480.9001568623135	17750.9058	-2601.755087100206	14019.717466666667	-1535.0681717678017	26034.355116666666	-1914.4058802714135
2025-01-02 14:30:00	23710.521800000002	-1763.3756038032698	16744.9451	-2496.5893236457487	17750.9058	-2614.3482644925134	14019.717466666667	-1531.1309817572073	26034.355116666666	-1923.5182605163427
2025-01-02 14:40:00	23710.521800000002	-1759.1480301142947	16744.9451	-2510.7958134243963	17750.9058	-2629.7991925692877	14019.717466666667	-1526.240237985381	26034.355116666666	-1921.9075350701678
2025-01-02 14:50:00	23710.521800000002	-1748.6775688055968	16744.9451	-2524.283044434753	17750.9058	-2649.029780892568	14019.717466666667	-1520.4947336425048	26034.355116666666	-1913.4350810184842
2025-01-02 15:00:00	2771.2479200000007	-1854.6708748750088	1957.1224400000003	-2690.181397804453	2074.69752	-2834.1709576645085	1638.602186666667	-1628.9398575816676	3042.853846666667	-2071.6388726589976
2025-01-02 15:10:00	2771.2479200000007	-1869.8574432294827	1957.1224400000003	-2700.630644442881	2074.69752	-2853.069147449389	1638.602186666667	-1640.733927530874	3042.853846666667	-2102.332766941472
2025-01-02 15:20:00	2771.2479200000007	-1849.2986398649155	1957.1224400000003	-2695.849397507788	2074.69752	-2854.771670360407	1638.602186666667	-1643.7479777452386	3042.853846666667	-2107.7941667541427
2025-01-02 15:30:00	2771.2479200000007	-1846.4524662822278	1957.1224400000003	-2702.1553528892236	2074.69752	-2854.802938739031	1638.602186666667	-1648.3067151809432	3042.853846666667	-2113.45245721269
2025-01-02 15:40:00	2771.2479200000007	-1850.773876677672	1957.1224400000003	-2704.0450605535752	2074.69752	-2856.1161871321287	1638.602186666667	-1650.4043927667012	3042.853846666667	-2118.314442943185
2025-01-02 15:50:00	2771.2479200000007	-1854.5960136399644	1957.1224400000003	-2705.1395073524345	2074.69752	-2856.5043426336747	1638.602186666667	-1652.6175928875432	3042.853846666667	-2125.382596923736
2025-01-02 16:00:00	344.25440000000003	-1966.2362340497114	243.12080000000003	-2856.592303519421	257.7264	-3026.1613853997283	203.55306666666667	-1753.5163748711984	377.99426666666665	-2256.1798374017435
2025-01-02 16:10:00	344.25440000000003	-1970.3400788818838	243.12080000000003	-2860.623677910489	257.7264	-3022.280343937737	203.55306666666667	-1753.7507988852205	377.99426666666665	-2258.2499652730694
2025-01-02 16:20:00	344.25440000000003	-1969.8573961411228	243.12080000000003	-2860.6666957798625	257.7264	-3018.678367054492	203.55306666666667	-1755.5691923126176	377.99426666666665	-2259.159347584229
2025-01-02 16:30:00	344.25440000000003	-1975.239644661179	243.12080000000003	-2854.43899037158	257.7264	-3019.2368566043647	203.55306666666667	-1756.496932361097	377.99426666666665	-2263.36603598243
2025-01-02 16:40:00	344.25440000000003	-1977.7345628443002	243.12080000000003	-2851.4089503923874	257.7264	-3018.534137483819	203.55306666666667	-1758.777967838712	377.99426666666665	-2259.1056237647485
2025-01-02 16:50:00	344.25440000000003	-1981.3750044235528	243.12080000000003	-2850.171936939078	257.7264	-3015.535581031061	203.55306666666667	-1762.049705903418	377.99426666666665	-2260.3678054677603
2025-01-02 17:00:00	587.7283244	-2085.6020943443	415.06798580000003	-2994.2023587387125	440.0033964	-3166.20581101052	347.5159730666667	-1851.7217008064256	645.3307117666666	-2381.041215553119
2025-01-02 17:10:00	587.7283244	-2087.159440085959	415.06798580000003	-2984.3360049992975	440.0033964	-3157.953921627179	347.5159730666667	-1852.0345621413605	645.3307117666666	-2376.2583304903073
2025-01-02 17:20:00	587.7283244	-2086.5832442835726	415.06798580000003	-2980.841050504487	440.0033964	-3155.942666098344	347.5159730666667	-1853.6970029798106	645.3307117666666	-2379.555093205147
2025-01-02 17:30:00	587.7283244	-2094.393456355052	415.06798580000003	-2983.5272197629756	440.0033964	-3156.5187332287255	347.5159730666667	-1857.8664889936529	645.3307117666666	-2380.2873284890875
2025-01-02 17:40:00	587.7283244	-2093.2113337189594	415.06798580000003	-2989.5097692115346	440.0033964	-3150.537683805073	347.5159730666667	-1863.1869154122348	645.3307117666666	-2383.2118893853917
2025-01-02 17:50:00	587.7283244	-2094.7298697731126	415.06798580000003	-2987.017338651392	440.0033964	-3149.0017496583073	347.5159730666667	-1867.6949701190536	645.3307117666666	-2380.9520406003417
2025-01-02 18:00:00	581.6178088	-2195.193197207396	410.7525916	-3129.250314486694	435.4287528	-3295.3380440415044	343.9029061333333	-1954.3778986636441	638.6213135333333	-2488.567557036522
2025-01-02 18:10:00	581.6178088	-2196.125274821802	410.7525916	-3121.545964138422	435.4287528	-3289.183976192886	343.9029061333333	-1951.7764484484576	638.6213135333333	-2481.148916829501
2025-01-02 18:20:00	581.6178088	-2196.474879418798	410.7525916	-3127.200176933251	435.4287528	-3295.947659264652	343.9029061333333	-1950.923846564773	638.6213135333333	-2482.5087018464797
2025-01-02 18:30:00	581.6178088	-2207.925157610206	410.7525916	-3138.2453818707318	435.4287528	-3296.5558217162634	343.9029061333333	-1957.039551979735	638.6213135333333	-2487.2196843311676
2025-01-02 18:40:00	581.6178088	-2208.9457122966905	410.7525916	-3140.429818221372	435.4287528	-3298.6095060441253	343.9029061333333	-1960.6030841628506	638.6213135333333	-2477.6094856660616
2025-01-02 18:50:00	581.6178088	-2208.2828414487985	410.7525916	-3134.561967757925	435.4287528	-3293.917346741144	343.9029061333333	-1962.1374809356123	638.6213135333333	-2474.577939164018
2025-01-02 19:00:00	582.8226992000001	-2289.430956589878	411.60351440000005	-3247.715031746792	436.3307952	-3409.5393330852885	344.6153418666667	-2032.8317889918403	639.9442934666666	-2562.0916563450032
2025-01-02 19:10:00	582.8226992000001	-2291.8118414533733	411.60351440000005	-3250.743480557204	436.3307952	-3408.6801343611814	344.6153418666667	-2028.8276729673385	639.9442934666666	-2559.6435985332178
2025-01-02 19:20:00	582.8226992000001	-2293.4104948606573	411.60351440000005	-3251.164848646431	436.3307952	-3407.053301796233	344.6153418666667	-2031.1020898592315	639.9442934666666	-2564.412892786513
2025-01-02 19:30:00	582.8226992000001	-2298.1237015139513	411.60351440000005	-3240.4546598676825	436.3307952	-3407.657482351237	344.6153418666667	-2028.916308562406	639.9442934666666	-2558.650370904461
2025-01-02 19:40:00	582.8226992000001	-2295.8290150135217	411.60351440000005	-3235.1221238215135	436.3307952	-3399.352299357499	344.6153418666667	-2027.6791452760558	639.9442934666666	-2557.870406749841
2025-01-02 19:50:00	582.8226992000001	-2297.098686338501	411.60351440000005	-3228.2251927487223	436.3307952	-3390.283580170171	344.6153418666667	-2034.1335894792132	639.9442934666666	-2559.971377435062
2025-01-02 20:00:00	569.2246504	-2294.8888386219805	402.00024279999997	-3219.699297177659	426.15060239999997	-3387.310162558453	336.5749957333333	-2030.9027690428834	625.0135199333332	-2550.9633204376987
2025-01-02 20:10:00	569.2246504	-2292.409413311578	402.00024279999997	-3213.615240856365	426.15060239999997	-3379.7874169747	336.5749957333333	-2034.7749406474068	625.0135199333332	-2549.181382180139
2025-01-02 20:20:00	569.2246504	-2291.2631096415566	402.00024279999997	-3205.784412669158	426.15060239999997	-3372.385285903159	336.5749957333333	-2033.0213031361013	625.0135199333332	-2544.079724190713
2025-01-02 20:30:00	569.2246504	-2290.2635397389067	402.00024279999997	-3199.260502475233	426.15060239999997	-3366.8408294577257	336.5749957333333	-2032.769576361773	625.0135199333332	-2541.233100384705
2025-01-02 20:40:00	569.2246504	-2289.9113557608803	402.00024279999997	-3193.7284852420744	426.15060239999997	-3363.839201414819	336.5749957333333	-2032.497308945462	625.0135199333332	-2540.279393572837
2025-01-02 20:50:00	569.2246504	-2290.2794586227715	402.00024279999997	-3186.9757872092396	426.15060239999997	-3359.543379811385	336.5749957333333	-2032.9408971581151	625.0135199333332	-2538.8054660124844
2025-01-02 21:00:00	602.0148820000001	-2331.836668762704	425.15749900000003	-3233.5583679465713	450.699042	-3413.310106506127	355.96342533333336	-2065.632923725577	661.0174738333333	-2581.0699597761504
2025-01-02 21:10:00	602.0148820000001	-2331.149915341105	425.15749900000003	-3223.0260434622005	450.699042	-3409.8568494655888	355.96342533333336	-2064.074841354049	661.0174738333333	-2575.955201660242
2025-01-02 21:20:00	602.0148820000001	-2331.810915582863	425.15749900000003	-3216.8509921350364	450.699042	-3413.311048737621	355.96342533333336	-2064.631557992715	661.0174738333333	-2574.140120309966
2025-01-02 21:30:00	602.0148820000001	-2329.2677731087047	425.15749900000003	-3212.8014321873297	450.699042	-3403.888826447083	355.96342533333336	-2064.6505703535436	661.0174738333333	-2571.7263779049163
2025-01-02 21:40:00	602.0148820000001	-2329.486159277167	425.15749900000003	-3210.377366945206	450.699042	-3398.766849082414	355.96342533333336	-2064.1293082511033	661.0174738333333	-2567.5742016363647
2025-01-02 21:50:00	602.0148820000001	-2326.6464933604607	425.15749900000003	-3207.692565345252	450.699042	-3392.4346240646246	355.96342533333336	-2061.44506511759	661.0174738333333	-2565.114658843064
2025-01-02 22:00:00	575.8515476	-2336.687601013321	406.68031820000004	-3226.4681595684406	431.1118356	-3412.3101728484626	340.4933922666667	-2074.3650885543993	632.2899095666667	-2581.661336558432
2025-01-02 22:10:00	575.8515476	-2337.597306065324	406.68031820000004	-3222.604891024634	431.1118356	-3405.3520637500706	340.4933922666667	-2072.1077528828105	632.2899095666667	-2581.1321204914925
2025-01-02 22:20:00	575.8515476	-2335.348711326372	406.68031820000004	-3218.899901742455	431.1118356	-3400.500780876435	340.4933922666667	-2070.8541350757255	632.2899095666667	-2579.0091173785204
2025-01-02 22:30:00	575.8515476	-2321.2494303298417	406.68031820000004	-3213.2911854527206	431.1118356	-3392.9641070802	340.4933922666667	-2069.410500946246	632.2899095666667	-2577.2796964703643
2025-01-02 22:40:00	575.8515476	-2315.216902909964	406.68031820000004	-3212.019023007141	431.1118356	-3386.7797761776146	340.4933922666667	-2063.2665959621563	632.2899095666667	-2574.3636724669755
2025-01-02 22:50:00	575.8515476	-2302.305935390218	406.68031820000004	-3201.3409997553836	431.1118356	-3381.7429839172937	340.4933922666667	-2059.896394765013	632.2899095666667	-2567.324834551455
2025-01-02 23:00:00	572.0647492	-2312.003333883824	404.00598940000003	-3219.2300178191404	428.27684519999997	-3418.907411023293	338.25430853333336	-2069.594155962217	628.1319726333332	-2579.4063832775846
2025-01-02 23:10:00	572.0647492	-2293.544180158544	404.00598940000003	-3203.1637739177177	428.27684519999997	-3409.874721202942	338.25430853333336	-2049.3105681406673	628.1319726333332	-2568.1548562905455
2025-01-02 23:20:00	572.0647492	-2269.8527269491233	404.00598940000003	-3186.5420985962874	428.27684519999997	-3401.794368714001	338.25430853333336	-2032.4700115691242	628.1319726333332	-2555.7267639588595
2025-01-02 23:30:00	572.0647492	-2258.5229466706587	404.00598940000003	-3180.9598038330364	428.27684519999997	-3393.739842119638	338.25430853333336	-2022.413033185622	628.1319726333332	-2540.340294983027
2025-01-02 23:40:00	572.0647492	-2245.6710422856177	404.00598940000003	-3175.937811665998	428.27684519999997	-3386.912351425776	338.25430853333336	-2013.3819810959487	628.1319726333332	-2520.0588130933393
2025-01-02 23:50:00	572.0647492	-2235.835476557052	404.00598940000003	-3166.2469353177125	428.27684519999997	-3379.9219773952905	338.25430853333336	-1995.4485387393845	628.1319726333332	-2498.3344896767694
2025-01-03 00:00:00	574.1302756	-2223.180508068411	405.4647142	-3153.1914984126524	429.8232036	-3365.0942624182017	339.47562693333333	-1974.0153693821312	630.3999382333333	-2471.671567264518
2025-01-03 00:10:00	574.1302756	-2216.7441567153624	405.4647142	-3141.9079201387726	429.8232036	-3353.9326816806133	339.47562693333333	-1934.9721316054706	630.3999382333333	-2473.718903247346
2025-01-03 00:20:00	574.1302756	-2213.6160736704433	405.4647142	-3135.9491790180687	429.8232036	-3347.374734119695	339.47562693333333	-1926.6822198870004	630.3999382333333	-2470.955524304268
2025-01-03 00:30:00	574.1302756	-2211.51679773759	405.4647142	-3129.2857275048764	429.8232036	-3340.385648714113	339.47562693333333	-1926.0552222255192	630.3999382333333	-2466.551038526871
2025-01-03 00:40:00	574.1302756	-2209.550724485299	405.4647142	-3122.020807456137	429.8232036	-3333.4629165112515	339.47562693333333	-1925.476560206103	630.3999382333333	-2462.9735706078004
2025-01-03 00:50:00	574.1302756	-2208.1253391767573	405.4647142	-3113.938456774564	429.8232036	-3326.30783100245	339.47562693333333	-1922.6997083567803	630.3999382333333	-2459.1121746599656
2025-01-03 01:00:00	585.23248	-2205.0279056437657	413.30536000000006	-3107.582653040433	438.13488	-3321.0324345559284	346.0402133333334	-1921.452989428564	642.5902533333333	-2454.375960904639
2025-01-03 01:10:00	585.23248	-2202.0281705378084	413.30536000000006	-3101.2556722812	438.13488	-3313.7622379098975	346.0402133333334	-1920.3441198565963	642.5902533333333	-2451.6892603674696
2025-01-03 01:20:00	585.23248	-2200.3855747811094	413.30536000000006	-3095.537762027132	438.13488	-3307.1174783639	346.0402133333334	-1919.6082311311973	642.5902533333333	-2449.2247960112168
2025-01-03 01:30:00	585.23248	-2197.8921280143695	413.30536000000006	-3088.685819596823	438.13488	-3299.4307063283013	346.0402133333334	-1918.8695360036584	642.5902533333333	-2447.1443293031275
2025-01-03 01:40:00	585.23248	-2195.2481688557173	413.30536000000006	-3080.109041160783	438.13488	-3291.5173715876517	346.0402133333334	-1917.6499624790583	642.5902533333333	-2441.1572212542223
2025-01-03 01:50:00	585.23248	-2192.184500455337	413.30536000000006	-3073.580050817709	438.13488	-3286.0131847450893	346.0402133333334	-1916.6135679759625	642.5902533333333	-2436.3978571873117
2025-01-03 02:00:00	615.5268672000001	-2281.257080566197	434.69999040000005	-3196.8418756589786	460.81480320000003	-3417.7521867590335	363.95288320000003	-1994.740254116985	675.8537488	-2538.990050308761
2025-01-03 02:10:00	615.5268672000001	-2276.18907367367	434.69999040000005	-3187.266076551707	460.81480320000003	-3407.257903001663	363.95288320000003	-1992.14222218724	675.8537488	-2532.85869565315
2025-01-03 02:20:00	615.5268672000001	-2273.0042520029824	434.69999040000005	-3177.820687400273	460.81480320000003	-3398.2744741142283	363.95288320000003	-1989.1430509999454	675.8537488	-2527.1198747050053
2025-01-03 02:30:00	615.5268672000001	-2269.724724295173	434.69999040000005	-3170.19192075988	460.81480320000003	-3391.086834443107	363.95288320000003	-1987.0776184376618	675.8537488	-2521.2722096487937
2025-01-03 02:40:00	615.5268672000001	-2266.364040636469	434.69999040000005	-3163.0939528788335	460.81480320000003	-3382.971877932197	363.95288320000003	-1986.561069350702	675.8537488	-2519.46615560429
2025-01-03 02:50:00	615.5268672000001	-2262.654874888844	434.69999040000005	-3154.5036488316923	460.81480320000003	-3374.603383079865	363.95288320000003	-1985.7786571642791	675.8537488	-2514.9337837641897
2025-01-03 03:00:00	609.6745424	-2309.250333303643	430.5669368	-3217.376511793462	456.43345439999996	-3441.6635893213106	360.49248106666664	-2026.5926535680214	669.4278462666666	-2566.120475225335
2025-01-03 03:10:00	609.6745424	-2304.487561158203	430.5669368	-3208.2100662391836	456.43345439999996	-3432.815112754801	360.49248106666664	-2023.2853312678449	669.4278462666666	-2559.651017055599
2025-01-03 03:20:00	609.6745424	-2301.2405139436196	430.5669368	-3201.396474295261	456.43345439999996	-3423.710213345138	360.49248106666664	-2022.284404559864	669.4278462666666	-2555.5924826080172
2025-01-03 03:30:00	609.6745424	-2297.761686902698	430.5669368	-3193.743144667344	456.43345439999996	-3416.2007806865895	360.49248106666664	-2020.6088687213482	669.4278462666666	-2550.982444381174
2025-01-03 03:40:00	609.6745424	-2294.5387888950936	430.5669368	-3188.2787354845973	456.43345439999996	-3408.9661169711726	360.49248106666664	-2019.2937582698469	669.4278462666666	-2547.1734149095946
2025-01-03 03:50:00	609.6745424	-2291.33418681943	430.5669368	-3184.9516964636837	456.43345439999996	-3403.6140227938613	360.49248106666664	-2016.1190012778438	669.4278462666666	-2541.7095055045224
2025-01-03 04:00:00	568.4500780000001	-2330.3571838393873	401.45322100000004	-3244.318103167388	425.570718	-3465.7852908455197	336.11700133333335	-2051.9513501767065	624.1630328333333	-2586.131857204233
2025-01-03 04:10:00	568.4500780000001	-2325.5334324198993	401.45322100000004	-3241.8594569620495	425.570718	-3462.9486707191422	336.11700133333335	-2049.9937328728934	624.1630328333333	-2581.0436171166266
2025-01-03 04:20:00	568.4500780000001	-2321.4869132880203	401.45322100000004	-3241.0930989230415	425.570718	-3461.5918019964524	336.11700133333335	-2047.9515113659168	624.1630328333333	-2578.2286153328605
2025-01-03 04:30:00	568.4500780000001	-2319.0450209049104	401.45322100000004	-3240.4133869602015	425.570718	-3460.313442740469	336.11700133333335	-2044.9763989827766	624.1630328333333	-2576.698651333023
2025-01-03 04:40:00	568.4500780000001	-2315.1642348468317	401.45322100000004	-3239.6847444009536	425.570718	-3459.7136621819295	336.11700133333335	-2041.9936787433821	624.1630328333333	-2575.432946487952
2025-01-03 04:50:00	568.4500780000001	-2312.891238155259	401.45322100000004	-3239.674721246606	425.570718	-3459.4862147006606	336.11700133333335	-2041.1927293652966	624.1630328333333	-2574.8598352235385
2025-01-03 05:00:00	577.1425016000001	-2334.8443040534476	407.59202120000003	-3273.0503961187183	432.0783096	-3494.4629502570083	341.2567162666667	-2059.2257604373317	633.7073880666666	-2601.0096885264156
2025-01-03 05:10:00	577.1425016000001	-2333.6236365459868	407.59202120000003	-3271.7236663037224	432.0783096	-3493.7927909767213	341.2567162666667	-2056.337539206008	633.7073880666666	-2600.1591640825654
2025-01-03 05:20:00	577.1425016000001	-2332.8321879826617	407.59202120000003	-3270.093949785401	432.0783096	-3493.5494236112922	341.2567162666667	-2052.8052638594713	633.7073880666666	-2599.9558345616197
2025-01-03 05:30:00	577.1425016000001	-2332.3331549012983	407.59202120000003	-3270.9099658633027	432.0783096	-3493.888971212164	341.2567162666667	-2050.173542694724	633.7073880666666	-2599.9566224655946
2025-01-03 05:40:00	577.1425016000001	-2332.333861481877	407.59202120000003	-3270.766172693716	432.0783096	-3493.7880600334984	341.2567162666667	-2051.4225264995016	633.7073880666666	-2600.2193145487345
2025-01-03 05:50:00	577.1425016000001	-2332.1796658802896	407.59202120000003	-3270.527601823199	432.0783096	-3493.3444260219076	341.2567162666667	-2049.7658334267617	633.7073880666666	-2599.580688159189
2025-01-03 06:00:00	563.1141348000001	-2345.0262586898384	397.68484860000007	-3304.1867063723103	421.5759588	-3512.7524948067094	332.9619288	-2069.4581698366037	618.3041217	-2615.5565431706254
2025-01-03 06:10:00	563.1141348000001	-2360.2878526617123	397.68484860000007	-3343.2160779863143	421.5759588	-3541.5522884531547	332.9619288	-2087.0850420962456	618.3041217	-2638.487451419561
2025-01-03 06:20:00	563.1141348000001	-2381.3339556800674	397.68484860000007	-3383.2661373105857	421.5759588	-3582.3264237845497	332.9619288	-2105.738280279297	618.3041217	-2675.8549678288646
2025-01-03 06:30:00	563.1141348000001	-2397.072176541539	397.68484860000007	-3418.4361232623214	421.5759588	-3605.6994644979422	332.9619288	-2123.8193733741487	618.3041217	-2699.8867264685086
2025-01-03 06:40:00	563.1141348000001	-2419.731461499012	397.68484860000007	-3445.3033923661196	421.5759588	-3636.7298863761553	332.9619288	-2142.174770267916	618.3041217	-2713.967116071461
2025-01-03 06:50:00	563.1141348000001	-2441.2221190424534	397.68484860000007	-3484.21430975334	421.5759588	-3663.3091699954266	332.9619288	-2159.9162696085896	618.3041217	-2727.862312386015
2025-01-03 07:00:00	582.8226992000001	-2498.265583089705	411.60351440000005	-3567.1367660595515	436.3307952	-3745.0299849956377	344.6153418666667	-2211.9748581821577	639.9442934666666	-2803.7296839988076
2025-01-03 07:10:00	582.8226992000001	-2520.5753595337737	411.60351440000005	-3589.3293252934754	436.3307952	-3778.5656241387637	344.6153418666667	-2226.8134996399635	639.9442934666666	-2834.407626474026
2025-01-03 07:20:00	582.8226992000001	-2543.991689970858	411.60351440000005	-3610.9760349834396	436.3307952	-3804.5089756690727	344.6153418666667	-2241.0697627353884	639.9442934666666	-2852.428914585279
2025-01-03 07:30:00	582.8226992000001	-2569.226851187914	411.60351440000005	-3625.9689845893354	436.3307952	-3814.3760498937813	344.6153418666667	-2246.036310369471	639.9442934666666	-2871.500677557833
2025-01-03 07:40:00	582.8226992000001	-2584.78540532389	411.60351440000005	-3650.1685891610805	436.3307952	-3829.5182422347275	344.6153418666667	-2250.1604615651127	639.9442934666666	-2886.8708095245565
2025-01-03 07:50:00	582.8226992000001	-2589.6457643388203	411.60351440000005	-3662.5864206786937	436.3307952	-3843.1455974585565	344.6153418666667	-2256.7517875648236	639.9442934666666	-2889.283633801064
2025-01-03 08:00:00	1800.4505120000003	-2584.0889184869156	1271.5217840000003	-3675.846892174654	1347.9090720000002	-3841.3171214239414	1064.5825386666668	-2251.084804616912	1976.9100146666667	-2888.8650707339702
2025-01-03 08:10:00	1800.4505120000003	-2577.663678159206	1271.5217840000003	-3669.213393544626	1347.9090720000002	-3835.773190714119	1064.5825386666668	-2250.351098969267	1976.9100146666667	-2876.5236492133117
2025-01-03 08:20:00	1800.4505120000003	-2573.9051867278886	1271.5217840000003	-3657.8848793962593	1347.9090720000002	-3823.728402224027	1064.5825386666668	-2246.487375262416	1976.9100146666667	-2867.7004546961225
2025-01-03 08:30:00	1800.4505120000003	-2563.8932414692645	1271.5217840000003	-3645.575218021501	1347.9090720000002	-3815.843161299313	1064.5825386666668	-2244.16261155143	1976.9100146666667	-2858.097214350816
2025-01-03 08:40:00	1800.4505120000003	-2557.689108802766	1271.5217840000003	-3631.972557497283	1347.9090720000002	-3802.072323770151	1064.5825386666668	-2239.904271698141	1976.9100146666667	-2851.5466699080134
2025-01-03 08:50:00	1800.4505120000003	-2551.213499943189	1271.5217840000003	-3624.692300674729	1347.9090720000002	-3793.3100775049384	1064.5825386666668	-2235.514971324297	1976.9100146666667	-2851.263182663347
2025-01-03 09:00:00	3862.5343680000005	-2537.9548807534775	2727.8153760000005	-3599.597878516579	2891.6902080000004	-3777.140638917973	2283.865408	-2222.2771799644033	4241.095672	-2844.4916077881207
2025-01-03 09:10:00	3862.5343680000005	-2535.0480262793762	2727.8153760000005	-3592.0142779398775	2891.6902080000004	-3772.7633933671614	2283.865408	-2218.0998743845894	4241.095672	-2840.6945170268264
2025-01-03 09:20:00	3862.5343680000005	-2532.310872552287	2727.8153760000005	-3588.1324569878416	2891.6902080000004	-3761.388786011321	2283.865408	-2217.3464813058463	4241.095672	-2854.726915459277
2025-01-03 09:30:00	3862.5343680000005	-2527.658729136141	2727.8153760000005	-3583.965032635402	2891.6902080000004	-3755.7985494586264	2283.865408	-2215.0196185068335	4241.095672	-2860.091165518237
2025-01-03 09:40:00	3862.5343680000005	-2523.0983661298005	2727.8153760000005	-3583.105893427005	2891.6902080000004	-3750.74869470624	2283.865408	-2216.3727051745673	4241.095672	-2863.8745512161504
2025-01-03 09:50:00	3862.5343680000005	-2521.7335172180365	2727.8153760000005	-3568.9760752264347	2891.6902080000004	-3747.6671484890676	2283.865408	-2213.500556966862	4241.095672	-2855.749306210798
2025-01-03 10:00:00	6475.425264	-2497.8141113518004	4573.102248	-3542.173916486582	4847.833584	-3728.983644493981	3828.833184	-2199.2738965395497	7110.072155999999	-2831.0459616786757
2025-01-03 10:10:00	6475.425264	-2498.1051630999546	4573.102248	-3530.241526812795	4847.833584	-3729.438523727389	3828.833184	-2198.5720415182436	7110.072155999999	-2827.8832664803504
2025-01-03 10:20:00	6475.425264	-2496.427757784205	4573.102248	-3519.908373742078	4847.833584	-3736.8722333451587	3828.833184	-2198.562461753952	7110.072155999999	-2821.8622549460833
2025-01-03 10:30:00	6475.425264	-2497.4581128819927	4573.102248	-3510.0354766887594	4847.833584	-3734.3330714323474	3828.833184	-2198.9593985659108	7110.072155999999	-2819.25180413584
2025-01-03 10:40:00	6475.425264	-2494.4304153110525	4573.102248	-3500.9597785688948	4847.833584	-3728.7212647421475	3828.833184	-2202.6293567894977	7110.072155999999	-2813.743721803463
2025-01-03 10:50:00	6475.425264	-2490.738954517853	4573.102248	-3506.710514335823	4847.833584	-3733.512878468082	3828.833184	-2206.1990559686933	7110.072155999999	-2808.19393830459
2025-01-03 11:00:00	7358.437800000001	-2454.5559429382174	5196.7071000000005	-3446.337188045747	5508.901800000001	-3693.457317827413	4350.946800000001	-2181.6535623823747	8079.62745	-2765.0852739827997
2025-01-03 11:10:00	7358.437800000001	-2452.476335512274	5196.7071000000005	-3437.4531224629354	5508.901800000001	-3693.3404602677383	4350.946800000001	-2182.149195476736	8079.62745	-2758.3547181198583
2025-01-03 11:20:00	7358.437800000001	-2450.3600947361756	5196.7071000000005	-3426.7452432629307	5508.901800000001	-3689.032126834096	4350.946800000001	-2179.845975448153	8079.62745	-2752.6997092391166
2025-01-03 11:30:00	7358.437800000001	-2447.605298902896	5196.7071000000005	-3420.500056424078	5508.901800000001	-3692.213882576025	4350.946800000001	-2173.521072836953	8079.62745	-2749.5993526369175
2025-01-03 11:40:00	7358.437800000001	-2446.7170363089645	5196.7071000000005	-3414.153930409253	5508.901800000001	-3688.6930490224313	4350.946800000001	-2170.736034427424	8079.62745	-2745.6805160020476
2025-01-03 11:50:00	7358.437800000001	-2444.6768076959124	5196.7071000000005	-3408.993073369733	5508.901800000001	-3679.0076319982563	4350.946800000001	-2169.378562412595	8079.62745	-2742.0202266139577
2025-01-03 12:00:00	6349.772408000001	-2424.6873240753603	4484.363156	-3367.351763735748	4753.763448000001	-3638.898183860083	3754.536314666667	-2144.4480494556087	6972.1042486666665	-2710.0514454434306
2025-01-03 12:10:00	6349.772408000001	-2431.693643368996	4484.363156	-3359.4762858448566	4753.763448000001	-3640.248259854585	3754.536314666667	-2139.790069081984	6972.1042486666665	-2709.5840291349214
2025-01-03 12:20:00	6349.772408000001	-2430.15020512349	4484.363156	-3364.8868320567262	4753.763448000001	-3640.4167986361226	3754.536314666667	-2137.2308517439637	6972.1042486666665	-2711.615681115809
2025-01-03 12:30:00	6349.772408000001	-2425.356073882228	4484.363156	-3365.2870748227106	4753.763448000001	-3647.2505924499474	3754.536314666667	-2134.4992337781155	6972.1042486666665	-2713.7471067001843
2025-01-03 12:40:00	6349.772408000001	-2425.066974950131	4484.363156	-3354.7862920196794	4753.763448000001	-3647.311921262264	3754.536314666667	-2132.7271955554584	6972.1042486666665	-2712.6088460823867
2025-01-03 12:50:00	6349.772408000001	-2425.549351219307	4484.363156	-3345.3736569084813	4753.763448000001	-3646.5057121405916	3754.536314666667	-2128.0613482274116	6972.1042486666665	-2712.769682711827
2025-01-03 13:00:00	9449.78328	-2436.180583102743	6673.66596	-3347.660073638095	7074.589679999999	-3672.652037849448	5587.53168	-2135.644986442807	10375.942619999998	-2733.9839325203775
2025-01-03 13:10:00	9449.78328	-2434.455699705437	6673.66596	-3340.7202373037926	7074.589679999999	-3686.9741459677407	5587.53168	-2142.901625093269	10375.942619999998	-2738.760010688655
2025-01-03 13:20:00	9449.78328	-2440.5387020135768	6673.66596	-3337.800890489465	7074.589679999999	-3701.311288604382	5587.53168	-2143.0755688805675	10375.942619999998	-2745.0098349525415
2025-01-03 13:30:00	9449.78328	-2445.256311776264	6673.66596	-3340.5875483393793	7074.589679999999	-3697.997586874897	5587.53168	-2139.8614719308443	10375.942619999998	-2741.2130053408873
2025-01-03 13:40:00	9449.78328	-2438.4135989807073	6673.66596	-3341.472399497781	7074.589679999999	-3687.322859131433	5587.53168	-2137.233290561273	10375.942619999998	-2739.0220946006884
2025-01-03 13:50:00	9449.78328	-2438.1677049565224	6673.66596	-3342.4934438742403	7074.589679999999	-3681.252139316686	5587.53168	-2136.922534233233	10375.942619999998	-2737.627972261611
2025-01-03 14:00:00	6996.97068	-2456.1548849472947	4941.43026	-3372.392298803129	5238.28908	-3698.2131612712683	4137.21608	-2150.780425972971	7682.733469999999	-2759.677169522084
2025-01-03 14:10:00	6996.97068	-2455.670454541545	4941.43026	-3390.3614451935255	5238.28908	-3699.8397357408166	4137.21608	-2149.9360357081296	7682.733469999999	-2766.5292692228495
2025-01-03 14:20:00	6996.97068	-2458.4855354888496	4941.43026	-3407.4080954792	5238.28908	-3688.3173777693655	4137.21608	-2150.6522777607697	7682.733469999999	-2779.4702658265496
2025-01-03 14:30:00	6996.97068	-2459.1519424286053	4941.43026	-3429.986850693139	5238.28908	-3679.8549857667867	4137.21608	-2148.61142686151	7682.733469999999	-2790.6685322199837
2025-01-03 14:40:00	6996.97068	-2464.712993362491	4941.43026	-3439.0785939096886	5238.28908	-3678.1769851500694	4137.21608	-2144.072063246208	7682.733469999999	-2792.1424498912647
2025-01-03 14:50:00	6996.97068	-2458.7393309659183	4941.43026	-3443.5680706343364	5238.28908	-3668.554628992214	4137.21608	-2139.375522289224	7682.733469999999	-2785.2072055847575
2025-01-03 15:00:00	3285.908248	-2529.0193160589324	2320.588036	-3546.187012886485	2459.998488	-3779.7146078320034	1942.9140213333335	-2199.398519343751	3607.9552753333332	-2864.0618788393626
2025-01-03 15:10:00	3285.908248	-2530.2209418459142	2320.588036	-3561.264661854464	2459.998488	-3790.3056958042885	1942.9140213333335	-2200.5562031969357	3607.9552753333332	-2862.2012438063107
2025-01-03 15:20:00	3285.908248	-2530.237876949631	2320.588036	-3568.5468644527336	2459.998488	-3787.9007997424874	1942.9140213333335	-2205.3213987259924	3607.9552753333332	-2853.865393804908
2025-01-03 15:30:00	3285.908248	-2534.7647705609634	2320.588036	-3577.8319337774747	2459.998488	-3792.8249844311945	1942.9140213333335	-2215.458547506886	3607.9552753333332	-2852.240963951476
2025-01-03 15:40:00	3285.908248	-2540.758819318751	2320.588036	-3593.252717149194	2459.998488	-3792.9718389320146	1942.9140213333335	-2227.1494439986263	3607.9552753333332	-2850.524898143863
2025-01-03 15:50:00	3285.908248	-2547.2391868275117	2320.588036	-3594.9853376456276	2459.998488	-3793.3177722520763	1942.9140213333335	-2228.781867208638	3607.9552753333332	-2840.54232338485
2025-01-03 16:00:00	693.6726160000001	-2597.809737506239	489.888412	-3660.0886076539828	519.318696	-3855.4007054633075	410.1594293333334	-2266.822218124538	761.6584473333332	-2891.8180141396324
2025-01-03 16:10:00	693.6726160000001	-2606.7930699970866	489.888412	-3663.8260900173827	519.318696	-3868.6550514765822	410.1594293333334	-2270.958020941752	761.6584473333332	-2894.4691340987756
2025-01-03 16:20:00	693.6726160000001	-2614.2283040306443	489.888412	-3662.854258196081	519.318696	-3876.2286228436114	410.1594293333334	-2276.037140687566	761.6584473333332	-2895.140046161844
2025-01-03 16:30:00	693.6726160000001	-2618.753476692612	489.888412	-3675.7103096859	519.318696	-3890.9108488071206	410.1594293333334	-2279.282096101962	761.6584473333332	-2921.546465165444
2025-01-03 16:40:00	693.6726160000001	-2620.48027428446	489.888412	-3689.4523982651826	519.318696	-3900.5357572194416	410.1594293333334	-2280.300887518313	761.6584473333332	-2940.24245129452
2025-01-03 16:50:00	693.6726160000001	-2622.722866899878	489.888412	-3697.1123402025923	519.318696	-3912.7049540024445	410.1594293333334	-2286.554277393631	761.6584473333332	-2942.7413435161234
2025-01-03 17:00:00	570.5156043999999	-2659.2450696537653	402.91194579999996	-3754.680554055797	427.1170763999999	-3967.1570079559824	337.3383197333333	-2328.2673514262265	626.4309984333332	-2982.906052428988
2025-01-03 17:10:00	570.5156043999999	-2667.828041601099	402.91194579999996	-3751.068466865765	427.1170763999999	-3989.4712288604123	337.3383197333333	-2339.050359643987	626.4309984333332	-2992.5475141798506
2025-01-03 17:20:00	570.5156043999999	-2670.660716077599	402.91194579999996	-3737.8544019185147	427.1170763999999	-4010.687256190572	337.3383197333333	-2348.1512696982654	626.4309984333332	-2995.798390066374
2025-01-03 17:30:00	570.5156043999999	-2675.0600211396286	402.91194579999996	-3739.6037370309914	427.1170763999999	-4024.510248710073	337.3383197333333	-2355.4359215130835	626.4309984333332	-3018.6357198792957
2025-01-03 17:40:00	570.5156043999999	-2684.003339402474	402.91194579999996	-3746.2154522305755	427.1170763999999	-4034.7294147576085	337.3383197333333	-2360.0349206174715	626.4309984333332	-3024.013780980309
2025-01-03 17:50:00	570.5156043999999	-2688.160440024103	402.91194579999996	-3754.338130144053	427.1170763999999	-4050.8460833848267	337.3383197333333	-2365.9691956789097	626.4309984333332	-3028.8540774050625
2025-01-03 18:00:00	576.7982472000001	-2708.893078375164	407.34890040000005	-3786.655039541316	431.82058320000004	-4067.5279045487264	341.05316320000003	-2377.698250261452	633.3293938	-3044.3181667470144
2025-01-03 18:10:00	576.7982472000001	-2714.231787442038	407.34890040000005	-3795.2859101991025	431.82058320000004	-4067.3053645977093	341.05316320000003	-2379.556140039457	633.3293938	-3049.436963061513
2025-01-03 18:20:00	576.7982472000001	-2708.419024690007	407.34890040000005	-3797.2590623771875	431.82058320000004	-4074.597952425998	341.05316320000003	-2375.7524164351607	633.3293938	-3051.654813134435
2025-01-03 18:30:00	576.7982472000001	-2708.791113741234	407.34890040000005	-3793.0646499553777	431.82058320000004	-4077.595981855365	341.05316320000003	-2375.065858050939	633.3293938	-3060.8599741355088
2025-01-03 18:40:00	576.7982472000001	-2706.5898543004505	407.34890040000005	-3796.563996049669	431.82058320000004	-4068.1470341865847	341.05316320000003	-2369.146748489293	633.3293938	-3065.564702128451
2025-01-03 18:50:00	576.7982472000001	-2699.764913068079	407.34890040000005	-3792.653699777782	431.82058320000004	-4064.0193393806017	341.05316320000003	-2365.388309690983	633.3293938	-3068.58173464234
2025-01-03 19:00:00	565.7821064	-2699.568040626481	399.5690348	-3796.152911693046	423.57333839999995	-4073.306651333816	334.53946506666665	-2366.714948174567	621.2335772666667	-3073.796374985218
2025-01-03 19:10:00	565.7821064	-2696.03841743498	399.5690348	-3806.8339626261886	423.57333839999995	-4082.5083037352074	334.53946506666665	-2367.1942759273197	621.2335772666667	-3075.6738130694043
2025-01-03 19:20:00	565.7821064	-2693.512469896212	399.5690348	-3809.3007834202863	423.57333839999995	-4084.702181514432	334.53946506666665	-2365.8113403707957	621.2335772666667	-3081.577925207021
2025-01-03 19:30:00	565.7821064	-2691.853547549831	399.5690348	-3825.370326319897	423.57333839999995	-4089.3651796407926	334.53946506666665	-2361.865852510902	621.2335772666667	-3082.476330797939
2025-01-03 19:40:00	565.7821064	-2682.6623910174644	399.5690348	-3833.454531783187	423.57333839999995	-4087.26867810283	334.53946506666665	-2362.658401051277	621.2335772666667	-3078.8386397235518
2025-01-03 19:50:00	565.7821064	-2676.1074441075366	399.5690348	-3839.133081421277	423.57333839999995	-4080.2496799235755	334.53946506666665	-2361.9491641250174	621.2335772666667	-3077.860953645416
2025-01-03 20:00:00	602.0148820000001	-2651.839671581769	425.15749900000003	-3812.787338852103	450.699042	-4049.459636769274	355.96342533333336	-2343.4613918639743	661.0174738333333	-3046.7100335735854
2025-01-03 20:10:00	602.0148820000001	-2647.239112794147	425.15749900000003	-3813.6270466803653	450.699042	-4059.447119790905	355.96342533333336	-2338.4698122816962	661.0174738333333	-3038.2018425061005
2025-01-03 20:20:00	602.0148820000001	-2642.0551387784703	425.15749900000003	-3813.7251765773553	450.699042	-4062.796204248665	355.96342533333336	-2334.673056549743	661.0174738333333	-3030.8159288003917
2025-01-03 20:30:00	602.0148820000001	-2636.5805465927488	425.15749900000003	-3814.001942910044	450.699042	-4064.3602255626265	355.96342533333336	-2331.5887672504755	661.0174738333333	-3021.6952557128775
2025-01-03 20:40:00	602.0148820000001	-2633.461262528971	425.15749900000003	-3812.0010429375607	450.699042	-4044.489209639446	355.96342533333336	-2330.0795752953013	661.0174738333333	-3016.7202740134308
2025-01-03 20:50:00	602.0148820000001	-2632.787877741072	425.15749900000003	-3800.67856754083	450.699042	-4033.32366094434	355.96342533333336	-2327.1381017797858	661.0174738333333	-3009.5749028025766
2025-01-03 21:00:00	587.814388	-2628.1579321580466	415.128766	-3792.8495075813	440.06782799999996	-4023.974989287565	347.56686133333335	-2324.8417840198576	645.4252103333332	-3005.4130950127615
2025-01-03 21:10:00	587.814388	-2624.5051535822304	415.128766	-3782.287236506948	440.06782799999996	-4011.311960703736	347.56686133333335	-2321.732304915209	645.4252103333332	-3000.9247059309228
2025-01-03 21:20:00	587.814388	-2623.2829868952504	415.128766	-3772.804387036248	440.06782799999996	-4001.2397059282093	347.56686133333335	-2319.414652464007	645.4252103333332	-2992.543104539554
2025-01-03 21:30:00	587.814388	-2623.455352018361	415.128766	-3764.2145949886753	440.06782799999996	-3990.5574959702362	347.56686133333335	-2316.341678832712	645.4252103333332	-2988.881774848401
2025-01-03 21:40:00	587.814388	-2622.5400191350664	415.128766	-3753.0046045699	440.06782799999996	-3987.9677946316015	347.56686133333335	-2313.2677974650355	645.4252103333332	-2982.7213564867784
2025-01-03 21:50:00	587.814388	-2621.7199706814326	415.128766	-3748.866804477647	440.06782799999996	-3971.237045429728	347.56686133333335	-2308.749070733834	645.4252103333332	-2976.3159289586806
2025-01-03 22:00:00	562.1674352	-2629.171810027637	397.01626640000006	-3751.11698012297	420.86721120000004	-3977.573202542941	332.4021578666667	-2314.673546812327	617.2646374666666	-2981.994081023706
2025-01-03 22:10:00	562.1674352	-2627.542578704287	397.01626640000006	-3742.369373380846	420.86721120000004	-3966.262702824743	332.4021578666667	-2312.450775323193	617.2646374666666	-2977.937989871214
2025-01-03 22:20:00	562.1674352	-2624.542776989483	397.01626640000006	-3725.255100941684	420.86721120000004	-3960.694137543363	332.4021578666667	-2312.1742886514603	617.2646374666666	-2971.446834397027
2025-01-03 22:30:00	562.1674352	-2622.1630099327554	397.01626640000006	-3712.4462349665764	420.86721120000004	-3946.2524884484087	332.4021578666667	-2308.6137898269994	617.2646374666666	-2969.0690457590586
2025-01-03 22:40:00	562.1674352	-2619.5942770281954	397.01626640000006	-3699.1567595492515	420.86721120000004	-3937.926109859351	332.4021578666667	-2305.3739777469386	617.2646374666666	-2955.869241366074
2025-01-03 22:50:00	562.1674352	-2615.5660601446752	397.01626640000006	-3692.267113439715	420.86721120000004	-3922.983423695668	332.4021578666667	-2300.638438252232	617.2646374666666	-2948.327384683774
2025-01-03 23:00:00	569.9992228	-2590.659336438139	402.5472646	-3649.6393930009135	426.7304868	-3879.5648821448995	337.0329901333333	-2277.952752659677	625.8640070333332	-2915.413341247277
2025-01-03 23:10:00	569.9992228	-2586.1471396676625	402.5472646	-3637.7261610869737	426.7304868	-3869.2754497849473	337.0329901333333	-2274.7682793494964	625.8640070333332	-2907.1103306893606
2025-01-03 23:20:00	569.9992228	-2579.6326549638597	402.5472646	-3626.1650799958306	426.7304868	-3856.5023649769364	337.0329901333333	-2266.355008149375	625.8640070333332	-2900.2138347004193
2025-01-03 23:30:00	569.9992228	-2574.039727373118	402.5472646	-3617.8898307368117	426.7304868	-3844.8389606193086	337.0329901333333	-2260.5275695324103	625.8640070333332	-2892.939914884272
2025-01-03 23:40:00	569.9992228	-2568.6761876606934	402.5472646	-3603.4520201498444	426.7304868	-3833.644276887042	337.0329901333333	-2253.9369289601427	625.8640070333332	-2885.106328385781
2025-01-03 23:50:00	569.9992228	-2562.7136007480194	402.5472646	-3591.663190785078	426.7304868	-3821.755750970673	337.0329901333333	-2251.249892220284	625.8640070333332	-2877.6243597521693
2025-01-04 00:00:00	563.2862620000001	-2549.3655719039466	397.80640900000003	-3569.9081003152055	421.70482200000004	-3796.1686150390474	333.06370533333336	-2239.4432688975185	618.4931188333334	-2860.397094551644
2025-01-04 00:10:00	563.2862620000001	-2543.61410287867	397.80640900000003	-3558.926027795342	421.70482200000004	-3782.6618279653917	333.06370533333336	-2233.54265159756	618.4931188333334	-2848.6993174113495
2025-01-04 00:20:00	563.2862620000001	-2539.4666725777292	397.80640900000003	-3546.7631354793316	421.70482200000004	-3772.393132082528	333.06370533333336	-2230.347780016592	618.4931188333334	-2841.717464623142
2025-01-04 00:30:00	563.2862620000001	-2533.8330982838083	397.80640900000003	-3535.2456327597374	421.70482200000004	-3762.1875933282486	333.06370533333336	-2226.832550038976	618.4931188333334	-2835.2387623174054
2025-01-04 00:40:00	563.2862620000001	-2527.4556872482344	397.80640900000003	-3524.457791593386	421.70482200000004	-3749.4012500152644	333.06370533333336	-2223.201777320916	618.4931188333334	-2828.243413473265
2025-01-04 00:50:00	563.2862620000001	-2522.3046890997753	397.80640900000003	-3511.8873244949377	421.70482200000004	-3735.5206848289613	333.06370533333336	-2218.6556581002	618.4931188333334	-2819.7118837490334
2025-01-04 01:00:00	581.0153636	-2602.467197432294	410.32713020000006	-3622.6488086626005	434.9777316	-3854.832240023753	343.5466882666667	-2290.7702201651405	637.9598235666666	-2909.632765287828
2025-01-04 01:10:00	581.0153636	-2595.05744345475	410.32713020000006	-3608.4765161330342	434.9777316	-3839.5304083434603	343.5466882666667	-2286.3895541533993	637.9598235666666	-2898.7700048082224
2025-01-04 01:20:00	581.0153636	-2588.716493859678	410.32713020000006	-3596.846196650189	434.9777316	-3829.9282614681624	343.5466882666667	-2282.1692792849703	637.9598235666666	-2890.2349874965475
2025-01-04 01:30:00	581.0153636	-2582.2304054970414	410.32713020000006	-3584.900325218494	434.9777316	-3819.116889654926	343.5466882666667	-2277.5401264113243	637.9598235666666	-2881.897897814314
2025-01-04 01:40:00	581.0153636	-2574.8044546155843	410.32713020000006	-3570.817628198738	434.9777316	-3802.9245274173663	343.5466882666667	-2272.1869749257726	637.9598235666666	-2870.8714792856526
2025-01-04 01:50:00	581.0153636	-2568.3144830934298	410.32713020000006	-3558.3264058496998	434.9777316	-3793.3127756480517	343.5466882666667	-2268.8469148873032	637.9598235666666	-2863.6795512727085
2025-01-04 02:00:00	599.432974	-2544.012849081305	423.334093	-3523.66565195266	448.76609399999995	-3758.168420845645	354.43677733333334	-2248.0285964738737	658.1825168333332	-2834.2805123562207
2025-01-04 02:10:00	599.432974	-2539.425182958888	423.334093	-3518.867802386397	448.76609399999995	-3754.8527893269334	354.43677733333334	-2244.5436233734486	658.1825168333332	-2826.470027090165
2025-01-04 02:20:00	599.432974	-2533.438826556613	423.334093	-3515.1369144489663	448.76609399999995	-3752.1090360431085	354.43677733333334	-2239.2916055809537	658.1825168333332	-2816.985778036738
2025-01-04 02:30:00	599.432974	-2526.9892422683906	423.334093	-3512.989908196481	448.76609399999995	-3750.312909196097	354.43677733333334	-2234.9519849705925	658.1825168333332	-2808.6496422727746
2025-01-04 02:40:00	599.432974	-2521.2137790454276	423.334093	-3511.3373560661053	448.76609399999995	-3749.469377015545	354.43677733333334	-2231.9448777085518	658.1825168333332	-2803.4362266350367
2025-01-04 02:50:00	599.432974	-2516.1452422139405	423.334093	-3510.4071396573518	448.76609399999995	-3748.447507875558	354.43677733333334	-2228.2243493647	658.1825168333332	-2799.7319942715903
2025-01-04 03:00:00	573.2696396	-2529.0253885684942	404.8569122	-3536.1154507627098	429.17888759999994	-3775.354089629661	338.96674426666664	-2240.204671601765	629.4549525666666	-2818.7564347694306
2025-01-04 03:10:00	573.2696396	-2524.7483410941286	404.8569122	-3535.1695598722463	429.17888759999994	-3774.60375704542	338.96674426666664	-2234.9685691505656	629.4549525666666	-2816.767593774064
2025-01-04 03:20:00	573.2696396	-2522.521826559887	404.8569122	-3535.549534163975	429.17888759999994	-3775.0291801919884	338.96674426666664	-2231.424549958785	629.4549525666666	-2815.92843794084
2025-01-04 03:30:00	573.2696396	-2521.0472880705	404.8569122	-3535.44452777693	429.17888759999994	-3775.0882707290357	338.96674426666664	-2227.4925893967857	629.4549525666666	-2815.3515547247443
2025-01-04 03:40:00	573.2696396	-2519.608979440414	404.8569122	-3534.95428047326	429.17888759999994	-3774.7171106308515	338.96674426666664	-2223.8282015608556	629.4549525666666	-2814.899249072316
2025-01-04 03:50:00	573.2696396	-2519.1278202386006	404.8569122	-3534.423252216698	429.17888759999994	-3774.4170115963816	338.96674426666664	-2219.386815024828	629.4549525666666	-2814.5566387110084
2025-01-04 04:00:00	571.4623039999999	-2528.7855949787045	403.58052799999996	-3548.558580287697	427.82582399999995	-3789.7312426677777	337.89809066666663	-2224.432360065107	627.4704826666665	-2825.927577537836
2025-01-04 04:10:00	571.4623039999999	-2528.655390001013	403.58052799999996	-3549.117333704374	427.82582399999995	-3789.44253697834	337.89809066666663	-2222.040751410117	627.4704826666665	-2826.143216965067
2025-01-04 04:20:00	571.4623039999999	-2528.303899856305	403.58052799999996	-3548.8133322218337	427.82582399999995	-3789.3589086409816	337.89809066666663	-2220.2462863981514	627.4704826666665	-2826.0691802875385
2025-01-04 04:30:00	571.4623039999999	-2528.2001030510373	403.58052799999996	-3548.1162322283176	427.82582399999995	-3790.047910483219	337.89809066666663	-2218.8880820615195	627.4704826666665	-2825.7346687297313
2025-01-04 04:40:00	571.4623039999999	-2527.8054583514977	403.58052799999996	-3548.4664161027817	427.82582399999995	-3788.699876797967	337.89809066666663	-2218.0740442547176	627.4704826666665	-2825.3326668721015
2025-01-04 04:50:00	571.4623039999999	-2527.6017019837145	403.58052799999996	-3548.8706955190437	427.82582399999995	-3789.3901525174074	337.89809066666663	-2218.2992129301447	627.4704826666665	-2825.696075849363
2025-01-04 05:00:00	559.843718	-2590.231627358367	395.375201	-3637.04885378146	419.12755799999996	-3883.992825070468	331.02817466666664	-2272.7962523069036	614.7131761666666	-2897.9446795772483
2025-01-04 05:10:00	559.843718	-2589.110459517198	395.375201	-3635.290708527341	419.12755799999996	-3882.462821859549	331.02817466666664	-2271.662373864102	614.7131761666666	-2896.593436763089
2025-01-04 05:20:00	559.843718	-2589.0102850048265	395.375201	-3635.906527149492	419.12755799999996	-3881.8138157266494	331.02817466666664	-2270.947866560913	614.7131761666666	-2896.5180208585653
2025-01-04 05:30:00	559.843718	-2589.2201258711984	395.375201	-3634.8233448910696	419.12755799999996	-3882.0776317392783	331.02817466666664	-2271.4983388136397	614.7131761666666	-2896.597018517535
2025-01-04 05:40:00	559.843718	-2589.501208482294	395.375201	-3635.326073457346	419.12755799999996	-3882.5481462440366	331.02817466666664	-2271.8768764536317	614.7131761666666	-2896.872716184012
2025-01-04 05:50:00	559.843718	-2589.735742413929	395.375201	-3636.1279114185527	419.12755799999996	-3882.64909628667	331.02817466666664	-2271.7285794038435	614.7131761666666	-2896.6921764651897
2025-01-04 06:00:00	564.7493432	-2616.6742624658364	398.83967240000004	-3673.6779824462096	422.8001592	-3924.173605118527	333.92880586666666	-2295.2173709334193	620.0995944666666	-2928.0858706269423
2025-01-04 06:10:00	564.7493432	-2615.958167263526	398.83967240000004	-3692.0525296326086	422.8001592	-3955.770940444919	333.92880586666666	-2304.976060495588	620.0995944666666	-2950.711806569752
2025-01-04 06:20:00	564.7493432	-2616.3292599890847	398.83967240000004	-3707.3134903516698	422.8001592	-3978.143062660778	333.92880586666666	-2318.5657337652265	620.0995944666666	-2983.8617068776525
2025-01-04 06:30:00	564.7493432	-2619.458010492126	398.83967240000004	-3722.7165379976745	422.8001592	-3992.1396078293565	333.92880586666666	-2326.043579026295	620.0995944666666	-2998.6838206439033
2025-01-04 06:40:00	564.7493432	-2620.6673193585584	398.83967240000004	-3726.409559475783	422.8001592	-3992.14893977693	333.92880586666666	-2333.944525614765	620.0995944666666	-3013.9610015304647
2025-01-04 06:50:00	564.7493432	-2625.6281569661423	398.83967240000004	-3730.0120257223966	422.8001592	-3997.764910580311	333.92880586666666	-2342.1934009568713	620.0995944666666	-3022.6029697854824
2025-01-04 07:00:00	680.4188216	-2583.7535093393917	480.52826120000003	-3676.066807233673	509.39622959999997	-3937.352496950558	402.3226362666667	-2300.7672770329546	747.1056680666666	-2975.7237367448183
2025-01-04 07:10:00	680.4188216	-2590.9738796315487	480.52826120000003	-3708.3862276457576	509.39622959999997	-3957.8931721853314	402.3226362666667	-2312.7792930038386	747.1056680666666	-3007.996918630671
2025-01-04 07:20:00	680.4188216	-2599.983198615162	480.52826120000003	-3730.5710360716903	509.39622959999997	-3977.852912495033	402.3226362666667	-2326.4800154326263	747.1056680666666	-3021.5801125175763
2025-01-04 07:30:00	680.4188216	-2604.9553276758843	480.52826120000003	-3749.396093699448	509.39622959999997	-3989.503723353857	402.3226362666667	-2338.7984141983247	747.1056680666666	-3037.390003989293
2025-01-04 07:40:00	680.4188216	-2621.4860820103836	480.52826120000003	-3774.0190321499394	509.39622959999997	-4015.430253602298	402.3226362666667	-2348.40405519036	747.1056680666666	-3051.381520232429
2025-01-04 07:50:00	680.4188216	-2630.6251482203406	480.52826120000003	-3789.3433554175454	509.39622959999997	-4030.722213950179	402.3226362666667	-2352.289926159992	747.1056680666666	-3052.4908195727826
2025-01-04 08:00:00	3446.8471799999998	-2662.8248548035235	2434.24701	-3859.869517140844	2580.4855799999996	-4090.268473994544	2038.0750799999998	-2381.4672746655565	3784.6675949999994	-3096.589784995485
2025-01-04 08:10:00	3446.8471799999998	-2677.580482118655	2434.24701	-3876.447562322471	2580.4855799999996	-4118.692986224298	2038.0750799999998	-2397.36094668756	3784.6675949999994	-3115.6092469471837
2025-01-04 08:20:00	3446.8471799999998	-2697.031947455731	2434.24701	-3890.0248243212504	2580.4855799999996	-4148.581987100304	2038.0750799999998	-2410.5259607866933	3784.6675949999994	-3127.3519141313986
2025-01-04 08:30:00	3446.8471799999998	-2721.5363277658826	2434.24701	-3906.5192245118556	2580.4855799999996	-4172.25499306358	2038.0750799999998	-2426.920040492078	3784.6675949999994	-3115.6644553352485
2025-01-04 08:40:00	3446.8471799999998	-2737.440600083988	2434.24701	-3921.7538479907703	2580.4855799999996	-4178.866273297102	2038.0750799999998	-2438.4109740934896	3784.6675949999994	-3113.819982744057
2025-01-04 08:50:00	3446.8471799999998	-2750.966710925609	2434.24701	-3934.7559587553155	2580.4855799999996	-4184.316109621825	2038.0750799999998	-2450.162979029223	3784.6675949999994	-3109.083762860812
2025-01-04 09:00:00	14897.60916	-2735.410459233408	10521.05262	-3917.6278274306824	11153.10996	-4171.747883292452	8808.758960000001	-2440.79748168641	16357.701889999998	-3078.633241092575
2025-01-04 09:10:00	14897.60916	-2724.5792296728396	10521.05262	-3923.182190810745	11153.10996	-4181.269983271099	8808.758960000001	-2443.0012403304245	16357.701889999998	-3062.2317609469865
2025-01-04 09:20:00	14897.60916	-2728.9143500947466	10521.05262	-3918.1841362868454	11153.10996	-4189.53157002505	8808.758960000001	-2445.7388939530047	16357.701889999998	-3075.503989746543
2025-01-04 09:30:00	14897.60916	-2728.252634078166	10521.05262	-3923.068253206813	11153.10996	-4195.042544463522	8808.758960000001	-2444.090930500419	16357.701889999998	-3072.4354261870285
2025-01-04 09:40:00	14897.60916	-2730.631172785259	10521.05262	-3915.1544940659805	11153.10996	-4193.0712597546735	8808.758960000001	-2446.358929024713	16357.701889999998	-3078.1628737497813
2025-01-04 09:50:00	14897.60916	-2733.2596300208024	10521.05262	-3912.9302303802124	11153.10996	-4192.308937121854	8808.758960000001	-2447.847744773817	16357.701889999998	-3079.9074575167433
2025-01-04 10:00:00	11369.00156	-2683.878183139381	8029.064420000001	-3822.054296146588	8511.41436	-4101.744438060781	6722.340026666667	-2399.0940408321476	12483.260656666665	-3015.4677111023248
2025-01-04 10:10:00	11369.00156	-2694.9595589080855	8029.064420000001	-3820.309075264883	8511.41436	-4104.715114991068	6722.340026666667	-2401.5369349877183	12483.260656666665	-3024.1560051842353
2025-01-04 10:20:00	11369.00156	-2700.442940104269	8029.064420000001	-3823.36251066201	8511.41436	-4100.888117262619	6722.340026666667	-2400.98649861197	12483.260656666665	-3021.273303071879
2025-01-04 10:30:00	11369.00156	-2711.548017091538	8029.064420000001	-3819.792929017597	8511.41436	-4096.576328111438	6722.340026666667	-2399.3271878517517	12483.260656666665	-3019.2587718986815
2025-01-04 10:40:00	11369.00156	-2713.8797231346507	8029.064420000001	-3812.305666707257	8511.41436	-4096.874202540945	6722.340026666667	-2397.102616689941	12483.260656666665	-3018.484086864326
2025-01-04 10:50:00	11369.00156	-2717.0725679972275	8029.064420000001	-3808.912031888388	8511.41436	-4089.593320893713	6722.340026666667	-2396.0823995404844	12483.260656666665	-3017.9726859615294
2025-01-04 11:00:00	14011.15408	-2706.16179103009	9895.016560000002	-3788.157034708671	10489.46448	-4062.725790499915	8284.609813333334	-2382.761811691773	15384.366653333333	-2999.2632652185293
2025-01-04 11:10:00	14011.15408	-2704.791196062217	9895.016560000002	-3788.990116844874	10489.46448	-4057.558362420612	8284.609813333334	-2381.1852605167223	15384.366653333333	-3001.6117202649093
2025-01-04 11:20:00	14011.15408	-2707.633258664433	9895.016560000002	-3789.219638499486	10489.46448	-4053.0648280454916	8284.609813333334	-2380.8597626679784	15384.366653333333	-3001.752447402103
2025-01-04 11:30:00	14011.15408	-2705.7062971032265	9895.016560000002	-3792.1115085485053	10489.46448	-4055.0029992201944	8284.609813333334	-2380.907410722093	15384.366653333333	-3012.953348260062
2025-01-04 11:40:00	14011.15408	-2706.7168970695657	9895.016560000002	-3793.3611089148853	10489.46448	-4052.4920033513117	8284.609813333334	-2381.3155404232675	15384.366653333333	-3019.923349073515
2025-01-04 11:50:00	14011.15408	-2707.3207772255537	9895.016560000002	-3787.6969864575512	10489.46448	-4071.9786433232784	8284.609813333334	-2379.121570466301	15384.366653333333	-3014.55969810422
2025-01-04 12:00:00	9716.580440000002	-2654.340901331958	6862.084580000001	-3711.4941176427465	7274.32764	-4002.40979474688	5745.285306666668	-2330.664415979497	10668.888176666667	-2952.0219441825193
2025-01-04 12:10:00	9716.580440000002	-2661.997652736145	6862.084580000001	-3713.7073081775025	7274.32764	-4004.5762994954985	5745.285306666668	-2333.334820356755	10668.888176666667	-2953.3398395262593
2025-01-04 12:20:00	9716.580440000002	-2663.66351686334	6862.084580000001	-3712.0073352050667	7274.32764	-4003.938131217319	5745.285306666668	-2335.268284256901	10668.888176666667	-2951.0122153228494
2025-01-04 12:30:00	9716.580440000002	-2662.462910468592	6862.084580000001	-3712.877399971162	7274.32764	-4004.641479891334	5745.285306666668	-2335.1306027183937	10668.888176666667	-2950.9839243152146
2025-01-04 12:40:00	9716.580440000002	-2661.378176998127	6862.084580000001	-3701.5671639354814	7274.32764	-4004.3137363403985	5745.285306666668	-2336.8095913186535	10668.888176666667	-2953.148127528437
2025-01-04 12:50:00	9716.580440000002	-2659.3509564343603	6862.084580000001	-3699.2126754658484	7274.32764	-4007.905676359158	5745.285306666668	-2335.298493781019	10668.888176666667	-2960.793187835232
2025-01-04 13:00:00	4836.77432	-2596.3368194034265	3415.8472400000005	-3607.4854627317873	3621.0559200000002	-3917.9525346544615	2859.920586666667	-2277.232305403059	5310.819446666667	-2897.4233011596652
2025-01-04 13:10:00	4836.77432	-2602.6401789349793	3415.8472400000005	-3615.7132846327077	3621.0559200000002	-3918.6467167329083	2859.920586666667	-2283.294370081789	5310.819446666667	-2921.152445983201
2025-01-04 13:20:00	4836.77432	-2606.059643603915	3415.8472400000005	-3608.1207052467244	3621.0559200000002	-3915.395133995752	2859.920586666667	-2283.790424347763	5310.819446666667	-2926.9460133693165
2025-01-04 13:30:00	4836.77432	-2597.9915750211394	3415.8472400000005	-3612.829535457152	3621.0559200000002	-3908.816300762973	2859.920586666667	-2280.2511425966673	5310.819446666667	-2940.9103896188344
2025-01-04 13:40:00	4836.77432	-2598.214971653738	3415.8472400000005	-3613.0543394774368	3621.0559200000002	-3897.7633950681857	2859.920586666667	-2277.5217142296165	5310.819446666667	-2947.7600842959882
2025-01-04 13:50:00	4836.77432	-2592.475046079041	3415.8472400000005	-3628.717742099092	3621.0559200000002	-3894.5891206455326	2859.920586666667	-2274.5784621206053	5310.819446666667	-2942.9340800985547
2025-01-04 14:00:00	4051.013652	-2611.2588206392834	2860.924014	-3664.1000983402364	3032.795412	-3921.9067176915737	2395.310712	-2295.2161189255794	4448.047533	-2967.2874755789217
2025-01-04 14:10:00	4051.013652	-2607.4499522214815	2860.924014	-3660.2641503330906	3032.795412	-3911.9078836192607	2395.310712	-2293.243481747939	4448.047533	-2965.8069061825
2025-01-04 14:20:00	4051.013652	-2603.9331841505277	2860.924014	-3673.6371064333216	3032.795412	-3905.64985222929	2395.310712	-2294.820775521651	4448.047533	-2958.4662097402606
2025-01-04 14:30:00	4051.013652	-2599.77639830632	2860.924014	-3680.5859859120974	3032.795412	-3909.8440336668205	2395.310712	-2290.349811255095	4448.047533	-2957.3858415208815
2025-01-04 14:40:00	4051.013652	-2595.8455371071163	2860.924014	-3697.046819119858	3032.795412	-3904.4228357872375	2395.310712	-2288.49762956588	4448.047533	-2958.803070238293
2025-01-04 14:50:00	4051.013652	-2593.890533156067	2860.924014	-3684.4276427293844	3032.795412	-3892.5440264116137	2395.310712	-2287.255644081093	4448.047533	-2959.6329598107886
2025-01-04 15:00:00	2386.543628	-2580.2998507333846	1685.434946	-3657.805700573439	1786.6882679999999	-3860.5748945623095	1411.1316346666667	-2272.1123721681756	2620.4452536666663	-2940.054967015668
2025-01-04 15:10:00	2386.543628	-2582.1265741904767	1685.434946	-3655.3399083866743	1786.6882679999999	-3859.6289695795836	1411.1316346666667	-2267.861153925195	2620.4452536666663	-2934.5937600693615
2025-01-04 15:20:00	2386.543628	-2583.36234495093	1685.434946	-3648.6283703621057	1786.6882679999999	-3850.4016493535087	1411.1316346666667	-2266.1168743973803	2620.4452536666663	-2929.509252508271
2025-01-04 15:30:00	2386.543628	-2584.5402636431168	1685.434946	-3644.023291323928	1786.6882679999999	-3834.1765031324526	1411.1316346666667	-2264.9178501409406	2620.4452536666663	-2925.781780872747
2025-01-04 15:40:00	2386.543628	-2585.3731210580086	1685.434946	-3647.4298293151105	1786.6882679999999	-3832.0470539835856	1411.1316346666667	-2264.0881223496503	2620.4452536666663	-2926.284064634675
2025-01-04 15:50:00	2386.543628	-2585.945422015679	1685.434946	-3647.5862909401876	1786.6882679999999	-3829.294199986142	1411.1316346666667	-2260.1326216068896	2620.4452536666663	-2922.1503761826707
2025-01-04 16:00:00	402.00307560000005	-2586.549718962306	283.90431420000004	-3647.234234488209	300.9600036	-3827.345210079736	237.69909360000003	-2256.8017418690915	441.4028049	-2918.5416464750747
2025-01-04 16:10:00	402.00307560000005	-2592.4489523240427	283.90431420000004	-3654.2674985230847	300.9600036	-3855.148332864994	237.69909360000003	-2262.2194546107994	441.4028049	-2921.831368757642
2025-01-04 16:20:00	402.00307560000005	-2599.4224616128167	283.90431420000004	-3655.454710581645	300.9600036	-3869.905891781912	237.69909360000003	-2263.9111316459166	441.4028049	-2921.508023139085
2025-01-04 16:30:00	402.00307560000005	-2596.894152635599	283.90431420000004	-3655.5848398714675	300.9600036	-3888.074862223718	237.69909360000003	-2268.0541463734144	441.4028049	-2926.282225506623
2025-01-04 16:40:00	402.00307560000005	-2596.4671685242083	283.90431420000004	-3663.70632360412	300.9600036	-3915.8287649308213	237.69909360000003	-2269.3140131042883	441.4028049	-2934.0359704706807
2025-01-04 16:50:00	402.00307560000005	-2597.175279808455	283.90431420000004	-3668.3358356635326	300.9600036	-3932.7674754145937	237.69909360000003	-2274.075204163275	441.4028049	-2938.5181127129445
2025-01-04 17:00:00	569.2246504	-2592.3001217816804	402.00024279999997	-3670.6479751636616	426.15060239999997	-3941.939421484809	336.5749957333333	-2277.617671843006	625.0135199333332	-2939.746918772727
2025-01-04 17:10:00	569.2246504	-2588.864259629444	402.00024279999997	-3678.2426897910464	426.15060239999997	-3939.8004028161868	336.5749957333333	-2284.535047749519	625.0135199333332	-2941.001827852117
2025-01-04 17:20:00	569.2246504	-2588.7706054358487	402.00024279999997	-3681.2922740902955	426.15060239999997	-3940.1987841112486	336.5749957333333	-2282.450675377808	625.0135199333332	-2941.371608245342
2025-01-04 17:30:00	569.2246504	-2590.266015920852	402.00024279999997	-3685.003604340006	426.15060239999997	-3935.3978017752224	336.5749957333333	-2279.3881750404776	625.0135199333332	-2942.3098769960993
2025-01-04 17:40:00	569.2246504	-2584.38297189587	402.00024279999997	-3692.8204002362836	426.15060239999997	-3936.6541850447948	336.5749957333333	-2279.0826747158567	625.0135199333332	-2957.1639135646683
2025-01-04 17:50:00	569.2246504	-2583.7967307834406	402.00024279999997	-3695.7066958823993	426.15060239999997	-3937.9692302289723	336.5749957333333	-2279.7757424750193	625.0135199333332	-2962.8663992788734
2025-01-04 18:00:00	563.0280712	-2609.371331246723	397.6240684	-3731.2256830509764	421.51152719999993	-3958.3316318479615	332.91104053333333	-2297.8966201225767	618.2096231333333	-2993.723397792338
2025-01-04 18:10:00	563.0280712	-2621.311432820851	397.6240684	-3731.897543333995	421.51152719999993	-3950.6675081641374	332.91104053333333	-2297.7856489505443	618.2096231333333	-2995.7370325746515
2025-01-04 18:20:00	563.0280712	-2631.402079715813	397.6240684	-3739.5842802525326	421.51152719999993	-3941.334247616031	332.91104053333333	-2298.11508399428	618.2096231333333	-2998.04218718724
2025-01-04 18:30:00	563.0280712	-2640.517540370869	397.6240684	-3743.4995480397197	421.51152719999993	-3953.0838358094893	332.91104053333333	-2294.2658336131717	618.2096231333333	-2999.874169042733
2025-01-04 18:40:00	563.0280712	-2649.576798378503	397.6240684	-3751.464661161696	421.51152719999993	-3960.9046427019334	332.91104053333333	-2291.777200825107	618.2096231333333	-2996.4543817928334
2025-01-04 18:50:00	563.0280712	-2654.100828028983	397.6240684	-3759.94976964261	421.51152719999993	-3965.289382735527	332.91104053333333	-2287.500179521469	618.2096231333333	-2988.4172169199396
2025-01-04 19:00:00	565.6960428	-2668.65460646501	399.50825460000004	-3784.882939657469	423.5089068	-3985.9772929177734	334.48857680000003	-2297.444291360041	621.1390786999999	-3002.8015484052007
2025-01-04 19:10:00	565.6960428	-2673.471637680599	399.50825460000004	-3788.4236079292646	423.5089068	-3987.3741599980203	334.48857680000003	-2295.533831849134	621.1390786999999	-3001.440439074923
2025-01-04 19:20:00	565.6960428	-2667.5996252773084	399.50825460000004	-3792.219970566332	423.5089068	-3994.195056893167	334.48857680000003	-2289.740578976215	621.1390786999999	-2996.825917097984
2025-01-04 19:30:00	565.6960428	-2664.7216163500343	399.50825460000004	-3787.4999887703457	423.5089068	-4003.713611902718	334.48857680000003	-2287.5675501854485	621.1390786999999	-2994.1628068457185
2025-01-04 19:40:00	565.6960428	-2655.7800543266685	399.50825460000004	-3791.2123704122528	423.5089068	-4007.9691447478453	334.48857680000003	-2285.530057583677	621.1390786999999	-2986.921316482276
2025-01-04 19:50:00	565.6960428	-2650.2680300112506	399.50825460000004	-3800.7545364084267	423.5089068	-4010.87451479863	334.48857680000003	-2282.938288142944	621.1390786999999	-2980.0746175494073
2025-01-04 20:00:00	607.2647616	-2634.8781003179456	428.86509120000005	-3786.4385648567472	454.6293696	-3981.2508714669175	359.0676096	-2266.788461629624	666.7818864	-2961.061273447225
2025-01-04 20:10:00	607.2647616	-2625.5967994262755	428.86509120000005	-3787.902279539628	454.6293696	-3976.100630068937	359.0676096	-2268.3540540729846	666.7818864	-2959.711675955964
2025-01-04 20:20:00	607.2647616	-2620.125691192393	428.86509120000005	-3773.5258664230355	454.6293696	-3977.934147960591	359.0676096	-2266.3425791288373	666.7818864	-2953.0977578570937
2025-01-04 20:30:00	607.2647616	-2615.442939832261	428.86509120000005	-3761.5875879542377	454.6293696	-3973.7309467808946	359.0676096	-2262.8547632104487	666.7818864	-2945.3161286644445
2025-01-04 20:40:00	607.2647616	-2610.5742497310603	428.86509120000005	-3751.39765962465	454.6293696	-3978.62268340011	359.0676096	-2266.3159769900267	666.7818864	-2940.2370052193246
2025-01-04 20:50:00	607.2647616	-2605.4665980635864	428.86509120000005	-3741.535721191161	454.6293696	-3965.8799640172138	359.0676096	-2261.6166304891935	666.7818864	-2934.4628050596784
2025-01-04 21:00:00	580.2407912	-2589.253981423347	409.7801084	-3712.3662530334295	434.3978472	-3937.188926297434	343.0886938666667	-2250.72130806773	637.1093364666666	-2913.9565628621776
2025-01-04 21:10:00	580.2407912	-2584.5586252114517	409.7801084	-3699.244803519284	434.3978472	-3927.6116879657243	343.0886938666667	-2246.293099823675	637.1093364666666	-2906.141221705772
2025-01-04 21:20:00	580.2407912	-2580.305762331621	409.7801084	-3689.0012131961566	434.3978472	-3923.4955807322026	343.0886938666667	-2244.667196262197	637.1093364666666	-2900.4149648340654
2025-01-04 21:30:00	580.2407912	-2576.1058950140878	409.7801084	-3682.5574838832927	434.3978472	-3906.288372784354	343.0886938666667	-2242.4902872399757	637.1093364666666	-2894.9876728765826
2025-01-04 21:40:00	580.2407912	-2569.823435367307	409.7801084	-3676.4953901488198	434.3978472	-3894.8681823218544	343.0886938666667	-2240.543811284933	637.1093364666666	-2888.7151896334603
2025-01-04 21:50:00	580.2407912	-2565.4674815640456	409.7801084	-3660.0294451862183	434.3978472	-3883.8334884545898	343.0886938666667	-2239.043587098369	637.1093364666666	-2881.7557039385656
2025-01-04 22:00:00	568.4500780000001	-2563.3719626446173	401.45322100000004	-3651.8723253540006	425.570718	-3876.2900266410215	336.11700133333335	-2234.7412168570445	624.1630328333333	-2878.7286757005277
2025-01-04 22:10:00	568.4500780000001	-2558.7181352723683	401.45322100000004	-3646.284579945169	425.570718	-3862.775294726107	336.11700133333335	-2232.912284416474	624.1630328333333	-2874.10071659273
2025-01-04 22:20:00	568.4500780000001	-2553.7500295948867	401.45322100000004	-3633.341859163595	425.570718	-3850.3230150045456	336.11700133333335	-2229.6055108654805	624.1630328333333	-2870.9720861345318
2025-01-04 22:30:00	568.4500780000001	-2548.7710798904	401.45322100000004	-3621.062861702526	425.570718	-3838.606053444132	336.11700133333335	-2226.1045317780045	624.1630328333333	-2868.3547320932203
2025-01-04 22:40:00	568.4500780000001	-2544.0493889601503	401.45322100000004	-3609.4212338327698	425.570718	-3825.304191290621	336.11700133333335	-2221.7602887288626	624.1630328333333	-2860.1872463051163
2025-01-04 22:50:00	568.4500780000001	-2538.530050200681	401.45322100000004	-3598.565584698557	425.570718	-3813.8272590669603	336.11700133333335	-2218.998791353863	624.1630328333333	-2855.779480692722
2025-01-04 23:00:00	575.5072932	-2507.281694817889	406.43719740000006	-3549.802779414797	430.85410920000004	-3762.654686121584	340.2898392	-2192.7148261959564	631.9119153	-2819.2701903938546
2025-01-04 23:10:00	575.5072932	-2504.010424053382	406.43719740000006	-3539.912099884714	430.85410920000004	-3751.9551983357933	340.2898392	-2191.6508683592547	631.9119153	-2811.7112747682645
2025-01-04 23:20:00	575.5072932	-2499.7003871615407	406.43719740000006	-3529.060071042184	430.85410920000004	-3740.202995358716	340.2898392	-2186.8941742171605	631.9119153	-2809.7727017142515
2025-01-04 23:30:00	575.5072932	-2494.2890525994517	406.43719740000006	-3518.7991207328178	430.85410920000004	-3730.0981773626163	340.2898392	-2183.8892539033836	631.9119153	-2800.3000732583046
2025-01-04 23:40:00	575.5072932	-2490.038598323379	406.43719740000006	-3509.539016196944	430.85410920000004	-3720.0172346164645	340.2898392	-2181.4388290956613	631.9119153	-2800.0845832171985
2025-01-04 23:50:00	575.5072932	-2485.2472414397907	406.43719740000006	-3499.6140587504296	430.85410920000004	-3709.724610457537	340.2898392	-2178.573170938282	631.9119153	-2792.637277616127
2025-01-05 00:00:00	560.1879724	-2460.4576122155318	395.61832180000005	-3460.9981746369726	419.3852844	-3668.142319107539	331.23172773333334	-2157.3505966205935	615.0911704333333	-2763.8261839062916
2025-01-05 00:10:00	560.1879724	-2454.6989550618637	395.61832180000005	-3450.5390374663566	419.3852844	-3656.300072568849	331.23172773333334	-2153.7265041537044	615.0911704333333	-2752.941234139122
2025-01-05 00:20:00	560.1879724	-2449.783999545941	395.61832180000005	-3445.6358736065126	419.3852844	-3645.1719915554013	331.23172773333334	-2152.3005770561504	615.0911704333333	-2747.910796557985
2025-01-05 00:30:00	560.1879724	-2445.225333958037	395.61832180000005	-3433.859760758075	419.3852844	-3634.592716625514	331.23172773333334	-2149.422667567982	615.0911704333333	-2742.059926002317
2025-01-05 00:40:00	560.1879724	-2440.7646653589813	395.61832180000005	-3422.257517100244	419.3852844	-3624.1732709955904	331.23172773333334	-2146.750048080555	615.0911704333333	-2736.8414164358373
2025-01-05 00:50:00	560.1879724	-2436.63058212093	395.61832180000005	-3410.8124606583137	419.3852844	-3613.0851735348506	331.23172773333334	-2142.145640767948	615.0911704333333	-2729.991552662982
2025-01-05 01:00:00	604.6828535999999	-2428.1210917081025	427.04168519999996	-3395.563927063844	452.69642159999995	-3597.2488180793493	357.5409616	-2135.335150761378	663.9469293999999	-2717.98087286032
2025-01-05 01:10:00	604.6828535999999	-2423.535685817641	427.04168519999996	-3385.765812644443	452.69642159999995	-3587.586960014283	357.5409616	-2133.0649176975203	663.9469293999999	-2712.5210985215776
2025-01-05 01:20:00	604.6828535999999	-2417.5493870643777	427.04168519999996	-3375.8453007939693	452.69642159999995	-3579.447161736994	357.5409616	-2130.9271581474045	663.9469293999999	-2705.6481277311314
2025-01-05 01:30:00	604.6828535999999	-2412.784021374817	427.04168519999996	-3366.387652249382	452.69642159999995	-3566.7745253893017	357.5409616	-2127.454997596724	663.9469293999999	-2699.3446331825076
2025-01-05 01:40:00	604.6828535999999	-2408.0483944721946	427.04168519999996	-3356.472790535837	452.69642159999995	-3554.5196795822853	357.5409616	-2122.762663690462	663.9469293999999	-2692.318002512566
2025-01-05 01:50:00	604.6828535999999	-2403.494228859653	427.04168519999996	-3346.65106107912	452.69642159999995	-3544.1504157771938	357.5409616	-2120.260149561218	663.9469293999999	-2687.1177691341577
2025-01-05 02:00:00	597.6256384000001	-2399.6468046770447	422.05770880000006	-3337.3315783271937	447.4130304	-3535.266528581248	353.3681237333334	-2117.354392957955	656.1980469333333	-2681.5374022559017
2025-01-05 02:10:00	597.6256384000001	-2394.2938813120527	422.05770880000006	-3329.047607528431	447.4130304	-3529.405089065397	353.3681237333334	-2114.6255173099325	656.1980469333333	-2675.3061740785492
2025-01-05 02:20:00	597.6256384000001	-2390.3043315193077	422.05770880000006	-3318.1125276976763	447.4130304	-3525.2371366515363	353.3681237333334	-2110.673579754432	656.1980469333333	-2667.4445704406558
2025-01-05 02:30:00	597.6256384000001	-2385.925174175306	422.05770880000006	-3309.6593431435895	447.4130304	-3522.755359963021	353.3681237333334	-2107.7154963927037	656.1980469333333	-2661.6434521332494
2025-01-05 02:40:00	597.6256384000001	-2381.634653587981	422.05770880000006	-3304.9905644413784	447.4130304	-3521.025908309557	353.3681237333334	-2105.750632344418	656.1980469333333	-2657.325673884433
2025-01-05 02:50:00	597.6256384000001	-2377.645647185885	422.05770880000006	-3301.4124396647426	447.4130304	-3519.691173346676	353.3681237333334	-2102.910413167989	656.1980469333333	-2651.6343486647247
2025-01-05 03:00:00	566.728806	-2377.3073915396353	400.237617	-3305.2899420345843	424.282086	-3525.6892623826607	335.099236	-2103.1398856386113	622.2730614999999	-2652.4556262883257
2025-01-05 03:10:00	566.728806	-2372.3776523851016	400.237617	-3303.876747963869	424.282086	-3525.401300985089	335.099236	-2099.1087593685916	622.2730614999999	-2644.476385082255
2025-01-05 03:20:00	566.728806	-2367.4580582727563	400.237617	-3302.9668143959843	424.282086	-3525.56353151022	335.099236	-2097.416463417034	622.2730614999999	-2639.1025323443587
2025-01-05 03:30:00	566.728806	-2363.503860050639	400.237617	-3302.1157071652747	424.282086	-3525.4066939159015	335.099236	-2094.8737354424557	622.2730614999999	-2633.679438828146
2025-01-05 03:40:00	566.728806	-2359.7355497834274	400.237617	-3301.710436677287	424.282086	-3525.401750480595	335.099236	-2091.863127435719	622.2730614999999	-2630.1034671526572
2025-01-05 03:50:00	566.728806	-2357.2243954901874	400.237617	-3301.003824861283	424.282086	-3524.8096903315704	335.099236	-2088.340921184017	622.2730614999999	-2627.794818585393
2025-01-05 04:00:00	569.0525232	-2342.233664625865	401.8786824	-3282.0579616584055	426.02173919999996	-3504.7901421835672	336.4732192	-2073.801281056908	624.8245228	-2610.9600034871446
2025-01-05 04:10:00	569.0525232	-2341.5051629594236	401.8786824	-3282.451974811232	426.02173919999996	-3504.9583595853023	336.4732192	-2071.8900562129684	624.8245228	-2610.4272408595216
2025-01-05 04:20:00	569.0525232	-2340.808937024038	401.8786824	-3282.513582490054	426.02173919999996	-3504.7732821310956	336.4732192	-2069.4628054694763	624.8245228	-2609.6112857280914
2025-01-05 04:30:00	569.0525232	-2340.2505751591575	401.8786824	-3282.276810159107	426.02173919999996	-3504.4618848184523	336.4732192	-2066.2223936858472	624.8245228	-2609.053692565869
2025-01-05 04:40:00	569.0525232	-2339.7657301452923	401.8786824	-3282.1537145738084	426.02173919999996	-3504.618922135037	336.4732192	-2062.571052322458	624.8245228	-2608.7178010064417
2025-01-05 04:50:00	569.0525232	-2339.6602090704255	401.8786824	-3282.296688561253	426.02173919999996	-3505.0785360588393	336.4732192	-2060.7163749893066	624.8245228	-2608.917961197654
2025-01-05 05:00:00	558.4667004	-2354.54006059525	394.4027178	-3303.103066542093	418.0966524	-3527.7031663401544	330.2139624	-2071.3036439441667	613.2011990999999	-2625.993339155491
2025-01-05 05:10:00	558.4667004	-2354.434880899352	394.4027178	-3302.5474128181477	418.0966524	-3527.350328389624	330.2139624	-2069.340579941528	613.2011990999999	-2625.6956725638693
2025-01-05 05:20:00	558.4667004	-2354.048191292709	394.4027178	-3302.3733514250616	418.0966524	-3526.390738134612	330.2139624	-2067.0781875383564	613.2011990999999	-2625.2039353797422
2025-01-05 05:30:00	558.4667004	-2353.873334799851	394.4027178	-3302.7590717323974	418.0966524	-3526.204595434734	330.2139624	-2066.2220984135856	613.2011990999999	-2625.1155623378777
2025-01-05 05:40:00	558.4667004	-2354.234361054907	394.4027178	-3303.305374994072	418.0966524	-3526.8858864995395	330.2139624	-2065.824108742441	613.2011990999999	-2625.3620004163818
2025-01-05 05:50:00	558.4667004	-2354.304183613111	394.4027178	-3302.962286713724	418.0966524	-3527.083626280433	330.2139624	-2065.1028917929984	613.2011990999999	-2625.398364998458
2025-01-05 06:00:00	564.0608344000001	-2344.845462548656	398.35343080000007	-3289.539319081303	422.28470640000006	-3512.9735479399196	333.5216997333334	-2056.672220863973	619.3436059333334	-2614.4475432962417
2025-01-05 06:10:00	564.0608344000001	-2360.23196770078	398.35343080000007	-3301.361203720442	422.28470640000006	-3529.4589824557597	333.5216997333334	-2065.985586854756	619.3436059333334	-2614.62147090334
2025-01-05 06:20:00	564.0608344000001	-2374.079976297924	398.35343080000007	-3307.8964003488218	422.28470640000006	-3537.7478477188824	333.5216997333334	-2076.468474647913	619.3436059333334	-2614.7090364689575
2025-01-05 06:30:00	564.0608344000001	-2378.4505627713347	398.35343080000007	-3312.1121729816323	422.28470640000006	-3543.027576661694	333.5216997333334	-2080.4341945235706	619.3436059333334	-2614.341941240592
2025-01-05 06:40:00	564.0608344000001	-2386.2495446311905	398.35343080000007	-3314.832730414387	422.28470640000006	-3552.2602869258853	333.5216997333334	-2087.4648120422994	619.3436059333334	-2625.610204019793
2025-01-05 06:50:00	564.0608344000001	-2389.9426784811303	398.35343080000007	-3315.291735472414	422.28470640000006	-3561.515014427546	333.5216997333334	-2091.255431188001	619.3436059333334	-2629.7834449271004
2025-01-05 07:00:00	637.731276	-2396.9806102843218	450.381282	-3332.2778532423054	477.438156	-3561.504523353446	377.082056	-2095.4268326749443	700.2343789999999	-2644.066837262765
2025-01-05 07:10:00	637.731276	-2410.7586489834775	450.381282	-3349.29405343888	477.438156	-3581.03491322205	377.082056	-2100.186978801282	700.2343789999999	-2676.3946593980127
2025-01-05 07:20:00	637.731276	-2418.4949806526633	450.381282	-3383.7676991949975	477.438156	-3599.439803018525	377.082056	-2102.503696337364	700.2343789999999	-2682.1215785897075
2025-01-05 07:30:00	637.731276	-2432.8839245329827	450.381282	-3402.5344099450776	477.438156	-3624.5414697578244	377.082056	-2105.9783917899467	700.2343789999999	-2699.334159509699
2025-01-05 07:40:00	637.731276	-2451.533243979252	450.381282	-3424.6444405766515	477.438156	-3653.510337884736	377.082056	-2108.6812694392074	700.2343789999999	-2727.5633847664903
2025-01-05 07:50:00	637.731276	-2466.4336382441297	450.381282	-3444.5851873677784	477.438156	-3665.5952241649884	377.082056	-2123.3975050820163	700.2343789999999	-2745.020056249075
2025-01-05 08:00:00	3991.6297680000007	-2480.199449183321	2818.9856760000007	-3482.0231521919973	2988.3376080000003	-3691.0044607304226	2360.1978080000004	-2144.6570290687396	4382.843522	-2779.9985217261665
2025-01-05 08:10:00	3991.6297680000007	-2494.556416239003	2818.9856760000007	-3510.8601517708353	2988.3376080000003	-3730.9757969754346	2360.1978080000004	-2162.5582670460617	4382.843522	-2808.6642339944556
2025-01-05 08:20:00	3991.6297680000007	-2494.681974013176	2818.9856760000007	-3536.828670068993	2988.3376080000003	-3762.3988278694414	2360.1978080000004	-2169.4487986076892	4382.843522	-2813.4727138920125
2025-01-05 08:30:00	3991.6297680000007	-2493.451967213711	2818.9856760000007	-3563.5808538269225	2988.3376080000003	-3786.849965080225	2360.1978080000004	-2167.914557914113	4382.843522	-2805.0934458783904
2025-01-05 08:40:00	3991.6297680000007	-2489.117676846975	2818.9856760000007	-3576.1308874516894	2988.3376080000003	-3802.770542053593	2360.1978080000004	-2174.053993689503	4382.843522	-2805.0501040939007
2025-01-05 08:50:00	3991.6297680000007	-2486.516601860939	2818.9856760000007	-3567.957860582445	2988.3376080000003	-3789.956802824404	2360.1978080000004	-2169.264055181813	4382.843522	-2803.8352830118456
2025-01-05 09:00:00	4663.786484	-2441.7560494628533	3293.679038	-3499.1903125396348	3491.548404	-3716.254034745397	2757.635170666667	-2133.2535345479496	5120.877327666666	-2753.7916399141295
2025-01-05 09:10:00	4663.786484	-2442.095130017933	3293.679038	-3490.30083537445	3491.548404	-3711.17337860912	2757.635170666667	-2130.1293644625416	5120.877327666666	-2767.0278938004385
2025-01-05 09:20:00	4663.786484	-2447.8788116223386	3293.679038	-3487.4865962451368	3491.548404	-3708.885179490906	2757.635170666667	-2131.789438303222	5120.877327666666	-2773.036563302833
2025-01-05 09:30:00	4663.786484	-2450.9428393856897	3293.679038	-3490.3867491653245	3491.548404	-3705.0354272213644	2757.635170666667	-2129.989834650772	5120.877327666666	-2776.781285655158
2025-01-05 09:40:00	4663.786484	-2455.7861060319074	3293.679038	-3478.783295577384	3491.548404	-3702.569946460152	2757.635170666667	-2129.7034006638237	5120.877327666666	-2782.808896264076
2025-01-05 09:50:00	4663.786484	-2455.1477122238566	3293.679038	-3478.7193596065363	3491.548404	-3697.01370557103	2757.635170666667	-2126.843629309072	5120.877327666666	-2780.7126473496255
2025-01-05 10:00:00	15594.72432	-2321.292238982647	11013.37224	-3277.7623567750798	11675.00592	-3488.4886952712477	9220.95392	-2006.3753550985039	17123.140279999996	-2620.87651510055
2025-01-05 10:10:00	15594.72432	-2316.103642272885	11013.37224	-3270.872750814924	11675.00592	-3482.685023248532	9220.95392	-2007.2378438554533	17123.140279999996	-2619.80654103135
2025-01-05 10:20:00	15594.72432	-2329.3654213765567	11013.37224	-3268.6627125408286	11675.00592	-3485.0720302301615	9220.95392	-2015.3543972324587	17123.140279999996	-2629.512764414787
2025-01-05 10:30:00	15594.72432	-2340.913952134868	11013.37224	-3268.3137491372945	11675.00592	-3484.1058596755665	9220.95392	-2018.9534054545056	17123.140279999996	-2635.8681737524166
2025-01-05 10:40:00	15594.72432	-2346.502611461923	11013.37224	-3268.7791770996355	11675.00592	-3490.450256168622	9220.95392	-2020.4882956919664	17123.140279999996	-2640.3800220554185
2025-01-05 10:50:00	15594.72432	-2351.9055509392874	11013.37224	-3266.8937378813134	11675.00592	-3488.2210795357496	9220.95392	-2024.2996489534853	17123.140279999996	-2652.16039732661
2025-01-05 11:00:00	12169.39304	-2284.1274861876755	8594.320280000002	-3153.3805350829116	9110.62824	-3372.217184002351	7195.6009066666675	-1957.6918793154991	13362.097326666666	-2567.248496330254
2025-01-05 11:10:00	12169.39304	-2292.1462382484697	8594.320280000002	-3160.7107742203934	9110.62824	-3380.2448979886194	7195.6009066666675	-1961.9043748319427	13362.097326666666	-2575.7180319251693
2025-01-05 11:20:00	12169.39304	-2291.0378957663906	8594.320280000002	-3164.170835230325	9110.62824	-3374.519798782947	7195.6009066666675	-1964.511397756055	13362.097326666666	-2576.4541432367296
2025-01-05 11:30:00	12169.39304	-2297.557212857644	8594.320280000002	-3169.4705008154815	9110.62824	-3377.054578349649	7195.6009066666675	-1969.9683846513317	13362.097326666666	-2577.1064386443213
2025-01-05 11:40:00	12169.39304	-2304.0563700994862	8594.320280000002	-3168.706684617371	9110.62824	-3377.957311581971	7195.6009066666675	-1975.1937600088831	13362.097326666666	-2589.8767629967806
2025-01-05 11:50:00	12169.39304	-2306.421092105489	8594.320280000002	-3168.1449963885025	9110.62824	-3382.5498375732313	7195.6009066666675	-1980.9578219021487	13362.097326666666	-2591.557749378546
2025-01-05 12:00:00	40019.574	-2150.454423515308	28262.793000000005	-2939.506794470115	29960.694000000003	-3137.422791553192	23663.044	-1843.8572067872592	43941.8335	-2384.7649932559434
2025-01-05 12:10:00	40019.574	-2138.498112917063	28262.793000000005	-2926.000599284587	29960.694000000003	-3130.1361426991607	23663.044	-1838.239099920298	43941.8335	-2359.318543794143
2025-01-05 12:20:00	40019.574	-2159.7157822772715	28262.793000000005	-2942.3089310818323	29960.694000000003	-3156.7987779500872	23663.044	-1850.9490706985707	43941.8335	-2365.8971927970415
2025-01-05 12:30:00	40019.574	-2172.8064018856167	28262.793000000005	-2954.937055138482	29960.694000000003	-3173.1647948952195	23663.044	-1862.1177428027659	43941.8335	-2378.535554622649
2025-01-05 12:40:00	40019.574	-2179.1682862915186	28262.793000000005	-2974.898088929549	29960.694000000003	-3184.0041945888333	23663.044	-1878.4325448545605	43941.8335	-2392.6601872785977
2025-01-05 12:50:00	40019.574	-2182.75975109126	28262.793000000005	-2999.3191255374986	29960.694000000003	-3188.7090171791824	23663.044	-1880.334949364682	43941.8335	-2401.1128147024137
2025-01-05 13:00:00	7780.149440000001	-2105.9128248778916	5494.53008	-2888.211898503492	5824.61664	-3066.428627099557	4600.299306666667	-1808.960286581374	8542.670426666666	-2310.653780491777
2025-01-05 13:10:00	7780.149440000001	-2127.776897108898	5494.53008	-2921.6585849767216	5824.61664	-3089.5322095527727	4600.299306666667	-1816.334419241497	8542.670426666666	-2326.767053831374
2025-01-05 13:20:00	7780.149440000001	-2110.209183212103	5494.53008	-2919.769515650136	5824.61664	-3080.9521578563135	4600.299306666667	-1810.192862433768	8542.670426666666	-2309.593693588944
2025-01-05 13:30:00	7780.149440000001	-2100.7040361189147	5494.53008	-2916.7709847912374	5824.61664	-3063.5745828318804	4600.299306666667	-1801.5163891031898	8542.670426666666	-2304.739702068082
2025-01-05 13:40:00	7780.149440000001	-2091.0191764855817	5494.53008	-2915.9956710524966	5824.61664	-3049.5548763842135	4600.299306666667	-1791.3235117805389	8542.670426666666	-2307.225706564588
2025-01-05 13:50:00	7780.149440000001	-2086.308183847751	5494.53008	-2918.666685012504	5824.61664	-3041.927490738458	4600.299306666667	-1790.1610717202993	8542.670426666666	-2303.909775728109
2025-01-05 14:00:00	7117.459720000001	-2050.4187045796116	5026.522540000001	-2877.567271625473	5328.4933200000005	-2994.169257498648	4208.459653333333	-1757.1211297056943	7815.031463333333	-2251.1856669359577
2025-01-05 14:10:00	7117.459720000001	-2046.0812519549909	5026.522540000001	-2878.471964372933	5328.4933200000005	-2998.027130921191	4208.459653333333	-1756.359071006119	7815.031463333333	-2251.206191870474
2025-01-05 14:20:00	7117.459720000001	-2042.7104498535446	5026.522540000001	-2874.8598194468877	5328.4933200000005	-2998.1048605913256	4208.459653333333	-1759.9492825520902	7815.031463333333	-2248.726042976242
2025-01-05 14:30:00	7117.459720000001	-2043.1329651098094	5026.522540000001	-2874.101045871823	5328.4933200000005	-2999.6420702579962	4208.459653333333	-1759.394648532837	7815.031463333333	-2246.5809839282765
2025-01-05 14:40:00	7117.459720000001	-2039.6286119950964	5026.522540000001	-2874.6031563654333	5328.4933200000005	-2989.7583845343033	4208.459653333333	-1761.3102159653954	7815.031463333333	-2245.340951080124
2025-01-05 14:50:00	7117.459720000001	-2037.949663154277	5026.522540000001	-2874.051551705842	5328.4933200000005	-2984.6944865283385	4208.459653333333	-1764.2097929969705	7815.031463333333	-2245.5986416339592
2025-01-05 15:00:00	3921.9182520000004	-1887.8550279206988	2769.7537140000004	-2657.042904169498	2936.148012	-2751.1840072330583	2318.978312	-1634.7020552426598	4306.299683	-2060.9104011870304
2025-01-05 15:10:00	3921.9182520000004	-1899.5262676255466	2769.7537140000004	-2659.7154497695064	2936.148012	-2753.451861201153	2318.978312	-1639.458355894154	4306.299683	-2046.4822341882636
2025-01-05 15:20:00	3921.9182520000004	-1896.7016078911724	2769.7537140000004	-2661.8406539458647	2936.148012	-2759.6207187526165	2318.978312	-1643.721457313875	4306.299683	-2037.371996141289
2025-01-05 15:30:00	3921.9182520000004	-1888.6114460122758	2769.7537140000004	-2655.8231346523507	2936.148012	-2760.4554633325974	2318.978312	-1645.7710588566383	4306.299683	-2041.819041358135
2025-01-05 15:40:00	3921.9182520000004	-1884.1047899334849	2769.7537140000004	-2652.605982606682	2936.148012	-2766.4860435442174	2318.978312	-1649.0248817775073	4306.299683	-2052.5228622499053
2025-01-05 15:50:00	3921.9182520000004	-1885.6300342278614	2769.7537140000004	-2650.4062270796167	2936.148012	-2769.636976950486	2318.978312	-1649.4329315257596	4306.299683	-2055.9411378703307
2025-01-05 16:00:00	644.186046	-1860.5670992956782	454.93979700000006	-2612.8115917854348	482.270526	-2731.3161490017455	380.898676	-1629.5786966329101	707.3217715000001	-2028.6178161175123
2025-01-05 16:10:00	644.186046	-1872.8913406386844	454.93979700000006	-2619.0943225324913	482.270526	-2744.222036771048	380.898676	-1635.5598985581846	707.3217715000001	-2036.2525166529288
2025-01-05 16:20:00	644.186046	-1876.063272441175	454.93979700000006	-2615.481327315114	482.270526	-2745.127394026099	380.898676	-1638.1921050323622	707.3217715000001	-2039.3232130936415
2025-01-05 16:30:00	644.186046	-1876.6763440097213	454.93979700000006	-2619.7759142068207	482.270526	-2745.9599750679417	380.898676	-1639.8969248889643	707.3217715000001	-2046.4788096787768
2025-01-05 16:40:00	644.186046	-1872.1252616563686	454.93979700000006	-2623.7537600897444	482.270526	-2748.219628347375	380.898676	-1644.3223507794407	707.3217715000001	-2054.8606333967027
2025-01-05 16:50:00	644.186046	-1865.8422164318042	454.93979700000006	-2626.3169056314077	482.270526	-2751.503909249259	380.898676	-1653.6273938040617	707.3217715000001	-2068.171237207888
2025-01-05 17:00:00	579.9826004	-1862.864844746372	409.59776780000004	-2621.176025147969	434.2045524	-2749.324108268617	342.9360290666667	-1651.8221302878799	636.8258407666666	-2059.871981708465
2025-01-05 17:10:00	579.9826004	-1864.4752762460007	409.59776780000004	-2625.795050876677	434.2045524	-2763.6603541668114	342.9360290666667	-1660.5558978403214	636.8258407666666	-2066.232585702311
2025-01-05 17:20:00	579.9826004	-1868.0897633632617	409.59776780000004	-2622.9679857954793	434.2045524	-2767.2708928733655	342.9360290666667	-1663.3242914924876	636.8258407666666	-2074.7862823063106
2025-01-05 17:30:00	579.9826004	-1864.8515218717812	409.59776780000004	-2624.372428554091	434.2045524	-2770.8108113404946	342.9360290666667	-1667.6582963568	636.8258407666666	-2076.098892033133
2025-01-05 17:40:00	579.9826004	-1866.7472649714432	409.59776780000004	-2626.3818436552033	434.2045524	-2775.1551224140994	342.9360290666667	-1671.4249536659988	636.8258407666666	-2083.749041721643
2025-01-05 17:50:00	579.9826004	-1867.1850651978884	409.59776780000004	-2629.1888471384814	434.2045524	-2772.133070007815	342.9360290666667	-1673.2978015963074	636.8258407666666	-2085.194753637368
2025-01-05 18:00:00	626.11269	-1708.683876272461	442.17595500000004	-2406.6292358871606	468.73989	-2531.2515803351357	370.21214000000003	-1534.1835941274803	687.4770725	-1905.4036463693383
2025-01-05 18:10:00	626.11269	-1718.6645812950496	442.17595500000004	-2416.951230489069	468.73989	-2546.8277939065456	370.21214000000003	-1540.4988404565956	687.4770725	-1922.2211445177404
2025-01-05 18:20:00	626.11269	-1720.498589482052	442.17595500000004	-2420.0496887952463	468.73989	-2542.9285919529066	370.21214000000003	-1546.2185723457937	687.4770725	-1930.7667059313007
2025-01-05 18:30:00	626.11269	-1721.7758319815384	442.17595500000004	-2422.5346591758494	468.73989	-2543.8606803295124	370.21214000000003	-1548.9004598305123	687.4770725	-1931.9324305256077
2025-01-05 18:40:00	626.11269	-1726.4167851900525	442.17595500000004	-2421.289880438966	468.73989	-2541.12707783976	370.21214000000003	-1551.2495519036197	687.4770725	-1928.2386571043198
2025-01-05 18:50:00	626.11269	-1720.8448907465522	442.17595500000004	-2418.3717600690893	468.73989	-2547.4329938139012	370.21214000000003	-1548.9640027131654	687.4770725	-1926.2732957582493
2025-01-05 19:00:00	571.2901767999999	-1640.1781795961097	403.4589676	-2302.257527417551	427.69696079999994	-2422.952193667567	337.79631413333334	-1477.1350181720904	627.2814855333332	-1831.5048718657283
2025-01-05 19:10:00	571.2901767999999	-1646.2478784899336	403.4589676	-2307.582203047156	427.69696079999994	-2420.817645096768	337.79631413333334	-1476.9052721347916	627.2814855333332	-1835.8126132282857
2025-01-05 19:20:00	571.2901767999999	-1644.8997607224692	403.4589676	-2322.8605668208825	427.69696079999994	-2422.4818902946936	337.79631413333334	-1476.1409282765485	627.2814855333332	-1841.4123361962681
2025-01-05 19:30:00	571.2901767999999	-1637.4956836502683	403.4589676	-2331.313968904119	427.69696079999994	-2425.319253751131	337.79631413333334	-1477.5342315512949	627.2814855333332	-1836.4879974816852
2025-01-05 19:40:00	571.2901767999999	-1633.240225879943	403.4589676	-2337.006942668589	427.69696079999994	-2427.8962310163133	337.79631413333334	-1478.560187286589	627.2814855333332	-1835.9270987221587
2025-01-05 19:50:00	571.2901767999999	-1630.618448779207	403.4589676	-2345.4340244879377	427.69696079999994	-2420.1294040467083	337.79631413333334	-1479.0603657642437	627.2814855333332	-1835.9204435473769
2025-01-05 20:00:00	601.8427548000001	-1642.5621228505097	425.03593860000007	-2367.7989221641105	450.5701788	-2436.1354506717294	355.8616488	-1493.546235569717	660.8284767	-1850.7373230896237
2025-01-05 20:10:00	601.8427548000001	-1641.423009157385	425.03593860000007	-2369.7983701030516	450.5701788	-2441.2541043574474	355.8616488	-1494.9399067044799	660.8284767	-1844.121043713209
2025-01-05 20:20:00	601.8427548000001	-1640.1988246896462	425.03593860000007	-2371.898595873238	450.5701788	-2437.60117159753	355.8616488	-1489.2784281193879	660.8284767	-1830.5041925618839
2025-01-05 20:30:00	601.8427548000001	-1640.3127079113037	425.03593860000007	-2376.4240958753912	450.5701788	-2429.4819718606773	355.8616488	-1484.8331919986563	660.8284767	-1829.82585413493
2025-01-05 20:40:00	601.8427548000001	-1644.2280265445265	425.03593860000007	-2373.2017972188087	450.5701788	-2426.258289465513	355.8616488	-1481.9456610183634	660.8284767	-1834.8113811762223
2025-01-05 20:50:00	601.8427548000001	-1646.8165407952797	425.03593860000007	-2372.408831273202	450.5701788	-2423.8461275853615	355.8616488	-1479.7274740342946	660.8284767	-1829.4527284654569
2025-01-05 21:00:00	586.3513068	-1660.4281886811325	414.09550260000003	-2389.45114827359	438.9724908	-2433.017809262809	346.70176080000005	-1487.5856350122517	643.8187346999999	-1845.7006938521492
2025-01-05 21:10:00	586.3513068	-1661.3730566112442	414.09550260000003	-2387.7126756370853	438.9724908	-2434.587396400844	346.70176080000005	-1490.7990362886826	643.8187346999999	-1847.5421144861077
2025-01-05 21:20:00	586.3513068	-1666.3481306181754	414.09550260000003	-2384.1193632062955	438.9724908	-2428.7507157323453	346.70176080000005	-1491.1083655255807	643.8187346999999	-1849.2427062579425
2025-01-05 21:30:00	586.3513068	-1668.4634458175717	414.09550260000003	-2382.46330986469	438.9724908	-2425.9243643862937	346.70176080000005	-1491.3104939307382	643.8187346999999	-1850.1676316368532
2025-01-05 21:40:00	586.3513068	-1676.432093577563	414.09550260000003	-2381.2416111587067	438.9724908	-2424.430868802427	346.70176080000005	-1490.4373918348829	643.8187346999999	-1856.3065677474112
2025-01-05 21:50:00	586.3513068	-1686.7687762503945	414.09550260000003	-2379.5836335591703	438.9724908	-2421.4507169144244	346.70176080000005	-1490.2308009217782	643.8187346999999	-1858.704159503802
2025-01-05 22:00:00	593.7527764	-1710.7880909798155	419.32259980000003	-2423.3047609141067	444.5136084	-2474.8177932823037	351.07815173333336	-1519.2484831303054	651.9456114333333	-1905.5439861197524
2025-01-05 22:10:00	593.7527764	-1702.740733823217	419.32259980000003	-2421.01290850455	444.5136084	-2477.3528491116185	351.07815173333336	-1515.1739448082367	651.9456114333333	-1902.2642560858162
2025-01-05 22:20:00	593.7527764	-1693.2515687516075	419.32259980000003	-2419.0953668791904	444.5136084	-2478.5473548711843	351.07815173333336	-1509.656592593954	651.9456114333333	-1897.6474379179094
2025-01-05 22:30:00	593.7527764	-1685.0142595285733	419.32259980000003	-2404.731457407589	444.5136084	-2485.187300363977	351.07815173333336	-1505.320911136841	651.9456114333333	-1892.2284693767056
2025-01-05 22:40:00	593.7527764	-1679.621433260048	419.32259980000003	-2393.403083038378	444.5136084	-2481.400244480756	351.07815173333336	-1502.7526678270015	651.9456114333333	-1888.953263825134
2025-01-05 22:50:00	593.7527764	-1679.717818804685	419.32259980000003	-2374.9302512396134	444.5136084	-2480.4163112960982	351.07815173333336	-1503.3568373323315	651.9456114333333	-1885.1901826831145
2025-01-05 23:00:00	644.0999823999999	-1663.6121265008583	454.8790168	-2364.7451213585473	482.2060944	-2463.423946704645	380.84778773333335	-1501.4297169041224	707.2272729333332	-1878.7495098972852
2025-01-05 23:10:00	644.0999823999999	-1646.5489941356109	454.8790168	-2346.992972265398	482.2060944	-2453.592811351974	380.84778773333335	-1491.2168837149534	707.2272729333332	-1855.8380097410675
2025-01-05 23:20:00	644.0999823999999	-1631.2407479013204	454.8790168	-2332.0110664164704	482.2060944	-2455.031982912518	380.84778773333335	-1483.8961423758938	707.2272729333332	-1828.0509358504494
2025-01-05 23:30:00	644.0999823999999	-1621.5761442222629	454.8790168	-2323.118294767215	482.2060944	-2455.6068191322306	380.84778773333335	-1480.0207751972357	707.2272729333332	-1815.2325430530307
2025-01-05 23:40:00	644.0999823999999	-1615.6274547386465	454.8790168	-2310.7047103137356	482.2060944	-2437.9545644912405	380.84778773333335	-1462.6220123249664	707.2272729333332	-1792.5645664462124
2025-01-05 23:50:00	644.0999823999999	-1603.896974127049	454.8790168	-2291.6555581703537	482.2060944	-2416.394614708716	380.84778773333335	-1443.6611205198515	707.2272729333332	-1774.2466825372774
2025-01-06 00:00:00	591.3429956000001	-1600.6036745100628	417.6207542000001	-2268.11720425862	442.7095236	-2392.9044774059175	349.6532802666667	-1426.1870499764304	649.2996515666666	-1755.9749006455029
2025-01-06 00:10:00	591.3429956000001	-1548.1513539669886	417.6207542000001	-2192.612190349769	442.7095236	-2321.9435479989315	349.6532802666667	-1382.9486052451025	649.2996515666666	-1688.7884988725239
2025-01-06 00:20:00	591.3429956000001	-1520.8467013125191	417.6207542000001	-2142.8988978389107	442.7095236	-2274.9020818686795	349.6532802666667	-1349.1151180800994	649.2996515666666	-1660.459951613869
2025-01-06 00:30:00	591.3429956000001	-1503.01984674895	417.6207542000001	-2111.1486968011845	442.7095236	-2245.8298021441824	349.6532802666667	-1326.3850224539365	649.2996515666666	-1641.3183056935015
2025-01-06 00:40:00	591.3429956000001	-1490.981396006332	417.6207542000001	-2090.0463450403186	442.7095236	-2226.504836230424	349.6532802666667	-1311.4728683575104	649.2996515666666	-1628.6953070492798
2025-01-06 00:50:00	591.3429956000001	-1482.8837103695987	417.6207542000001	-2076.4033384092845	442.7095236	-2213.6090164487196	349.6532802666667	-1301.3232843153983	649.2996515666666	-1620.2214504342626
2025-01-06 01:00:00	596.420748	-1504.6800180707096	421.20678599999997	-2105.711847853559	446.51098799999994	-2245.9152977415824	352.655688	-1319.089096613193	654.875067	-1645.7524563510497
2025-01-06 01:10:00	596.420748	-1501.157584842777	421.20678599999997	-2099.9405569102405	446.51098799999994	-2239.7278825528383	352.655688	-1315.1557987856058	654.875067	-1641.8894335856967
2025-01-06 01:20:00	596.420748	-1498.9517005171306	421.20678599999997	-2095.2615347003866	446.51098799999994	-2236.1993696769373	352.655688	-1312.3973666013908	654.875067	-1639.288397952591
2025-01-06 01:30:00	596.420748	-1497.6480542723793	421.20678599999997	-2091.4489899037835	446.51098799999994	-2233.991982404339	352.655688	-1310.4106253751015	654.875067	-1637.7283098950102
2025-01-06 01:40:00	596.420748	-1496.7093695190688	421.20678599999997	-2090.0902140955804	446.51098799999994	-2232.871629441543	352.655688	-1309.300720332314	654.875067	-1636.4540285898738
2025-01-06 01:50:00	596.420748	-1496.0474857749718	421.20678599999997	-2089.756755041581	446.51098799999994	-2232.191523713407	352.655688	-1309.1762158148751	654.875067	-1635.9322529180959
2025-01-06 02:00:00	593.5806492	-1496.2196751604247	419.2010394	-2090.2102421865306	444.3847452	-2232.354782286388	350.9763752	-1308.8716873801727	651.7566143	-1636.1479190993255
2025-01-06 02:10:00	593.5806492	-1495.7333692931406	419.2010394	-2088.815807201561	444.3847452	-2230.8958157790917	350.9763752	-1308.1002639600956	651.7566143	-1635.3195872819456
2025-01-06 02:20:00	593.5806492	-1495.437188195076	419.2010394	-2088.2999763292128	444.3847452	-2230.3078118055096	350.9763752	-1307.724097899334	651.7566143	-1635.0882182077685
2025-01-06 02:30:00	593.5806492	-1495.289319354907	419.2010394	-2088.7466054397014	444.3847452	-2230.379047275639	350.9763752	-1308.0669845285752	651.7566143	-1635.2184527455015
2025-01-06 02:40:00	593.5806492	-1495.544265791228	419.2010394	-2088.951706571779	444.3847452	-2230.3608534015557	350.9763752	-1308.2768895650347	651.7566143	-1635.5094226131541
2025-01-06 02:50:00	593.5806492	-1495.5448196492166	419.2010394	-2088.487003423157	444.3847452	-2230.3733030730623	350.9763752	-1308.1729233667206	651.7566143	-1635.3078844009929
2025-01-06 03:00:00	630.5879972	-1493.969673131479	445.3365254	-2088.3285764223247	472.0903332	-2227.945361423275	372.8583298666667	-1306.618631088678	692.3909979666665	-1633.3821946143014
2025-01-06 03:10:00	630.5879972	-1493.8919630676198	445.3365254	-2097.565377692427	472.0903332	-2228.2312524670224	372.8583298666667	-1306.1528139187405	692.3909979666665	-1632.9788130198601
2025-01-06 03:20:00	630.5879972	-1494.0172866913897	445.3365254	-2106.156217754226	472.0903332	-2228.152411558303	372.8583298666667	-1306.6545004472453	692.3909979666665	-1633.4479972051993
2025-01-06 03:30:00	630.5879972	-1493.8459183384728	445.3365254	-2114.9146067328625	472.0903332	-2228.2215575656546	372.8583298666667	-1306.6533968975475	692.3909979666665	-1633.5847599823835
2025-01-06 03:40:00	630.5879972	-1493.6162235378804	445.3365254	-2123.21677989866	472.0903332	-2228.133837961604	372.8583298666667	-1306.5596081777098	692.3909979666665	-1633.52989366512
2025-01-06 03:50:00	630.5879972	-1493.7465547986696	445.3365254	-2130.182287895331	472.0903332	-2227.792644387652	372.8583298666667	-1306.0884159435395	692.3909979666665	-1633.2850410654962
2025-01-06 04:00:00	634.0305412	-1537.9508513539774	447.76773340000005	-2200.913611334047	474.66759720000005	-2295.0134526608535	374.8938605333334	-1347.3531512053821	696.1709406333333	-1684.3539911553648
2025-01-06 04:10:00	634.0305412	-1537.3537088901082	447.76773340000005	-2207.1909412109844	474.66759720000005	-2293.963291875204	374.8938605333334	-1353.1593326413004	696.1709406333333	-1691.5707393466027
2025-01-06 04:20:00	634.0305412	-1537.3213722984603	447.76773340000005	-2214.7939817079196	474.66759720000005	-2294.0405989846445	374.8938605333334	-1358.248418702431	696.1709406333333	-1701.7316319005313
2025-01-06 04:30:00	634.0305412	-1538.2117448313936	447.76773340000005	-2221.772439643805	474.66759720000005	-2293.6187487060665	374.8938605333334	-1362.8046277074084	696.1709406333333	-1713.9852621394393
2025-01-06 04:40:00	634.0305412	-1545.454544011078	447.76773340000005	-2227.2239977624436	474.66759720000005	-2293.392034770693	374.8938605333334	-1367.6641628145535	696.1709406333333	-1721.3437209668905
2025-01-06 04:50:00	634.0305412	-1551.2631562526833	447.76773340000005	-2234.5133687513653	474.66759720000005	-2294.168720295424	374.8938605333334	-1373.6681114426042	696.1709406333333	-1731.763858371019
2025-01-06 05:00:00	580.4129184	-1537.1115635048905	409.90166880000004	-2212.077675241942	434.52671039999996	-2272.3309745368315	343.1904704	-1360.6175285635713	637.2983336	-1713.8048504468904
2025-01-06 05:10:00	580.4129184	-1543.7390193478473	409.90166880000004	-2218.0936988234334	434.52671039999996	-2282.3111504963435	343.1904704	-1365.8447030749417	637.2983336	-1720.5363765869695
2025-01-06 05:20:00	580.4129184	-1549.8056831998051	409.90166880000004	-2223.7225102205853	434.52671039999996	-2291.297118766933	343.1904704	-1369.955573062165	637.2983336	-1729.5034599862877
2025-01-06 05:30:00	580.4129184	-1554.1394407283406	409.90166880000004	-2230.5190907854835	434.52671039999996	-2298.47759482825	343.1904704	-1375.3581532636044	637.2983336	-1737.7661513444807
2025-01-06 05:40:00	580.4129184	-1559.6615281546424	409.90166880000004	-2238.1088452111912	434.52671039999996	-2308.723851970373	343.1904704	-1380.634331007359	637.2983336	-1747.4331423371593
2025-01-06 05:50:00	580.4129184	-1565.859199619436	409.90166880000004	-2244.8661300666054	434.52671039999996	-2317.4444366557786	343.1904704	-1385.3742021073035	637.2983336	-1754.0214966877008
2025-01-06 06:00:00	593.1503312000001	-1518.9440907015373	418.8971384000001	-2175.470015015717	444.06258720000005	-2242.5177628470688	350.7219338666667	-1343.1988817421184	651.2841214666666	-1699.0039476389013
2025-01-06 06:10:00	593.1503312000001	-1525.7581146048287	418.8971384000001	-2181.863268919827	444.06258720000005	-2251.2794777437634	350.7219338666667	-1348.4792247872774	651.2841214666666	-1706.1091447132633
2025-01-06 06:20:00	593.1503312000001	-1534.3285166083137	418.8971384000001	-2189.429437707511	444.06258720000005	-2265.766141413729	350.7219338666667	-1354.8670361599063	651.2841214666666	-1713.504700074686
2025-01-06 06:30:00	593.1503312000001	-1540.7381159881775	418.8971384000001	-2197.084885523807	444.06258720000005	-2276.825623069197	350.7219338666667	-1361.613553211477	651.2841214666666	-1721.3348434026618
2025-01-06 06:40:00	593.1503312000001	-1546.866685634147	418.8971384000001	-2203.7476984663044	444.06258720000005	-2288.057938044211	350.7219338666667	-1366.7723237139178	651.2841214666666	-1731.0996788218056
2025-01-06 06:50:00	593.1503312000001	-1554.1663459271358	418.8971384000001	-2211.8109828905895	444.06258720000005	-2300.437161306983	350.7219338666667	-1373.0642876194488	651.2841214666666	-1739.2818160305262
2025-01-06 07:00:00	604.7689172	-1576.7610381517088	427.1024654000001	-2242.8181106063985	452.76085320000004	-2332.8251372966147	357.5918498666667	-1392.835051625811	664.0414279666667	-1767.5422539149813
2025-01-06 07:10:00	604.7689172	-1581.598624102783	427.1024654000001	-2254.9187430814172	452.76085320000004	-2340.086304020289	357.5918498666667	-1395.930243032915	664.0414279666667	-1771.7074794693044
2025-01-06 07:20:00	604.7689172	-1588.2855647446122	427.1024654000001	-2262.740471198802	452.76085320000004	-2346.5832572886575	357.5918498666667	-1403.1930849704045	664.0414279666667	-1781.5914659562645
2025-01-06 07:30:00	604.7689172	-1595.3468603536485	427.1024654000001	-2286.262532134713	452.76085320000004	-2353.006707984997	357.5918498666667	-1407.5302362598325	664.0414279666667	-1789.1228522311635
2025-01-06 07:40:00	604.7689172	-1599.893908277062	427.1024654000001	-2297.9421988097465	452.76085320000004	-2361.12307775891	357.5918498666667	-1412.3031278723388	664.0414279666667	-1791.7396083286217
2025-01-06 07:50:00	604.7689172	-1606.5923478687669	427.1024654000001	-2303.06202551523	452.76085320000004	-2371.668665510027	357.5918498666667	-1418.7352797932033	664.0414279666667	-1799.4327125871523
2025-01-06 08:00:00	2768.666012	-1695.1604608960793	1955.2990340000001	-2433.1943461184137	2072.764572	-2504.897059612575	1637.0755386666667	-1497.3308837752982	3040.0188896666664	-1902.203981782367
2025-01-06 08:10:00	2768.666012	-1693.9131857354755	1955.2990340000001	-2429.037595713098	2072.764572	-2511.724614819959	1637.0755386666667	-1500.1956630889679	3040.0188896666664	-1905.4257991305012
2025-01-06 08:20:00	2768.666012	-1700.1045978706838	1955.2990340000001	-2438.05153665281	2072.764572	-2512.8137116207395	1637.0755386666667	-1505.3048985581956	3040.0188896666664	-1911.737130262096
2025-01-06 08:30:00	2768.666012	-1708.8789983350975	1955.2990340000001	-2441.02968262182	2072.764572	-2522.9511048409463	1637.0755386666667	-1507.668728959164	3040.0188896666664	-1918.9157093360218
2025-01-06 08:40:00	2768.666012	-1713.9506311352975	1955.2990340000001	-2441.723661146624	2072.764572	-2525.4326547350825	1637.0755386666667	-1510.9713502679995	3040.0188896666664	-1920.4399284767178
2025-01-06 08:50:00	2768.666012	-1715.9570647301648	1955.2990340000001	-2428.390502162095	2072.764572	-2528.0046238105165	1637.0755386666667	-1510.1600344932806	3040.0188896666664	-1921.2225293387319
2025-01-06 09:00:00	6686.281084	-1696.096379165805	4722.013738000001	-2401.4291564025334	5005.691004	-2512.807983929705	3953.5094373333336	-1492.7005706073132	7341.593644333333	-1904.4927014881196
2025-01-06 09:10:00	6686.281084	-1693.2391578736879	4722.013738000001	-2408.452894448942	5005.691004	-2513.4717813748366	3953.5094373333336	-1492.0637716386536	7341.593644333333	-1908.4791269993602
2025-01-06 09:20:00	6686.281084	-1694.4097077985825	4722.013738000001	-2421.1014307086525	5005.691004	-2517.831160974235	3953.5094373333336	-1491.5872915494601	7341.593644333333	-1913.558336394055
2025-01-06 09:30:00	6686.281084	-1687.3019356739624	4722.013738000001	-2432.5325659046266	5005.691004	-2513.5993541736843	3953.5094373333336	-1491.0479209452978	7341.593644333333	-1904.4095251595645
2025-01-06 09:40:00	6686.281084	-1688.0936027469415	4722.013738000001	-2437.250251792858	5005.691004	-2516.9352822033643	3953.5094373333336	-1490.5273681169538	7341.593644333333	-1901.4562076963884
2025-01-06 09:50:00	6686.281084	-1688.451690575408	4722.013738000001	-2434.6883407089426	5005.691004	-2512.090309129483	3953.5094373333336	-1486.093986967574	7341.593644333333	-1899.2337176623987
2025-01-06 10:00:00	10275.993840000001	-1614.22020568898	7257.15588	-2320.635808414372	7693.13304	-2404.633566223699	6076.05904	-1418.6351844644587	11283.128859999999	-1807.999655381349
2025-01-06 10:10:00	10275.993840000001	-1613.2542507397284	7257.15588	-2310.0895936984944	7693.13304	-2412.4690347343703	6076.05904	-1422.247063628024	11283.128859999999	-1796.0074929923794
2025-01-06 10:20:00	10275.993840000001	-1614.5157022304284	7257.15588	-2304.394739473404	7693.13304	-2414.5222467043504	6076.05904	-1424.9581626198697	11283.128859999999	-1790.3872784909872
2025-01-06 10:30:00	10275.993840000001	-1614.826252583336	7257.15588	-2300.3036771233146	7693.13304	-2415.9466429711147	6076.05904	-1423.6872043243848	11283.128859999999	-1787.3545678790451
2025-01-06 10:40:00	10275.993840000001	-1608.9991529661856	7257.15588	-2283.3241567236255	7693.13304	-2416.929718206139	6076.05904	-1423.0827981305874	11283.128859999999	-1784.9540760707314
2025-01-06 10:50:00	10275.993840000001	-1604.1185699593661	7257.15588	-2277.140755669001	7693.13304	-2418.2524062224084	6076.05904	-1419.5003464939018	11283.128859999999	-1778.3052419809756
2025-01-06 11:00:00	7057.215200000001	-1570.9195222164717	4983.9764000000005	-2217.9826962525285	5283.3912	-2361.103167389	4172.837866666667	-1390.3348996915092	7748.882466666666	-1735.7831214787238
2025-01-06 11:10:00	7057.215200000001	-1579.0346653297556	4983.9764000000005	-2220.195758252622	5283.3912	-2356.4262269933843	4172.837866666667	-1388.9607579857857	7748.882466666666	-1740.682459902615
2025-01-06 11:20:00	7057.215200000001	-1578.1644354179143	4983.9764000000005	-2224.9328292083565	5283.3912	-2350.087276777269	4172.837866666667	-1383.8112339014706	7748.882466666666	-1732.8633442720347
2025-01-06 11:30:00	7057.215200000001	-1579.5184695095404	4983.9764000000005	-2226.9494007670764	5283.3912	-2347.4413808169593	4172.837866666667	-1378.7708846007308	7748.882466666666	-1729.1399636505976
2025-01-06 11:40:00	7057.215200000001	-1580.5036840091734	4983.9764000000005	-2221.026557335452	5283.3912	-2360.218473648659	4172.837866666667	-1376.1059214354318	7748.882466666666	-1721.5799740267594
2025-01-06 11:50:00	7057.215200000001	-1578.9209954353237	4983.9764000000005	-2218.6438174337572	5283.3912	-2361.170899474877	4172.837866666667	-1376.6856226372256	7748.882466666666	-1712.9252293753507
2025-01-06 12:00:00	6779.229772	-1555.1231068095103	4787.656354	-2196.682117940919	5075.277132	-2336.584531404016	4008.4687653333335	-1360.416670961517	7443.652096333332	-1677.914569560554
2025-01-06 12:10:00	6779.229772	-1561.2533568037716	4787.656354	-2199.1836160300963	5075.277132	-2344.998389874694	4008.4687653333335	-1364.941717246366	7443.652096333332	-1691.0795392686714
2025-01-06 12:20:00	6779.229772	-1559.7529982361402	4787.656354	-2197.254567083445	5075.277132	-2349.9836369768664	4008.4687653333335	-1371.2064144475057	7443.652096333332	-1689.1386004115348
2025-01-06 12:30:00	6779.229772	-1559.9713311495188	4787.656354	-2195.688765643943	5075.277132	-2352.6695461339514	4008.4687653333335	-1374.1586436890261	7443.652096333332	-1695.4211939360093
2025-01-06 12:40:00	6779.229772	-1565.0197248554477	4787.656354	-2194.9144951451335	5075.277132	-2347.9755889661174	4008.4687653333335	-1380.5448057253448	7443.652096333332	-1696.889575617356
2025-01-06 12:50:00	6779.229772	-1571.1894146722998	4787.656354	-2188.6797532104238	5075.277132	-2343.5459741686636	4008.4687653333335	-1383.8234857386947	7443.652096333332	-1698.314746603025
2025-01-06 13:00:00	20844.603919999998	-1545.5546937319814	14720.96444	-2166.017695657123	15605.333519999998	-2321.563469898074	12325.138186666665	-1373.1412394566614	22887.552846666662	-1682.6902242539036
2025-01-06 13:10:00	20844.603919999998	-1528.629046125614	14720.96444	-2162.723900390665	15605.333519999998	-2323.511445640577	12325.138186666665	-1371.9176506314961	22887.552846666662	-1686.0484256055533
2025-01-06 13:20:00	20844.603919999998	-1534.6351197215954	14720.96444	-2174.145393546114	15605.333519999998	-2338.317815198143	12325.138186666665	-1380.0132117558169	22887.552846666662	-1700.9870401594853
2025-01-06 13:30:00	20844.603919999998	-1542.7105954909275	14720.96444	-2181.0332891691396	15605.333519999998	-2338.765112036095	12325.138186666665	-1383.9268008219824	22887.552846666662	-1717.154400249885
2025-01-06 13:40:00	20844.603919999998	-1545.9263636800897	14720.96444	-2185.166713891631	15605.333519999998	-2336.462165037914	12325.138186666665	-1391.598974847806	22887.552846666662	-1733.0741749136796
2025-01-06 13:50:00	20844.603919999998	-1548.7050716851118	14720.96444	-2175.866263905169	15605.333519999998	-2322.455152961107	12325.138186666665	-1393.3422564188913	22887.552846666662	-1741.0409414052847
2025-01-06 14:00:00	5767.982472	-1628.9603916506094	4073.489004	-2277.4961796548896	4318.205832	-2427.5705170303654	3410.5316319999997	-1458.2092616806126	6333.293937999999	-1821.0523581987627
2025-01-06 14:10:00	5767.982472	-1641.8249439484398	4073.489004	-2285.3058717068398	4318.205832	-2434.168217345651	3410.5316319999997	-1460.5908119309565	6333.293937999999	-1842.6292806347528
2025-01-06 14:20:00	5767.982472	-1643.2435898722988	4073.489004	-2281.505454948796	4318.205832	-2419.560747275871	3410.5316319999997	-1457.648533934495	6333.293937999999	-1831.2243359053164
2025-01-06 14:30:00	5767.982472	-1646.9496351572589	4073.489004	-2273.783060053368	4318.205832	-2423.63685639691	3410.5316319999997	-1454.548795141955	6333.293937999999	-1815.866375625993
2025-01-06 14:40:00	5767.982472	-1647.6738390926948	4073.489004	-2272.085199765291	4318.205832	-2425.0276162123537	3410.5316319999997	-1452.2815828093949	6333.293937999999	-1808.9819822720228
2025-01-06 14:50:00	5767.982472	-1648.5373741043068	4073.489004	-2280.8149321208066	4318.205832	-2431.3875292322327	3410.5316319999997	-1450.957476552126	6333.293937999999	-1803.7306331865666
2025-01-06 15:00:00	2231.629148	-1662.2416277148764	1576.030586	-2307.789817018873	1670.711388	-2460.2428904214803	1319.5327546666667	-1461.4635933800628	2450.3478336666662	-1813.9341755903533
2025-01-06 15:10:00	2231.629148	-1670.9092481348234	1576.030586	-2314.0177946696717	1670.711388	-2463.1892050457636	1319.5327546666667	-1464.777638275466	2450.3478336666662	-1817.278491296739
2025-01-06 15:20:00	2231.629148	-1673.424222403819	1576.030586	-2318.6011103354394	1670.711388	-2469.3410433890385	1319.5327546666667	-1468.9347728508942	2450.3478336666662	-1829.8753620813059
2025-01-06 15:30:00	2231.629148	-1676.8787544497613	1576.030586	-2323.26761342812	1670.711388	-2481.2486075226016	1319.5327546666667	-1470.9551986473753	2450.3478336666662	-1833.9450156035555
2025-01-06 15:40:00	2231.629148	-1680.0177666180748	1576.030586	-2327.3120684906667	1670.711388	-2497.228769197827	1319.5327546666667	-1472.5023372123087	2450.3478336666662	-1838.963461773974
2025-01-06 15:50:00	2231.629148	-1683.4014907184905	1576.030586	-2328.8872508698437	1670.711388	-2500.582615647434	1319.5327546666667	-1472.8973005147795	2450.3478336666662	-1844.9598801777993
2025-01-06 16:00:00	724.655512	-1697.0097565784752	511.7692840000001	-2348.695424689805	542.514072	-2533.2633166754786	428.47920533333337	-1484.0527583135947	795.6779313333333	-1868.8132991078483
2025-01-06 16:10:00	724.655512	-1702.5164351138867	511.7692840000001	-2362.257465147192	542.514072	-2547.748750374825	428.47920533333337	-1487.7839450148392	795.6779313333333	-1878.6126199671307
2025-01-06 16:20:00	724.655512	-1707.093437930049	511.7692840000001	-2373.5141127011084	542.514072	-2553.3146453036793	428.47920533333337	-1497.2611193922887	795.6779313333333	-1889.693295663068
2025-01-06 16:30:00	724.655512	-1708.7906909142728	511.7692840000001	-2372.688384850388	542.514072	-2554.1487418755405	428.47920533333337	-1494.9265123536986	795.6779313333333	-1896.7182903865637
2025-01-06 16:40:00	724.655512	-1712.5766964303164	511.7692840000001	-2377.7037394548265	542.514072	-2570.409053356498	428.47920533333337	-1496.6962709565867	795.6779313333333	-1906.4124958185562
2025-01-06 16:50:00	724.655512	-1714.7953194006056	511.7692840000001	-2383.9543049781028	542.514072	-2585.6811981383707	428.47920533333337	-1501.5696776002685	795.6779313333333	-1911.5427970394794
2025-01-06 17:00:00	595.8183028	-1713.069348092537	420.7813246	-2379.370450832309	446.0599668	-2582.566013403159	352.29947013333333	-1503.259368166042	654.2135770333333	-1900.114099892548
2025-01-06 17:10:00	595.8183028	-1717.8009035029272	420.7813246	-2388.02798852963	446.0599668	-2589.914097241164	352.29947013333333	-1509.2097451703808	654.2135770333333	-1898.478247287992
2025-01-06 17:20:00	595.8183028	-1722.1357878342546	420.7813246	-2395.514727745738	446.0599668	-2587.4468458083893	352.29947013333333	-1507.607959467969	654.2135770333333	-1902.0552648668495
2025-01-06 17:30:00	595.8183028	-1727.5577070813652	420.7813246	-2406.7630124706043	446.0599668	-2588.224119104731	352.29947013333333	-1512.4630406283472	654.2135770333333	-1902.236656196993
2025-01-06 17:40:00	595.8183028	-1729.5686253862054	420.7813246	-2415.4106135667316	446.0599668	-2588.174042365072	352.29947013333333	-1516.1526540507803	654.2135770333333	-1908.1767874741768
2025-01-06 17:50:00	595.8183028	-1738.3031091193584	420.7813246	-2419.035287492259	446.0599668	-2589.6974016010777	352.29947013333333	-1520.3193894799842	654.2135770333333	-1917.8345509820865
2025-01-06 18:00:00	622.2398280000001	-1852.8213009296326	439.4408460000001	-2587.419805205731	465.84046800000004	-2764.3871124487073	367.92216800000006	-1623.4162930842933	683.224637	-2048.291613500366
2025-01-06 18:10:00	622.2398280000001	-1848.215947791395	439.4408460000001	-2594.4264939684376	465.84046800000004	-2758.36120901661	367.92216800000006	-1623.0109488670385	683.224637	-2045.9388057284411
2025-01-06 18:20:00	622.2398280000001	-1851.5722124395613	439.4408460000001	-2598.6786686368637	465.84046800000004	-2761.339308220366	367.92216800000006	-1620.170075119554	683.224637	-2039.8763554499349
2025-01-06 18:30:00	622.2398280000001	-1849.8617067012262	439.4408460000001	-2604.52877506333	465.84046800000004	-2765.6022704298853	367.92216800000006	-1624.2175711193343	683.224637	-2043.4599505230533
2025-01-06 18:40:00	622.2398280000001	-1859.9814454537207	439.4408460000001	-2614.177222948591	465.84046800000004	-2772.996823788172	367.92216800000006	-1626.7326204468595	683.224637	-2040.1768957956408
2025-01-06 18:50:00	622.2398280000001	-1862.564270735402	439.4408460000001	-2621.9391453011567	465.84046800000004	-2774.766203866383	367.92216800000006	-1623.3881203888832	683.224637	-2047.6104177554623
2025-01-06 19:00:00	617.076012	-2052.7321844353633	435.794034	-2897.549698633964	461.97457199999997	-3076.6302090174545	364.868872	-1792.422446680961	677.5547229999999	-2275.3166058478055
2025-01-06 19:10:00	617.076012	-2051.090013889078	435.794034	-2898.8566853655398	461.97457199999997	-3070.615005431994	364.868872	-1794.439109273013	677.5547229999999	-2280.718521582402
2025-01-06 19:20:00	617.076012	-2051.538571348057	435.794034	-2903.1179703724447	461.97457199999997	-3071.8513849978513	364.868872	-1797.3794219507568	677.5547229999999	-2285.505276084612
2025-01-06 19:30:00	617.076012	-2054.2035074374407	435.794034	-2907.3840690543293	461.97457199999997	-3067.60116505059	364.868872	-1803.5798493805169	677.5547229999999	-2286.296973189822
2025-01-06 19:40:00	617.076012	-2056.553860853916	435.794034	-2905.8079030183108	461.97457199999997	-3064.3907615188623	364.868872	-1803.4084490880737	677.5547229999999	-2284.7214849230722
2025-01-06 19:50:00	617.076012	-2058.451946712055	435.794034	-2906.6220749112335	461.97457199999997	-3069.133080898054	364.868872	-1804.1898782905905	677.5547229999999	-2288.5478584915745
2025-01-06 20:00:00	586.4373704000001	-2196.139412311058	414.15628280000004	-3101.0683729081593	439.0369224	-3275.9196110747416	346.75264906666666	-1930.570632020848	643.9132332666667	-2449.8102135451945
2025-01-06 20:10:00	586.4373704000001	-2194.300335390627	414.15628280000004	-3101.126487171398	439.0369224	-3269.0835978015525	346.75264906666666	-1933.0405814861376	643.9132332666667	-2445.5655833840583
2025-01-06 20:20:00	586.4373704000001	-2196.024004975054	414.15628280000004	-3098.9304088048316	439.0369224	-3269.74400729215	346.75264906666666	-1935.3637038399731	643.9132332666667	-2445.5611623043906
2025-01-06 20:30:00	586.4373704000001	-2196.1287278270233	414.15628280000004	-3098.981797400617	439.0369224	-3268.4615872550703	346.75264906666666	-1936.930177957957	643.9132332666667	-2443.814824012605
2025-01-06 20:40:00	586.4373704000001	-2198.7037707763507	414.15628280000004	-3098.232921004617	439.0369224	-3268.1927727467682	346.75264906666666	-1938.4935488203053	643.9132332666667	-2445.467371521656
2025-01-06 20:50:00	586.4373704000001	-2198.8547840930337	414.15628280000004	-3097.324877159659	439.0369224	-3271.238731933893	346.75264906666666	-1940.8207129780697	643.9132332666667	-2446.656803589381
2025-01-06 21:00:00	585.662798	-2298.9242526951984	413.609261	-3240.9849095641175	438.45703799999995	-3423.9326696907406	346.29465466666664	-2030.3641964012945	643.0627461666666	-2564.6372970713146
2025-01-06 21:10:00	585.662798	-2294.776247101345	413.609261	-3239.3327946483705	438.45703799999995	-3414.0410406639417	346.29465466666664	-2027.0888143195334	643.0627461666666	-2556.9802584238887
2025-01-06 21:20:00	585.662798	-2293.1904785483002	413.609261	-3236.934851539379	438.45703799999995	-3414.4409617713436	346.29465466666664	-2030.8408583355604	643.0627461666666	-2555.6208759412116
2025-01-06 21:30:00	585.662798	-2295.6945797151784	413.609261	-3232.941031545742	438.45703799999995	-3407.677048991643	346.29465466666664	-2030.2567233963541	643.0627461666666	-2553.5329411932885
2025-01-06 21:40:00	585.662798	-2296.743008478429	413.609261	-3228.495846196238	438.45703799999995	-3403.959657169334	346.29465466666664	-2030.3682153621894	643.0627461666666	-2551.8786669489623
2025-01-06 21:50:00	585.662798	-2297.419565218237	413.609261	-3224.385354643931	438.45703799999995	-3397.6310824558773	346.29465466666664	-2031.3136523117942	643.0627461666666	-2548.739474527921
2025-01-06 22:00:00	593.4945856	-2285.9870213836907	419.14025920000006	-3208.4509639341586	444.3203136	-3381.1290023686506	350.9254869333334	-2020.8235333750347	651.6621157333333	-2536.408971765917
2025-01-06 22:10:00	593.4945856	-2282.5196733519047	419.14025920000006	-3203.2658469606986	444.3203136	-3376.7747287197885	350.9254869333334	-2012.4061595507153	651.6621157333333	-2534.470081879243
2025-01-06 22:20:00	593.4945856	-2273.5525758603617	419.14025920000006	-3198.065225738132	444.3203136	-3372.977248846508	350.9254869333334	-2005.781553913626	651.6621157333333	-2527.3838053042614
2025-01-06 22:30:00	593.4945856	-2259.6975244406653	419.14025920000006	-3196.160692232813	444.3203136	-3366.5656805415842	350.9254869333334	-2001.3875408359816	651.6621157333333	-2524.3679476939574
2025-01-06 22:40:00	593.4945856	-2252.279427399164	419.14025920000006	-3187.9261068688716	444.3203136	-3361.719498501954	350.9254869333334	-1993.1660259791604	651.6621157333333	-2522.095139904533
2025-01-06 22:50:00	593.4945856	-2240.019941908613	419.14025920000006	-3183.565746235222	444.3203136	-3357.5205799500554	350.9254869333334	-1987.1331070453937	651.6621157333333	-2513.398525796805
2025-01-06 23:00:00	624.821736	-2243.026900872478	441.26425200000006	-3203.4358635004405	467.773416	-3368.5835620544563	369.448816	-1990.9343482630807	686.059594	-2524.3551166042535
2025-01-06 23:10:00	624.821736	-2234.2307159886077	441.26425200000006	-3194.684031188495	467.773416	-3342.8642771474974	369.448816	-1977.3406537634078	686.059594	-2514.05690701658
2025-01-06 23:20:00	624.821736	-2218.028255854927	441.26425200000006	-3186.7503845411047	467.773416	-3332.701419784333	369.448816	-1958.7593587094702	686.059594	-2486.0212079375633
2025-01-06 23:30:00	624.821736	-2196.8017728369705	441.26425200000006	-3157.963047422769	467.773416	-3315.3824682252584	369.448816	-1942.8973310945057	686.059594	-2453.206464151305
2025-01-06 23:40:00	624.821736	-2180.5916372928505	441.26425200000006	-3117.2654819999307	467.773416	-3295.451958470802	369.448816	-1931.0538114826645	686.059594	-2427.6046724855078
2025-01-06 23:50:00	624.821736	-2165.2058607291483	441.26425200000006	-3083.124802978669	467.773416	-3291.752941920512	369.448816	-1913.7034576022124	686.059594	-2407.4449089974505
2025-01-07 00:00:00	614.7522948	-2160.568620482265	434.1529686	-3069.174505815719	460.2349188	-3292.9690868874213	363.4948888	-1900.6734743823404	675.0032616999999	-2408.3483408812067
2025-01-07 00:10:00	614.7522948	-2132.0752735260685	434.1529686	-3053.018712811689	460.2349188	-3266.0216624034183	363.4948888	-1865.6210152849885	675.0032616999999	-2358.3306439268235
2025-01-07 00:20:00	614.7522948	-2134.3827505574764	434.1529686	-3042.480395019628	460.2349188	-3253.770050806518	363.4948888	-1850.5616910300541	675.0032616999999	-2369.824984813799
2025-01-07 00:30:00	614.7522948	-2133.3082491613577	434.1529686	-3035.9664052244198	460.2349188	-3245.367508267492	363.4948888	-1850.2305498063356	675.0032616999999	-2367.9776978641326
2025-01-07 00:40:00	614.7522948	-2131.7000467095722	434.1529686	-3031.403211857875	460.2349188	-3239.371955560989	363.4948888	-1850.0022875100108	675.0032616999999	-2366.2616813539917
2025-01-07 00:50:00	614.7522948	-2129.7783717347984	434.1529686	-3025.603431102608	460.2349188	-3233.062333746169	363.4948888	-1848.134285259072	675.0032616999999	-2363.455343956915
2025-01-07 01:00:00	579.6383460000001	-2169.2548704780083	409.35464700000006	-3080.5472816612696	433.94682600000004	-3291.3938582988408	342.732476	-1884.5986470245384	636.4478465000001	-2409.1232158026223
2025-01-07 01:10:00	579.6383460000001	-2166.917253973046	409.35464700000006	-3074.4720210720448	433.94682600000004	-3284.7152476903825	342.732476	-1885.0948760399328	636.4478465000001	-2406.302684904681
2025-01-07 01:20:00	579.6383460000001	-2164.6667177000036	409.35464700000006	-3068.323301528581	433.94682600000004	-3276.877511291505	342.732476	-1884.5964347700024	636.4478465000001	-2407.822325496856
2025-01-07 01:30:00	579.6383460000001	-2162.962579612601	409.35464700000006	-3062.1052487930206	433.94682600000004	-3269.5351350635333	342.732476	-1883.2867143171065	636.4478465000001	-2402.777039955253
2025-01-07 01:40:00	579.6383460000001	-2160.7098631044755	409.35464700000006	-3055.0958033052784	433.94682600000004	-3263.4529798837107	342.732476	-1881.7978849064966	636.4478465000001	-2398.5149462172085
2025-01-07 01:50:00	579.6383460000001	-2158.3377183083494	409.35464700000006	-3050.416488896268	433.94682600000004	-3258.1536461469846	342.732476	-1881.5563121245686	636.4478465000001	-2396.167058732616
2025-01-07 02:00:00	581.7038724000001	-2193.171600191821	410.8133718000001	-3097.6198020460415	435.4931844	-3307.3419660233303	343.95379440000005	-1913.1318862604617	638.7158121	-2436.6958163145932
2025-01-07 02:10:00	581.7038724000001	-2189.1719141634167	410.8133718000001	-3089.9757866735176	435.4931844	-3299.5762229623397	343.95379440000005	-1911.2417407172807	638.7158121	-2433.1524119269025
2025-01-07 02:20:00	581.7038724000001	-2185.952975179094	410.8133718000001	-3082.0098127821298	435.4931844	-3292.3286028232906	343.95379440000005	-1909.5066128190542	638.7158121	-2428.5239610288913
2025-01-07 02:30:00	581.7038724000001	-2182.7522597042353	410.8133718000001	-3074.7293324369193	435.4931844	-3284.9878165762157	343.95379440000005	-1908.1159031530437	638.7158121	-2425.289946023215
2025-01-07 02:40:00	581.7038724000001	-2180.7351615800035	410.8133718000001	-3068.9712768614277	435.4931844	-3279.20634312169	343.95379440000005	-1907.2761601699758	638.7158121	-2423.921608943738
2025-01-07 02:50:00	581.7038724000001	-2179.0200126866175	410.8133718000001	-3063.3972475627	435.4931844	-3273.432294952954	343.95379440000005	-1906.6031217516784	638.7158121	-2419.1095515752118
2025-01-07 03:00:00	566.3845516	-2246.274769518528	399.99449620000007	-3155.7366795162193	424.0243596	-3370.6903367480477	334.8956829333334	-1966.2341953082673	621.8950672333333	-2495.207953214631
2025-01-07 03:10:00	566.3845516	-2241.383507543769	399.99449620000007	-3146.360590092059	424.0243596	-3359.0478869366802	334.8956829333334	-1962.3181002081465	621.8950672333333	-2488.5185175232746
2025-01-07 03:20:00	566.3845516	-2237.8522547921757	399.99449620000007	-3139.0350704728453	424.0243596	-3352.1688407860793	334.8956829333334	-1961.3788203103873	621.8950672333333	-2485.673009487212
2025-01-07 03:30:00	566.3845516	-2234.9020075563058	399.99449620000007	-3131.225073949835	424.0243596	-3345.8663105886644	334.8956829333334	-1960.406005963549	621.8950672333333	-2481.2856136745213
2025-01-07 03:40:00	566.3845516	-2231.733139202638	399.99449620000007	-3124.1909601295097	424.0243596	-3338.557757681491	334.8956829333334	-1959.1340564809248	621.8950672333333	-2476.941820523525
2025-01-07 03:50:00	566.3845516	-2228.743774993314	399.99449620000007	-3115.3428546604405	424.0243596	-3329.641143489846	334.8956829333334	-1956.1096985360386	621.8950672333333	-2472.417632314413
2025-01-07 04:00:00	577.3146288	-2292.8654965917776	407.7135816	-3204.2744000966736	432.20717279999997	-3425.139532228654	341.3584928	-2013.672068095786	633.8963851999999	-2546.1104618798126
2025-01-07 04:10:00	577.3146288	-2288.5488249561367	407.7135816	-3196.678159701291	432.20717279999997	-3416.5010244175423	341.3584928	-2011.1336021489265	633.8963851999999	-2539.7027148477478
2025-01-07 04:20:00	577.3146288	-2285.259307745252	407.7135816	-3192.5473999279156	432.20717279999997	-3410.618068443951	341.3584928	-2009.421530461239	633.8963851999999	-2535.8032630562184
2025-01-07 04:30:00	577.3146288	-2281.7002762523825	407.7135816	-3189.3543691740533	432.20717279999997	-3406.6395388557326	341.3584928	-2007.40627920213	633.8963851999999	-2533.3066157637813
2025-01-07 04:40:00	577.3146288	-2277.4110205551906	407.7135816	-3187.4781330398923	432.20717279999997	-3404.6791592960053	341.3584928	-2004.3011803974596	633.8963851999999	-2531.6965762808495
2025-01-07 04:50:00	577.3146288	-2275.101282841164	407.7135816	-3186.3688180081467	432.20717279999997	-3403.8035428796225	341.3584928	-2003.3694905441243	633.8963851999999	-2531.063047168203
2025-01-07 05:00:00	610.621242	-2216.2312872717675	431.235519	-3103.964861678818	457.142202	-3315.5361891131797	361.052252	-1950.6100644000294	670.4673304999999	-2463.6218717525794
2025-01-07 05:10:00	610.621242	-2215.9989049287296	431.235519	-3104.4252426475223	457.142202	-3315.7508038682267	361.052252	-1949.521353306537	670.4673304999999	-2463.8550066035714
2025-01-07 05:20:00	610.621242	-2214.8570635348356	431.235519	-3103.7756878116907	457.142202	-3314.7989165457716	361.052252	-1945.8737273290226	670.4673304999999	-2463.298982829066
2025-01-07 05:30:00	610.621242	-2214.3585092752573	431.235519	-3103.9022367077814	457.142202	-3315.2006733881344	361.052252	-1944.4677338925117	670.4673304999999	-2463.3844967844857
2025-01-07 05:40:00	610.621242	-2214.087487083231	431.235519	-3103.7927846501852	457.142202	-3315.3313149100677	361.052252	-1943.8745255218519	670.4673304999999	-2463.695062281363
2025-01-07 05:50:00	610.621242	-2213.8839083151242	431.235519	-3103.624818360755	457.142202	-3313.7154754340695	361.052252	-1942.569336501816	670.4673304999999	-2463.348630672187
2025-01-07 06:00:00	582.9087628	-2185.020285063716	411.6642946	-3062.742447252319	436.39522679999993	-3270.4090400192063	344.66623013333333	-1924.4949097218935	640.0387920333333	-2430.140620614624
2025-01-07 06:10:00	582.9087628	-2201.3944969560866	411.6642946	-3090.0169860238548	436.39522679999993	-3297.3927254322325	344.66623013333333	-1945.102750657751	640.0387920333333	-2449.983394374634
2025-01-07 06:20:00	582.9087628	-2221.9547043314305	411.6642946	-3120.989492127349	436.39522679999993	-3317.3844298895615	344.66623013333333	-1964.5538115005363	640.0387920333333	-2463.337146382521
2025-01-07 06:30:00	582.9087628	-2233.760927617428	411.6642946	-3150.7857429212727	436.39522679999993	-3339.3684871774326	344.66623013333333	-1986.2844854781804	640.0387920333333	-2471.918043712576
2025-01-07 06:40:00	582.9087628	-2252.491387175642	411.6642946	-3181.719161227995	436.39522679999993	-3374.8330722934934	344.66623013333333	-2002.6699450189037	640.0387920333333	-2491.5610274873993
2025-01-07 06:50:00	582.9087628	-2277.6123946939733	411.6642946	-3207.213060524381	436.39522679999993	-3393.619015242122	344.66623013333333	-2010.5730051154653	640.0387920333333	-2511.956964212562
2025-01-07 07:00:00	587.1258792000001	-2389.324437897034	414.64252440000007	-3360.076255812995	439.55237520000003	-3541.2341500618777	347.1597552	-2093.3797075354523	644.6692218000001	-2635.5823335285986
2025-01-07 07:10:00	587.1258792000001	-2412.3906642231723	414.64252440000007	-3397.443154237583	439.55237520000003	-3569.323145805393	347.1597552	-2091.7147005645793	644.6692218000001	-2661.927770118634
2025-01-07 07:20:00	587.1258792000001	-2431.118412098433	414.64252440000007	-3431.733771632358	439.55237520000003	-3596.411499278942	347.1597552	-2089.9789958195397	644.6692218000001	-2683.702151062036
2025-01-07 07:30:00	587.1258792000001	-2433.485126267343	414.64252440000007	-3458.9561997512806	439.55237520000003	-3612.6000917775173	347.1597552	-2091.359485316603	644.6692218000001	-2683.246943899221
2025-01-07 07:40:00	587.1258792000001	-2426.3693654203935	414.64252440000007	-3468.320075677302	439.55237520000003	-3614.6501613244104	347.1597552	-2096.4510595699826	644.6692218000001	-2682.972072407008
2025-01-07 07:50:00	587.1258792000001	-2424.6520058997044	414.64252440000007	-3453.891162845814	439.55237520000003	-3603.242315859307	347.1597552	-2099.193710304342	644.6692218000001	-2687.9084022416814
2025-01-07 08:00:00	2172.245264	-2431.503040252609	1534.092248	-3456.4821097518598	1626.2535839999998	-3601.2558258592544	1284.4198506666667	-2110.072239442221	2385.1438226666664	-2702.637797420246
2025-01-07 08:10:00	2172.245264	-2422.9425834270633	1534.092248	-3446.1487096738083	1626.2535839999998	-3604.6987570853235	1284.4198506666667	-2109.166117767083	2385.1438226666664	-2705.7543921691804
2025-01-07 08:20:00	2172.245264	-2420.9981930261756	1534.092248	-3440.4127972518036	1626.2535839999998	-3604.6049348027145	1284.4198506666667	-2106.7310190942126	2385.1438226666664	-2697.824308055695
2025-01-07 08:30:00	2172.245264	-2411.1579694802704	1534.092248	-3430.0552206347666	1626.2535839999998	-3594.9498602102167	1284.4198506666667	-2104.196265110838	2385.1438226666664	-2690.713297482952
2025-01-07 08:40:00	2172.245264	-2405.867531113101	1534.092248	-3415.5199224469516	1626.2535839999998	-3584.746623917279	1284.4198506666667	-2101.0640468969086	2385.1438226666664	-2686.7050206166214
2025-01-07 08:50:00	2172.245264	-2400.3365884800587	1534.092248	-3408.4400914797534	1626.2535839999998	-3572.2678501820155	1284.4198506666667	-2098.0285979502714	2385.1438226666664	-2683.331183132236
2025-01-07 09:00:00	10491.15284	-2287.013459753125	7409.106380000001	-3246.720661241855	7854.21204	-3396.448463539132	6203.279706666667	-1997.64538990053	11519.375276666666	-2555.446180007586
2025-01-07 09:10:00	10491.15284	-2281.131903529833	7409.106380000001	-3235.551672358476	7854.21204	-3388.8525838198047	6203.279706666667	-1992.8131798193535	11519.375276666666	-2547.8641746873072
2025-01-07 09:20:00	10491.15284	-2282.1385133042604	7409.106380000001	-3239.0574529141204	7854.21204	-3384.484146886988	6203.279706666667	-1993.3561889674875	11519.375276666666	-2556.198077706753
2025-01-07 09:30:00	10491.15284	-2285.4168930775213	7409.106380000001	-3240.429091341349	7854.21204	-3381.2922089884496	6203.279706666667	-1992.2624411759498	11519.375276666666	-2561.1224884061357
2025-01-07 09:40:00	10491.15284	-2285.107874000025	7409.106380000001	-3236.126446509329	7854.21204	-3384.1889265350483	6203.279706666667	-1991.924657321144	11519.375276666666	-2562.9454853545976
2025-01-07 09:50:00	10491.15284	-2285.867788681491	7409.106380000001	-3233.6862533478916	7854.21204	-3384.6677077813483	6203.279706666667	-1990.013664237622	11519.375276666666	-2560.4591066802823
2025-01-07 10:00:00	25285.48568	-2092.092104926789	17857.222760000004	-2951.133732327733	18930.004080000002	-3081.6299389061714	14950.972746666668	-1816.7723551651507	27763.67888666667	-2339.086220692592
2025-01-07 10:10:00	25285.48568	-2091.4181098642875	17857.222760000004	-2950.8933026179766	18930.004080000002	-3083.5972864177966	14950.972746666668	-1817.0512274049688	27763.67888666667	-2350.0177566515704
2025-01-07 10:20:00	25285.48568	-2099.5710570475603	17857.222760000004	-2955.084204716335	18930.004080000002	-3095.9654763716244	14950.972746666668	-1822.9702422232622	27763.67888666667	-2370.7890368431545
2025-01-07 10:30:00	25285.48568	-2110.6826741146942	17857.222760000004	-2961.8166775197715	18930.004080000002	-3101.756182028399	14950.972746666668	-1828.132141883707	27763.67888666667	-2381.3103992490505
2025-01-07 10:40:00	25285.48568	-2122.0261000426726	17857.222760000004	-2966.472535854042	18930.004080000002	-3114.0239432852286	14950.972746666668	-1830.5859022644	27763.67888666667	-2390.353188242956
2025-01-07 10:50:00	25285.48568	-2131.759538757691	17857.222760000004	-2972.765637644534	18930.004080000002	-3124.48772165467	14950.972746666668	-1836.639256092909	27763.67888666667	-2396.7528355651375
2025-01-07 11:00:00	28590.32792	-2132.127786729605	20191.18244	-2974.408865148438	21404.177519999997	-3112.869878704405	16905.082186666667	-1834.4861571973015	31392.42384666666	-2383.1254797715083
2025-01-07 11:10:00	28590.32792	-2134.800922793609	20191.18244	-2987.939829310486	21404.177519999997	-3118.5402416007564	16905.082186666667	-1835.9428314621036	31392.42384666666	-2382.5882203865694
2025-01-07 11:20:00	28590.32792	-2128.3627556787396	20191.18244	-2995.8181913018125	21404.177519999997	-3121.4601509693384	16905.082186666667	-1838.7968295759747	31392.42384666666	-2387.6217806617205
2025-01-07 11:30:00	28590.32792	-2125.5075479642146	20191.18244	-3000.7629790997744	21404.177519999997	-3134.77333023561	16905.082186666667	-1845.5046102968008	31392.42384666666	-2396.2897427908974
2025-01-07 11:40:00	28590.32792	-2120.9173207991735	20191.18244	-3010.018542363745	21404.177519999997	-3130.871359090972	16905.082186666667	-1852.674130543881	31392.42384666666	-2391.9543641204073
2025-01-07 11:50:00	28590.32792	-2118.4315045858784	20191.18244	-3009.438256357793	21404.177519999997	-3124.947284370446	16905.082186666667	-1856.3744968210012	31392.42384666666	-2397.121118712843
2025-01-07 12:00:00	30216.92996	-1970.4500967556924	21339.92822	-2809.387838875813	22621.93476	-2907.500045066601	17866.87042666667	-1734.0050269423264	33178.446756666664	-2235.2092054025998
2025-01-07 12:10:00	30216.92996	-1968.365289046942	21339.92822	-2813.879875869068	22621.93476	-2918.6592407127464	17866.87042666667	-1742.1140049710702	33178.446756666664	-2238.2990875147807
2025-01-07 12:20:00	30216.92996	-1966.7278838675556	21339.92822	-2822.4215832544323	22621.93476	-2921.4138282834174	17866.87042666667	-1744.9283896418492	33178.446756666664	-2235.002746884493
2025-01-07 12:30:00	30216.92996	-1969.7332829300794	21339.92822	-2827.3185584835337	22621.93476	-2929.9174952525027	17866.87042666667	-1741.5919193374466	33178.446756666664	-2233.0826664298293
2025-01-07 12:40:00	30216.92996	-1977.078891117395	21339.92822	-2828.9111704928328	22621.93476	-2942.2986271563095	17866.87042666667	-1744.02772530758	33178.446756666664	-2237.2029162543986
2025-01-07 12:50:00	30216.92996	-1986.359787148198	21339.92822	-2822.8387930105346	22621.93476	-2950.772414207844	17866.87042666667	-1751.3208527802853	33178.446756666664	-2238.8976458577963
2025-01-07 13:00:00	25010.082160000005	-1981.32757458603	17662.726120000003	-2825.312646327089	18723.82296	-2956.2783704159265	14788.130293333335	-1755.6608847728166	27461.283473333337	-2246.5181743243375
2025-01-07 13:10:00	25010.082160000005	-1985.4151435776585	17662.726120000003	-2835.89471849666	18723.82296	-2966.241963785691	14788.130293333335	-1758.418622169549	27461.283473333337	-2240.361268190587
2025-01-07 13:20:00	25010.082160000005	-1978.34333080925	17662.726120000003	-2831.1049666324434	18723.82296	-2962.590721674129	14788.130293333335	-1752.1283415455764	27461.283473333337	-2236.628282501275
2025-01-07 13:30:00	25010.082160000005	-1979.7340645289587	17662.726120000003	-2830.0352319078556	18723.82296	-2950.851683896257	14788.130293333335	-1748.8220957913545	27461.283473333337	-2220.3253624459903
2025-01-07 13:40:00	25010.082160000005	-1984.9420289417067	17662.726120000003	-2841.802784973246	18723.82296	-2945.8048127013026	14788.130293333335	-1746.6481231739454	27461.283473333337	-2219.8986456642488
2025-01-07 13:50:00	25010.082160000005	-1988.09927725558	17662.726120000003	-2849.7491386447873	18723.82296	-2941.3415144819955	14788.130293333335	-1746.469067161357	27461.283473333337	-2211.2554618323884
2025-01-07 14:00:00	19398.73544	-1899.4374287725404	13699.85708	-2736.436177264288	14522.88264	-2818.2217649020604	11470.215306666667	-1671.4350452597118	21299.976926666666	-2109.557038863033
2025-01-07 14:10:00	19398.73544	-1900.9100339227043	13699.85708	-2752.308070985924	14522.88264	-2839.456636467581	11470.215306666667	-1674.0267055495624	21299.976926666666	-2111.823550207806
2025-01-07 14:20:00	19398.73544	-1881.6947928179688	13699.85708	-2760.6979817739666	14522.88264	-2853.9552820698555	11470.215306666667	-1672.1577394499964	21299.976926666666	-2089.247956174462
2025-01-07 14:30:00	19398.73544	-1873.2756367473048	13699.85708	-2772.008136414446	14522.88264	-2861.6658442250446	11470.215306666667	-1674.4533170553805	21299.976926666666	-2085.770786873134
2025-01-07 14:40:00	19398.73544	-1887.496353287388	13699.85708	-2776.4935644237958	14522.88264	-2874.2874463354383	11470.215306666667	-1673.3526657755756	21299.976926666666	-2118.5417229212835
2025-01-07 14:50:00	19398.73544	-1900.386693480803	13699.85708	-2784.650654273002	14522.88264	-2884.7356061315368	11470.215306666667	-1673.533099592496	21299.976926666666	-2136.4861891815126
2025-01-07 15:00:00	3328.940048	-2071.4247388482463	2350.978136	-3012.102456991613	2492.214288	-3136.068268463118	1968.3581546666667	-1818.2530131893454	3655.2045586666663	-2336.2549868608253
2025-01-07 15:10:00	3328.940048	-2089.5552791789687	2350.978136	-3017.896688555685	2492.214288	-3144.7485692353407	1968.3581546666667	-1824.282002170315	3655.2045586666663	-2359.0685113264203
2025-01-07 15:20:00	3328.940048	-2089.887803821647	2350.978136	-3013.6782940310163	2492.214288	-3143.3179778841427	1968.3581546666667	-1828.365084965439	3655.2045586666663	-2362.041619320556
2025-01-07 15:30:00	3328.940048	-2096.330172992025	2350.978136	-3009.87959370365	2492.214288	-3139.5744573082425	1968.3581546666667	-1828.045623644342	3655.2045586666663	-2359.66807973984
2025-01-07 15:40:00	3328.940048	-2092.556664641731	2350.978136	-3005.37238913967	2492.214288	-3136.9718017231767	1968.3581546666667	-1828.787143254905	3655.2045586666663	-2362.4567102734286
2025-01-07 15:50:00	3328.940048	-2091.8441901731794	2350.978136	-3005.535017574472	2492.214288	-3131.724365514959	1968.3581546666667	-1829.410733831714	3655.2045586666663	-2367.007696816199
2025-01-07 16:00:00	1082.680088	-2098.6108415407402	764.6149160000001	-3005.9984149242205	810.549528	-3138.7655216635844	640.1743946666667	-1840.9998411705292	1188.7919686666667	-2370.9696484884357
2025-01-07 16:10:00	1082.680088	-2100.051271577931	764.6149160000001	-3001.168791839013	810.549528	-3142.9128787593568	640.1743946666667	-1845.268306922997	1188.7919686666667	-2371.9614981862346
2025-01-07 16:20:00	1082.680088	-2100.018287233215	764.6149160000001	-2994.608994476718	810.549528	-3137.932364796063	640.1743946666667	-1840.828991635843	1188.7919686666667	-2371.0781402660036
2025-01-07 16:30:00	1082.680088	-2099.823781637819	764.6149160000001	-2989.6117836696694	810.549528	-3133.784124251646	640.1743946666667	-1840.249937534205	1188.7919686666667	-2371.2109487911116
2025-01-07 16:40:00	1082.680088	-2102.550797835316	764.6149160000001	-2984.882055599608	810.549528	-3135.1036335388994	640.1743946666667	-1839.5535342452495	1188.7919686666667	-2368.5609148606027
2025-01-07 16:50:00	1082.680088	-2104.2417968101963	764.6149160000001	-2999.7300389182437	810.549528	-3132.1310998837316	640.1743946666667	-1842.3639229376645	1188.7919686666667	-2372.2737094692466
2025-01-07 17:00:00	586.5234340000001	-2209.3697888475517	414.217063	-3146.281675723911	439.101354	-3295.735226304744	346.80353733333334	-1933.9852784749546	644.0077318333333	-2498.71607310255
2025-01-07 17:10:00	586.5234340000001	-2219.5568567992104	414.217063	-3148.8013612984055	439.101354	-3300.3831913048966	346.80353733333334	-1932.3853986520994	644.0077318333333	-2496.9398569201658
2025-01-07 17:20:00	586.5234340000001	-2219.20814040562	414.217063	-3147.0493290964255	439.101354	-3293.900936386028	346.80353733333334	-1934.659530272706	644.0077318333333	-2496.404438719476
2025-01-07 17:30:00	586.5234340000001	-2214.75346007381	414.217063	-3157.059041789693	439.101354	-3294.4696912872987	346.80353733333334	-1939.0061706620227	644.0077318333333	-2494.8477348397505
2025-01-07 17:40:00	586.5234340000001	-2215.333865349883	414.217063	-3154.972423240744	439.101354	-3296.676061671974	346.80353733333334	-1941.624825628573	644.0077318333333	-2498.2531574251793
2025-01-07 17:50:00	586.5234340000001	-2218.829621327038	414.217063	-3149.5005499222584	439.101354	-3299.0134157285866	346.80353733333334	-1946.457579600617	644.0077318333333	-2497.6968203101464
2025-01-07 18:00:00	582.650572	-2250.351617876337	411.481954	-3187.194004384703	436.20193199999994	-3343.5210782402946	344.5135653333333	-1979.2348244859204	639.7552963333333	-2528.9029371472516
2025-01-07 18:10:00	582.650572	-2252.559279506046	411.481954	-3180.6301140345868	436.20193199999994	-3352.6149339618937	344.5135653333333	-1978.411384205056	639.7552963333333	-2526.0086155925073
2025-01-07 18:20:00	582.650572	-2251.801636833529	411.481954	-3177.551567109112	436.20193199999994	-3344.9031543897268	344.5135653333333	-1985.4851755402588	639.7552963333333	-2528.4997276509657
2025-01-07 18:30:00	582.650572	-2253.809866720371	411.481954	-3170.8556258971776	436.20193199999994	-3344.9661614706665	344.5135653333333	-1988.597167082101	639.7552963333333	-2539.3691215877097
2025-01-07 18:40:00	582.650572	-2258.784378973759	411.481954	-3182.375897649637	436.20193199999994	-3348.4266347345924	344.5135653333333	-1995.635718429406	639.7552963333333	-2533.1995025932856
2025-01-07 18:50:00	582.650572	-2260.9167097736554	411.481954	-3179.4575238785746	436.20193199999994	-3342.940030783322	344.5135653333333	-2000.6570593556085	639.7552963333333	-2531.859542299563
2025-01-07 19:00:00	580.3268548	-2289.197371190901	409.8408886	-3213.3829499783405	434.4622788	-3384.9516811367266	343.13958213333336	-2027.280315209424	637.2038350333332	-2566.608947906048
2025-01-07 19:10:00	580.3268548	-2287.993423380053	409.8408886	-3211.495514430607	434.4622788	-3379.9578247410263	343.13958213333336	-2028.7864855132646	637.2038350333332	-2566.2271078760937
2025-01-07 19:20:00	580.3268548	-2289.407926824946	409.8408886	-3211.974700863224	434.4622788	-3375.8365414288546	343.13958213333336	-2028.9468195650504	637.2038350333332	-2566.00618510884
2025-01-07 19:30:00	580.3268548	-2289.078984249627	409.8408886	-3201.8322718359377	434.4622788	-3369.9092475906746	343.13958213333336	-2028.2824215972166	637.2038350333332	-2571.837290390142
2025-01-07 19:40:00	580.3268548	-2285.7590371488627	409.8408886	-3200.4100819609375	434.4622788	-3363.196029655399	343.13958213333336	-2027.0193206580363	637.2038350333332	-2569.6298687249077
2025-01-07 19:50:00	580.3268548	-2285.5444775415717	409.8408886	-3199.701562220198	434.4622788	-3359.1074305117018	343.13958213333336	-2028.4512682165534	637.2038350333332	-2572.543302872725
2025-01-07 20:00:00	579.6383460000001	-2273.525962921797	409.35464700000006	-3182.0135724471847	433.94682600000004	-3335.018275780378	342.732476	-2016.9527542246537	636.4478465000001	-2564.349768786427
2025-01-07 20:10:00	579.6383460000001	-2273.7214520020325	409.35464700000006	-3182.140652103297	433.94682600000004	-3331.8333311220144	342.732476	-2018.0447521228348	636.4478465000001	-2575.294710865526
2025-01-07 20:20:00	579.6383460000001	-2277.610261797454	409.35464700000006	-3180.7622087729333	433.94682600000004	-3328.786821198963	342.732476	-2016.9237552512577	636.4478465000001	-2569.0119940888467
2025-01-07 20:30:00	579.6383460000001	-2275.3271283708145	409.35464700000006	-3181.6935152499304	433.94682600000004	-3325.1709051506164	342.732476	-2017.1154373142535	636.4478465000001	-2567.073842339263
2025-01-07 20:40:00	579.6383460000001	-2276.1304036025886	409.35464700000006	-3179.715731916245	433.94682600000004	-3322.507462231944	342.732476	-2018.386862773326	636.4478465000001	-2567.450564683812
2025-01-07 20:50:00	579.6383460000001	-2275.806177064949	409.35464700000006	-3175.9018269559533	433.94682600000004	-3319.2828793770936	342.732476	-2019.0167430522533	636.4478465000001	-2566.8016050157034
2025-01-07 21:00:00	615.0965492	-2279.2724999900875	434.39608940000005	-3174.4477472892154	460.4926452	-3320.282232433403	363.6984418666667	-2021.4161906021895	675.3812559666667	-2569.3639117892158
2025-01-07 21:10:00	615.0965492	-2281.485932589423	434.39608940000005	-3168.4242622236966	460.4926452	-3315.4478190699538	363.6984418666667	-2021.1661725947329	675.3812559666667	-2571.3584640493145
2025-01-07 21:20:00	615.0965492	-2281.8607103196496	434.39608940000005	-3163.759300718602	460.4926452	-3309.945052944169	363.6984418666667	-2023.0369052770143	675.3812559666667	-2577.121861272979
2025-01-07 21:30:00	615.0965492	-2280.9178776154026	434.39608940000005	-3160.5481249135432	460.4926452	-3307.5327304993007	363.6984418666667	-2025.9352460773189	675.3812559666667	-2576.278064468567
2025-01-07 21:40:00	615.0965492	-2283.8862537842865	434.39608940000005	-3158.5397480854704	460.4926452	-3306.3845403150053	363.6984418666667	-2026.8595350667692	675.3812559666667	-2577.586069352587
2025-01-07 21:50:00	615.0965492	-2283.3863428078494	434.39608940000005	-3155.9633874167625	460.4926452	-3303.8184801845364	363.6984418666667	-2021.9078657304271	675.3812559666667	-2573.6913526949274
2025-01-07 22:00:00	573.0114488	-2242.9807054019675	404.67457160000004	-3100.8218939258795	428.9855928	-3248.327731955105	338.81407946666667	-1989.18545482996	629.1714568666666	-2532.8315925055203
2025-01-07 22:10:00	573.0114488	-2244.419266629921	404.67457160000004	-3097.717515911692	428.9855928	-3249.1155958374584	338.81407946666667	-1980.458233699287	629.1714568666666	-2510.4097188625624
2025-01-07 22:20:00	573.0114488	-2244.235922448195	404.67457160000004	-3093.3956579309393	428.9855928	-3248.616752031024	338.81407946666667	-1974.4173900466046	629.1714568666666	-2500.373594316723
2025-01-07 22:30:00	573.0114488	-2241.2400383575105	404.67457160000004	-3090.7619954628976	428.9855928	-3246.620792655929	338.81407946666667	-1969.8465999126036	629.1714568666666	-2493.8873763697125
2025-01-07 22:40:00	573.0114488	-2235.707388665983	404.67457160000004	-3085.2328210576443	428.9855928	-3246.0046252070842	338.81407946666667	-1966.8386179717625	629.1714568666666	-2478.7514484496123
2025-01-07 22:50:00	573.0114488	-2225.4080404724746	404.67457160000004	-3082.492742099982	428.9855928	-3246.6549513131035	338.81407946666667	-1968.7102499761284	629.1714568666666	-2466.6527087049894
2025-01-07 23:00:00	581.1874908	-2110.2180102779944	410.4486906	-2935.971761034486	435.1065948	-3097.6276945770883	343.6484648	-1874.0708180725173	638.1488207	-2326.335811358653
2025-01-07 23:10:00	581.1874908	-2099.9532322597697	410.4486906	-2919.5106617240826	435.1065948	-3093.5963038535174	343.6484648	-1864.9605342254008	638.1488207	-2315.7605839508315
2025-01-07 23:20:00	581.1874908	-2092.8715952919392	410.4486906	-2904.727974228663	435.1065948	-3089.430953649008	343.6484648	-1856.286703099333	638.1488207	-2306.3760394391256
2025-01-07 23:30:00	581.1874908	-2079.2147530311336	410.4486906	-2888.743797886593	435.1065948	-3073.312752777028	343.6484648	-1849.197695140479	638.1488207	-2297.0924677470175
2025-01-07 23:40:00	581.1874908	-2066.690299471439	410.4486906	-2879.1947191068666	435.1065948	-3058.85600535778	343.6484648	-1839.5262143040231	638.1488207	-2278.359734511084
2025-01-07 23:50:00	581.1874908	-2058.0588555413756	410.4486906	-2866.5337410687544	435.1065948	-3042.621640534558	343.6484648	-1829.3517872217021	638.1488207	-2268.843369176202
2025-01-08 00:00:00	584.802162	-2014.1913652979551	413.001459	-2810.1646276680917	437.81272199999995	-2961.4743584793605	345.785772	-1791.3636943547494	642.1177604999999	-2215.955327903039
2025-01-08 00:10:00	584.802162	-1967.1295142000831	413.001459	-2754.0347467428924	437.81272199999995	-2937.8823495653915	345.785772	-1743.4435006993567	642.1177604999999	-2161.772477430519
2025-01-08 00:20:00	584.802162	-1941.6963955183292	413.001459	-2760.632209981993	437.81272199999995	-2941.3152930571755	345.785772	-1714.0318062753058	642.1177604999999	-2138.6376244271714
2025-01-08 00:30:00	584.802162	-1924.6915996588982	413.001459	-2758.88312718139	437.81272199999995	-2938.8920813498803	345.785772	-1694.3763103793194	642.1177604999999	-2122.8779717951365
2025-01-08 00:40:00	584.802162	-1913.4222970084543	413.001459	-2757.421105376052	437.81272199999995	-2938.442455110497	345.785772	-1681.8753879256474	642.1177604999999	-2112.379758597982
2025-01-08 00:50:00	584.802162	-1908.0003921068787	413.001459	-2755.973368976196	437.81272199999995	-2936.5580593077234	345.785772	-1673.2798587105485	642.1177604999999	-2105.5054857772257
2025-01-08 01:00:00	582.2202540000001	-1979.424317064796	411.17805300000003	-2854.2957367606496	435.879774	-3041.371714264622	344.25912400000004	-1736.8674115702343	639.2828035	-2189.153469783595
2025-01-08 01:10:00	582.2202540000001	-1977.7243369881812	411.17805300000003	-2848.212754916019	435.879774	-3036.0450180848693	344.25912400000004	-1737.0526536583388	639.2828035	-2187.191026515521
2025-01-08 01:20:00	582.2202540000001	-1978.3413893670267	411.17805300000003	-2844.6778921893583	435.879774	-3034.006210605709	344.25912400000004	-1738.0769494292495	639.2828035	-2187.6906844747637
2025-01-08 01:30:00	582.2202540000001	-1978.237645791451	411.17805300000003	-2840.3069717721833	435.879774	-3029.0254297589036	344.25912400000004	-1738.298084749632	639.2828035	-2188.791594584707
2025-01-08 01:40:00	582.2202540000001	-1977.7556602853483	411.17805300000003	-2836.03164165375	435.879774	-3025.302831249036	344.25912400000004	-1738.6133718875608	639.2828035	-2188.421206005486
2025-01-08 01:50:00	582.2202540000001	-1977.3603736905789	411.17805300000003	-2833.580026077414	435.879774	-3023.1746851831626	344.25912400000004	-1739.9823266817516	639.2828035	-2190.6193004069855
2025-01-08 02:00:00	619.9161108	-2020.968753681274	437.7997806	-2893.1920248872702	464.10081479999997	-3085.5783084092955	366.5481848	-1778.8165162971527	680.6731756999999	-2240.7368631771888
2025-01-08 02:10:00	619.9161108	-2019.1942080559738	437.7997806	-2888.475399419798	464.10081479999997	-3080.9062727623486	366.5481848	-1778.5460284711494	680.6731756999999	-2238.374128428304
2025-01-08 02:20:00	619.9161108	-2018.043623589599	437.7997806	-2883.58570891659	464.10081479999997	-3075.442490164622	366.5481848	-1777.6161884620165	680.6731756999999	-2236.6917038732054
2025-01-08 02:30:00	619.9161108	-2017.779393500242	437.7997806	-2878.4973521188494	464.10081479999997	-3072.3902332220428	366.5481848	-1778.0717096326703	680.6731756999999	-2235.050703646746
2025-01-08 02:40:00	619.9161108	-2017.2935676365187	437.7997806	-2874.8260652060453	464.10081479999997	-3069.9412233819194	366.5481848	-1779.44629053552	680.6731756999999	-2235.227400785726
2025-01-08 02:50:00	619.9161108	-2016.608617298397	437.7997806	-2870.462528996688	464.10081479999997	-3066.164168172389	366.5481848	-1779.870118759523	680.6731756999999	-2234.6681050464076
2025-01-08 03:00:00	593.83884	-2046.0640254908426	419.38338000000005	-2907.955270754145	444.57804	-3106.0550409353636	351.12904000000003	-1804.9862866830763	652.0401099999999	-2269.607035973968
2025-01-08 03:10:00	593.83884	-2044.2409093341794	419.38338000000005	-2902.06963261149	444.57804	-3099.3790346417272	351.12904000000003	-1803.813055968913	652.0401099999999	-2266.30591025749
2025-01-08 03:20:00	593.83884	-2042.9895357854375	419.38338000000005	-2897.5454892128796	444.57804	-3095.225527508798	351.12904000000003	-1804.9699539388862	652.0401099999999	-2265.3345986291015
2025-01-08 03:30:00	593.83884	-2041.5752835285734	419.38338000000005	-2893.5075764070384	444.57804	-3090.797633536638	351.12904000000003	-1804.6462695293194	652.0401099999999	-2263.98166450669
2025-01-08 03:40:00	593.83884	-2040.203324098201	419.38338000000005	-2889.5887985240083	444.57804	-3086.3225239754875	351.12904000000003	-1804.8219573089068	652.0401099999999	-2262.681272623752
2025-01-08 03:50:00	593.83884	-2040.0627209918161	419.38338000000005	-2884.299649818681	444.57804	-3080.627201827979	351.12904000000003	-1803.9885302703888	652.0401099999999	-2260.5958606148615
2025-01-08 04:00:00	577.2285652	-2027.114345308988	407.65280140000004	-2863.110345803365	432.1427412	-3059.2814905409123	341.30760453333335	-1793.6813288644869	633.8018866333333	-2246.1203817964283
2025-01-08 04:10:00	577.2285652	-2026.8750052739533	407.65280140000004	-2859.4109438881496	432.1427412	-3056.4087657606588	341.30760453333335	-1794.7566149750048	633.8018866333333	-2247.643611254169
2025-01-08 04:20:00	577.2285652	-2025.7095999547287	407.65280140000004	-2855.0329706538546	432.1427412	-3053.0648061279417	341.30760453333335	-1794.8381673889892	633.8018866333333	-2247.2265517692645
2025-01-08 04:30:00	577.2285652	-2025.5821254250586	407.65280140000004	-2850.8231652581967	432.1427412	-3048.195062632266	341.30760453333335	-1794.2452851553874	633.8018866333333	-2246.3541449684653
2025-01-08 04:40:00	577.2285652	-2024.4300887393747	407.65280140000004	-2846.7398812186175	432.1427412	-3042.2077153716455	341.30760453333335	-1793.2883088932983	633.8018866333333	-2243.4924434344725
2025-01-08 04:50:00	577.2285652	-2022.3950328978835	407.65280140000004	-2843.334647843927	432.1427412	-3039.285360943819	341.30760453333335	-1794.2521917200686	633.8018866333333	-2243.14130088397
2025-01-08 05:00:00	585.8349252	-1970.55829386252	413.7308214000001	-2765.9617582696815	438.5859012	-2957.818000269145	346.39643120000005	-1748.885751423307	643.2517433	-2183.356761305272
2025-01-08 05:10:00	585.8349252	-1970.9896891203505	413.7308214000001	-2764.41131336677	438.5859012	-2956.6842208941616	346.39643120000005	-1750.7786961509003	643.2517433	-2185.0974562311094
2025-01-08 05:20:00	585.8349252	-1971.7624163634916	413.7308214000001	-2762.4450845131014	438.5859012	-2952.6482398509306	346.39643120000005	-1750.5506138768735	643.2517433	-2182.9798135890815
2025-01-08 05:30:00	585.8349252	-1971.879064326649	413.7308214000001	-2761.663533287828	438.5859012	-2950.877669028467	346.39643120000005	-1750.8536205267098	643.2517433	-2182.5640914660826
2025-01-08 05:40:00	585.8349252	-1971.5754300550564	413.7308214000001	-2761.2681613832733	438.5859012	-2949.623858699141	346.39643120000005	-1751.2740577675784	643.2517433	-2184.5390073575445
2025-01-08 05:50:00	585.8349252	-1971.3671174935323	413.7308214000001	-2760.7485895846344	438.5859012	-2948.5088013178356	346.39643120000005	-1751.7091473031999	643.2517433	-2184.657192676673
2025-01-08 06:00:00	577.6588832	-2004.7233607039882	407.9567024	-2791.1843653246324	432.46489919999993	-2980.699371477002	341.56204586666667	-1770.7631071197861	634.2743794666666	-2210.100206787245
2025-01-08 06:10:00	577.6588832	-2028.9154159820785	407.9567024	-2814.4446838074173	432.46489919999993	-3006.6250330853272	341.56204586666667	-1780.4283537496494	634.2743794666666	-2231.9656110656274
2025-01-08 06:20:00	577.6588832	-2056.655935558707	407.9567024	-2853.9792330185805	432.46489919999993	-3029.001168065722	341.56204586666667	-1794.4571164504791	634.2743794666666	-2245.30179535314
2025-01-08 06:30:00	577.6588832	-2084.68685940668	407.9567024	-2876.0896146431737	432.46489919999993	-3052.3775947691656	341.56204586666667	-1802.784611143159	634.2743794666666	-2256.8841248964845
2025-01-08 06:40:00	577.6588832	-2103.946765127831	407.9567024	-2905.24569613105	432.46489919999993	-3078.3868017020245	341.56204586666667	-1811.5576434765703	634.2743794666666	-2263.2078508422724
2025-01-08 06:50:00	577.6588832	-2114.485124245637	407.9567024	-2947.2280830391724	432.46489919999993	-3099.5908836424037	341.56204586666667	-1816.795521181456	634.2743794666666	-2291.9617036293766
2025-01-08 07:00:00	624.7356724	-1995.8876688883142	441.20347180000005	-2811.841912653207	467.7089844	-2933.915515154496	369.39792773333335	-1722.5726592538285	685.9650954333333	-2146.2414403506027
2025-01-08 07:10:00	624.7356724	-1995.518563042533	441.20347180000005	-2849.754980423813	467.7089844	-2982.6507967213033	369.39792773333335	-1740.2638491532748	685.9650954333333	-2156.2817664389604
2025-01-08 07:20:00	624.7356724	-1999.5225472846878	441.20347180000005	-2875.5085190623518	467.7089844	-2998.497081068053	369.39792773333335	-1752.0038623505193	685.9650954333333	-2164.784422788569
2025-01-08 07:30:00	624.7356724	-2009.1802840326454	441.20347180000005	-2899.6203410994785	467.7089844	-3000.159679847791	369.39792773333335	-1761.421313299877	685.9650954333333	-2172.505224129313
2025-01-08 07:40:00	624.7356724	-2013.5550966902247	441.20347180000005	-2905.125473316654	467.7089844	-2998.1583696316784	369.39792773333335	-1769.9472061957317	685.9650954333333	-2176.5005992323004
2025-01-08 07:50:00	624.7356724	-2015.9175542504336	441.20347180000005	-2898.812302319554	467.7089844	-3000.9225261400975	369.39792773333335	-1771.4774445178027	685.9650954333333	-2176.7700861621806
2025-01-08 08:00:00	822.768016	-2080.526288894368	581.058712	-2986.473860565791	615.966096	-3110.292982389375	486.4918293333334	-1828.9136562905148	903.4062973333333	-2257.24001973562
2025-01-08 08:10:00	822.768016	-2079.4536424127227	581.058712	-2978.456948124179	615.966096	-3114.1727800706294	486.4918293333334	-1826.1508949909783	903.4062973333333	-2258.6326146629413
2025-01-08 08:20:00	822.768016	-2084.01874465935	581.058712	-2973.9052214499843	615.966096	-3108.235004284237	486.4918293333334	-1825.3720037701617	903.4062973333333	-2259.267900637463
2025-01-08 08:30:00	822.768016	-2078.854778420629	581.058712	-2970.684229873446	615.966096	-3114.766490037981	486.4918293333334	-1824.699103313161	903.4062973333333	-2266.427449275684
2025-01-08 08:40:00	822.768016	-2078.6717484914734	581.058712	-2965.4423356804687	615.966096	-3120.828536985114	486.4918293333334	-1829.4044778377572	903.4062973333333	-2269.6513795135656
2025-01-08 08:50:00	822.768016	-2073.123555976481	581.058712	-2959.7406607688627	615.966096	-3122.273548002166	486.4918293333334	-1826.3990791660342	903.4062973333333	-2271.8831877768343
2025-01-08 09:00:00	1349.4772480000001	-1999.276757570606	953.0335360000001	-2856.217927001637	1010.287488	-2998.795002891954	797.9280213333334	-1759.974356913107	1481.7375253333332	-2179.5244921384947
2025-01-08 09:10:00	1349.4772480000001	-1996.7319454972805	953.0335360000001	-2860.402950948199	1010.287488	-2996.8293109169954	797.9280213333334	-1760.237431881454	1481.7375253333332	-2178.8355993831483
2025-01-08 09:20:00	1349.4772480000001	-1994.603425399407	953.0335360000001	-2851.6320419010653	1010.287488	-2993.7464583506426	797.9280213333334	-1763.3775089136898	1481.7375253333332	-2180.5960880854454
2025-01-08 09:30:00	1349.4772480000001	-1995.1463939120079	953.0335360000001	-2848.9183469249233	1010.287488	-2988.3331242501226	797.9280213333334	-1760.7946885474234	1481.7375253333332	-2181.6728977062257
2025-01-08 09:40:00	1349.4772480000001	-1994.7144285449579	953.0335360000001	-2846.169437415546	1010.287488	-2984.016146912296	797.9280213333334	-1759.9513117156625	1481.7375253333332	-2184.1688987112066
2025-01-08 09:50:00	1349.4772480000001	-1993.9446313767687	953.0335360000001	-2841.0058151805415	1010.287488	-2981.1188410347986	797.9280213333334	-1757.8519362019802	1481.7375253333332	-2180.5359815823103
2025-01-08 10:00:00	2464.8615040000004	-2105.652839995239	1740.7449280000003	-2997.3463116211597	1845.321024	-3148.2479387388166	1457.4399573333335	-1855.8354799556041	2706.4389493333333	-2308.3781320670164
2025-01-08 10:10:00	2464.8615040000004	-2099.5390819728586	1740.7449280000003	-2988.9803066617014	1845.321024	-3135.2636401357067	1457.4399573333335	-1856.282292473938	2706.4389493333333	-2306.2320355275792
2025-01-08 10:20:00	2464.8615040000004	-2095.4518845219886	1740.7449280000003	-2983.242232649681	1845.321024	-3129.275972997725	1457.4399573333335	-1856.3045448347166	2706.4389493333333	-2306.107157236214
2025-01-08 10:30:00	2464.8615040000004	-2093.0712692855927	1740.7449280000003	-2977.7595995321835	1845.321024	-3125.196737461929	1457.4399573333335	-1852.194269206615	2706.4389493333333	-2315.662991529595
2025-01-08 10:40:00	2464.8615040000004	-2089.893011089824	1740.7449280000003	-2972.069223323302	1845.321024	-3117.7745658582735	1457.4399573333335	-1849.275625708488	2706.4389493333333	-2315.977276850214
2025-01-08 10:50:00	2464.8615040000004	-2086.5318765536626	1740.7449280000003	-2969.908706554251	1845.321024	-3114.680727837226	1457.4399573333335	-1847.2786778727595	2706.4389493333333	-2311.886988238723
2025-01-08 11:00:00	10861.22632	-2078.483803666608	7670.4612400000005	-2961.289084886329	8131.267919999999	-3108.7728729431883	6422.099253333334	-1839.4275983422667	11925.719113333333	-2302.5208601992126
2025-01-08 11:10:00	10861.22632	-2069.501677041222	7670.4612400000005	-2954.48630545393	8131.267919999999	-3107.2939406676787	6422.099253333334	-1834.9364209089	11925.719113333333	-2302.4439241284235
2025-01-08 11:20:00	10861.22632	-2071.385792867184	7670.4612400000005	-2954.127419221898	8131.267919999999	-3123.495611171983	6422.099253333334	-1834.715408078835	11925.719113333333	-2311.5527699726026
2025-01-08 11:30:00	10861.22632	-2079.1076667969955	7670.4612400000005	-2958.6696035570976	8131.267919999999	-3132.3642866227538	6422.099253333334	-1835.821102971042	11925.719113333333	-2321.4247714483863
2025-01-08 11:40:00	10861.22632	-2087.9290330390504	7670.4612400000005	-2971.0655656450554	8131.267919999999	-3137.9960757503004	6422.099253333334	-1836.8420358423882	11925.719113333333	-2329.580137852012
2025-01-08 11:50:00	10861.22632	-2088.099730781434	7670.4612400000005	-2970.291575075128	8131.267919999999	-3138.478910230383	6422.099253333334	-1837.5131679868318	11925.719113333333	-2334.2797806003
2025-01-08 12:00:00	10749.343640000001	-2024.7339905385215	7591.446980000001	-2879.0684625158747	8047.50684	-3040.618328801621	6355.944506666668	-1782.5100955297858	11802.870976666667	-2265.926446333762
2025-01-08 12:10:00	10749.343640000001	-2028.587095914032	7591.446980000001	-2886.4236190292168	8047.50684	-3040.5671758690287	6355.944506666668	-1784.1546789236163	11802.870976666667	-2270.2373353201147
2025-01-08 12:20:00	10749.343640000001	-2034.5274630285512	7591.446980000001	-2886.2777689054756	8047.50684	-3040.069750949994	6355.944506666668	-1785.9443346247044	11802.870976666667	-2265.8142313160824
2025-01-08 12:30:00	10749.343640000001	-2036.3234940238835	7591.446980000001	-2887.150801824956	8047.50684	-3041.75834917279	6355.944506666668	-1788.4682947637812	11802.870976666667	-2270.341503032023
2025-01-08 12:40:00	10749.343640000001	-2039.946165345209	7591.446980000001	-2888.6718833337336	8047.50684	-3046.3518497817104	6355.944506666668	-1795.555286341285	11802.870976666667	-2270.911581301729
2025-01-08 12:50:00	10749.343640000001	-2043.666777220551	7591.446980000001	-2889.8290182267274	8047.50684	-3056.4978000268447	6355.944506666668	-1796.6980371976688	11802.870976666667	-2279.4892964525807
2025-01-08 13:00:00	8898.976240000002	-1972.7323288325679	6284.6726800000015	-2783.515563772944	6662.227440000001	-2948.500006230862	5261.846773333334	-1729.3138938271204	9771.151793333334	-2197.7038374210097
2025-01-08 13:10:00	8898.976240000002	-1980.4589014731318	6284.6726800000015	-2790.5478812791625	6662.227440000001	-2948.623620352203	5261.846773333334	-1736.8155378011734	9771.151793333334	-2203.6609683993047
2025-01-08 13:20:00	8898.976240000002	-1984.427408924379	6284.6726800000015	-2792.4771179107265	6662.227440000001	-2951.030365274034	5261.846773333334	-1740.5329834441573	9771.151793333334	-2212.244104517875
2025-01-08 13:30:00	8898.976240000002	-1987.691495123603	6284.6726800000015	-2798.485051277352	6662.227440000001	-2950.6791727156624	5261.846773333334	-1740.0437782965128	9771.151793333334	-2224.0901345940456
2025-01-08 13:40:00	8898.976240000002	-1989.936557647874	6284.6726800000015	-2805.037733430012	6662.227440000001	-2947.809576257764	5261.846773333334	-1740.0055098696812	9771.151793333334	-2231.682462732211
2025-01-08 13:50:00	8898.976240000002	-1995.715307807268	6284.6726800000015	-2807.92063930515	6662.227440000001	-2951.8805242837216	5261.846773333334	-1742.3170721236902	9771.151793333334	-2231.624997103854
2025-01-08 14:00:00	5629.420076	-2057.477240342949	3975.632882	-2893.657691610983	4214.470956	-3033.834604241213	3328.601522666667	-1793.8630341634112	6181.151245666666	-2302.3758626022773
2025-01-08 14:10:00	5629.420076	-2058.5731149510657	3975.632882	-2897.181719940169	4214.470956	-3031.0505360665147	3328.601522666667	-1796.7878924300817	6181.151245666666	-2310.98860787334
2025-01-08 14:20:00	5629.420076	-2058.8242355937246	3975.632882	-2896.8949548683454	4214.470956	-3026.853891360708	3328.601522666667	-1794.9062922260787	6181.151245666666	-2313.9226245914197
2025-01-08 14:30:00	5629.420076	-2058.178714374707	3975.632882	-2895.64337073907	4214.470956	-3033.9388156369205	3328.601522666667	-1794.9219929977257	6181.151245666666	-2317.1581211096764
2025-01-08 14:40:00	5629.420076	-2062.9922210541354	3975.632882	-2896.593733619678	4214.470956	-3033.6700416477106	3328.601522666667	-1797.6825505300517	6181.151245666666	-2320.174169374013
2025-01-08 14:50:00	5629.420076	-2058.84175558019	3975.632882	-2892.2850900014105	4214.470956	-3028.834608419268	3328.601522666667	-1796.8041605212543	6181.151245666666	-2317.605399318667
2025-01-08 15:00:00	5420.285528	-2039.7306072529345	3827.9369960000004	-2869.6137419392785	4057.902168	-2996.889861011183	3204.943034666667	-1782.024327381515	5951.519728666666	-2297.66953361193
2025-01-08 15:10:00	5420.285528	-2039.382017101233	3827.9369960000004	-2867.251166358437	4057.902168	-2998.7410303102615	3204.943034666667	-1781.264182113212	5951.519728666666	-2304.613809563545
2025-01-08 15:20:00	5420.285528	-2038.963620398129	3827.9369960000004	-2869.9339303914417	4057.902168	-3002.075053371149	3204.943034666667	-1782.6839630992235	5951.519728666666	-2308.562500752563
2025-01-08 15:30:00	5420.285528	-2041.0325417399408	3827.9369960000004	-2878.7035466661587	4057.902168	-3002.525472350778	3204.943034666667	-1785.7501005899258	5951.519728666666	-2305.5846571033144
2025-01-08 15:40:00	5420.285528	-2043.0213698194475	3827.9369960000004	-2878.1323165764475	4057.902168	-3007.3412133223173	3204.943034666667	-1789.835684060501	5951.519728666666	-2306.209112811679
2025-01-08 15:50:00	5420.285528	-2046.9459867041778	3827.9369960000004	-2880.4076687652328	4057.902168	-3009.448217618685	3204.943034666667	-1797.1130034439557	5951.519728666666	-2306.3405106903156
2025-01-08 16:00:00	904.5284359999999	-2109.3303295984333	638.799902	-2971.9006138254163	677.176116	-3101.734894438864	534.8356826666667	-1848.591267650418	993.1799356666666	-2375.495095318133
2025-01-08 16:10:00	904.5284359999999	-2116.670909088921	638.799902	-3000.328476741992	677.176116	-3109.051784288686	534.8356826666667	-1850.0379935956662	993.1799356666666	-2381.1177058866942
2025-01-08 16:20:00	904.5284359999999	-2123.570366717738	638.799902	-3003.9936608478856	677.176116	-3122.2770004965296	534.8356826666667	-1856.7085051282706	993.1799356666666	-2378.5841769122862
2025-01-08 16:30:00	904.5284359999999	-2122.956917996785	638.799902	-3004.413633117594	677.176116	-3134.609622561524	534.8356826666667	-1853.1294264621479	993.1799356666666	-2379.6124564710112
2025-01-08 16:40:00	904.5284359999999	-2129.415370317331	638.799902	-3004.4537640232284	677.176116	-3153.6639069216535	534.8356826666667	-1851.9323442975933	993.1799356666666	-2377.185787863222
2025-01-08 16:50:00	904.5284359999999	-2133.652804982805	638.799902	-3002.5974138588044	677.176116	-3172.6447533993573	534.8356826666667	-1855.0289230696308	993.1799356666666	-2377.883114927482
2025-01-08 17:00:00	598.2280836	-2158.3899198401864	422.4831702	-3045.414348557753	447.8640516	-3212.61402897549	353.7243416	-1878.1740676121162	656.8595369	-2408.3569705825057
2025-01-08 17:10:00	598.2280836	-2157.2683489511996	422.4831702	-3035.9519849270214	447.8640516	-3207.2002295116426	353.7243416	-1877.6806408116818	656.8595369	-2412.2039706919245
2025-01-08 17:20:00	598.2280836	-2159.6395134986888	422.4831702	-3028.401113446367	447.8640516	-3202.52397845776	353.7243416	-1880.4410596349248	656.8595369	-2412.5419212965753
2025-01-08 17:30:00	598.2280836	-2161.992938706345	422.4831702	-3027.4793508469443	447.8640516	-3196.3184070490097	353.7243416	-1884.4736601969953	656.8595369	-2415.951334295252
2025-01-08 17:40:00	598.2280836	-2161.9391753373725	422.4831702	-3032.251938180613	447.8640516	-3201.2371522487724	353.7243416	-1885.6803764909546	656.8595369	-2420.8510334160305
2025-01-08 17:50:00	598.2280836	-2159.8394658061184	422.4831702	-3034.1857064330165	447.8640516	-3208.988833505088	353.7243416	-1887.1762481866363	656.8595369	-2430.4789568013985
2025-01-08 18:00:00	628.0921528	-2164.5966113298387	443.5738996	-3037.701943820516	470.2218168	-3227.1540763968796	371.38257013333333	-1897.7658950102252	689.6505395333332	-2428.1481001055663
2025-01-08 18:10:00	628.0921528	-2163.896046608711	443.5738996	-3028.156509347517	470.2218168	-3227.838155851739	371.38257013333333	-1901.5220978714362	689.6505395333332	-2433.38692574601
2025-01-08 18:20:00	628.0921528	-2161.096597528614	443.5738996	-3026.3126418736924	470.2218168	-3222.031485512704	371.38257013333333	-1901.403304330235	689.6505395333332	-2440.996055859334
2025-01-08 18:30:00	628.0921528	-2159.8306130803626	443.5738996	-3027.852534374659	470.2218168	-3229.8079595910067	371.38257013333333	-1902.8980529573707	689.6505395333332	-2441.4796977296405
2025-01-08 18:40:00	628.0921528	-2156.862020999282	443.5738996	-3027.4852527646863	470.2218168	-3222.067806519583	371.38257013333333	-1904.5869000824257	689.6505395333332	-2437.8156001953503
2025-01-08 18:50:00	628.0921528	-2155.248494754596	443.5738996	-3028.0982411654927	470.2218168	-3223.953704622904	371.38257013333333	-1903.8867155361374	689.6505395333332	-2443.6230562244864
2025-01-08 19:00:00	597.7977656	-2133.1482528775377	422.1792692	-3000.210019911683	447.5418936	-3185.8055717444977	353.4699002666667	-1888.1195582133605	656.3870440666666	-2421.7165095340806
2025-01-08 19:10:00	597.7977656	-2131.641740754074	422.1792692	-3003.248906055937	447.5418936	-3182.0980912524437	353.4699002666667	-1890.1236355712049	656.3870440666666	-2423.36362091091
2025-01-08 19:20:00	597.7977656	-2131.141199527099	422.1792692	-3002.3324699262157	447.5418936	-3178.7972340246706	353.4699002666667	-1893.001117635476	656.3870440666666	-2421.0111214213366
2025-01-08 19:30:00	597.7977656	-2129.07905023308	422.1792692	-3003.191644692432	447.5418936	-3175.578940314428	353.4699002666667	-1891.802252932403	656.3870440666666	-2421.6566074194807
2025-01-08 19:40:00	597.7977656	-2130.411624894363	422.1792692	-3003.4299098639653	447.5418936	-3174.5307854173325	353.4699002666667	-1890.2221256021621	656.3870440666666	-2425.122743845186
2025-01-08 19:50:00	597.7977656	-2126.4132024106248	422.1792692	-3002.9385403112415	447.5418936	-3174.9421567744594	353.4699002666667	-1891.611031195711	656.3870440666666	-2430.2210958909727
2025-01-08 20:00:00	581.7038724000001	-2091.3247153926864	410.8133718000001	-2949.7889334183114	435.4931844	-3113.594636044615	343.95379440000005	-1859.8509759921822	638.7158121	-2384.9966063119473
2025-01-08 20:10:00	581.7038724000001	-2092.5079671290387	410.8133718000001	-2946.9196506005137	435.4931844	-3113.3329028704984	343.95379440000005	-1861.5622292718658	638.7158121	-2386.140674914578
2025-01-08 20:20:00	581.7038724000001	-2093.749022989153	410.8133718000001	-2943.9698161824003	435.4931844	-3112.910000912001	343.95379440000005	-1860.992219494609	638.7158121	-2392.352914010198
2025-01-08 20:30:00	581.7038724000001	-2091.063735742377	410.8133718000001	-2945.5700056052037	435.4931844	-3115.687110806136	343.95379440000005	-1860.9434316672514	638.7158121	-2393.3880856491087
2025-01-08 20:40:00	581.7038724000001	-2091.45557784867	410.8133718000001	-2945.0418715079168	435.4931844	-3118.666757238281	343.95379440000005	-1862.9264488478648	638.7158121	-2390.2931194847406
2025-01-08 20:50:00	581.7038724000001	-2092.5863387753184	410.8133718000001	-2944.997762862005	435.4931844	-3115.6031336862416	343.95379440000005	-1864.3021175745703	638.7158121	-2390.2273403822373
2025-01-08 21:00:00	582.650572	-1933.2862152976131	411.481954	-2717.8477622755986	436.20193199999994	-2882.7140526302505	344.5135653333333	-1726.3020159826528	639.7552963333333	-2209.087089290992
2025-01-08 21:10:00	582.650572	-1942.4909439562525	411.481954	-2719.064277715521	436.20193199999994	-2887.4915617248507	344.5135653333333	-1729.1165434516747	639.7552963333333	-2211.535126882208
2025-01-08 21:20:00	582.650572	-1943.111790199654	411.481954	-2719.08380792274	436.20193199999994	-2891.75036239873	344.5135653333333	-1732.2845069910354	639.7552963333333	-2214.458796999381
2025-01-08 21:30:00	582.650572	-1945.0937463061541	411.481954	-2720.5370256093843	436.20193199999994	-2891.527776249113	344.5135653333333	-1733.9629457953629	639.7552963333333	-2216.27724227148
2025-01-08 21:40:00	582.650572	-1948.7351987005522	411.481954	-2724.762325627846	436.20193199999994	-2891.3428265555053	344.5135653333333	-1735.3645151618803	639.7552963333333	-2218.2507080539676
2025-01-08 21:50:00	582.650572	-1951.4047040612427	411.481954	-2724.986483017866	436.20193199999994	-2891.8704374762083	344.5135653333333	-1735.9392187591757	639.7552963333333	-2219.288786544741
2025-01-08 22:00:00	583.3390808	-2009.0287124409842	411.9681956	-2802.4317077853066	436.7173848	-2976.2892880276227	344.9206714666667	-1785.985105785223	640.5112848666666	-2283.449724825903
2025-01-08 22:10:00	583.3390808	-2010.682982313559	411.9681956	-2802.0473760923383	436.7173848	-2973.784627261207	344.9206714666667	-1786.9999322569602	640.5112848666666	-2283.938019654472
2025-01-08 22:20:00	583.3390808	-2012.1872064446766	411.9681956	-2805.7859490168444	436.7173848	-2972.1936878654874	344.9206714666667	-1788.1134175397183	640.5112848666666	-2284.6809441198343
2025-01-08 22:30:00	583.3390808	-2013.9479235628628	411.9681956	-2802.3212833727634	436.7173848	-2971.600668692296	344.9206714666667	-1789.5310815172288	640.5112848666666	-2284.9058274752456
2025-01-08 22:40:00	583.3390808	-2015.4064891642788	411.9681956	-2804.183646873574	436.7173848	-2969.7705333228982	344.9206714666667	-1791.1788140539024	640.5112848666666	-2279.441558227595
2025-01-08 22:50:00	583.3390808	-2016.842337393045	411.9681956	-2802.563408665971	436.7173848	-2967.18458856321	344.9206714666667	-1787.5493151030742	640.5112848666666	-2277.7087028381866
2025-01-08 23:00:00	618.7112204	-2091.527718451514	436.94885780000004	-2907.1343514277423	463.1987724	-3086.2881841766625	365.83574906666666	-1853.8772601589926	679.3501957666666	-2358.4430834491354
2025-01-08 23:10:00	618.7112204	-2081.3521318996823	436.94885780000004	-2879.0549311898353	463.1987724	-3073.3122616135665	365.83574906666666	-1842.1334501994847	679.3501957666666	-2311.6455090285745
2025-01-08 23:20:00	618.7112204	-2067.6539148416955	436.94885780000004	-2855.595696791389	463.1987724	-3067.1065020457386	365.83574906666666	-1821.2417731115138	679.3501957666666	-2287.1146583056106
2025-01-08 23:30:00	618.7112204	-2059.4757070295013	436.94885780000004	-2836.300834192769	463.1987724	-3057.6121619991945	365.83574906666666	-1802.9184009942437	679.3501957666666	-2256.2602325929606
2025-01-08 23:40:00	618.7112204	-2044.8665070763514	436.94885780000004	-2820.8847086060487	463.1987724	-3037.4116057546794	365.83574906666666	-1788.4217170732854	679.3501957666666	-2234.6896770255275
2025-01-08 23:50:00	618.7112204	-2024.795011202125	436.94885780000004	-2804.6059447920084	463.1987724	-3031.610655111856	365.83574906666666	-1775.9521148984427	679.3501957666666	-2214.730655557139
2025-01-09 00:00:00	607.8672068	-2040.4037980657322	429.2905526	-2824.0328844299606	455.0803908	-3051.780520478428	359.42382746666664	-1782.386090525083	667.4433763666666	-2236.8432174374925
2025-01-09 00:10:00	607.8672068	-1991.7190354314857	429.2905526	-2768.292271548442	455.0803908	-2978.1195943458897	359.42382746666664	-1744.8812772938277	667.4433763666666	-2184.110347089961
2025-01-09 00:20:00	607.8672068	-1965.483741451675	429.2905526	-2748.8830473711255	455.0803908	-2950.807209267673	359.42382746666664	-1722.2864716306585	667.4433763666666	-2162.484392428815
2025-01-09 00:30:00	607.8672068	-1948.717339123556	429.2905526	-2750.7393924533862	455.0803908	-2953.269311092329	359.42382746666664	-1706.855632191975	667.4433763666666	-2147.801591549346
2025-01-09 00:40:00	607.8672068	-1937.5679028511659	429.2905526	-2748.709456551833	455.0803908	-2950.541782987846	359.42382746666664	-1696.726765652139	667.4433763666666	-2138.3035374844276
2025-01-09 00:50:00	607.8672068	-1929.6315855503335	429.2905526	-2743.237515471167	455.0803908	-2947.489163407803	359.42382746666664	-1690.1501412097546	667.4433763666666	-2131.576926204055
2025-01-09 01:00:00	566.0402971999999	-1932.7815836732743	399.7513754	-2752.6714514897876	423.76663319999994	-2956.8967825766013	334.6921298666667	-1698.5268827556974	621.5170729666665	-2136.7768091038183
2025-01-09 01:10:00	566.0402971999999	-1929.6214084088188	399.7513754	-2751.1340767579754	423.76663319999994	-2953.850595379739	334.6921298666667	-1699.8285904771121	621.5170729666665	-2134.105240771529
2025-01-09 01:20:00	566.0402971999999	-1927.4019033364816	399.7513754	-2747.581061593951	423.76663319999994	-2950.5688454169995	334.6921298666667	-1700.8434221956963	621.5170729666665	-2132.0472722136565
2025-01-09 01:30:00	566.0402971999999	-1925.9862476754915	399.7513754	-2744.052736799905	423.76663319999994	-2944.86564812221	334.6921298666667	-1701.0842366531238	621.5170729666665	-2130.760749953102
2025-01-09 01:40:00	566.0402971999999	-1925.867771639916	399.7513754	-2739.8804291670353	423.76663319999994	-2941.1882455131918	334.6921298666667	-1700.9281197710839	621.5170729666665	-2129.7769997055602
2025-01-09 01:50:00	566.0402971999999	-1926.0447221673098	399.7513754	-2737.543849125351	423.76663319999994	-2939.561818672946	334.6921298666667	-1701.7877127050065	621.5170729666665	-2129.6048171746934
2025-01-09 02:00:00	580.6711091999999	-1899.0816464297855	410.0840094	-2695.554768215845	434.72000519999995	-2893.3392877948077	343.3431352	-1677.3026402675064	637.5818292999999	-2097.9639416787822
2025-01-09 02:10:00	580.6711091999999	-1899.768643770311	410.0840094	-2694.7162831711353	434.72000519999995	-2892.5993785826777	343.3431352	-1678.2751427863177	637.5818292999999	-2099.3662649961125
2025-01-09 02:20:00	580.6711091999999	-1900.27195266526	410.0840094	-2691.295434262143	434.72000519999995	-2888.4406644770793	343.3431352	-1677.9941985520138	637.5818292999999	-2100.056844742194
2025-01-09 02:30:00	580.6711091999999	-1900.2235775196546	410.0840094	-2688.816678417024	434.72000519999995	-2884.584886658012	343.3431352	-1679.099394549804	637.5818292999999	-2102.4133265252085
2025-01-09 02:40:00	580.6711091999999	-1900.383192372803	410.0840094	-2687.451843187814	434.72000519999995	-2883.173970479581	343.3431352	-1681.126816618737	637.5818292999999	-2101.262637961073
2025-01-09 02:50:00	580.6711091999999	-1900.3437249191834	410.0840094	-2685.8728449726377	434.72000519999995	-2880.739991405083	343.3431352	-1681.8380510735053	637.5818292999999	-2102.958962249787
2025-01-09 03:00:00	582.8226992000001	-1905.9147126299972	411.60351440000005	-2689.2335648545322	436.3307952	-2883.3795902962447	344.6153418666667	-1685.5041036939883	639.9442934666666	-2108.5648417918683
2025-01-09 03:10:00	582.8226992000001	-1905.9562755110824	411.60351440000005	-2685.9278640339617	436.3307952	-2879.0096452491066	344.6153418666667	-1685.0453900976272	639.9442934666666	-2106.0475168438647
2025-01-09 03:20:00	582.8226992000001	-1906.128851594011	411.60351440000005	-2684.3551863859757	436.3307952	-2877.5419797197737	344.6153418666667	-1686.561175500799	639.9442934666666	-2106.005301784392
2025-01-09 03:30:00	582.8226992000001	-1906.5233159708446	411.60351440000005	-2682.71796888233	436.3307952	-2876.622342532528	344.6153418666667	-1687.5162424107389	639.9442934666666	-2110.4289106413494
2025-01-09 03:40:00	582.8226992000001	-1906.0691727977828	411.60351440000005	-2680.957731699851	436.3307952	-2874.413969313275	344.6153418666667	-1688.6382837898432	639.9442934666666	-2112.1271331070725
2025-01-09 03:50:00	582.8226992000001	-1905.9706012063666	411.60351440000005	-2678.026119236083	436.3307952	-2869.978836734643	344.6153418666667	-1688.8491960213487	639.9442934666666	-2111.0316216562574
2025-01-09 04:00:00	618.5390932	-1890.8161401768343	436.8272974	-2653.68325951107	463.0699092	-2844.926837444375	365.7339725333334	-1675.2588532527477	679.1611986333334	-2093.7998796148613
2025-01-09 04:10:00	618.5390932	-1891.718082510571	436.8272974	-2654.218523890758	463.0699092	-2843.1752933031853	365.7339725333334	-1676.6521186735197	679.1611986333334	-2096.6179587414676
2025-01-09 04:20:00	618.5390932	-1891.945953103777	436.8272974	-2652.2602714637515	463.0699092	-2839.6341519563052	365.7339725333334	-1677.1712845986278	679.1611986333334	-2097.729182379469
2025-01-09 04:30:00	618.5390932	-1892.608646469443	436.8272974	-2649.8726649562213	463.0699092	-2836.8648320930897	365.7339725333334	-1677.208574194165	679.1611986333334	-2096.8186615588384
2025-01-09 04:40:00	618.5390932	-1893.3194142108791	436.8272974	-2647.2899353956764	463.0699092	-2834.551076669881	365.7339725333334	-1677.0959046720843	679.1611986333334	-2095.5736060354325
2025-01-09 04:50:00	618.5390932	-1894.2445590957645	436.8272974	-2646.182830469579	463.0699092	-2832.2874634670407	365.7339725333334	-1679.0621773809735	679.1611986333334	-2096.412201818886
2025-01-09 05:00:00	617.5923936	-1909.951847640311	436.1587152	-2667.9712320413037	462.3611616	-2855.8418546601397	365.1742016	-1694.8359130031351	678.1217144	-2115.555928892898
2025-01-09 05:10:00	617.5923936	-1908.8322402420513	436.1587152	-2666.392394277881	462.3611616	-2852.6971096092934	365.1742016	-1695.1160952036337	678.1217144	-2116.9170940143777
2025-01-09 05:20:00	617.5923936	-1909.1966470380876	436.1587152	-2663.709491868113	462.3611616	-2848.701032500593	365.1742016	-1694.0943793186368	678.1217144	-2117.0984870284037
2025-01-09 05:30:00	617.5923936	-1908.9609129305654	436.1587152	-2662.218206711884	462.3611616	-2846.150669481476	365.1742016	-1693.8972071779297	678.1217144	-2116.4797758727627
2025-01-09 05:40:00	617.5923936	-1909.3764751790504	436.1587152	-2662.1075525563388	462.3611616	-2844.5429512417527	365.1742016	-1695.364366582479	678.1217144	-2117.4510231921868
2025-01-09 05:50:00	617.5923936	-1912.984878463185	436.1587152	-2661.7581281697258	462.3611616	-2843.3957267816163	365.1742016	-1696.284957760124	678.1217144	-2117.480540909931
2025-01-09 06:00:00	577.8310104000001	-1910.0389405327162	408.07826280000006	-2659.3222517011322	432.5937624	-2840.3576226587415	341.6638224	-1694.983940703354	634.4633766	-2116.801607405321
2025-01-09 06:10:00	577.8310104000001	-1925.760710840673	408.07826280000006	-2685.1267435093996	432.5937624	-2868.0823355367725	341.6638224	-1700.2862452691852	634.4633766	-2141.458647061874
2025-01-09 06:20:00	577.8310104000001	-1949.2255212884236	408.07826280000006	-2733.407126043212	432.5937624	-2900.4453451271506	341.6638224	-1706.908848619353	634.4633766	-2165.566235666088
2025-01-09 06:30:00	577.8310104000001	-1974.7077104862994	408.07826280000006	-2765.914626693286	432.5937624	-2915.8940269719164	341.6638224	-1710.2331857931301	634.4633766	-2183.0527713114225
2025-01-09 06:40:00	577.8310104000001	-1991.5702251814994	408.07826280000006	-2800.5390011492846	432.5937624	-2926.2216811970547	341.6638224	-1719.6444403668386	634.4633766	-2204.036608231697
2025-01-09 06:50:00	577.8310104000001	-2006.3811036482832	408.07826280000006	-2803.568128138413	432.5937624	-2939.280725214574	341.6638224	-1735.0812803286933	634.4633766	-2220.6445822723636
2025-01-09 07:00:00	577.486756	-2023.5675231963176	407.835142	-2799.2809422524615	432.336036	-2968.626119987456	341.4602693333333	-1745.4751490237581	634.0853823333332	-2239.5732211600925
2025-01-09 07:10:00	577.486756	-2022.7180003978685	407.835142	-2802.6435282315474	432.336036	-2997.4455096266765	341.4602693333333	-1762.4906910328732	634.0853823333332	-2236.176377773867
2025-01-09 07:20:00	577.486756	-2021.4209275734881	407.835142	-2812.1700268520303	432.336036	-3016.454481706188	341.4602693333333	-1773.0300970418448	634.0853823333332	-2239.4863226983734
2025-01-09 07:30:00	577.486756	-2031.4061494181085	407.835142	-2824.092622928294	432.336036	-3031.636154008823	341.4602693333333	-1773.6176877514777	634.0853823333332	-2237.031885545732
2025-01-09 07:40:00	577.486756	-2035.094227989215	407.835142	-2837.326149242095	432.336036	-3045.4875686142805	341.4602693333333	-1774.0367336370696	634.0853823333332	-2235.3952352682195
2025-01-09 07:50:00	577.486756	-2033.6326935628533	407.835142	-2835.943245084943	432.336036	-3040.8151210937613	341.4602693333333	-1778.0873436167894	634.0853823333332	-2237.8281990523847
2025-01-09 08:00:00	1161.8586	-2022.726079314385	820.5327000000001	-2818.104939088177	869.8266000000001	-3019.715870688151	686.9916000000001	-1761.4315459894779	1275.73065	-2223.901081107454
2025-01-09 08:10:00	1161.8586	-2021.423674895228	820.5327000000001	-2823.3606445665555	869.8266000000001	-3018.2604532787495	686.9916000000001	-1771.3515598798417	1275.73065	-2225.0864251816515
2025-01-09 08:20:00	1161.8586	-2024.4924042798916	820.5327000000001	-2822.528530225668	869.8266000000001	-3014.360764163171	686.9916000000001	-1775.538421383953	1275.73065	-2225.4331276848666
2025-01-09 08:30:00	1161.8586	-2024.2631134359904	820.5327000000001	-2821.356064248749	869.8266000000001	-3009.840855223946	686.9916000000001	-1779.3290711805907	1275.73065	-2227.1998685986373
2025-01-09 08:40:00	1161.8586	-2018.4502619828772	820.5327000000001	-2820.1786283370675	869.8266000000001	-3006.2457827588723	686.9916000000001	-1783.1278048505496	1275.73065	-2225.624523528669
2025-01-09 08:50:00	1161.8586	-2019.2269336572685	820.5327000000001	-2821.6237576782214	869.8266000000001	-3001.307843337678	686.9916000000001	-1781.6540189557168	1275.73065	-2224.533946694264
2025-01-09 09:00:00	1845.203584	-1843.7825769547464	1303.127488	-2569.263770519857	1381.413504	-2732.5987517049334	1091.0444373333335	-1625.866423381806	2026.0492693333333	-2027.1892609271752
2025-01-09 09:10:00	1845.203584	-1849.5694313347115	1303.127488	-2574.465790959276	1381.413504	-2741.081365470881	1091.0444373333335	-1626.375727853667	2026.0492693333333	-2032.526927638092
2025-01-09 09:20:00	1845.203584	-1849.335630775771	1303.127488	-2584.9606434932007	1381.413504	-2740.7791555749563	1091.0444373333335	-1630.5977562755295	2026.0492693333333	-2036.7668197976438
2025-01-09 09:30:00	1845.203584	-1851.946813540975	1303.127488	-2591.0040160845474	1381.413504	-2752.809430030624	1091.0444373333335	-1632.0500382984899	2026.0492693333333	-2044.1808694360395
2025-01-09 09:40:00	1845.203584	-1853.7207487791918	1303.127488	-2604.7976583069353	1381.413504	-2755.51417048046	1091.0444373333335	-1636.2075810642261	2026.0492693333333	-2043.9261054240367
2025-01-09 09:50:00	1845.203584	-1855.2022179523026	1303.127488	-2602.6096242652225	1381.413504	-2757.300181140543	1091.0444373333335	-1633.6663699445219	2026.0492693333333	-2042.3869601885474
2025-01-09 10:00:00	2618.915348	-1890.7292529980864	1849.541486	-2653.8659432318864	1960.653588	-2804.939954790383	1548.5299546666668	-1661.9594173645298	2875.5913836666664	-2082.8465691358842
2025-01-09 10:10:00	2618.915348	-1889.909375370576	1849.541486	-2651.9757611484547	1960.653588	-2805.605349804021	1548.5299546666668	-1665.3874502201254	2875.5913836666664	-2084.116769479976
2025-01-09 10:20:00	2618.915348	-1886.643654676163	1849.541486	-2651.349312692444	1960.653588	-2803.610857872466	1548.5299546666668	-1664.179982120438	2875.5913836666664	-2086.0485606752254
2025-01-09 10:30:00	2618.915348	-1885.5129837358331	1849.541486	-2656.013825111997	1960.653588	-2800.229717058952	1548.5299546666668	-1663.474178208243	2875.5913836666664	-2087.512815433023
2025-01-09 10:40:00	2618.915348	-1884.6061676653394	1849.541486	-2651.484169503795	1960.653588	-2801.862064643943	1548.5299546666668	-1666.9858109106842	2875.5913836666664	-2082.897756897897
2025-01-09 10:50:00	2618.915348	-1884.4694080931936	1849.541486	-2632.7660561320035	1960.653588	-2802.3723272411107	1548.5299546666668	-1671.2441956184928	2875.5913836666664	-2084.2747029275197
2025-01-09 11:00:00	8589.147280000001	-1893.558580903742	6065.863960000001	-2641.9171718036223	6430.27368	-2803.802833370488	5078.649013333334	-1676.8346914670155	9430.956953333332	-2089.641065209329
2025-01-09 11:10:00	8589.147280000001	-1890.784183798136	6065.863960000001	-2640.2054263595664	6430.27368	-2794.280932875734	5078.649013333334	-1673.9151854272113	9430.956953333332	-2084.9182616896614
2025-01-09 11:20:00	8589.147280000001	-1891.091405235462	6065.863960000001	-2641.458890260502	6430.27368	-2793.5051932058577	5078.649013333334	-1675.8400508843115	9430.956953333332	-2090.2371733896034
2025-01-09 11:30:00	8589.147280000001	-1893.4462452542448	6065.863960000001	-2644.75529385183	6430.27368	-2795.412285843655	5078.649013333334	-1678.0099564786105	9430.956953333332	-2094.4771100350135
2025-01-09 11:40:00	8589.147280000001	-1897.0302906931738	6065.863960000001	-2650.620561978917	6430.27368	-2802.2300514031776	5078.649013333334	-1678.050452979146	9430.956953333332	-2097.809038516485
2025-01-09 11:50:00	8589.147280000001	-1907.3925455284516	6065.863960000001	-2657.414450072579	6430.27368	-2801.6435424653555	5078.649013333334	-1679.8362147246262	9430.956953333332	-2101.061693160789
2025-01-09 12:00:00	5940.109672	-1896.3472588393051	4195.049404	-2645.924137313842	4447.069031999999	-2785.093665836438	3512.3081653333334	-1670.3807173382343	6522.291071333332	-2092.2487700387564
2025-01-09 12:10:00	5940.109672	-1896.7791965236966	4195.049404	-2645.342211258605	4447.069031999999	-2787.3752106664106	3512.3081653333334	-1672.1017328976873	6522.291071333332	-2096.917369972115
2025-01-09 12:20:00	5940.109672	-1900.3745613165602	4195.049404	-2651.0205725176065	4447.069031999999	-2787.6697040569725	3512.3081653333334	-1670.4946016095823	6522.291071333332	-2098.9634748681156
2025-01-09 12:30:00	5940.109672	-1902.7082774651653	4195.049404	-2657.1150631042683	4447.069031999999	-2790.5062262407228	3512.3081653333334	-1669.1824837723548	6522.291071333332	-2104.5353531269366
2025-01-09 12:40:00	5940.109672	-1899.2181840698677	4195.049404	-2658.0545309173403	4447.069031999999	-2792.5499075984653	3512.3081653333334	-1666.9568539187499	6522.291071333332	-2108.4852280962505
2025-01-09 12:50:00	5940.109672	-1901.8614084640412	4195.049404	-2663.832363856204	4447.069031999999	-2796.478925972894	3512.3081653333334	-1666.1355450504439	6522.291071333332	-2111.583783578405
2025-01-09 13:00:00	7194.91696	-1825.9518632790596	5081.22472	-2555.463124821241	5386.48176	-2679.469519607079	4254.259093333333	-1592.4239117748994	7900.080173333333	-2020.2801334064143
2025-01-09 13:10:00	7194.91696	-1824.183134787475	5081.22472	-2555.222243574869	5386.48176	-2684.104583778786	4254.259093333333	-1584.4116447492079	7900.080173333333	-2025.367971803732
2025-01-09 13:20:00	7194.91696	-1819.5654020129505	5081.22472	-2557.8339224810634	5386.48176	-2689.421048483445	4254.259093333333	-1572.123785323889	7900.080173333333	-2026.47071948955
2025-01-09 13:30:00	7194.91696	-1816.0813840646415	5081.22472	-2563.0096767813484	5386.48176	-2689.840575727091	4254.259093333333	-1573.3441263135628	7900.080173333333	-2028.4154519756075
2025-01-09 13:40:00	7194.91696	-1814.7064193873803	5081.22472	-2562.4778054797243	5386.48176	-2699.889147545474	4254.259093333333	-1573.9132179825356	7900.080173333333	-2036.3640388167069
2025-01-09 13:50:00	7194.91696	-1818.3607274378637	5081.22472	-2564.1273900104006	5386.48176	-2705.5602748350993	4254.259093333333	-1576.2801337074643	7900.080173333333	-2038.1856827975234
2025-01-09 14:00:00	6461.6550879999995	-1840.9434561421795	4563.377416	-2595.223069046646	4837.524528	-2739.7925699174075	3820.6910613333334	-1596.5937290639927	7094.952385333332	-2068.431244515863
2025-01-09 14:10:00	6461.6550879999995	-1841.230857345382	4563.377416	-2601.742955159076	4837.524528	-2738.7131037604604	3820.6910613333334	-1597.9412575924157	7094.952385333332	-2066.741858941694
2025-01-09 14:20:00	6461.6550879999995	-1843.8064225224343	4563.377416	-2602.592846245727	4837.524528	-2737.2365599331742	3820.6910613333334	-1597.584793259944	7094.952385333332	-2065.0694758229474
2025-01-09 14:30:00	6461.6550879999995	-1846.3025891495627	4563.377416	-2601.4538125442277	4837.524528	-2738.4831296988114	3820.6910613333334	-1598.176163363732	7094.952385333332	-2063.2686594679744
2025-01-09 14:40:00	6461.6550879999995	-1849.738560191442	4563.377416	-2605.2921432646335	4837.524528	-2742.5452894907103	3820.6910613333334	-1599.9956231581168	7094.952385333332	-2062.4005792413263
2025-01-09 14:50:00	6461.6550879999995	-1852.1844676110422	4563.377416	-2616.3274641244207	4837.524528	-2745.22885466536	3820.6910613333334	-1601.5597658742859	7094.952385333332	-2063.1747549662905
2025-01-09 15:00:00	3138.739492	-1830.6656447569771	2216.653894	-2583.889729469174	2349.820452	-2707.1723907056057	1855.8950853333336	-1580.8379286175855	3446.3627263333333	-2038.6960630811532
2025-01-09 15:10:00	3138.739492	-1836.7845308865121	2216.653894	-2592.8772678154146	2349.820452	-2713.436503125964	1855.8950853333336	-1583.657659508362	3446.3627263333333	-2044.3612276417184
2025-01-09 15:20:00	3138.739492	-1838.0196217259777	2216.653894	-2593.218817956241	2349.820452	-2714.6015194754245	1855.8950853333336	-1587.1383169623018	3446.3627263333333	-2046.8557731188944
2025-01-09 15:30:00	3138.739492	-1842.1359798735034	2216.653894	-2601.2006569277437	2349.820452	-2712.4921761673704	1855.8950853333336	-1587.329961578845	3446.3627263333333	-2049.5641141499214
2025-01-09 15:40:00	3138.739492	-1845.3292078932623	2216.653894	-2603.5678446593047	2349.820452	-2712.8253021174705	1855.8950853333336	-1587.6458898363253	3446.3627263333333	-2055.127778086036
2025-01-09 15:50:00	3138.739492	-1849.3014291586355	2216.653894	-2608.9505687091423	2349.820452	-2734.6521274397865	1855.8950853333336	-1588.154391242279	3446.3627263333333	-2056.0829250442353
2025-01-09 16:00:00	851.1690040000001	-1869.9259183860217	601.1161780000001	-2636.364956746611	637.2285240000001	-2774.4145756464095	503.2849573333334	-1605.8493950122047	934.5908243333333	-2086.9472760998415
2025-01-09 16:10:00	851.1690040000001	-1883.1323899536537	601.1161780000001	-2644.7395244794425	637.2285240000001	-2775.3754154370017	503.2849573333334	-1610.0231092612626	934.5908243333333	-2090.806384894936
2025-01-09 16:20:00	851.1690040000001	-1884.4643158253707	601.1161780000001	-2654.997368950505	637.2285240000001	-2775.158403604662	503.2849573333334	-1612.2653143438451	934.5908243333333	-2097.0151957101543
2025-01-09 16:30:00	851.1690040000001	-1881.82754142168	601.1161780000001	-2660.1631975688997	637.2285240000001	-2786.57558180812	503.2849573333334	-1616.6572126581782	934.5908243333333	-2099.7326627730413
2025-01-09 16:40:00	851.1690040000001	-1885.3165852818324	601.1161780000001	-2663.366804454794	637.2285240000001	-2793.3752611131436	503.2849573333334	-1619.7196092794757	934.5908243333333	-2104.0875188635896
2025-01-09 16:50:00	851.1690040000001	-1887.0071989961157	601.1161780000001	-2670.1306443422964	637.2285240000001	-2809.9808472356603	503.2849573333334	-1626.7092659516343	934.5908243333333	-2110.637943627514
2025-01-09 17:00:00	588.5028968	-1898.524038049055	415.6150076	-2679.694352887172	440.5832808	-2816.2522975107236	347.9739674666667	-1630.229340650506	646.1811988666666	-2111.433533261418
2025-01-09 17:10:00	588.5028968	-1903.223596629422	415.6150076	-2687.2912903566153	440.5832808	-2818.413303415635	347.9739674666667	-1637.858156327586	646.1811988666666	-2114.2924184403673
2025-01-09 17:20:00	588.5028968	-1906.4635217880964	415.6150076	-2690.5306816888356	440.5832808	-2825.1206396988573	347.9739674666667	-1644.3733633979562	646.1811988666666	-2120.4141664688836
2025-01-09 17:30:00	588.5028968	-1911.7104753000317	415.6150076	-2691.0045518475254	440.5832808	-2826.5162568768937	347.9739674666667	-1647.6273861297127	646.1811988666666	-2124.3041877959677
2025-01-09 17:40:00	588.5028968	-1925.1886587574477	415.6150076	-2702.60933784576	440.5832808	-2829.144438407105	347.9739674666667	-1652.3125356986104	646.1811988666666	-2128.6073668110494
2025-01-09 17:50:00	588.5028968	-1925.1640004064793	415.6150076	-2700.6941048169415	440.5832808	-2830.953502714067	347.9739674666667	-1658.0169124648019	646.1811988666666	-2133.6491424279275
2025-01-09 18:00:00	582.650572	-1997.14423683118	411.481954	-2812.190760098868	436.20193199999994	-2944.1624820876873	344.5135653333333	-1721.193051438113	639.7552963333333	-2223.3774759768
2025-01-09 18:10:00	582.650572	-2000.4055220565506	411.481954	-2811.6734098045777	436.20193199999994	-2943.1711717063586	344.5135653333333	-1722.539915507754	639.7552963333333	-2221.2813969679155
2025-01-09 18:20:00	582.650572	-2003.7518444266466	411.481954	-2807.5992498649885	436.20193199999994	-2948.4974203296565	344.5135653333333	-1723.7137512315635	639.7552963333333	-2229.8195517358154
2025-01-09 18:30:00	582.650572	-2006.558320959014	411.481954	-2818.6146401119113	436.20193199999994	-2955.498087055134	344.5135653333333	-1725.0069732923453	639.7552963333333	-2230.717554113178
2025-01-09 18:40:00	582.650572	-2009.129706878015	411.481954	-2824.870623646394	436.20193199999994	-2960.6299053571443	344.5135653333333	-1731.151853610896	639.7552963333333	-2229.3369982368695
2025-01-09 18:50:00	582.650572	-2013.0119427627496	411.481954	-2825.8875405690665	436.20193199999994	-2970.6353844664914	344.5135653333333	-1732.6225542064553	639.7552963333333	-2232.908381177506
2025-01-09 19:00:00	572.1508128	-2244.744619608684	404.0667696	-3154.1441649494245	428.34127679999995	-3324.082751379685	338.3051968	-1931.2042682530305	628.2264711999999	-2492.6442293119667
2025-01-09 19:10:00	572.1508128	-2240.5660739103046	404.0667696	-3155.9917440563536	428.34127679999995	-3324.7472676142615	338.3051968	-1930.1438999809257	628.2264711999999	-2488.759143917299
2025-01-09 19:20:00	572.1508128	-2240.2242953093355	404.0667696	-3146.920665565104	428.34127679999995	-3317.3063424211255	338.3051968	-1935.1296818456763	628.2264711999999	-2488.7095303851916
2025-01-09 19:30:00	572.1508128	-2240.383040537148	404.0667696	-3140.8348172441824	428.34127679999995	-3313.1938219091385	338.3051968	-1932.1830758657206	628.2264711999999	-2486.0583304097604
2025-01-09 19:40:00	572.1508128	-2239.8785027239715	404.0667696	-3134.5104403635637	428.34127679999995	-3309.8916802943077	338.3051968	-1931.087642938508	628.2264711999999	-2482.974284258483
2025-01-09 19:50:00	572.1508128	-2237.038827358782	404.0667696	-3131.9467910142407	428.34127679999995	-3308.3760695494466	338.3051968	-1931.1984326722732	628.2264711999999	-2482.683618167093
2025-01-09 20:00:00	610.0187968	-2367.6945652585496	430.81005760000005	-3310.2441813743208	456.69118080000004	-3493.964688192985	360.69603413333334	-2041.1512880684531	669.8058405333334	-2629.941560417109
2025-01-09 20:10:00	610.0187968	-2364.181700634783	430.81005760000005	-3301.536478647212	456.69118080000004	-3487.9028573875244	360.69603413333334	-2040.4655446398356	669.8058405333334	-2625.1821896422916
2025-01-09 20:20:00	610.0187968	-2363.5289222419156	430.81005760000005	-3294.2739205742155	456.69118080000004	-3488.3423508488486	360.69603413333334	-2038.7677582032875	669.8058405333334	-2626.17678324565
2025-01-09 20:30:00	610.0187968	-2359.390821993343	430.81005760000005	-3285.5546595669293	456.69118080000004	-3481.7657597976777	360.69603413333334	-2040.6437018770494	669.8058405333334	-2626.597998580217
2025-01-09 20:40:00	610.0187968	-2357.862659020788	430.81005760000005	-3282.5272468692274	456.69118080000004	-3474.7138710614495	360.69603413333334	-2042.9639685900584	669.8058405333334	-2621.4553011387698
2025-01-09 20:50:00	610.0187968	-2357.5914515274094	430.81005760000005	-3274.975992152319	456.69118080000004	-3467.6348778010956	360.69603413333334	-2045.2251388099985	669.8058405333334	-2626.016708840917
2025-01-09 21:00:00	611.3958144000001	-2457.435733059334	431.78254080000005	-3413.9203393958946	457.7220864	-3617.890232837873	361.5102464	-2132.6037458481796	671.3178176	-2742.930269825287
2025-01-09 21:10:00	611.3958144000001	-2452.6283058369213	431.78254080000005	-3405.022566905954	457.7220864	-3606.9766388776306	361.5102464	-2130.8419328851496	671.3178176	-2728.748178160949
2025-01-09 21:20:00	611.3958144000001	-2449.7849596824303	431.78254080000005	-3399.0472552895335	457.7220864	-3597.2422301409747	361.5102464	-2129.05444378998	671.3178176	-2725.553467021494
2025-01-09 21:30:00	611.3958144000001	-2446.560277971172	431.78254080000005	-3390.1726642672356	457.7220864	-3589.5211806059156	361.5102464	-2128.2175351717246	671.3178176	-2722.1899191398647
2025-01-09 21:40:00	611.3958144000001	-2442.844589046089	431.78254080000005	-3381.8617725713416	457.7220864	-3582.3977941101407	361.5102464	-2128.3784149024373	671.3178176	-2719.967139087324
2025-01-09 21:50:00	611.3958144000001	-2440.743607080677	431.78254080000005	-3376.550075807741	457.7220864	-3573.3256207698914	361.5102464	-2124.8673173009083	671.3178176	-2716.279761140392
2025-01-09 22:00:00	577.4006924	-2439.5800182301123	407.7743618	-3372.3591091549915	432.27160439999994	-3570.0544900646796	341.40938106666664	-2125.498652252968	633.9908837666666	-2715.768678068547
2025-01-09 22:10:00	577.4006924	-2436.971441475168	407.7743618	-3366.5195853379782	432.27160439999994	-3564.353830666409	341.40938106666664	-2123.8256241548693	633.9908837666666	-2715.871009313701
2025-01-09 22:20:00	577.4006924	-2435.95424732147	407.7743618	-3359.5890333199663	432.27160439999994	-3558.121613547038	341.40938106666664	-2124.5952143395375	633.9908837666666	-2710.340488838684
2025-01-09 22:30:00	577.4006924	-2433.0451005739774	407.7743618	-3353.36047723473	432.27160439999994	-3550.2478596389888	341.40938106666664	-2119.901842771311	633.9908837666666	-2707.571657928801
2025-01-09 22:40:00	577.4006924	-2425.7669366692703	407.7743618	-3344.1056003316125	432.27160439999994	-3544.298469304254	341.40938106666664	-2116.4911249355478	633.9908837666666	-2704.526584590115
2025-01-09 22:50:00	577.4006924	-2422.005540938034	407.7743618	-3339.133385653799	432.27160439999994	-3538.3630590615758	341.40938106666664	-2115.3730420404186	633.9908837666666	-2698.0205971532105
2025-01-09 23:00:00	585.23248	-2498.0721186279948	413.30536000000006	-3449.1902455028157	438.13488	-3653.1779186549365	346.0402133333334	-2185.680110110399	642.5902533333333	-2788.1568901992164
2025-01-09 23:10:00	585.23248	-2490.06039495662	413.30536000000006	-3439.517359871217	438.13488	-3642.8895095911735	346.0402133333334	-2181.493941647143	642.5902533333333	-2778.6422232819073
2025-01-09 23:20:00	585.23248	-2478.751546924273	413.30536000000006	-3427.0500964987286	438.13488	-3633.0301217902283	346.0402133333334	-2177.2523625392855	642.5902533333333	-2754.2019499645476
2025-01-09 23:30:00	585.23248	-2463.1778813709475	413.30536000000006	-3415.96644372618	438.13488	-3624.6747952688065	346.0402133333334	-2174.5632687669245	642.5902533333333	-2744.0815278584714
2025-01-09 23:40:00	585.23248	-2446.452355125106	413.30536000000006	-3407.784258964024	438.13488	-3615.463554889188	346.0402133333334	-2171.9463702014964	642.5902533333333	-2725.567622381578
2025-01-09 23:50:00	585.23248	-2431.1104268856457	413.30536000000006	-3398.3273002264696	438.13488	-3607.0036712061597	346.0402133333334	-2168.143707119814	642.5902533333333	-2711.7680837081066
2025-01-10 00:00:00	569.9992228	-2455.0758530561175	402.5472646	-3440.384547726303	426.7304868	-3654.72826606539	337.0329901333333	-2193.1137184846802	625.8640070333332	-2749.415737521904
2025-01-10 00:10:00	569.9992228	-2447.084051382123	402.5472646	-3428.748193605567	426.7304868	-3643.6638212096927	337.0329901333333	-2185.6226628500403	625.8640070333332	-2740.8588848655527
2025-01-10 00:20:00	569.9992228	-2439.3777938847857	402.5472646	-3419.4959172375816	426.7304868	-3633.0260573833452	337.0329901333333	-2139.6440418785937	625.8640070333332	-2726.646900033902
2025-01-10 00:30:00	569.9992228	-2434.7319694991616	402.5472646	-3410.1557160537277	426.7304868	-3624.4930124636476	337.0329901333333	-2136.1442656739446	625.8640070333332	-2719.9261525090237
2025-01-10 00:40:00	569.9992228	-2430.021610471941	402.5472646	-3400.741926090123	426.7304868	-3615.005959199553	337.0329901333333	-2132.8085963027283	625.8640070333332	-2715.3593815177987
2025-01-10 00:50:00	569.9992228	-2425.7555721833837	402.5472646	-3390.380811586236	426.7304868	-3604.8779992113487	337.0329901333333	-2128.6483483712163	625.8640070333332	-2709.678904197326
2025-01-10 01:00:00	588.5028968	-2445.377403168577	415.6150076	-3413.710719814489	440.5832808	-3630.374468239885	347.9739674666667	-2146.8921438457887	646.1811988666666	-2730.1044353026728
2025-01-10 01:10:00	588.5028968	-2439.8064460667856	415.6150076	-3404.5118537411404	440.5832808	-3619.8208280185067	347.9739674666667	-2143.955871525168	646.1811988666666	-2722.770534003065
2025-01-10 01:20:00	588.5028968	-2434.858773106034	415.6150076	-3395.701388851171	440.5832808	-3611.0293022196665	347.9739674666667	-2140.878009394182	646.1811988666666	-2716.5519224038494
2025-01-10 01:30:00	588.5028968	-2430.5777643357987	415.6150076	-3385.205285953422	440.5832808	-3599.8895514626283	347.9739674666667	-2136.6103329443545	646.1811988666666	-2710.906756588961
2025-01-10 01:40:00	588.5028968	-2425.485698771605	415.6150076	-3373.7702123378645	440.5832808	-3588.4211912005458	347.9739674666667	-2132.3842974748804	646.1811988666666	-2703.323770882588
2025-01-10 01:50:00	588.5028968	-2421.167019352704	415.6150076	-3365.1042637365067	440.5832808	-3579.6315453762886	347.9739674666667	-2130.9854999130216	646.1811988666666	-2698.112187071979
2025-01-10 02:00:00	611.481878	-2439.358585479839	431.843321	-3387.463790817683	457.786518	-3605.0499910502494	361.5611346666667	-2147.7212101659625	671.4123161666666	-2718.710392712333
2025-01-10 02:10:00	611.481878	-2435.4306837897648	431.843321	-3376.916730330321	457.786518	-3594.258109923958	361.5611346666667	-2144.202922940485	671.4123161666666	-2712.4644004948873
2025-01-10 02:20:00	611.481878	-2431.5876715307218	431.843321	-3365.9499911240764	457.786518	-3583.759849886021	361.5611346666667	-2139.8954339691913	671.4123161666666	-2705.1320520312465
2025-01-10 02:30:00	611.481878	-2425.9104500252784	431.843321	-3357.7600972208	457.786518	-3574.763784753667	361.5611346666667	-2136.382692357896	671.4123161666666	-2696.7259028276685
2025-01-10 02:40:00	611.481878	-2421.9399954412133	431.843321	-3350.1119906721624	457.786518	-3565.811328873206	361.5611346666667	-2133.5157730592164	671.4123161666666	-2696.1000065753296
2025-01-10 02:50:00	611.481878	-2417.8264568965265	431.843321	-3340.2329532275444	457.786518	-3560.3104671975584	361.5611346666667	-2130.7573884908397	671.4123161666666	-2688.292927098446
2025-01-10 03:00:00	571.4623039999999	-2420.147031465679	403.58052799999996	-3344.130466507202	427.82582399999995	-3566.7572871790035	337.89809066666663	-2133.0910585643983	627.4704826666665	-2689.1638398693813
2025-01-10 03:10:00	571.4623039999999	-2415.165423268415	403.58052799999996	-3340.8663486382557	427.82582399999995	-3564.6665815271813	337.89809066666663	-2129.271048366881	627.4704826666665	-2682.378614494035
2025-01-10 03:20:00	571.4623039999999	-2410.580980578222	403.58052799999996	-3339.024376428941	427.82582399999995	-3563.4313175212446	337.89809066666663	-2127.474373330753	627.4704826666665	-2676.854981465708
2025-01-10 03:30:00	571.4623039999999	-2406.79461330316	403.58052799999996	-3337.3335884420007	427.82582399999995	-3562.655519574427	337.89809066666663	-2124.4571801684056	627.4704826666665	-2671.3355993088085
2025-01-10 03:40:00	571.4623039999999	-2402.768902753329	403.58052799999996	-3336.0607014031793	427.82582399999995	-3561.96210015074	337.89809066666663	-2121.563214191935	627.4704826666665	-2667.335387775836
2025-01-10 03:50:00	571.4623039999999	-2398.4379281776883	403.58052799999996	-3335.228013732066	427.82582399999995	-3561.130507605117	337.89809066666663	-2117.7014021730324	627.4704826666665	-2661.185045121583
2025-01-10 04:00:00	589.2774692	-2409.116741956775	416.16202940000005	-3355.9845969805515	441.16316520000004	-3583.6170823677703	348.4319618666667	-2127.4475100323493	647.0316859666667	-2674.224969640066
2025-01-10 04:10:00	589.2774692	-2404.678786361435	416.16202940000005	-3355.2443172613266	441.16316520000004	-3582.6825154099065	348.4319618666667	-2124.937902832392	647.0316859666667	-2672.007884413966
2025-01-10 04:20:00	589.2774692	-2399.471680890597	416.16202940000005	-3355.0668448574115	441.16316520000004	-3582.6971972142583	348.4319618666667	-2121.7350646045165	647.0316859666667	-2670.4481062194036
2025-01-10 04:30:00	589.2774692	-2396.446460054471	416.16202940000005	-3355.041031219105	441.16316520000004	-3582.3953602575975	348.4319618666667	-2118.4770773218956	647.0316859666667	-2669.390547335505
2025-01-10 04:40:00	589.2774692	-2394.6922309345578	416.16202940000005	-3354.7178675100104	441.16316520000004	-3582.3563428667057	348.4319618666667	-2114.2316119720226	647.0316859666667	-2668.5584297046257
2025-01-10 04:50:00	589.2774692	-2393.3705141944097	416.16202940000005	-3354.86323049912	441.16316520000004	-3582.4982923962707	348.4319618666667	-2112.303411137217	647.0316859666667	-2668.581018645834
2025-01-10 05:00:00	568.880396	-2410.8835840556994	401.75712200000004	-3381.400973070156	425.892876	-3610.4224137665233	336.37144266666667	-2126.282025219134	624.6355256666666	-2689.693079410314
2025-01-10 05:10:00	568.880396	-2410.015596346402	401.75712200000004	-3380.5967637076415	425.892876	-3609.8820465605468	336.37144266666667	-2123.0519322571213	624.6355256666666	-2689.193190169285
2025-01-10 05:20:00	568.880396	-2409.6031563088236	401.75712200000004	-3380.138967766347	425.892876	-3609.7028322877377	336.37144266666667	-2118.820858483319	624.6355256666666	-2688.437999159726
2025-01-10 05:30:00	568.880396	-2409.2310582357627	401.75712200000004	-3380.287197869093	425.892876	-3610.2600660223798	336.37144266666667	-2116.875520930562	624.6355256666666	-2687.967380902504
2025-01-10 05:40:00	568.880396	-2409.262015603617	401.75712200000004	-3380.5721463200057	425.892876	-3610.2984924977336	336.37144266666667	-2115.6561030645585	624.6355256666666	-2687.6084759157916
2025-01-10 05:50:00	568.880396	-2409.093238298545	401.75712200000004	-3380.717502190885	425.892876	-3609.9560986674587	336.37144266666667	-2114.76074195839	624.6355256666666	-2687.83880308155
2025-01-10 06:00:00	567.6755056000001	-2422.559516115382	400.9061992	-3400.0527545376185	424.9908336	-3629.9397804816253	335.65900693333333	-2125.536368971412	623.3125457333333	-2703.776139661175
2025-01-10 06:10:00	567.6755056000001	-2422.4770098231115	400.9061992	-3407.2984471930768	424.9908336	-3629.803326134739	335.65900693333333	-2124.9066370886335	623.3125457333333	-2703.5081758146575
2025-01-10 06:20:00	567.6755056000001	-2433.407190381572	400.9061992	-3442.3288224946173	424.9908336	-3650.7498963408716	335.65900693333333	-2139.206508949105	623.3125457333333	-2730.0132154989146
2025-01-10 06:30:00	567.6755056000001	-2457.6093117531154	400.9061992	-3479.4438486442587	424.9908336	-3669.89160997455	335.65900693333333	-2155.274832417514	623.3125457333333	-2749.029571310339
2025-01-10 06:40:00	567.6755056000001	-2477.829993388838	400.9061992	-3505.351676363994	424.9908336	-3681.222766327269	335.65900693333333	-2168.7668635396676	623.3125457333333	-2767.9562509756224
2025-01-10 06:50:00	567.6755056000001	-2495.62043632452	400.9061992	-3540.215871514646	424.9908336	-3698.7696488030115	335.65900693333333	-2182.5336884061535	623.3125457333333	-2801.68572844563
2025-01-10 07:00:00	616.4735668000001	-2478.741929646975	435.36857260000005	-3525.021325584612	461.5235508	-3667.8134447993057	364.51265413333334	-2168.0399225808574	676.8932330333333	-2794.5904960024845
2025-01-10 07:10:00	616.4735668000001	-2488.5141603023903	435.36857260000005	-3543.6511903977857	461.5235508	-3682.0409877580028	364.51265413333334	-2179.7755885035153	676.8932330333333	-2815.9143491513337
2025-01-10 07:20:00	616.4735668000001	-2511.1478552759177	435.36857260000005	-3582.222161343833	461.5235508	-3711.700109090804	364.51265413333334	-2198.3474119728767	676.8932330333333	-2851.9455088989866
2025-01-10 07:30:00	616.4735668000001	-2527.81433506541	435.36857260000005	-3607.902298712767	461.5235508	-3736.604823592573	364.51265413333334	-2215.3867075029416	676.8932330333333	-2857.7552550014584
2025-01-10 07:40:00	616.4735668000001	-2552.66411448632	435.36857260000005	-3624.181054445988	461.5235508	-3776.8542198479477	364.51265413333334	-2233.383616821382	676.8932330333333	-2852.0186960508167
2025-01-10 07:50:00	616.4735668000001	-2575.591733240552	435.36857260000005	-3641.0014626116194	461.5235508	-3796.6526865776427	364.51265413333334	-2255.339007234921	676.8932330333333	-2846.9631488188415
2025-01-10 08:00:00	1566.35752	-2538.860385059749	1106.19964	-3587.4355252163014	1172.65512	-3746.844812292971	926.1664533333334	-2224.316841537624	1719.8739133333333	-2784.6757511217943
2025-01-10 08:10:00	1566.35752	-2535.5411335712506	1106.19964	-3605.56363876209	1172.65512	-3772.146435559908	926.1664533333334	-2225.5149573792078	1719.8739133333333	-2782.080970095228
2025-01-10 08:20:00	1566.35752	-2531.2459670647468	1106.19964	-3609.1574337246448	1172.65512	-3793.4641567106205	926.1664533333334	-2222.2813787779487	1719.8739133333333	-2782.774276182104
2025-01-10 08:30:00	1566.35752	-2524.861043627162	1106.19964	-3605.8301500407506	1172.65512	-3806.646166596694	926.1664533333334	-2218.009931811155	1719.8739133333333	-2779.655238119321
2025-01-10 08:40:00	1566.35752	-2522.4376661915658	1106.19964	-3598.6547656817093	1172.65512	-3796.464448437979	926.1664533333334	-2214.2934308663457	1719.8739133333333	-2774.9909687529703
2025-01-10 08:50:00	1566.35752	-2514.114142718254	1106.19964	-3598.474869683997	1172.65512	-3784.725618725	926.1664533333334	-2211.52909522824	1719.8739133333333	-2770.002243924618
2025-01-10 09:00:00	5524.422484	-2480.194574147864	3901.4810380000004	-3550.1524590787253	4135.864404	-3727.5346452432223	3266.5178373333333	-2178.9356251710387	6065.862994333333	-2726.2100806315266
2025-01-10 09:10:00	5524.422484	-2475.519410068984	3901.4810380000004	-3552.2316001599324	4135.864404	-3722.4221612900355	3266.5178373333333	-2173.4618885004056	6065.862994333333	-2720.140671870302
2025-01-10 09:20:00	5524.422484	-2474.7529527195065	3901.4810380000004	-3563.871296022468	4135.864404	-3733.637066791014	3266.5178373333333	-2171.996837114939	6065.862994333333	-2717.1690879377093
2025-01-10 09:30:00	5524.422484	-2468.4029770610077	3901.4810380000004	-3570.867997328422	4135.864404	-3739.624319275994	3266.5178373333333	-2173.3379376147504	6065.862994333333	-2724.677397591564
2025-01-10 09:40:00	5524.422484	-2471.1240619979826	3901.4810380000004	-3569.963627615681	4135.864404	-3739.9502822109407	3266.5178373333333	-2179.481784683476	6065.862994333333	-2724.874266883351
2025-01-10 09:50:00	5524.422484	-2467.9813845029985	3901.4810380000004	-3570.1217187729603	4135.864404	-3738.009590670589	3266.5178373333333	-2175.6735540720792	6065.862994333333	-2720.9343551789607
2025-01-10 10:00:00	5740.442120000001	-2432.6313618284375	4054.0393400000007	-3528.994863256962	4297.58772	-3687.015320476201	3394.247386666667	-2146.599523976938	6303.054396666667	-2689.0953413350608
2025-01-10 10:10:00	5740.442120000001	-2430.08975042756	4054.0393400000007	-3523.5852489081662	4297.58772	-3681.9886707474416	3394.247386666667	-2143.6598626510377	6303.054396666667	-2688.1519411637228
2025-01-10 10:20:00	5740.442120000001	-2427.607050580349	4054.0393400000007	-3517.933851092361	4297.58772	-3679.449249073863	3394.247386666667	-2140.4435812925994	6303.054396666667	-2690.1784800751984
2025-01-10 10:30:00	5740.442120000001	-2425.8133347393396	4054.0393400000007	-3516.611237492858	4297.58772	-3672.8580399006414	3394.247386666667	-2138.4487778430766	6303.054396666667	-2685.633786690659
2025-01-10 10:40:00	5740.442120000001	-2424.507909369134	4054.0393400000007	-3520.9868154969117	4297.58772	-3666.952337686889	3394.247386666667	-2135.077244026007	6303.054396666667	-2682.251855285879
2025-01-10 10:50:00	5740.442120000001	-2424.105505623097	4054.0393400000007	-3508.1685980228003	4297.58772	-3661.379566764489	3394.247386666667	-2133.889726545728	6303.054396666667	-2681.0113365958923
2025-01-10 11:00:00	3940.852244	-2403.7258711660834	2783.1253580000002	-3474.47003785852	2950.322964	-3627.203704435222	2330.173730666667	-2112.5678767894738	4327.0893676666665	-2653.3718220010896
2025-01-10 11:10:00	3940.852244	-2407.3749544438906	2783.1253580000002	-3468.0156557790838	2950.322964	-3625.894595702556	2330.173730666667	-2110.671519793638	4327.0893676666665	-2652.2004389781323
2025-01-10 11:20:00	3940.852244	-2407.8340537776685	2783.1253580000002	-3465.2129857328086	2950.322964	-3626.7495392466953	2330.173730666667	-2106.7306142872517	4327.0893676666665	-2645.7929062313806
2025-01-10 11:30:00	3940.852244	-2408.077203543243	2783.1253580000002	-3457.0452340150064	2950.322964	-3627.7239373888488	2330.173730666667	-2105.5771048986367	4327.0893676666665	-2641.5203445131683
2025-01-10 11:40:00	3940.852244	-2418.623772848563	2783.1253580000002	-3453.411483028253	2950.322964	-3624.279229828505	2330.173730666667	-2102.591132953717	4327.0893676666665	-2644.313419208208
2025-01-10 11:50:00	3940.852244	-2422.471923114891	2783.1253580000002	-3450.787765115528	2950.322964	-3620.7099068558146	2330.173730666667	-2102.6198571401615	4327.0893676666665	-2648.1969355012607
2025-01-10 12:00:00	3833.2727440000003	-2420.93275660994	2707.1501080000003	-3437.0875778465147	2869.783464	-3616.881522981867	2266.5633973333333	-2095.7450306793644	4208.966159333333	-2635.6644053996397
2025-01-10 12:10:00	3833.2727440000003	-2423.0862530321056	2707.1501080000003	-3431.4264080109238	2869.783464	-3615.0822241275505	2266.5633973333333	-2098.814391228232	4208.966159333333	-2630.372182062927
2025-01-10 12:20:00	3833.2727440000003	-2431.436417507276	2707.1501080000003	-3436.5842590017696	2869.783464	-3619.118240545738	2266.5633973333333	-2105.6376481170864	4208.966159333333	-2631.0324317779787
2025-01-10 12:30:00	3833.2727440000003	-2437.211170446074	2707.1501080000003	-3427.366534308006	2869.783464	-3625.041722018988	2266.5633973333333	-2103.81189045015	4208.966159333333	-2629.2902346172896
2025-01-10 12:40:00	3833.2727440000003	-2439.255736395241	2707.1501080000003	-3421.9878065650587	2869.783464	-3609.9291794180813	2266.5633973333333	-2101.280301394596	4208.966159333333	-2627.3435676837016
2025-01-10 12:50:00	3833.2727440000003	-2437.205481457464	2707.1501080000003	-3412.36544371594	2869.783464	-3600.506875590347	2266.5633973333333	-2101.419640879092	4208.966159333333	-2625.8206290099915
2025-01-10 13:00:00	3542.377776	-2465.806519247402	2501.713032	-3441.2932003116603	2652.004656	-3644.215791305045	2094.561056	-2129.9613488316822	3889.5610039999997	-2657.9386107738774
2025-01-10 13:10:00	3542.377776	-2459.626041478386	2501.713032	-3435.052679646037	2652.004656	-3631.255156362816	2094.561056	-2128.859240077653	3889.5610039999997	-2660.2300527355856
2025-01-10 13:20:00	3542.377776	-2459.1308448177	2501.713032	-3431.712755091621	2652.004656	-3624.325603682767	2094.561056	-2130.156269663006	3889.5610039999997	-2651.2969064816734
2025-01-10 13:30:00	3542.377776	-2460.042285497632	2501.713032	-3429.255660872981	2652.004656	-3613.860819575326	2094.561056	-2132.4825831603825	3889.5610039999997	-2650.0342118586577
2025-01-10 13:40:00	3542.377776	-2460.8389195490468	2501.713032	-3420.9337922579334	2652.004656	-3607.9901663375076	2094.561056	-2132.5848182477553	3889.5610039999997	-2644.499488101338
2025-01-10 13:50:00	3542.377776	-2461.766522857722	2501.713032	-3411.340360635767	2652.004656	-3604.3542299399705	2094.561056	-2131.6282788899275	3889.5610039999997	-2646.148161305595
2025-01-10 14:00:00	1841.76104	-2464.7945913287863	1300.6962800000001	-3409.907563292931	1378.8362399999999	-3601.4569260050907	1089.0089066666667	-2137.705314881653	2022.2693266666665	-2654.509149857334
2025-01-10 14:10:00	1841.76104	-2462.0995162296463	1300.6962800000001	-3400.6319959431944	1378.8362399999999	-3594.316213738724	1089.0089066666667	-2142.113835081496	2022.2693266666665	-2650.154723625503
2025-01-10 14:20:00	1841.76104	-2458.725863952233	1300.6962800000001	-3398.5626311807123	1378.8362399999999	-3610.2232663013906	1089.0089066666667	-2139.527056638353	2022.2693266666665	-2647.3031832490997
2025-01-10 14:30:00	1841.76104	-2456.2570050068985	1300.6962800000001	-3391.2906150208223	1378.8362399999999	-3617.19177112483	1089.0089066666667	-2140.9803644958015	2022.2693266666665	-2646.17992732494
2025-01-10 14:40:00	1841.76104	-2465.4815093179045	1300.6962800000001	-3396.752612474627	1378.8362399999999	-3618.645629706071	1089.0089066666667	-2142.1422961402513	2022.2693266666665	-2651.9234852906247
2025-01-10 14:50:00	1841.76104	-2471.2029309503473	1300.6962800000001	-3398.8089669725655	1378.8362399999999	-3614.5376454394022	1089.0089066666667	-2142.627009259724	2022.2693266666665	-2659.7227235712608
2025-01-10 15:00:00	1345.174068	-2479.8009106598065	949.9945260000001	-3399.029228804797	1007.065908	-3611.2291175875334	795.3836080000001	-2144.8535142083456	1477.012597	-2646.0730744633756
2025-01-10 15:10:00	1345.174068	-2485.4986861842417	949.9945260000001	-3392.7771119771437	1007.065908	-3610.721960913629	795.3836080000001	-2149.759358786585	1477.012597	-2641.908907515529
2025-01-10 15:20:00	1345.174068	-2495.9982860738255	949.9945260000001	-3396.697409498053	1007.065908	-3611.9540993683177	795.3836080000001	-2159.1502836383033	1477.012597	-2642.9513028275296
2025-01-10 15:30:00	1345.174068	-2496.9598652730074	949.9945260000001	-3397.7799892475155	1007.065908	-3610.928301883202	795.3836080000001	-2166.526003578595	1477.012597	-2642.3172943461086
2025-01-10 15:40:00	1345.174068	-2500.9221874153363	949.9945260000001	-3404.931556349918	1007.065908	-3611.6832011648585	795.3836080000001	-2171.2120145230583	1477.012597	-2643.450877573033
2025-01-10 15:50:00	1345.174068	-2509.742829965482	949.9945260000001	-3418.938043559598	1007.065908	-3622.227214715688	795.3836080000001	-2177.524077636267	1477.012597	-2662.120474660641
2025-01-10 16:00:00	605.6295531999999	-2517.5663852344815	427.7102674	-3460.108698859367	453.40516919999993	-3645.7490161593755	358.1007325333333	-2183.8039192082615	664.9864136333332	-2680.014197707217
2025-01-10 16:10:00	605.6295531999999	-2528.534204643096	427.7102674	-3482.7346562902067	453.40516919999993	-3640.296850392208	358.1007325333333	-2182.915762169269	664.9864136333332	-2693.4456789812684
2025-01-10 16:20:00	605.6295531999999	-2533.8763091105384	427.7102674	-3495.560065377801	453.40516919999993	-3633.603943321196	358.1007325333333	-2180.781754489808	664.9864136333332	-2713.4928572484214
2025-01-10 16:30:00	605.6295531999999	-2540.020178201746	427.7102674	-3490.6160351714016	453.40516919999993	-3645.8494582559883	358.1007325333333	-2184.003516037168	664.9864136333332	-2705.9561285100726
2025-01-10 16:40:00	605.6295531999999	-2543.754182990698	427.7102674	-3490.358423103483	453.40516919999993	-3657.8159469636144	358.1007325333333	-2180.064685517799	664.9864136333332	-2706.7976527943456
2025-01-10 16:50:00	605.6295531999999	-2545.5745307437446	427.7102674	-3494.3295127216898	453.40516919999993	-3676.553446323998	358.1007325333333	-2178.487934639698	664.9864136333332	-2731.1634928506846
2025-01-10 17:00:00	584.5439712	-2562.7806150206875	412.81911840000004	-3512.140044137121	437.61942719999996	-3721.8466038606366	345.6331072	-2197.20429910455	641.8342647999999	-2767.5769186323914
2025-01-10 17:10:00	584.5439712	-2555.4369294793364	412.81911840000004	-3505.233792720792	437.61942719999996	-3735.654684114488	345.6331072	-2197.049789263446	641.8342647999999	-2785.2262828882695
2025-01-10 17:20:00	584.5439712	-2549.149143674085	412.81911840000004	-3514.377105930004	437.61942719999996	-3749.4555187552187	345.6331072	-2195.885356978492	641.8342647999999	-2807.36594016818
2025-01-10 17:30:00	584.5439712	-2546.349093403132	412.81911840000004	-3534.6376402501783	437.61942719999996	-3767.7480784759146	345.6331072	-2191.7767512044366	641.8342647999999	-2823.045724633548
2025-01-10 17:40:00	584.5439712	-2547.685126357518	412.81911840000004	-3545.983508190499	437.61942719999996	-3782.5713982759644	345.6331072	-2195.368023664923	641.8342647999999	-2830.411436017127
2025-01-10 17:50:00	584.5439712	-2546.2626824892163	412.81911840000004	-3547.6828981567323	437.61942719999996	-3792.526582833949	345.6331072	-2198.8864840238307	641.8342647999999	-2836.6094546294207
2025-01-10 18:00:00	567.5894420000001	-2548.3106202129097	400.84541900000005	-3567.608186365652	424.926402	-3792.3676887258343	335.6081186666667	-2201.8434013769765	623.2180471666667	-2842.90238911715
2025-01-10 18:10:00	567.5894420000001	-2559.784848741925	400.84541900000005	-3569.7565713658423	424.926402	-3803.582406759355	335.6081186666667	-2197.9140084561327	623.2180471666667	-2850.7686850377895
2025-01-10 18:20:00	567.5894420000001	-2573.1933402770137	400.84541900000005	-3569.904681889757	424.926402	-3817.526240025002	335.6081186666667	-2197.4970712021413	623.2180471666667	-2856.5628310691527
2025-01-10 18:30:00	567.5894420000001	-2574.0223273002757	400.84541900000005	-3575.2851276515053	424.926402	-3825.017653530879	335.6081186666667	-2203.820989423503	623.2180471666667	-2859.093326213175
2025-01-10 18:40:00	567.5894420000001	-2566.3436758107664	400.84541900000005	-3580.1381870855907	424.926402	-3835.273377608627	335.6081186666667	-2203.271026731112	623.2180471666667	-2848.8413673510086
2025-01-10 18:50:00	567.5894420000001	-2563.242461258338	400.84541900000005	-3580.7049560659757	424.926402	-3840.7262862959187	335.6081186666667	-2205.45974442227	623.2180471666667	-2840.515284121124
2025-01-10 19:00:00	608.7278428000001	-2552.5372993849246	429.89835460000006	-3572.1585664897802	455.72470680000004	-3830.8644054800766	359.9327101333334	-2193.7689148667037	668.3883620333334	-2825.9671780463486
2025-01-10 19:10:00	608.7278428000001	-2544.7513289134386	429.89835460000006	-3573.645254306512	455.72470680000004	-3825.3898191563017	359.9327101333334	-2195.42515162023	668.3883620333334	-2822.21262697754
2025-01-10 19:20:00	608.7278428000001	-2539.902840301482	429.89835460000006	-3575.1622992506022	455.72470680000004	-3825.102789773205	359.9327101333334	-2193.93581479482	668.3883620333334	-2822.6718271476475
2025-01-10 19:30:00	608.7278428000001	-2538.402845086392	429.89835460000006	-3580.906354863681	455.72470680000004	-3828.957418416198	359.9327101333334	-2191.8138607827686	668.3883620333334	-2823.8709844030363
2025-01-10 19:40:00	608.7278428000001	-2534.1237819400303	429.89835460000006	-3584.76834955097	455.72470680000004	-3817.6940559623085	359.9327101333334	-2194.9278260452834	668.3883620333334	-2813.5003869711836
2025-01-10 19:50:00	608.7278428000001	-2531.4699253221743	429.89835460000006	-3584.774992540972	455.72470680000004	-3806.8533421332836	359.9327101333334	-2190.5853963135596	668.3883620333334	-2805.902803630418
2025-01-10 20:00:00	610.4491148	-2511.3915645074385	431.11395860000005	-3566.048230085339	457.0133388	-3787.83696629635	360.95047546666666	-2177.2785252363065	670.2783333666666	-2789.9748502910647
2025-01-10 20:10:00	610.4491148	-2509.7043485538534	431.11395860000005	-3560.2972964041082	457.0133388	-3787.188721922075	360.95047546666666	-2179.408299690859	670.2783333666666	-2782.8198117730135
2025-01-10 20:20:00	610.4491148	-2505.4368572926323	431.11395860000005	-3558.086553354471	457.0133388	-3792.126580469788	360.95047546666666	-2175.0857756077166	670.2783333666666	-2780.4313319665316
2025-01-10 20:30:00	610.4491148	-2501.6823913247026	431.11395860000005	-3549.3603379477195	457.0133388	-3779.750587041655	360.95047546666666	-2173.2600631165515	670.2783333666666	-2775.356239120576
2025-01-10 20:40:00	610.4491148	-2498.4454511689473	431.11395860000005	-3545.1661796925737	457.0133388	-3774.357758367239	360.95047546666666	-2173.6649890416275	670.2783333666666	-2774.333324122544
2025-01-10 20:50:00	610.4491148	-2494.577249039713	431.11395860000005	-3534.2234569025536	457.0133388	-3766.1330611411136	360.95047546666666	-2172.000112940365	670.2783333666666	-2771.656692203468
2025-01-10 21:00:00	575.1630388	-2477.4118649180396	406.1940766	-3507.928172909774	430.59638279999996	-3735.386025413226	340.0862861333333	-2158.703420861672	631.5339210333333	-2752.093093725015
2025-01-10 21:10:00	575.1630388	-2474.857177841107	406.1940766	-3502.431218620949	430.59638279999996	-3728.025413398641	340.0862861333333	-2157.450721196209	631.5339210333333	-2748.386036321394
2025-01-10 21:20:00	575.1630388	-2470.0968246623347	406.1940766	-3495.6577651477464	430.59638279999996	-3725.1128105912667	340.0862861333333	-2160.546644523187	631.5339210333333	-2752.952670598419
2025-01-10 21:30:00	575.1630388	-2466.87447576857	406.1940766	-3489.3912486226163	430.59638279999996	-3716.8216506127646	340.0862861333333	-2160.9807139096697	631.5339210333333	-2753.525594556942
2025-01-10 21:40:00	575.1630388	-2465.5216161538483	406.1940766	-3483.1135317212984	430.59638279999996	-3709.525984467953	340.0862861333333	-2163.8490296844884	631.5339210333333	-2751.852102483869
2025-01-10 21:50:00	575.1630388	-2464.252048765616	406.1940766	-3471.4925777597628	430.59638279999996	-3703.256457429886	340.0862861333333	-2159.7246307865776	631.5339210333333	-2744.8632179201013
2025-01-10 22:00:00	564.9214704	-2459.172743247277	398.9612328	-3453.992779137386	422.92902239999995	-3688.3086471461343	334.0305824	-2153.834237457267	620.2885915999999	-2734.836884776819
2025-01-10 22:10:00	564.9214704	-2458.555582723311	398.9612328	-3449.4597992893346	422.92902239999995	-3683.4642789885424	334.0305824	-2156.057833768035	620.2885915999999	-2734.0564686270764
2025-01-10 22:20:00	564.9214704	-2454.6153643224925	398.9612328	-3442.4885456446204	422.92902239999995	-3671.089947680369	334.0305824	-2157.002583192263	620.2885915999999	-2729.3912369944187
2025-01-10 22:30:00	564.9214704	-2452.3468655877077	398.9612328	-3429.4926477612576	422.92902239999995	-3662.976792038686	334.0305824	-2156.0493650168555	620.2885915999999	-2724.276804158885
2025-01-10 22:40:00	564.9214704	-2448.198104863638	398.9612328	-3419.5198338664886	422.92902239999995	-3654.306316368475	334.0305824	-2153.199032616835	620.2885915999999	-2718.525649678373
2025-01-10 22:50:00	564.9214704	-2443.126903617822	398.9612328	-3411.3395106268526	422.92902239999995	-3642.8746887030893	334.0305824	-2151.3879689380883	620.2885915999999	-2714.005611821723
2025-01-10 23:00:00	569.8270956	-2450.540116442714	402.42570420000004	-3418.8032716417915	426.6016236	-3650.9366378583786	336.93121360000004	-2159.9078293185858	625.6750099	-2720.9394544148154
2025-01-10 23:10:00	569.8270956	-2446.3896107422147	402.42570420000004	-3409.6496512489207	426.6016236	-3640.0505690473606	336.93121360000004	-2157.2557444977156	625.6750099	-2716.1264397002324
2025-01-10 23:20:00	569.8270956	-2442.0996442576607	402.42570420000004	-3401.1691958961437	426.6016236	-3630.007486613048	336.93121360000004	-2153.078824058143	625.6750099	-2710.4519184185433
2025-01-10 23:30:00	569.8270956	-2437.8879684714393	402.42570420000004	-3388.9953248915253	426.6016236	-3621.0709374356825	336.93121360000004	-2151.1341925757933	625.6750099	-2704.963988113015
2025-01-10 23:40:00	569.8270956	-2433.217992534718	402.42570420000004	-3378.805873935886	426.6016236	-3615.883431334998	336.93121360000004	-2146.494227740077	625.6750099	-2699.942069827695
2025-01-10 23:50:00	569.8270956	-2419.4969394844943	402.42570420000004	-3370.0799721265994	426.6016236	-3606.666203358242	336.93121360000004	-2137.9649649435896	625.6750099	-2693.5289217290137
2025-01-11 00:00:00	555.7987288	-2414.7688934375706	392.5185316000001	-3359.5524177015723	416.09927280000005	-3592.907230014832	328.6364261333334	-2124.224475848619	610.2717435333334	-2686.929134209951
2025-01-11 00:10:00	555.7987288	-2404.5699259039734	392.5185316000001	-3348.9668409812657	416.09927280000005	-3582.991836201981	328.6364261333334	-2110.8638341945766	610.2717435333334	-2684.2600319028465
2025-01-11 00:20:00	555.7987288	-2387.59527969322	392.5185316000001	-3340.8880507853446	416.09927280000005	-3574.020592108681	328.6364261333334	-2077.074842568473	610.2717435333334	-2673.356557017386
2025-01-11 00:30:00	555.7987288	-2386.293557121888	392.5185316000001	-3332.1791119119016	416.09927280000005	-3564.2817284884895	328.6364261333334	-2075.8650363095708	610.2717435333334	-2668.32196065455
2025-01-11 00:40:00	555.7987288	-2382.1378429015504	392.5185316000001	-3322.016400086126	416.09927280000005	-3553.4629802292548	328.6364261333334	-2076.2817609036774	610.2717435333334	-2660.970161078428
2025-01-11 00:50:00	555.7987288	-2377.3539891829937	392.5185316000001	-3311.701241329997	416.09927280000005	-3542.161181707897	328.6364261333334	-2073.7451087693107	610.2717435333334	-2656.166450870636
2025-01-11 01:00:00	598.9165924	-2384.944010595107	422.96941180000005	-3319.227914892094	448.3795044	-3551.3284800330457	354.13144773333335	-2079.5698846839778	657.6155254333333	-2663.0335292905115
2025-01-11 01:10:00	598.9165924	-2381.424035672099	422.96941180000005	-3310.2697082260297	448.3795044	-3541.0567111734103	354.13144773333335	-2079.856252249213	657.6155254333333	-2655.705325490409
2025-01-11 01:20:00	598.9165924	-2378.1450572854774	422.96941180000005	-3301.879445779333	448.3795044	-3531.038174336499	354.13144773333335	-2077.587047937884	657.6155254333333	-2650.028520480774
2025-01-11 01:30:00	598.9165924	-2374.217099259789	422.96941180000005	-3292.7386589966495	448.3795044	-3520.8581376898696	354.13144773333335	-2074.133707771694	657.6155254333333	-2644.566470659033
2025-01-11 01:40:00	598.9165924	-2369.9782445519286	422.96941180000005	-3282.4173950253785	448.3795044	-3510.3064491065315	354.13144773333335	-2071.04875193633	657.6155254333333	-2636.2432052703753
2025-01-11 01:50:00	598.9165924	-2366.413597053905	422.96941180000005	-3273.547238888059	448.3795044	-3500.6387578285003	354.13144773333335	-2069.094448748444	657.6155254333333	-2631.921521035955
2025-01-11 02:00:00	569.0525232	-2357.70273225782	401.8786824	-3259.038844257562	426.02173919999996	-3484.900551849581	336.4732192	-2062.3266274676416	624.8245228	-2621.543648161127
2025-01-11 02:10:00	569.0525232	-2353.638501763103	401.8786824	-3250.2326638779136	426.02173919999996	-3476.781696623676	336.4732192	-2060.227023707772	624.8245228	-2616.820459254521
2025-01-11 02:20:00	569.0525232	-2350.3172293695484	401.8786824	-3240.7663179518086	426.02173919999996	-3465.328322206844	336.4732192	-2056.8695169292696	624.8245228	-2610.090258001457
2025-01-11 02:30:00	569.0525232	-2346.120258869504	401.8786824	-3233.696578242836	426.02173919999996	-3455.5646412381748	336.4732192	-2054.672326022768	624.8245228	-2603.2157747478577
2025-01-11 02:40:00	569.0525232	-2342.1735088543933	401.8786824	-3226.609875666718	426.02173919999996	-3447.4820335175746	336.4732192	-2052.7523245249286	624.8245228	-2598.611937901709
2025-01-11 02:50:00	569.0525232	-2339.4026028803737	401.8786824	-3221.7276011334384	426.02173919999996	-3442.3488441665295	336.4732192	-2050.6191901267894	624.8245228	-2593.3663270740035
2025-01-11 03:00:00	579.7244096	-2324.0830015472043	409.4154272	-3201.6289223108747	434.01125759999996	-3420.1045170379357	342.78336426666664	-2037.1924797365116	636.5423450666666	-2573.37154152382
2025-01-11 03:10:00	579.7244096	-2319.904298761494	409.4154272	-3200.1020887956324	434.01125759999996	-3418.043994605063	342.78336426666664	-2033.665124577042	636.5423450666666	-2567.501872148716
2025-01-11 03:20:00	579.7244096	-2317.034282751476	409.4154272	-3199.383992268883	434.01125759999996	-3416.6018300942283	342.78336426666664	-2032.1974719861857	636.5423450666666	-2564.868123699248
2025-01-11 03:30:00	579.7244096	-2313.7390411360643	409.4154272	-3198.5649156546574	434.01125759999996	-3415.56409381535	342.78336426666664	-2030.2019923345413	636.5423450666666	-2560.6472458239987
2025-01-11 03:40:00	579.7244096	-2310.0205760089593	409.4154272	-3198.317643312816	434.01125759999996	-3414.856786637701	342.78336426666664	-2028.3665853778673	636.5423450666666	-2555.77408821787
2025-01-11 03:50:00	579.7244096	-2306.462948099303	409.4154272	-3197.812603639569	434.01125759999996	-3414.4403173858495	342.78336426666664	-2025.0297900049538	636.5423450666666	-2549.2872545990926
2025-01-11 04:00:00	569.741032	-2314.5775377090586	402.36492400000003	-3213.7160862782184	426.537192	-3431.7423680773836	336.88032533333336	-2032.6510101354222	625.5805113333333	-2558.7033505664676
2025-01-11 04:10:00	569.741032	-2311.3070104637477	402.36492400000003	-3213.4547038456317	426.537192	-3431.508673891867	336.88032533333336	-2030.6561358267575	625.5805113333333	-2556.7054387740955
2025-01-11 04:20:00	569.741032	-2308.5405055465794	402.36492400000003	-3213.0508676611953	426.537192	-3431.0982078763095	336.88032533333336	-2028.156934988064	625.5805113333333	-2555.156601461731
2025-01-11 04:30:00	569.741032	-2304.984666792419	402.36492400000003	-3212.6098797733994	426.537192	-3430.59937608731	336.88032533333336	-2024.9471443081977	625.5805113333333	-2554.0386149489814
2025-01-11 04:40:00	569.741032	-2300.4629942910015	402.36492400000003	-3212.4360025459696	426.537192	-3430.932040428701	336.88032533333336	-2021.775284550112	625.5805113333333	-2553.168671757455
2025-01-11 04:50:00	569.741032	-2297.0603862585162	402.36492400000003	-3213.160283449939	426.537192	-3431.187519817254	336.88032533333336	-2021.4388558984772	625.5805113333333	-2552.858040568567
2025-01-11 05:00:00	572.4090036	-2285.2232729881825	404.24911019999996	-3199.3895866438024	428.53457159999994	-3416.010554956955	338.4578616	-2011.0268795150723	628.5099668999999	-2541.2293623693927
2025-01-11 05:10:00	572.4090036	-2283.793267600662	404.24911019999996	-3199.2430080805166	428.53457159999994	-3416.144833328474	338.4578616	-2009.2426216138028	628.5099668999999	-2540.982091951098
2025-01-11 05:20:00	572.4090036	-2282.125641207036	404.24911019999996	-3198.7352696284665	428.53457159999994	-3416.203913075632	338.4578616	-2006.250492771696	628.5099668999999	-2540.5829359226277
2025-01-11 05:30:00	572.4090036	-2281.7182035934966	404.24911019999996	-3198.9844845374837	428.53457159999994	-3416.356499697129	338.4578616	-2004.038614661591	628.5099668999999	-2540.72170664331
2025-01-11 05:40:00	572.4090036	-2281.519792755843	404.24911019999996	-3199.1854308078537	428.53457159999994	-3416.361922395026	338.4578616	-2002.6614339434736	628.5099668999999	-2541.0847954682285
2025-01-11 05:50:00	572.4090036	-2280.8822081741873	404.24911019999996	-3198.8686425004025	428.53457159999994	-3416.1616646862553	338.4578616	-2001.6286172598898	628.5099668999999	-2541.0852463631045
2025-01-11 06:00:00	603.9082812	-2291.95342646911	426.49466340000004	-3214.5867205085706	452.11653720000004	-3433.0878675340086	357.08296720000004	-2010.7486316282193	663.0964423	-2554.0222025064504
2025-01-11 06:10:00	603.9082812	-2291.7683616543836	426.49466340000004	-3214.3359451751858	452.11653720000004	-3431.561500948044	357.08296720000004	-2010.0760843432904	663.0964423	-2553.1511519152427
2025-01-11 06:20:00	603.9082812	-2308.3056167847126	426.49466340000004	-3234.751079707471	452.11653720000004	-3432.611382113359	357.08296720000004	-2017.3252320042147	663.0964423	-2570.106145895486
2025-01-11 06:30:00	603.9082812	-2319.9739174864244	426.49466340000004	-3245.176080359448	452.11653720000004	-3432.0945978066306	357.08296720000004	-2020.4899820219061	663.0964423	-2585.3111600283323
2025-01-11 06:40:00	603.9082812	-2326.874091135536	426.49466340000004	-3251.850821072988	452.11653720000004	-3432.8626654388436	357.08296720000004	-2022.6049362082163	663.0964423	-2598.3078715416277
2025-01-11 06:50:00	603.9082812	-2331.026915437221	426.49466340000004	-3264.2647390341617	452.11653720000004	-3446.0191155430734	357.08296720000004	-2026.441601758339	663.0964423	-2605.606400144653
2025-01-11 07:00:00	602.9615816	-2331.6483805550633	425.82608120000003	-3264.2173617052094	451.4077896	-3451.6193058728954	356.5231962666667	-2027.848708031905	662.0569580666667	-2611.7787829065433
2025-01-11 07:10:00	602.9615816	-2335.5367103465337	425.82608120000003	-3276.2155243801976	451.4077896	-3473.354654603632	356.5231962666667	-2032.9872383884504	662.0569580666667	-2630.835132066232
2025-01-11 07:20:00	602.9615816	-2355.1590483968275	425.82608120000003	-3288.7716338988885	451.4077896	-3492.7922606210664	356.5231962666667	-2046.6382282885047	662.0569580666667	-2650.687027057045
2025-01-11 07:30:00	602.9615816	-2366.075210180243	425.82608120000003	-3297.377280325085	451.4077896	-3514.774503169793	356.5231962666667	-2059.9371401297767	662.0569580666667	-2671.839917676483
2025-01-11 07:40:00	602.9615816	-2374.828977469866	425.82608120000003	-3314.4170081691414	451.4077896	-3534.134873586208	356.5231962666667	-2074.667893608822	662.0569580666667	-2688.3840410358366
2025-01-11 07:50:00	602.9615816	-2389.2530417354637	425.82608120000003	-3337.114382587496	451.4077896	-3573.796389013681	356.5231962666667	-2094.5548434562456	662.0569580666667	-2712.6704732762482
2025-01-11 08:00:00	1180.792592	-2386.6640479235693	833.904344	-3333.048502722333	884.0015520000001	-3589.220997621162	698.1870186666667	-2104.467400524262	1296.5203346666667	-2728.001524678955
2025-01-11 08:10:00	1180.792592	-2399.096112872553	833.904344	-3361.4776196772573	884.0015520000001	-3617.6069371930703	698.1870186666667	-2121.751629837991	1296.5203346666667	-2747.0867198598316
2025-01-11 08:20:00	1180.792592	-2413.519073947147	833.904344	-3392.9152943338486	884.0015520000001	-3646.6702095461683	698.1870186666667	-2137.9103793193603	1296.5203346666667	-2763.77459037145
2025-01-11 08:30:00	1180.792592	-2422.9935365495567	833.904344	-3411.6750604028757	884.0015520000001	-3674.797695427955	698.1870186666667	-2156.1922000831664	1296.5203346666667	-2778.988276051075
2025-01-11 08:40:00	1180.792592	-2424.2337833706397	833.904344	-3424.490655208064	884.0015520000001	-3686.322737094489	698.1870186666667	-2175.2930308068626	1296.5203346666667	-2778.5398893936463
2025-01-11 08:50:00	1180.792592	-2431.360369799064	833.904344	-3448.5379086291814	884.0015520000001	-3698.6893663988444	698.1870186666667	-2189.879324480396	1296.5203346666667	-2771.0881137722063
2025-01-11 09:00:00	3397.790928	-2431.316551763747	2399.602296	-3455.5129193472303	2543.759568	-3706.5679437517733	2009.0687679999999	-2185.756761190327	3730.8034119999998	-2763.939149231669
2025-01-11 09:10:00	3397.790928	-2432.4889120286807	2399.602296	-3464.5862948298727	2543.759568	-3718.4009825487715	2009.0687679999999	-2182.171563335143	3730.8034119999998	-2767.031077785935
2025-01-11 09:20:00	3397.790928	-2453.536602934364	2399.602296	-3463.3619005213786	2543.759568	-3730.1025408921137	2009.0687679999999	-2184.943396808434	3730.8034119999998	-2769.1311416573963
2025-01-11 09:30:00	3397.790928	-2464.231104910432	2399.602296	-3477.7109523727386	2543.759568	-3735.3634538346964	2009.0687679999999	-2183.0012943907623	3730.8034119999998	-2762.1437619932985
2025-01-11 09:40:00	3397.790928	-2477.087109200158	2399.602296	-3497.3548705123494	2543.759568	-3734.610074772652	2009.0687679999999	-2183.5193892875604	3730.8034119999998	-2763.6643148716175
2025-01-11 09:50:00	3397.790928	-2486.0821882135033	2399.602296	-3508.2953094047252	2543.759568	-3745.35866946741	2009.0687679999999	-2180.5850029976837	3730.8034119999998	-2759.1042268662595
2025-01-11 10:00:00	5722.368764	-2458.353983635957	4041.275498	-3471.92480152392	4284.057084	-3692.5587447572634	3383.5608506666667	-2149.761912834154	6283.209697666666	-2719.4108849962076
2025-01-11 10:10:00	5722.368764	-2457.605157528422	4041.275498	-3476.49979108154	4284.057084	-3679.7718129123623	3383.5608506666667	-2149.6000785305296	6283.209697666666	-2722.370547436346
2025-01-11 10:20:00	5722.368764	-2459.0537532416984	4041.275498	-3478.724145493212	4284.057084	-3680.993678592632	3383.5608506666667	-2152.2961322310157	6283.209697666666	-2724.4568348782077
2025-01-11 10:30:00	5722.368764	-2464.356868300997	4041.275498	-3475.4794267473017	4284.057084	-3674.3598167988785	3383.5608506666667	-2155.020829682334	6283.209697666666	-2727.713107509947
2025-01-11 10:40:00	5722.368764	-2468.1669001303535	4041.275498	-3477.4501267001815	4284.057084	-3660.305046925967	3383.5608506666667	-2156.353303646455	6283.209697666666	-2729.001469914082
2025-01-11 10:50:00	5722.368764	-2465.559194596288	4041.275498	-3499.2677718401237	4284.057084	-3653.056559280032	3383.5608506666667	-2154.1584050761094	6283.209697666666	-2734.9492992788137
2025-01-11 11:00:00	6334.28096	-2485.787833881539	4473.4227200000005	-3536.295740076296	4742.16576	-3684.5356287144423	3745.3764266666667	-2175.0259844635016	6955.094506666666	-2756.926252830669
2025-01-11 11:10:00	6334.28096	-2484.726165551825	4473.4227200000005	-3540.009638026958	4742.16576	-3681.1561966379795	3745.3764266666667	-2174.16782641457	6955.094506666666	-2754.7191799095044
2025-01-11 11:20:00	6334.28096	-2486.5288964100127	4473.4227200000005	-3538.255599394349	4742.16576	-3674.7653226761067	3745.3764266666667	-2177.171340720634	6955.094506666666	-2753.8649358584107
2025-01-11 11:30:00	6334.28096	-2481.7593813860603	4473.4227200000005	-3538.1977911080403	4742.16576	-3666.185484334981	3745.3764266666667	-2179.9720884078665	6955.094506666666	-2755.1418591246793
2025-01-11 11:40:00	6334.28096	-2480.931764824214	4473.4227200000005	-3530.449455574616	4742.16576	-3662.2212374467454	3745.3764266666667	-2181.271697982774	6955.094506666666	-2760.055568268782
2025-01-11 11:50:00	6334.28096	-2482.9321595313195	4473.4227200000005	-3527.3700654065024	4742.16576	-3663.942338459432	3745.3764266666667	-2183.7689856393586	6955.094506666666	-2761.168021546867
2025-01-11 12:00:00	6539.9729640000005	-2481.572380152039	4618.687398	-3515.8831669053943	4896.157284	-3669.415935903541	3866.999384	-2182.2261469423656	7180.946080999999	-2759.8279456420905
2025-01-11 12:10:00	6539.9729640000005	-2484.330727985768	4618.687398	-3509.6278310860425	4896.157284	-3670.713782696249	3866.999384	-2179.279305991293	7180.946080999999	-2754.3351836421925
2025-01-11 12:20:00	6539.9729640000005	-2483.2961807000383	4618.687398	-3516.619668347851	4896.157284	-3680.3966763175677	3866.999384	-2178.2243429587725	7180.946080999999	-2759.7100532878876
2025-01-11 12:30:00	6539.9729640000005	-2485.6161151593396	4618.687398	-3518.0572031098036	4896.157284	-3691.60345042244	3866.999384	-2177.8231137478188	7180.946080999999	-2761.2536131706884
2025-01-11 12:40:00	6539.9729640000005	-2481.176985359488	4618.687398	-3515.8704368600756	4896.157284	-3697.9376198027066	3866.999384	-2177.2381377594174	7180.946080999999	-2752.7070494737754
2025-01-11 12:50:00	6539.9729640000005	-2479.4527051379637	4618.687398	-3515.3526303584786	4896.157284	-3710.0868947826702	3866.999384	-2177.459095807031	7180.946080999999	-2763.0721328659083
2025-01-11 13:00:00	2517.3603000000003	-2544.7296850882476	1777.8208500000003	-3608.421161564096	1884.6243000000002	-3810.0525043355105	1488.4818	-2237.202943715035	2764.083075	-2841.0469021473796
2025-01-11 13:10:00	2517.3603000000003	-2545.8854357121736	1777.8208500000003	-3610.315697523949	1884.6243000000002	-3802.4560694524803	1488.4818	-2237.620000396195	2764.083075	-2838.8326687885897
2025-01-11 13:20:00	2517.3603000000003	-2541.393427768173	1777.8208500000003	-3608.9338661898046	1884.6243000000002	-3804.081478221486	1488.4818	-2234.7058542374803	2764.083075	-2843.502343411267
2025-01-11 13:30:00	2517.3603000000003	-2539.68440584157	1777.8208500000003	-3606.0948487061214	1884.6243000000002	-3803.664495680087	1488.4818	-2229.5859260698394	2764.083075	-2851.6829941571473
2025-01-11 13:40:00	2517.3603000000003	-2542.738515127594	1777.8208500000003	-3604.2378186019405	1884.6243000000002	-3796.059230804413	1488.4818	-2227.440682098912	2764.083075	-2862.343520820827
2025-01-11 13:50:00	2517.3603000000003	-2538.6719419158417	1777.8208500000003	-3599.2236238357655	1884.6243000000002	-3803.109633104105	1488.4818	-2227.0828618596606	2764.083075	-2867.840913931624
2025-01-11 14:00:00	2906.3677720000005	-2593.1721135091916	2052.5473540000003	-3674.585636843477	2175.855132	-3889.3929936781947	1718.4967653333335	-2272.259007472103	3191.2165963333337	-2935.277492289896
2025-01-11 14:10:00	2906.3677720000005	-2589.037698970877	2052.5473540000003	-3671.7697519350977	2175.855132	-3890.624259391267	1718.4967653333335	-2268.420011234931	3191.2165963333337	-2930.264773261594
2025-01-11 14:20:00	2906.3677720000005	-2581.256075439172	2052.5473540000003	-3673.9180036064745	2175.855132	-3892.3280854294903	1718.4967653333335	-2264.2799027088677	3191.2165963333337	-2929.204262100846
2025-01-11 14:30:00	2906.3677720000005	-2574.426737467386	2052.5473540000003	-3687.3017372574723	2175.855132	-3891.9647450273083	1718.4967653333335	-2261.665944797175	3191.2165963333337	-2928.97165667043
2025-01-11 14:40:00	2906.3677720000005	-2571.1103613301198	2052.5473540000003	-3698.5904620085075	2175.855132	-3879.9753580829715	1718.4967653333335	-2260.4960700655047	3191.2165963333337	-2929.6172177995677
2025-01-11 14:50:00	2906.3677720000005	-2568.1103935363794	2052.5473540000003	-3704.0145227549574	2175.855132	-3877.058282203305	1718.4967653333335	-2259.4294759723252	3191.2165963333337	-2929.506713603314
2025-01-11 15:00:00	3597.45848	-2624.8166547412166	2540.61236	-3784.2296277811943	2693.24088	-3963.699042606719	2127.1295466666666	-2312.48882910369	3950.0400866666664	-2993.0039724541357
2025-01-11 15:10:00	3597.45848	-2619.000541306563	2540.61236	-3777.6776576798943	2693.24088	-3965.3821285187873	2127.1295466666666	-2313.1145563788227	3950.0400866666664	-2990.6963231034215
2025-01-11 15:20:00	3597.45848	-2616.240342344	2540.61236	-3775.343760011157	2693.24088	-3957.4248841385574	2127.1295466666666	-2312.6355022461044	3950.0400866666664	-2991.47792683246
2025-01-11 15:30:00	3597.45848	-2621.630882294674	2540.61236	-3767.7891307067	2693.24088	-3962.4010324249316	2127.1295466666666	-2311.012723019799	3950.0400866666664	-2985.0677034994296
2025-01-11 15:40:00	3597.45848	-2621.2313467194163	2540.61236	-3761.5717814953673	2693.24088	-3967.571996350694	2127.1295466666666	-2309.7608575605805	3950.0400866666664	-2981.897728520433
2025-01-11 15:50:00	3597.45848	-2616.7080847009147	2540.61236	-3764.911056059695	2693.24088	-3966.699451996154	2127.1295466666666	-2314.393397083561	3950.0400866666664	-2980.3544137983836
2025-01-11 16:00:00	1185.956408	-2672.3587686716687	837.551156	-3843.227175013952	887.867448	-4049.766625421573	701.2403146666667	-2371.047774315256	1302.1902486666665	-3036.1366298485354
2025-01-11 16:10:00	1185.956408	-2677.6578467712825	837.551156	-3844.5914326336356	887.867448	-4044.5449991293917	701.2403146666667	-2377.492322913552	1302.1902486666665	-3035.0994034543555
2025-01-11 16:20:00	1185.956408	-2689.67356775136	837.551156	-3848.489110330241	887.867448	-4053.0448091815306	701.2403146666667	-2378.432690649509	1302.1902486666665	-3035.874694771578
2025-01-11 16:30:00	1185.956408	-2696.947329015608	837.551156	-3845.71015691386	887.867448	-4056.401403527767	701.2403146666667	-2380.233922548967	1302.1902486666665	-3035.0572941692826
2025-01-11 16:40:00	1185.956408	-2701.9448222617125	837.551156	-3838.7005555190467	887.867448	-4068.47620158228	701.2403146666667	-2379.7399182580984	1302.1902486666665	-3038.578905372732
2025-01-11 16:50:00	1185.956408	-2709.1502758822553	837.551156	-3840.197985505702	887.867448	-4069.5999370090594	701.2403146666667	-2376.4681087563613	1302.1902486666665	-3057.1436090889138
2025-01-11 17:00:00	576.8843108000001	-2763.242331432777	407.40968060000006	-3897.3421399809486	431.8850148	-4130.409405057692	341.1040514666667	-2411.6185165777642	633.4238923666667	-3110.723097440554
2025-01-11 17:10:00	576.8843108000001	-2770.8908200253463	407.40968060000006	-3898.4832809050713	431.8850148	-4134.432744179914	341.1040514666667	-2412.119557984912	633.4238923666667	-3115.561812860613
2025-01-11 17:20:00	576.8843108000001	-2781.5915223584116	407.40968060000006	-3897.848243262323	431.8850148	-4142.435131329822	341.1040514666667	-2417.9663857835303	633.4238923666667	-3125.44303489717
2025-01-11 17:30:00	576.8843108000001	-2778.2690485467983	407.40968060000006	-3899.0957708605256	431.8850148	-4146.53801725896	341.1040514666667	-2422.640539000584	633.4238923666667	-3131.0722978896492
2025-01-11 17:40:00	576.8843108000001	-2774.860924712611	407.40968060000006	-3905.8206603139597	431.8850148	-4160.271386414156	341.1040514666667	-2428.7820492246074	633.4238923666667	-3135.1591344544836
2025-01-11 17:50:00	576.8843108000001	-2779.5505616706605	407.40968060000006	-3909.584762595089	431.8850148	-4167.288375724894	341.1040514666667	-2429.681556299178	633.4238923666667	-3137.789198199376
2025-01-11 18:00:00	608.3835884	-2776.774019894483	429.6552338	-3893.824360645597	455.4669804	-4158.341289746493	359.7291570666667	-2423.4782282919086	668.0103677666666	-3128.3920148917405
2025-01-11 18:10:00	608.3835884	-2781.964245482453	429.6552338	-3891.9352342919956	455.4669804	-4151.056632046655	359.7291570666667	-2423.7533937095386	668.0103677666666	-3129.55213427083
2025-01-11 18:20:00	608.3835884	-2793.3932303792462	429.6552338	-3903.1232961095475	455.4669804	-4142.179029388961	359.7291570666667	-2425.496220559471	668.0103677666666	-3130.4854237256554
2025-01-11 18:30:00	608.3835884	-2798.4759863155596	429.6552338	-3907.679781803803	455.4669804	-4138.101169313826	359.7291570666667	-2425.9103290723747	668.0103677666666	-3131.1309341459673
2025-01-11 18:40:00	608.3835884	-2806.3993096476347	429.6552338	-3905.9778269734825	455.4669804	-4139.823812126682	359.7291570666667	-2424.871555771414	668.0103677666666	-3131.51370583283
2025-01-11 18:50:00	608.3835884	-2810.285653816739	429.6552338	-3899.5240752145382	455.4669804	-4144.459381015708	359.7291570666667	-2429.3282526196144	668.0103677666666	-3124.5199851886587
2025-01-11 19:00:00	608.8139064	-2810.4215564147607	429.9591348	-3901.8411741637697	455.78913839999996	-4148.009626197112	359.9835984	-2431.9842471549036	668.4828605999999	-3115.1375211300797
2025-01-11 19:10:00	608.8139064	-2810.272842220358	429.9591348	-3904.0705164057267	455.78913839999996	-4163.008912777221	359.9835984	-2431.2427490016526	668.4828605999999	-3108.187099793276
2025-01-11 19:20:00	608.8139064	-2802.397206592652	429.9591348	-3904.3747580946097	455.78913839999996	-4176.759764574341	359.9835984	-2428.5342487959815	668.4828605999999	-3109.851508381646
2025-01-11 19:30:00	608.8139064	-2797.87927472257	429.9591348	-3903.611043339841	455.78913839999996	-4178.8843718533735	359.9835984	-2422.6057758153693	668.4828605999999	-3108.3542395294025
2025-01-11 19:40:00	608.8139064	-2796.2732728994624	429.9591348	-3910.7644359879264	455.78913839999996	-4177.402872272545	359.9835984	-2418.5479845508326	668.4828605999999	-3107.4371360613336
2025-01-11 19:50:00	608.8139064	-2795.60005679389	429.9591348	-3911.867156230371	455.78913839999996	-4177.0493718748385	359.9835984	-2414.7216816369655	668.4828605999999	-3108.842981765713
2025-01-11 20:00:00	573.2696396	-2803.810382170158	404.8569122	-3926.782122830353	429.17888759999994	-4185.954090454928	338.96674426666664	-2417.8021695232114	629.4549525666666	-3122.5491151956676
2025-01-11 20:10:00	573.2696396	-2803.2115671959846	404.8569122	-3927.510192391366	429.17888759999994	-4188.13234975716	338.96674426666664	-2414.522511192902	629.4549525666666	-3125.7321459316245
2025-01-11 20:20:00	573.2696396	-2806.0475091091203	404.8569122	-3929.005107864794	429.17888759999994	-4197.151972626348	338.96674426666664	-2408.87230486267	629.4549525666666	-3125.8995307543296
2025-01-11 20:30:00	573.2696396	-2807.0090829816163	404.8569122	-3922.415504494754	429.17888759999994	-4196.376407561315	338.96674426666664	-2404.1435197813403	629.4549525666666	-3139.6745855454733
2025-01-11 20:40:00	573.2696396	-2801.005343076591	404.8569122	-3919.651332628021	429.17888759999994	-4195.445846496643	338.96674426666664	-2400.7325887726574	629.4549525666666	-3146.1578187218865
2025-01-11 20:50:00	573.2696396	-2791.156949006713	404.8569122	-3922.7858248490656	429.17888759999994	-4194.127386309311	338.96674426666664	-2397.5963666808543	629.4549525666666	-3149.7677662277847
2025-01-11 21:00:00	568.880396	-2815.4149699573295	401.75712200000004	-3968.0580912007918	425.892876	-4243.695491171809	336.37144266666667	-2420.3758570584423	624.6355256666666	-3180.193254395393
2025-01-11 21:10:00	568.880396	-2810.1694020481295	401.75712200000004	-3981.467317592499	425.892876	-4243.468354692585	336.37144266666667	-2414.6388719541706	624.6355256666666	-3166.3454677404384
2025-01-11 21:20:00	568.880396	-2801.2307880158096	401.75712200000004	-3990.111885280353	425.892876	-4243.05043943398	336.37144266666667	-2410.906613729286	624.6355256666666	-3159.0567994044013
2025-01-11 21:30:00	568.880396	-2797.1982556213316	401.75712200000004	-3985.201280984662	425.892876	-4224.372871856547	336.37144266666667	-2406.9180701277614	624.6355256666666	-3151.6299489149096
2025-01-11 21:40:00	568.880396	-2787.8844759865015	401.75712200000004	-3968.3948373183257	425.892876	-4214.029990702811	336.37144266666667	-2403.637364447546	624.6355256666666	-3143.3103202894554
2025-01-11 21:50:00	568.880396	-2781.0290974603895	401.75712200000004	-3951.9839601919803	425.892876	-4198.954899730268	336.37144266666667	-2400.892241139996	624.6355256666666	-3136.584455142002
2025-01-11 22:00:00	562.5116896000001	-2791.8280147653713	397.25938720000005	-3963.9585248532912	421.1249376	-4210.366272711997	332.60571093333334	-2411.7964260692443	617.6426317333332	-3151.9933238507024
2025-01-11 22:10:00	562.5116896000001	-2784.1798690743	397.25938720000005	-3954.526889883111	421.1249376	-4196.15635782378	332.60571093333334	-2409.289217881957	617.6426317333332	-3147.887046212398
2025-01-11 22:20:00	562.5116896000001	-2777.998091125791	397.25938720000005	-3941.072712915564	421.1249376	-4183.349807265715	332.60571093333334	-2408.4389698708223	617.6426317333332	-3133.883339437718
2025-01-11 22:30:00	562.5116896000001	-2772.2367530079687	397.25938720000005	-3926.4929942053877	421.1249376	-4167.782311282508	332.60571093333334	-2403.657850702636	617.6426317333332	-3125.3270535580755
2025-01-11 22:40:00	562.5116896000001	-2763.559915984931	397.25938720000005	-3912.4173166750797	421.1249376	-4150.920762782149	332.60571093333334	-2400.8652058560524	617.6426317333332	-3115.2470604688197
2025-01-11 22:50:00	562.5116896000001	-2756.0057916228625	397.25938720000005	-3900.7665975535992	421.1249376	-4135.942350474375	332.60571093333334	-2397.1444803350346	617.6426317333332	-3105.8568141130872
2025-01-11 23:00:00	580.4129184	-2773.4405765705965	409.90166880000004	-3925.0007167288377	434.52671039999996	-4160.802920507465	343.1904704	-2415.3330489762197	637.2983336	-3125.067695488533
2025-01-11 23:10:00	580.4129184	-2765.948072430634	409.90166880000004	-3909.8335761469816	434.52671039999996	-4152.051577626038	343.1904704	-2411.510099807887	637.2983336	-3119.1479203181298
2025-01-11 23:20:00	580.4129184	-2758.689372093243	409.90166880000004	-3898.2335769702313	434.52671039999996	-4133.994247361814	343.1904704	-2407.4024485960435	637.2983336	-3107.5302741488003
2025-01-11 23:30:00	580.4129184	-2751.2256512129957	409.90166880000004	-3881.203703977758	434.52671039999996	-4120.825124017298	343.1904704	-2404.159827300548	637.2983336	-3097.6726696618043
2025-01-11 23:40:00	580.4129184	-2744.4218287617946	409.90166880000004	-3868.9176894638695	434.52671039999996	-4108.371375546083	343.1904704	-2401.4522752947705	637.2983336	-3088.4844080118855
2025-01-11 23:50:00	580.4129184	-2737.615521903226	409.90166880000004	-3855.471504078535	434.52671039999996	-4094.4137871519565	343.1904704	-2398.243851752255	637.2983336	-3079.850073771394
2025-01-12 00:00:00	599.9493556	-2754.826722810734	423.69877420000006	-3875.9636398595794	449.1526836	-4114.153210105168	354.74210693333333	-2414.6162318977304	658.7495082333332	-3101.5935690467963
2025-01-12 00:10:00	599.9493556	-2745.2571498779193	423.69877420000006	-3859.7192200528298	449.1526836	-4097.933279262978	354.74210693333333	-2409.2162292131043	658.7495082333332	-3086.5125304098806
2025-01-12 00:20:00	599.9493556	-2736.9999924348585	423.69877420000006	-3844.6384956579986	449.1526836	-4083.3467372942832	354.74210693333333	-2405.1911981576905	658.7495082333332	-3076.9246025784687
2025-01-12 00:30:00	599.9493556	-2729.785954501784	423.69877420000006	-3829.6499377559685	449.1526836	-4068.667026551291	354.74210693333333	-2399.366711677564	658.7495082333332	-3068.259877742909
2025-01-12 00:40:00	599.9493556	-2722.282198249017	423.69877420000006	-3815.1882714025933	449.1526836	-4052.9624651862096	354.74210693333333	-2394.7935420815893	658.7495082333332	-3059.710207665005
2025-01-12 00:50:00	599.9493556	-2715.1143450314403	423.69877420000006	-3801.870242991582	449.1526836	-4041.500315866593	354.74210693333333	-2389.222283818691	658.7495082333332	-3049.510591101202
2025-01-12 01:00:00	611.6540052	-2732.4609786770584	431.9648814	-3822.7858222624295	457.91538119999996	-4062.2753510295993	361.6629112	-2406.220606914638	671.6013132999999	-3067.85545487369
2025-01-12 01:10:00	611.6540052	-2724.983839823713	431.9648814	-3808.9686523734667	457.91538119999996	-4047.5780144136165	361.6629112	-2401.3892972017575	671.6013132999999	-3058.967171784498
2025-01-12 01:20:00	611.6540052	-2717.0761053687656	431.9648814	-3794.2441847961695	457.91538119999996	-4032.047366055071	361.6629112	-2395.5237594595346	671.6013132999999	-3049.4478964657774
2025-01-12 01:30:00	611.6540052	-2708.742086403608	431.9648814	-3779.393339629524	457.91538119999996	-4015.923850900201	361.6629112	-2390.6078770502936	671.6013132999999	-3039.2755411450084
2025-01-12 01:40:00	611.6540052	-2700.785632360582	431.9648814	-3763.493922579841	457.91538119999996	-4004.6164602664853	361.6629112	-2385.097601130699	671.6013132999999	-3027.1451919388555
2025-01-12 01:50:00	611.6540052	-2693.1710520615575	431.9648814	-3752.15773607244	457.91538119999996	-3997.8421100421333	361.6629112	-2381.3889373873967	671.6013132999999	-3018.1925849463714
2025-01-12 02:00:00	568.880396	-2698.3293612052717	401.75712200000004	-3763.0400443575772	425.892876	-4012.3380434558912	336.37144266666667	-2387.973866662265	624.6355256666666	-3025.196736889515
2025-01-12 02:10:00	568.880396	-2690.2382582669807	401.75712200000004	-3757.8206186990146	425.892876	-4008.5665304439563	336.37144266666667	-2383.0858472971604	624.6355256666666	-3016.2885728674455
2025-01-12 02:20:00	568.880396	-2682.4125726269194	401.75712200000004	-3754.52435395516	425.892876	-4005.7744713923194	336.37144266666667	-2376.4485748592515	624.6355256666666	-3004.615941665209
2025-01-12 02:30:00	568.880396	-2677.704878572185	401.75712200000004	-3752.2187982703044	425.892876	-4004.8429303860366	336.37144266666667	-2371.019766704271	624.6355256666666	-2999.2377388026744
2025-01-12 02:40:00	568.880396	-2674.9233958906143	401.75712200000004	-3750.9438054869115	425.892876	-4004.24208563485	336.37144266666667	-2367.29963121079	624.6355256666666	-2995.8162388129113
2025-01-12 02:50:00	568.880396	-2672.7028253051644	401.75712200000004	-3749.7659598740984	425.892876	-4003.0983607669104	336.37144266666667	-2362.3568385362505	624.6355256666666	-2993.4594774474745
2025-01-12 03:00:00	569.9992228	-2698.114724275198	402.5472646	-3787.3813031236004	426.7304868	-4043.626743378766	337.0329901333333	-2380.6035391887367	625.8640070333332	-3022.0707037244483
2025-01-12 03:10:00	569.9992228	-2696.336924954572	402.5472646	-3786.2495171547434	426.7304868	-4042.773489921202	337.0329901333333	-2374.7596023186306	625.8640070333332	-3020.3500102083517
2025-01-12 03:20:00	569.9992228	-2695.9223980133356	402.5472646	-3786.594976994933	426.7304868	-4043.428020262505	337.0329901333333	-2371.6970466442267	625.8640070333332	-3020.2418113702424
2025-01-12 03:30:00	569.9992228	-2695.8339576791795	402.5472646	-3786.4470808452243	426.7304868	-4043.245938549826	337.0329901333333	-2368.912614097473	625.8640070333332	-3020.037028125358
2025-01-12 03:40:00	569.9992228	-2695.668619872111	402.5472646	-3786.117102093459	426.7304868	-4042.402083288548	337.0329901333333	-2367.1505015668486	625.8640070333332	-3019.4482575592747
2025-01-12 03:50:00	569.9992228	-2695.619694931468	402.5472646	-3785.806770177859	426.7304868	-4042.344639331878	337.0329901333333	-2366.079293966166	625.8640070333332	-3019.179481162051
2025-01-12 04:00:00	573.3557032	-2711.037085380687	404.9176924	-3807.382183495505	429.2433192	-4065.6539073233143	339.0176325333333	-2379.460705423295	629.5494511333333	-3036.9150275113243
2025-01-12 04:10:00	573.3557032	-2710.6367663557394	404.9176924	-3807.357227198924	429.2433192	-4065.6544691656163	339.0176325333333	-2379.1580858688817	629.5494511333333	-3036.73596129581
2025-01-12 04:20:00	573.3557032	-2710.552657596131	404.9176924	-3807.4150956213516	429.2433192	-4065.810661838602	339.0176325333333	-2378.645105448914	629.5494511333333	-3036.6812946186774
2025-01-12 04:30:00	573.3557032	-2710.756351301135	404.9176924	-3807.28506020392	429.2433192	-4065.6853304922342	339.0176325333333	-2378.2203085219844	629.5494511333333	-3036.569966098915
2025-01-12 04:40:00	573.3557032	-2710.6336172082533	404.9176924	-3807.3269348432095	429.2433192	-4065.6264660057313	339.0176325333333	-2377.9969112478934	629.5494511333333	-3036.6701261748312
2025-01-12 04:50:00	573.3557032	-2710.4752021304503	404.9176924	-3807.949186834623	429.2433192	-4066.157637126048	339.0176325333333	-2378.3452787929696	629.5494511333333	-3036.5396635317447
2025-01-12 05:00:00	566.4706152	-2701.673932136631	400.0552764	-3795.120179604431	424.0887912	-4052.160668097952	334.94657120000005	-2370.3435057614884	621.9895658	-3026.000148311029
2025-01-12 05:10:00	566.4706152	-2701.826948913118	400.0552764	-3794.9602187716678	424.0887912	-4052.3351973695435	334.94657120000005	-2370.3807340387903	621.9895658	-3026.192639399954
2025-01-12 05:20:00	566.4706152	-2701.8432355476034	400.0552764	-3794.396824091253	424.0887912	-4052.1643548010506	334.94657120000005	-2369.8458502598055	621.9895658	-3026.1669069375002
2025-01-12 05:30:00	566.4706152	-2701.6623659596994	400.0552764	-3794.4717811063597	424.0887912	-4052.315750077458	334.94657120000005	-2370.3735044029268	621.9895658	-3026.2633701319705
2025-01-12 05:40:00	566.4706152	-2702.0400157812987	400.0552764	-3794.978230699496	424.0887912	-4052.596522749469	334.94657120000005	-2370.7817440371377	621.9895658	-3026.531819774988
2025-01-12 05:50:00	566.4706152	-2701.8633081425573	400.0552764	-3795.0721265576462	424.0887912	-4052.5144507055165	334.94657120000005	-2370.7797962057507	621.9895658	-3026.293079814235
2025-01-12 06:00:00	586.5234340000001	-2700.3193921761876	414.217063	-3792.971983067254	439.101354	-4049.887631978417	346.80353733333334	-2367.982096174518	644.0077318333333	-3024.7108998830745
2025-01-12 06:10:00	586.5234340000001	-2699.922829544294	414.217063	-3793.40086073529	439.101354	-4050.2471874723738	346.80353733333334	-2368.4286313591033	644.0077318333333	-3024.727641779383
2025-01-12 06:20:00	586.5234340000001	-2711.441973303058	414.217063	-3810.670870077871	439.101354	-4081.0064146035998	346.80353733333334	-2376.095985472536	644.0077318333333	-3051.1643977809654
2025-01-12 06:30:00	586.5234340000001	-2717.4710878354285	414.217063	-3819.3358546893605	439.101354	-4093.131891678358	346.80353733333334	-2380.049688424128	644.0077318333333	-3080.1827544667653
2025-01-12 06:40:00	586.5234340000001	-2723.9181977727594	414.217063	-3830.1010637986155	439.101354	-4101.339637742349	346.80353733333334	-2388.9100227961817	644.0077318333333	-3094.3962032824593
2025-01-12 06:50:00	586.5234340000001	-2733.1091591976447	414.217063	-3835.9861285562665	439.101354	-4112.660831504589	346.80353733333334	-2394.2900726833113	644.0077318333333	-3109.095848312293
2025-01-12 07:00:00	621.6373828000001	-2763.315661509589	439.01538460000006	-3887.7277319374257	465.38944680000003	-4157.347522863371	367.5659501333334	-2420.31519421497	682.5631470333333	-3151.949353853859
2025-01-12 07:10:00	621.6373828000001	-2774.2406156434695	439.01538460000006	-3896.72381681441	465.38944680000003	-4171.12137361491	367.5659501333334	-2425.575629270782	682.5631470333333	-3159.4026523567068
2025-01-12 07:20:00	621.6373828000001	-2795.095172714393	439.01538460000006	-3936.358152462612	465.38944680000003	-4202.690596150498	367.5659501333334	-2435.102865504688	682.5631470333333	-3175.8427067353973
2025-01-12 07:30:00	621.6373828000001	-2813.5928350649806	439.01538460000006	-3957.9618610420844	465.38944680000003	-4229.183741265323	367.5659501333334	-2443.8272109529653	682.5631470333333	-3192.0656076717114
2025-01-12 07:40:00	621.6373828000001	-2832.6395423690224	439.01538460000006	-3970.218232821166	465.38944680000003	-4243.986423890502	367.5659501333334	-2449.785607144043	682.5631470333333	-3200.8595624541263
2025-01-12 07:50:00	621.6373828000001	-2847.7198208130026	439.01538460000006	-3996.0147086583006	465.38944680000003	-4258.49729093626	367.5659501333334	-2462.8857404782293	682.5631470333333	-3200.343780593847
2025-01-12 08:00:00	1755.69744	-2867.2943230547216	1239.91608	-4027.3456770207786	1314.4046399999997	-4280.441883557606	1038.1206399999999	-2477.142796290945	1927.7707599999997	-3217.740619562543
2025-01-12 08:10:00	1755.69744	-2879.684910982065	1239.91608	-4048.570940711	1314.4046399999997	-4295.304628611126	1038.1206399999999	-2493.7981689720577	1927.7707599999997	-3221.943734532823
2025-01-12 08:20:00	1755.69744	-2899.485861906858	1239.91608	-4072.587129936762	1314.4046399999997	-4330.881048940915	1038.1206399999999	-2506.2645084078636	1927.7707599999997	-3252.814327780847
2025-01-12 08:30:00	1755.69744	-2918.375822647633	1239.91608	-4102.548697596506	1314.4046399999997	-4360.432019748947	1038.1206399999999	-2517.3264652884995	1927.7707599999997	-3275.4786892327334
2025-01-12 08:40:00	1755.69744	-2936.20133511082	1239.91608	-4114.904757584176	1314.4046399999997	-4390.239158887022	1038.1206399999999	-2527.7756032817547	1927.7707599999997	-3292.767787378402
2025-01-12 08:50:00	1755.69744	-2951.1295444846537	1239.91608	-4124.136681271103	1314.4046399999997	-4418.253151048815	1038.1206399999999	-2544.0074259650632	1927.7707599999997	-3302.8301386782773
2025-01-12 09:00:00	4143.96234	-2959.8233460755227	2926.56663	-4133.2394708597085	3102.3815399999994	-4422.283574012047	2450.27004	-2552.5152177000136	4550.105984999999	-3317.424664015446
2025-01-12 09:10:00	4143.96234	-2963.1593710229718	2926.56663	-4139.000470901941	3102.3815399999994	-4414.312988410777	2450.27004	-2561.1954915856295	4550.105984999999	-3331.956397608501
2025-01-12 09:20:00	4143.96234	-2967.268455911396	2926.56663	-4145.166536077739	3102.3815399999994	-4410.323292531509	2450.27004	-2571.8628695474354	4550.105984999999	-3339.9699541731316
2025-01-12 09:30:00	4143.96234	-2963.5161348817237	2926.56663	-4160.26491384231	3102.3815399999994	-4421.669447129304	2450.27004	-2584.7572158653356	4550.105984999999	-3349.3145791354355
2025-01-12 09:40:00	4143.96234	-2955.455590292324	2926.56663	-4169.123632834261	3102.3815399999994	-4430.360986937051	2450.27004	-2590.971829516666	4550.105984999999	-3355.7017913295467
2025-01-12 09:50:00	4143.96234	-2956.229433861661	2926.56663	-4172.623872617765	3102.3815399999994	-4435.761196355511	2450.27004	-2601.4436892475287	4550.105984999999	-3348.8999162825694
2025-01-12 10:00:00	9768.2186	-2916.878175046815	6898.5527	-4115.963454707258	7312.986599999999	-4388.503171255979	5775.818266666666	-2580.070944747741	10725.587316666666	-3303.6087545568753
2025-01-12 10:10:00	9768.2186	-2907.1498691390225	6898.5527	-4114.40591137798	7312.986599999999	-4376.316070533312	5775.818266666666	-2580.9181074886465	10725.587316666666	-3297.8515758977264
2025-01-12 10:20:00	9768.2186	-2904.1383093936765	6898.5527	-4117.397438117545	7312.986599999999	-4368.782010020725	5775.818266666666	-2587.238361203262	10725.587316666666	-3292.6630021549736
2025-01-12 10:30:00	9768.2186	-2902.519809072004	6898.5527	-4107.019530970118	7312.986599999999	-4360.3821933580075	5775.818266666666	-2588.594639736578	10725.587316666666	-3289.129873255957
2025-01-12 10:40:00	9768.2186	-2900.4385210467244	6898.5527	-4113.760103127943	7312.986599999999	-4356.860081096585	5775.818266666666	-2589.371266019595	10725.587316666666	-3285.816251634071
2025-01-12 10:50:00	9768.2186	-2897.65008172488	6898.5527	-4116.641869767782	7312.986599999999	-4353.488677157573	5775.818266666666	-2592.646947084765	10725.587316666666	-3290.826306452609
2025-01-12 11:00:00	10086.65392	-2858.694559489635	7123.43944	-4049.7178494616564	7551.383519999999	-4285.020403733923	5964.104853333333	-2562.4542965192495	11075.232013333332	-3244.492688467244
2025-01-12 11:10:00	10086.65392	-2861.04837275327	7123.43944	-4043.026705275952	7551.383519999999	-4273.4801322460935	5964.104853333333	-2562.614697611517	11075.232013333332	-3239.747685008264
2025-01-12 11:20:00	10086.65392	-2860.179959211324	7123.43944	-4040.8096451117126	7551.383519999999	-4267.173009461476	5964.104853333333	-2556.8585016269453	11075.232013333332	-3239.8207052249836
2025-01-12 11:30:00	10086.65392	-2857.4904627039596	7123.43944	-4027.415649304641	7551.383519999999	-4261.992395150974	5964.104853333333	-2550.7032617579307	11075.232013333332	-3240.890135347834
2025-01-12 11:40:00	10086.65392	-2855.9838332442305	7123.43944	-4016.5791995940126	7551.383519999999	-4256.3630183373425	5964.104853333333	-2550.4469360615303	11075.232013333332	-3235.0697074520267
2025-01-12 11:50:00	10086.65392	-2852.434419786139	7123.43944	-4015.0362524380052	7551.383519999999	-4245.485438913955	5964.104853333333	-2549.3236416714126	11075.232013333332	-3230.747462131545
2025-01-12 12:00:00	8726.849040000001	-2807.8392778117977	6163.11228	-3957.5120823698862	6533.36424	-4172.210804850872	5160.07024	-2505.800616814943	9582.154659999998	-3182.765152274109
2025-01-12 12:10:00	8726.849040000001	-2807.2567825206897	6163.11228	-3955.3235143879274	6533.36424	-4173.679036034747	5160.07024	-2504.833511354368	9582.154659999998	-3178.2932754640315
2025-01-12 12:20:00	8726.849040000001	-2810.513704677571	6163.11228	-3953.324770639775	6533.36424	-4170.650278677483	5160.07024	-2499.2178003052995	9582.154659999998	-3174.4460027451023
2025-01-12 12:30:00	8726.849040000001	-2815.230657370783	6163.11228	-3958.320731738838	6533.36424	-4165.519131477514	5160.07024	-2498.9349941528553	9582.154659999998	-3170.8611419400786
2025-01-12 12:40:00	8726.849040000001	-2818.4444827462758	6163.11228	-3968.0468984459158	6533.36424	-4163.903851395121	5160.07024	-2492.8345830778444	9582.154659999998	-3166.376611695361
2025-01-12 12:50:00	8726.849040000001	-2824.582981566533	6163.11228	-3972.7591734797033	6533.36424	-4159.897623090571	5160.07024	-2486.993522332894	9582.154659999998	-3161.0945434115893
2025-01-12 13:00:00	11041.95988	-2754.6558406214735	7798.099660000001	-3893.703932337099	8266.57428	-4055.2084052805767	6528.964613333334	-2428.9484841374915	12124.166103333333	-3092.021694478648
2025-01-12 13:10:00	11041.95988	-2756.4879164025187	7798.099660000001	-3891.4728304328946	8266.57428	-4057.505723747392	6528.964613333334	-2427.436150266848	12124.166103333333	-3091.7929520859598
2025-01-12 13:20:00	11041.95988	-2754.410069323878	7798.099660000001	-3885.6638038278597	8266.57428	-4059.839320634248	6528.964613333334	-2424.7320845008044	12124.166103333333	-3089.774118740739
2025-01-12 13:30:00	11041.95988	-2757.793522098151	7798.099660000001	-3881.272571000891	8266.57428	-4062.429631237357	6528.964613333334	-2421.477264620332	12124.166103333333	-3089.316534211366
2025-01-12 13:40:00	11041.95988	-2756.5330341715235	7798.099660000001	-3881.380404982521	8266.57428	-4057.5540343299945	6528.964613333334	-2418.4129477036704	12124.166103333333	-3089.9487810296323
2025-01-12 13:50:00	11041.95988	-2756.311614776394	7798.099660000001	-3881.3814971467327	8266.57428	-4060.129401263888	6528.964613333334	-2416.940828046897	12124.166103333333	-3086.512944258673
2025-01-12 14:00:00	11756.287760000001	-2688.6707598140765	8302.57532	-3789.0914377998342	8801.35656	-3964.607398573993	6951.337226666667	-2356.1049474994134	12908.504206666667	-3009.399069539306
2025-01-12 14:10:00	11756.287760000001	-2689.120087854222	8302.57532	-3788.9105269312113	8801.35656	-3969.838238749511	6951.337226666667	-2356.0476304747235	12908.504206666667	-3012.037433464373
2025-01-12 14:20:00	11756.287760000001	-2692.145158707326	8302.57532	-3779.9538255371062	8801.35656	-3983.607490170096	6951.337226666667	-2353.8393506181865	12908.504206666667	-3012.5217856576874
2025-01-12 14:30:00	11756.287760000001	-2692.50295330478	8302.57532	-3774.2119593286807	8801.35656	-3997.8267702097564	6951.337226666667	-2351.9507595769655	12908.504206666667	-3020.969381532743
2025-01-12 14:40:00	11756.287760000001	-2691.2390942616985	8302.57532	-3769.1598066157094	8801.35656	-4002.4728116637925	6951.337226666667	-2351.3945174429855	12908.504206666667	-3023.309785621381
2025-01-12 14:50:00	11756.287760000001	-2696.2454812746582	8302.57532	-3771.4376208392405	8801.35656	-4004.9165340081745	6951.337226666667	-2348.188078686365	12908.504206666667	-3031.1996748962556
2025-01-12 15:00:00	4835.913683999999	-2702.0974538768023	3415.239438	-3786.1288765211116	3620.4116039999994	-4016.8937916597715	2859.4117039999996	-2350.190880575439	5309.874460999999	-3037.230517834162
2025-01-12 15:10:00	4835.913683999999	-2707.2186855091595	3415.239438	-3788.3510667844007	3620.4116039999994	-4024.061980205196	2859.4117039999996	-2348.720284768582	5309.874460999999	-3043.9550606579933
2025-01-12 15:20:00	4835.913683999999	-2707.1255527785333	3415.239438	-3782.0522574220045	3620.4116039999994	-4030.607348511835	2859.4117039999996	-2345.2707439723463	5309.874460999999	-3037.724063070448
2025-01-12 15:30:00	4835.913683999999	-2704.7561831878793	3415.239438	-3798.5606082673407	3620.4116039999994	-4047.1701281821443	2859.4117039999996	-2345.8937036133875	5309.874460999999	-3036.2186784071573
2025-01-12 15:40:00	4835.913683999999	-2698.92088959013	3415.239438	-3796.494637171368	3620.4116039999994	-4061.156942448739	2859.4117039999996	-2350.3096738948734	5309.874460999999	-3034.154652281216
2025-01-12 15:50:00	4835.913683999999	-2696.3855370006995	3415.239438	-3796.9064692859406	3620.4116039999994	-4081.312180383611	2859.4117039999996	-2352.833029630805	5309.874460999999	-3031.373919138038
2025-01-12 16:00:00	1707.5018240000002	-2701.033196049667	1205.8791680000002	-3808.7612631813404	1278.322944	-4105.27087528948	1009.6232106666668	-2362.3937607668736	1874.8515626666667	-3037.7832248904006
2025-01-12 16:10:00	1707.5018240000002	-2705.02760374273	1205.8791680000002	-3807.2562742627747	1278.322944	-4115.300744553577	1009.6232106666668	-2364.1604952857256	1874.8515626666667	-3036.119345260414
2025-01-12 16:20:00	1707.5018240000002	-2714.5068607662142	1205.8791680000002	-3812.216219210021	1278.322944	-4119.321918378464	1009.6232106666668	-2366.3736275239194	1874.8515626666667	-3052.7771082347217
2025-01-12 16:30:00	1707.5018240000002	-2719.5425289431023	1205.8791680000002	-3820.6592947750373	1278.322944	-4121.811114117196	1009.6232106666668	-2368.408906253195	1874.8515626666667	-3068.0315670105965
2025-01-12 16:40:00	1707.5018240000002	-2720.0821673428827	1205.8791680000002	-3825.697185334066	1278.322944	-4129.490243130955	1009.6232106666668	-2367.4642162548175	1874.8515626666667	-3075.798777412697
2025-01-12 16:50:00	1707.5018240000002	-2724.1052503021374	1205.8791680000002	-3827.5664184276443	1278.322944	-4143.484688183362	1009.6232106666668	-2367.7681234031515	1874.8515626666667	-3081.246590272309
2025-01-12 17:00:00	572.5811308	-2734.687961926913	404.3706706	-3848.286762210078	428.66343479999995	-4158.426560920822	338.5596381333333	-2378.300927013958	628.6989640333333	-3095.645119090361
2025-01-12 17:10:00	572.5811308	-2732.494963197311	404.3706706	-3846.4916335809016	428.66343479999995	-4161.050352177613	338.5596381333333	-2377.5128081534135	628.6989640333333	-3090.287109467722
2025-01-12 17:20:00	572.5811308	-2731.0144909021406	404.3706706	-3851.3097774006305	428.66343479999995	-4159.967142262006	338.5596381333333	-2377.2096581659794	628.6989640333333	-3088.619481112705
2025-01-12 17:30:00	572.5811308	-2729.8241761286517	404.3706706	-3850.193217771853	428.66343479999995	-4156.531386495481	338.5596381333333	-2381.8244856247666	628.6989640333333	-3087.6873195424323
2025-01-12 17:40:00	572.5811308	-2730.6280419346117	404.3706706	-3843.1503339861297	428.66343479999995	-4153.929684161346	338.5596381333333	-2387.7177680849995	628.6989640333333	-3087.504456364304
2025-01-12 17:50:00	572.5811308	-2733.016689095146	404.3706706	-3840.44497274156	428.66343479999995	-4141.044477192198	338.5596381333333	-2393.675434349885	628.6989640333333	-3086.614245717815
2025-01-12 18:00:00	559.843718	-2762.699073413314	395.375201	-3878.273668183904	419.12755799999996	-4192.180706948542	331.02817466666664	-2420.578645455294	614.7131761666666	-3127.1086402734445
2025-01-12 18:10:00	559.843718	-2764.9113057082513	395.375201	-3874.652462426435	419.12755799999996	-4181.052752165428	331.02817466666664	-2416.0187404409917	614.7131761666666	-3125.099750341051
2025-01-12 18:20:00	559.843718	-2771.854549687428	395.375201	-3874.9493765807256	419.12755799999996	-4182.074769608871	331.02817466666664	-2411.9687438212095	614.7131761666666	-3125.6085629549143
2025-01-12 18:30:00	559.843718	-2774.450171371668	395.375201	-3880.8699999493683	419.12755799999996	-4186.744568719395	331.02817466666664	-2410.994511401065	614.7131761666666	-3125.4431951098304
2025-01-12 18:40:00	559.843718	-2776.429135374343	395.375201	-3889.256850118908	419.12755799999996	-4189.087646159565	331.02817466666664	-2410.71747254784	614.7131761666666	-3124.9956159807252
2025-01-12 18:50:00	559.843718	-2778.2930141159986	395.375201	-3887.755672541374	419.12755799999996	-4185.018161440349	331.02817466666664	-2410.762028105193	614.7131761666666	-3124.9779608112685
2025-01-12 19:00:00	611.1376236000001	-2797.44024830361	431.6002002000001	-3920.886517916981	457.52879160000003	-4214.069533859345	361.35758160000006	-2432.828963574882	671.0343219	-3150.320639037058
2025-01-12 19:10:00	611.1376236000001	-2791.3374854189324	431.6002002000001	-3925.2660643840277	457.52879160000003	-4203.3362527578465	361.35758160000006	-2427.326642564826	671.0343219	-3153.7012885381537
2025-01-12 19:20:00	611.1376236000001	-2788.1770684532116	431.6002002000001	-3924.0134679440393	457.52879160000003	-4197.406392672727	361.35758160000006	-2425.0284844298467	671.0343219	-3160.233773991541
2025-01-12 19:30:00	611.1376236000001	-2784.337532918821	431.6002002000001	-3921.089523996536	457.52879160000003	-4195.014888681186	361.35758160000006	-2423.89985627828	671.0343219	-3165.0101325323994
2025-01-12 19:40:00	611.1376236000001	-2778.064635933501	431.6002002000001	-3920.231105042872	457.52879160000003	-4193.426284557623	361.35758160000006	-2419.739710578985	671.0343219	-3167.7612807108007
2025-01-12 19:50:00	611.1376236000001	-2775.6559417797025	431.6002002000001	-3921.6312922737457	457.52879160000003	-4196.487892511679	361.35758160000006	-2420.6132911608793	671.0343219	-3169.8414100553246
2025-01-12 20:00:00	611.3958144000001	-2794.045344629221	431.78254080000005	-3947.918056770254	457.7220864	-4223.024895364495	361.5102464	-2438.1866202081055	671.3178176	-3189.1082598397743
2025-01-12 20:10:00	611.3958144000001	-2794.4888692733653	431.78254080000005	-3949.5769914015	457.7220864	-4223.98008414459	361.5102464	-2440.6398283835615	671.3178176	-3189.1950168623075
2025-01-12 20:20:00	611.3958144000001	-2802.6866567694733	431.78254080000005	-3957.0628219919536	457.7220864	-4225.029947638834	361.5102464	-2441.8578143068153	671.3178176	-3180.2418853766894
2025-01-12 20:30:00	611.3958144000001	-2807.3381911728425	431.78254080000005	-3957.86055109848	457.7220864	-4221.802773417387	361.5102464	-2440.490222297067	671.3178176	-3172.1418017089054
2025-01-12 20:40:00	611.3958144000001	-2811.031954340887	431.78254080000005	-3958.808998706895	457.7220864	-4220.849469072279	361.5102464	-2438.6390542463623	671.3178176	-3167.714849090403
2025-01-12 20:50:00	611.3958144000001	-2808.924368292791	431.78254080000005	-3965.8164428700356	457.7220864	-4223.467787226159	361.5102464	-2434.028135087735	671.3178176	-3162.038203271466
2025-01-12 21:00:00	555.6266016000001	-2816.9059971971683	392.39697120000005	-3989.8901039585303	415.97040960000004	-4245.49375908448	328.5346496	-2439.3225407576247	610.0827464	-3168.0834260159313
2025-01-12 21:10:00	555.6266016000001	-2810.0555793717626	392.39697120000005	-3989.4305811723666	415.97040960000004	-4249.860302170111	328.5346496	-2434.836672015421	610.0827464	-3160.2910021331577
2025-01-12 21:20:00	555.6266016000001	-2807.600207433186	392.39697120000005	-3995.8481201561394	415.97040960000004	-4245.763524634245	328.5346496	-2431.755223973858	610.0827464	-3156.577029035074
2025-01-12 21:30:00	555.6266016000001	-2806.074807670142	392.39697120000005	-3999.697054658764	415.97040960000004	-4244.359345411884	328.5346496	-2427.6175123046705	610.0827464	-3152.676121851
2025-01-12 21:40:00	555.6266016000001	-2806.046495024898	392.39697120000005	-3999.830856868523	415.97040960000004	-4247.29328170478	328.5346496	-2425.863972332997	610.0827464	-3144.4238392511934
2025-01-12 21:50:00	555.6266016000001	-2800.186229287257	392.39697120000005	-4005.0906706181163	415.97040960000004	-4252.08211833168	328.5346496	-2420.200392729629	610.0827464	-3135.1910299033034
2025-01-12 22:00:00	567.6755056000001	-2817.238621704454	400.9061992	-4021.363697504302	424.9908336	-4269.42493456987	335.65900693333333	-2437.8026923351517	623.3125457333333	-3156.1399586885836
2025-01-12 22:10:00	567.6755056000001	-2813.089206348168	400.9061992	-4005.879578383425	424.9908336	-4253.681472838821	335.65900693333333	-2433.6655776861435	623.3125457333333	-3150.136546333691
2025-01-12 22:20:00	567.6755056000001	-2809.731292994352	400.9061992	-3990.6826589760913	424.9908336	-4238.220820637953	335.65900693333333	-2431.996653668185	623.3125457333333	-3146.885479269274
2025-01-12 22:30:00	567.6755056000001	-2802.1320871613334	400.9061992	-3977.5383088900244	424.9908336	-4225.291357073223	335.65900693333333	-2427.4622671392603	623.3125457333333	-3141.154176158202
2025-01-12 22:40:00	567.6755056000001	-2795.6979075994786	400.9061992	-3959.252838459224	424.9908336	-4206.9553516350215	335.65900693333333	-2420.878564567383	623.3125457333333	-3134.952077528778
2025-01-12 22:50:00	567.6755056000001	-2788.9329361514465	400.9061992	-3945.076089078374	424.9908336	-4191.50185544414	335.65900693333333	-2417.1982437939946	623.3125457333333	-3125.369869772903
2025-01-12 23:00:00	582.9948264000001	-2805.4854977353075	411.7250748000001	-3961.7869113636625	436.4596584	-4211.213533065231	344.7171184	-2431.615633937966	640.1332906	-3148.9405360432474
2025-01-12 23:10:00	582.9948264000001	-2796.4734586251075	411.7250748000001	-3945.480983004629	436.4596584	-4193.790147656986	344.7171184	-2427.013119308773	640.1332906	-3142.7235315701273
2025-01-12 23:20:00	582.9948264000001	-2789.305338088673	411.7250748000001	-3928.611970872268	436.4596584	-4176.7662838237475	344.7171184	-2422.2442247620043	640.1332906	-3127.213167279817
2025-01-12 23:30:00	582.9948264000001	-2781.9586269985443	411.7250748000001	-3912.7300845587406	436.4596584	-4161.266007857365	344.7171184	-2417.0931760311873	640.1332906	-3116.5709641381654
2025-01-12 23:40:00	582.9948264000001	-2775.4697193343395	411.7250748000001	-3898.507219728218	436.4596584	-4145.890867000066	344.7171184	-2412.732050926655	640.1332906	-3107.8247086673828
2025-01-12 23:50:00	582.9948264000001	-2768.259184985518	411.7250748000001	-3883.9156032261626	436.4596584	-4131.654631612203	344.7171184	-2409.3870498367455	640.1332906	-3097.7292493420464
2025-01-13 00:00:00	561.0486084	-2773.3632292285715	396.22612380000004	-3886.7043640383945	420.02960040000005	-4134.05525099064	331.74061040000004	-2416.117316655971	616.0361561	-3103.4165309993255
2025-01-13 00:10:00	561.0486084	-2765.9979426666346	396.22612380000004	-3871.2140532422864	420.02960040000005	-4116.110598814309	331.74061040000004	-2410.04788715264	616.0361561	-3093.1052294134797
2025-01-13 00:20:00	561.0486084	-2758.0929696718413	396.22612380000004	-3857.1152919426395	420.02960040000005	-4102.20402575819	331.74061040000004	-2406.6018900475665	616.0361561	-3083.791891556523
2025-01-13 00:30:00	561.0486084	-2751.754354104845	396.22612380000004	-3842.2927629914448	420.02960040000005	-4088.1085742519344	331.74061040000004	-2402.596755374816	616.0361561	-3074.0694431785655
2025-01-13 00:40:00	561.0486084	-2744.4314085356286	396.22612380000004	-3827.9546197029467	420.02960040000005	-4074.041734586337	331.74061040000004	-2398.6044117080874	616.0361561	-3064.1165787468694
2025-01-13 00:50:00	561.0486084	-2737.1633137457084	396.22612380000004	-3812.509594193445	420.02960040000005	-4059.355992676101	331.74061040000004	-2391.7168999757723	616.0361561	-3053.1997608661527
2025-01-13 01:00:00	618.9694112	-2754.4071285448704	437.1311984	-3832.54839923545	463.3920672	-4081.0419046474326	365.9884138666667	-2407.5672031257213	679.6336914666666	-3070.9683551183834
2025-01-13 01:10:00	618.9694112	-2747.5586036071913	437.1311984	-3816.979808193029	463.3920672	-4064.398511169351	365.9884138666667	-2402.649396192884	679.6336914666666	-3060.847452378971
2025-01-13 01:20:00	618.9694112	-2739.297717829462	437.1311984	-3802.7534002879297	463.3920672	-4049.2644750007894	365.9884138666667	-2397.734228171936	679.6336914666666	-3052.1086659147422
2025-01-13 01:30:00	618.9694112	-2731.24616612058	437.1311984	-3788.5543905019526	463.3920672	-4033.733897741732	365.9884138666667	-2391.4646209009006	679.6336914666666	-3042.5768404534165
2025-01-13 01:40:00	618.9694112	-2724.0037629060134	437.1311984	-3775.106277162165	463.3920672	-4024.196453588289	365.9884138666667	-2387.9053762258854	679.6336914666666	-3031.5358513108313
2025-01-13 01:50:00	618.9694112	-2716.9998754883254	437.1311984	-3766.668216384121	463.3920672	-4018.0867041641004	365.9884138666667	-2382.95583305632	679.6336914666666	-3022.647082772686
2025-01-13 02:00:00	609.8466696	-2710.2375212825527	430.6884972000001	-3762.14719014152	456.56231760000003	-4014.240901269717	360.59425760000005	-2378.8449730261746	669.6168434	-3015.096759176923
2025-01-13 02:10:00	609.8466696	-2703.5165531622424	430.6884972000001	-3758.3957507719206	456.56231760000003	-4011.8477908987807	360.59425760000005	-2373.398751432993	669.6168434	-3005.612191771674
2025-01-13 02:20:00	609.8466696	-2696.7372073533675	430.6884972000001	-3755.9009926752997	456.56231760000003	-4009.8931492321217	360.59425760000005	-2367.6892195823916	669.6168434	-3000.688267773535
2025-01-13 02:30:00	609.8466696	-2689.69200795641	430.6884972000001	-3754.775863455726	456.56231760000003	-4008.628243729281	360.59425760000005	-2362.8227639339025	669.6168434	-2997.5468484291137
2025-01-13 02:40:00	609.8466696	-2685.8427519537095	430.6884972000001	-3754.1429921651834	456.56231760000003	-4008.1954270553733	360.59425760000005	-2357.8797769092985	669.6168434	-2995.6351612679628
2025-01-13 02:50:00	609.8466696	-2679.58362444277	430.6884972000001	-3753.5411399188642	456.56231760000003	-4007.509378315667	360.59425760000005	-2352.773859103922	669.6168434	-2994.155419737802
2025-01-13 03:00:00	566.5566788	-2676.4900399856906	400.11605660000004	-3752.4018103235694	424.1532228	-4006.2742390148796	334.99745946666667	-2349.167012312787	622.0840643666667	-2992.778020726145
2025-01-13 03:10:00	566.5566788	-2674.417518255847	400.11605660000004	-3751.754129120415	424.1532228	-4006.247375552025	334.99745946666667	-2347.1169152803886	622.0840643666667	-2991.999006227038
2025-01-13 03:20:00	566.5566788	-2673.263911687161	400.11605660000004	-3751.8562647889667	424.1532228	-4006.8096917455086	334.99745946666667	-2346.292063249456	622.0840643666667	-2991.8095807017366
2025-01-13 03:30:00	566.5566788	-2672.67165597534	400.11605660000004	-3751.634339266934	424.1532228	-4006.381850193865	334.99745946666667	-2344.9720764750627	622.0840643666667	-2991.7745028342642
2025-01-13 03:40:00	566.5566788	-2672.0020739679394	400.11605660000004	-3751.7955420860444	424.1532228	-4005.979707195049	334.99745946666667	-2344.4498538289336	622.0840643666667	-2991.479535926241
2025-01-13 03:50:00	566.5566788	-2671.4736752780977	400.11605660000004	-3751.547559106407	424.1532228	-4006.348335375701	334.99745946666667	-2343.5713879922687	622.0840643666667	-2991.1171832739765
2025-01-13 04:00:00	573.5278304	-2689.660147586611	405.0392528	-3778.4589017108137	429.37218239999993	-4034.573307884872	339.11940906666666	-2359.677330224393	629.7384482666665	-3012.438169560031
2025-01-13 04:10:00	573.5278304	-2689.3456657055676	405.0392528	-3777.99376126473	429.37218239999993	-4034.153770433973	339.11940906666666	-2359.8367936924546	629.7384482666665	-3012.4905564727756
2025-01-13 04:20:00	573.5278304	-2689.425494778787	405.0392528	-3777.2011533798086	429.37218239999993	-4033.741920732107	339.11940906666666	-2359.6229990456895	629.7384482666665	-3012.325113243479
2025-01-13 04:30:00	573.5278304	-2689.7247294129647	405.0392528	-3777.498757505923	429.37218239999993	-4033.342453704439	339.11940906666666	-2359.291879587164	629.7384482666665	-3012.0794334560205
2025-01-13 04:40:00	573.5278304	-2689.477291385223	405.0392528	-3777.753279537057	429.37218239999993	-4033.8562257747876	339.11940906666666	-2359.2955783020957	629.7384482666665	-3011.9465332724485
2025-01-13 04:50:00	573.5278304	-2689.395669020161	405.0392528	-3777.921868282585	429.37218239999993	-4033.992965840123	339.11940906666666	-2359.762962046681	629.7384482666665	-3012.4165960792643
2025-01-13 05:00:00	553.3028844	-2701.577684980648	390.7559058	-3794.924694695519	414.23075639999996	-4052.351028925321	327.1606664	-2370.131809243909	607.5312851	-3026.3355817628744
2025-01-13 05:10:00	553.3028844	-2701.178494470816	390.7559058	-3794.71078141462	414.23075639999996	-4051.734590327441	327.1606664	-2369.8729124763013	607.5312851	-3026.0861993951244
2025-01-13 05:20:00	553.3028844	-2701.1662020761473	390.7559058	-3794.568571798128	414.23075639999996	-4051.571710878442	327.1606664	-2369.4685440977682	607.5312851	-3026.181859714689
2025-01-13 05:30:00	553.3028844	-2701.2058354850355	390.7559058	-3794.416313270144	414.23075639999996	-4051.692180157498	327.1606664	-2369.8306185232445	607.5312851	-3026.0042806123483
2025-01-13 05:40:00	553.3028844	-2701.3634638591616	390.7559058	-3794.4829317410204	414.23075639999996	-4051.889350660749	327.1606664	-2370.1817086266233	607.5312851	-3026.272491754452
2025-01-13 05:50:00	553.3028844	-2701.3292136971168	390.7559058	-3794.6893064819496	414.23075639999996	-4051.741246912622	327.1606664	-2370.110300108729	607.5312851	-3026.1427936924256
2025-01-13 06:00:00	567.4173148000001	-2711.3801801709246	400.7238586	-3808.6603999603003	424.79753880000004	-4066.8214168513937	335.50634213333336	-2378.5284584281735	623.0290500333333	-3038.098408017775
2025-01-13 06:10:00	567.4173148000001	-2713.3995204530897	400.7238586	-3816.7465209504153	424.79753880000004	-4066.769425476817	335.50634213333336	-2382.00452803775	623.0290500333333	-3037.965535008557
2025-01-13 06:20:00	567.4173148000001	-2730.755930043265	400.7238586	-3852.4836341417786	424.79753880000004	-4096.4212224737075	335.50634213333336	-2397.615322684158	623.0290500333333	-3068.4992052420957
2025-01-13 06:30:00	567.4173148000001	-2751.3629034221703	400.7238586	-3883.028026401331	424.79753880000004	-4125.4059478191775	335.50634213333336	-2406.8905159299047	623.0290500333333	-3104.2539523375253
2025-01-13 06:40:00	567.4173148000001	-2763.6447915719673	400.7238586	-3912.0942038852118	424.79753880000004	-4146.394013010977	335.50634213333336	-2416.374840957468	623.0290500333333	-3125.5520431474824
2025-01-13 06:50:00	567.4173148000001	-2777.8493097463656	400.7238586	-3941.6918395417533	424.79753880000004	-4177.300880750619	335.50634213333336	-2432.4199509055934	623.0290500333333	-3139.2039482515193
2025-01-13 07:00:00	617.50633	-2802.727637616762	436.09793500000006	-3984.7563924278384	462.29673	-4220.151093305784	365.1233133333334	-2449.5102886896193	678.0272158333333	-3167.8025536986697
2025-01-13 07:10:00	617.50633	-2820.488663070479	436.09793500000006	-4011.426433243176	462.29673	-4246.023854100809	365.1233133333334	-2465.4436820309356	678.0272158333333	-3184.01920489627
2025-01-13 07:20:00	617.50633	-2842.62807477208	436.09793500000006	-4040.516523262698	462.29673	-4269.802695111467	365.1233133333334	-2480.889959778099	678.0272158333333	-3212.2446427242385
2025-01-13 07:30:00	617.50633	-2865.6511472053644	436.09793500000006	-4068.8120346639607	462.29673	-4301.682775208215	365.1233133333334	-2493.7687323919545	678.0272158333333	-3241.289625952377
2025-01-13 07:40:00	617.50633	-2881.080120704544	436.09793500000006	-4097.220739877778	462.29673	-4318.064129752324	365.1233133333334	-2508.0678904831148	678.0272158333333	-3256.8089905167835
2025-01-13 07:50:00	617.50633	-2877.74994959112	436.09793500000006	-4118.5746875819505	462.29673	-4330.122512215849	365.1233133333334	-2526.6963978395434	678.0272158333333	-3273.0206299159554
2025-01-13 08:00:00	1455.3354760000002	-2872.7725219557747	1027.7931820000001	-4125.605238467546	1089.538356	-4333.987469486003	860.5205893333334	-2534.3180639827096	1597.9707623333334	-3279.6977892270306
2025-01-13 08:10:00	1455.3354760000002	-2877.4509157343077	1027.7931820000001	-4134.0337650338315	1089.538356	-4356.828445941063	860.5205893333334	-2535.0979061362955	1597.9707623333334	-3297.478300376064
2025-01-13 08:20:00	1455.3354760000002	-2883.2825637445953	1027.7931820000001	-4144.292447377396	1089.538356	-4378.620510715406	860.5205893333334	-2534.381469826581	1597.9707623333334	-3297.3893080833504
2025-01-13 08:30:00	1455.3354760000002	-2870.9154514784427	1027.7931820000001	-4135.782540018929	1089.538356	-4393.268803419829	860.5205893333334	-2533.4545137386917	1597.9707623333334	-3275.069598026482
2025-01-13 08:40:00	1455.3354760000002	-2866.7100808990585	1027.7931820000001	-4127.871268685509	1089.538356	-4394.42193225524	860.5205893333334	-2527.354465441764	1597.9707623333334	-3268.8511533953006
2025-01-13 08:50:00	1455.3354760000002	-2858.3679453786913	1027.7931820000001	-4116.5649110905915	1089.538356	-4386.489537905058	860.5205893333334	-2521.563941883974	1597.9707623333334	-3253.5743575049955
2025-01-13 09:00:00	3899.5417160000006	-2792.465368650921	2753.9508620000006	-4024.4505733387696	2919.3957960000002	-4290.873913563611	2305.747362666667	-2469.846567892075	4281.730055666667	-3176.4229166268806
2025-01-13 09:10:00	3899.5417160000006	-2786.5612236085135	2753.9508620000006	-4007.0067286241574	2919.3957960000002	-4278.977900980595	2305.747362666667	-2466.979662697065	4281.730055666667	-3162.335772313507
2025-01-13 09:20:00	3899.5417160000006	-2779.74184511804	2753.9508620000006	-4000.9172929317847	2919.3957960000002	-4277.589049407572	2305.747362666667	-2463.0375256710536	4281.730055666667	-3156.074662417336
2025-01-13 09:30:00	3899.5417160000006	-2778.4827222410495	2753.9508620000006	-3996.755085466277	2919.3957960000002	-4277.353469773699	2305.747362666667	-2466.7522644288943	4281.730055666667	-3147.4594271310243
2025-01-13 09:40:00	3899.5417160000006	-2768.758222112776	2753.9508620000006	-3993.9176442785238	2919.3957960000002	-4276.981594465808	2305.747362666667	-2462.019697014001	4281.730055666667	-3139.5224485950466
2025-01-13 09:50:00	3899.5417160000006	-2762.567284074151	2753.9508620000006	-3975.772234348953	2919.3957960000002	-4269.152580502825	2305.747362666667	-2458.291032279702	4281.730055666667	-3125.5263371372066
2025-01-13 10:00:00	10439.51468	-2691.8392832767713	7372.638260000001	-3869.9110384537034	7815.55308	-4163.475048829013	6172.746746666667	-2397.41894031214	11462.676136666665	-3038.6150985447402
2025-01-13 10:10:00	10439.51468	-2684.2044777184656	7372.638260000001	-3855.87192692389	7815.55308	-4154.875784640531	6172.746746666667	-2396.81753192834	11462.676136666665	-3027.947268398859
2025-01-13 10:20:00	10439.51468	-2684.0425821993103	7372.638260000001	-3842.688005196618	7815.55308	-4161.304836693032	6172.746746666667	-2392.524601712523	11462.676136666665	-3024.5961304578577
2025-01-13 10:30:00	10439.51468	-2685.4895052357897	7372.638260000001	-3841.4312369212494	7815.55308	-4159.731857306687	6172.746746666667	-2389.516197653322	11462.676136666665	-3020.6503872196517
2025-01-13 10:40:00	10439.51468	-2684.407411587499	7372.638260000001	-3839.4790257578898	7815.55308	-4144.94873869276	6172.746746666667	-2390.4247706382994	11462.676136666665	-3014.773036840601
2025-01-13 10:50:00	10439.51468	-2686.4858796143108	7372.638260000001	-3833.036476874926	7815.55308	-4138.5570726993255	6172.746746666667	-2387.6250991979086	11462.676136666665	-3016.7812089406907
2025-01-13 11:00:00	33366.85772	-2609.755933675857	23564.48354	-3716.8144094740273	24980.13132	-4020.198810678172	19729.380986666667	-2319.841028853749	36637.09429666666	-2928.892087157081
2025-01-13 11:10:00	33366.85772	-2598.1286512039005	23564.48354	-3703.7635017951034	24980.13132	-3998.6109268005894	19729.380986666667	-2309.5954712279417	36637.09429666666	-2911.144560299712
2025-01-13 11:20:00	33366.85772	-2609.9662751134383	23564.48354	-3721.4709094101963	24980.13132	-4000.6806744077403	19729.380986666667	-2313.437661330947	36637.09429666666	-2927.766030258659
2025-01-13 11:30:00	33366.85772	-2619.937618451877	23564.48354	-3720.443206783748	24980.13132	-4007.3668280467027	19729.380986666667	-2318.9001468415045	36637.09429666666	-2944.0757657792274
2025-01-13 11:40:00	33366.85772	-2637.3056866228217	23564.48354	-3724.1372946797565	24980.13132	-4010.2040268437886	19729.380986666667	-2324.4121556300706	36637.09429666666	-2965.5745346861295
2025-01-13 11:50:00	33366.85772	-2651.6049699376235	23564.48354	-3731.7951640923384	24980.13132	-4017.437669396397	19729.380986666667	-2328.7754995508294	36637.09429666666	-2983.7401970819556
2025-01-13 12:00:00	9200.198840000001	-2634.0734182425585	6497.403380000001	-3693.1598246171525	6887.73804	-3980.6448463693705	5439.9557066666675	-2308.4519586079796	10101.896776666666	-2972.7105344456304
2025-01-13 12:10:00	9200.198840000001	-2665.613799718947	6497.403380000001	-3706.2252171368145	6887.73804	-3998.299098443649	5439.9557066666675	-2318.538773276272	10101.896776666666	-3003.4729803675345
2025-01-13 12:20:00	9200.198840000001	-2665.149566007911	6497.403380000001	-3695.9604345572006	6887.73804	-3996.4934562542476	5439.9557066666675	-2316.6714972186865	10101.896776666666	-3001.8797401896954
2025-01-13 12:30:00	9200.198840000001	-2663.7526004469146	6497.403380000001	-3687.863754796783	6887.73804	-3984.604605100343	5439.9557066666675	-2313.8594528836593	10101.896776666666	-3005.3704187418552
2025-01-13 12:40:00	9200.198840000001	-2663.859962587465	6497.403380000001	-3687.2752969060857	6887.73804	-3989.77364349685	5439.9557066666675	-2311.09227323049	10101.896776666666	-3008.9836932968556
2025-01-13 12:50:00	9200.198840000001	-2660.084083410984	6497.403380000001	-3686.5850727743964	6887.73804	-3982.7133375523863	5439.9557066666675	-2307.4615782914625	10101.896776666666	-3004.4427414115507
2025-01-13 13:00:00	9441.17692	-2670.9997494732543	6667.58794	-3703.8484795654067	7068.146519999999	-4000.4301511629055	5582.442853333333	-2316.8030703569893	10366.492763333332	-3023.256780328944
2025-01-13 13:10:00	9441.17692	-2672.2076052502634	6667.58794	-3697.5340606990694	7068.146519999999	-3991.3360749309213	5582.442853333333	-2314.2437840452094	10366.492763333332	-3022.3206924646584
2025-01-13 13:20:00	9441.17692	-2674.0059937809874	6667.58794	-3705.593088432396	7068.146519999999	-3990.5385809900763	5582.442853333333	-2314.037893714488	10366.492763333332	-3020.9626962108214
2025-01-13 13:30:00	9441.17692	-2669.430880622267	6667.58794	-3704.8482778460757	7068.146519999999	-3985.4055385590764	5582.442853333333	-2310.7560455203957	10366.492763333332	-3023.1663795755885
2025-01-13 13:40:00	9441.17692	-2666.812005471287	6667.58794	-3699.6766217987506	7068.146519999999	-3990.953664057988	5582.442853333333	-2311.2545258484024	10366.492763333332	-3024.4332992729196
2025-01-13 13:50:00	9441.17692	-2664.8923357815656	6667.58794	-3697.713517487319	7068.146519999999	-3998.6129914780304	5582.442853333333	-2310.8430181643553	10366.492763333332	-3024.7436949095318
2025-01-13 14:00:00	5079.473672	-2670.554759682973	3587.247404	-3696.4901211798033	3802.753032	-4004.023179767718	3003.425498666667	-2313.626536199417	5577.305404666667	-3023.868421419
2025-01-13 14:10:00	5079.473672	-2678.716750131118	3587.247404	-3693.76986234413	3802.753032	-4006.0104601364383	3003.425498666667	-2313.652685475899	5577.305404666667	-3023.863908516156
2025-01-13 14:20:00	5079.473672	-2675.9602541943104	3587.247404	-3691.691112107462	3802.753032	-3998.964692176364	3003.425498666667	-2308.927093713541	5577.305404666667	-3025.7763714664907
2025-01-13 14:30:00	5079.473672	-2665.5997642359043	3587.247404	-3693.485969205207	3802.753032	-3996.3118856828005	3003.425498666667	-2309.3353205217722	5577.305404666667	-3032.6591426212854
2025-01-13 14:40:00	5079.473672	-2663.504291524897	3587.247404	-3705.3846553808808	3802.753032	-3992.6511524231382	3003.425498666667	-2317.1870162995333	5577.305404666667	-3026.797184269257
2025-01-13 14:50:00	5079.473672	-2658.3731319863564	3587.247404	-3706.062917824236	3802.753032	-3990.385936757223	3003.425498666667	-2320.7789268052925	5577.305404666667	-3027.791905396509
2025-01-13 15:00:00	4396.128688	-2664.9199146099927	3104.652616	-3725.239106373934	3291.1661279999994	-4008.3350641058396	2599.3726613333333	-2332.6570919085934	4826.986785333333	-3034.903188171441
2025-01-13 15:10:00	4396.128688	-2666.3781010626453	3104.652616	-3731.496075366099	3291.1661279999994	-4006.7052836793328	2599.3726613333333	-2332.372019427521	4826.986785333333	-3037.7850562699123
2025-01-13 15:20:00	4396.128688	-2659.3785672695285	3104.652616	-3741.5717100923493	3291.1661279999994	-4005.094607500857	2599.3726613333333	-2332.8705314199397	4826.986785333333	-3032.511584524819
2025-01-13 15:30:00	4396.128688	-2653.947893084347	3104.652616	-3758.7876562344754	3291.1661279999994	-4003.804035868513	2599.3726613333333	-2332.6111277889904	4826.986785333333	-3037.282627226692
2025-01-13 15:40:00	4396.128688	-2659.936551024357	3104.652616	-3770.0174061925245	3291.1661279999994	-4008.758351631097	2599.3726613333333	-2327.984662055371	4826.986785333333	-3031.1330441752443
2025-01-13 15:50:00	4396.128688	-2671.637864319019	3104.652616	-3794.787209712421	3291.1661279999994	-4021.42380599003	2599.3726613333333	-2328.118522800177	4826.986785333333	-3041.4625631849603
2025-01-13 16:00:00	1329.68262	-2687.43117167542	939.05409	-3818.6257974786863	995.46822	-4030.1408796169244	786.22372	-2335.413368387061	1460.002855	-3051.258323796018
2025-01-13 16:10:00	1329.68262	-2695.562314067481	939.05409	-3843.091569956979	995.46822	-4032.070069951984	786.22372	-2338.0072290826647	1460.002855	-3054.8874153519864
2025-01-13 16:20:00	1329.68262	-2699.4174455086145	939.05409	-3865.9574114675547	995.46822	-4062.4564440010654	786.22372	-2341.839410575533	1460.002855	-3065.95663166992
2025-01-13 16:30:00	1329.68262	-2705.455893806806	939.05409	-3883.4114309311176	995.46822	-4078.551191366184	786.22372	-2347.4433535076755	1460.002855	-3073.7638925814126
2025-01-13 16:40:00	1329.68262	-2709.411753825586	939.05409	-3892.4738129577668	995.46822	-4088.6767620878336	786.22372	-2351.819221949442	1460.002855	-3077.852796880825
2025-01-13 16:50:00	1329.68262	-2718.1877058145874	939.05409	-3894.381926354585	995.46822	-4101.307753933356	786.22372	-2357.672334307078	1460.002855	-3086.4196872222874
2025-01-13 17:00:00	567.4173148000001	-2774.242017611109	400.7238586	-3952.50276156977	424.79753880000004	-4161.7400885226525	335.50634213333336	-2393.942434037599	623.0290500333333	-3131.102632522952
2025-01-13 17:10:00	567.4173148000001	-2785.9827186504363	400.7238586	-3954.796906356746	424.79753880000004	-4165.946183806991	335.50634213333336	-2403.2063542480046	623.0290500333333	-3138.038518765825
2025-01-13 17:20:00	567.4173148000001	-2790.0441310199312	400.7238586	-3960.1644717390373	424.79753880000004	-4174.152890363186	335.50634213333336	-2411.8413618917207	623.0290500333333	-3152.05710874723
2025-01-13 17:30:00	567.4173148000001	-2791.572167687176	400.7238586	-3967.0093623896673	424.79753880000004	-4182.888301643234	335.50634213333336	-2415.385260777142	623.0290500333333	-3149.7058672491316
2025-01-13 17:40:00	567.4173148000001	-2796.079781756604	400.7238586	-3971.3892141712167	424.79753880000004	-4192.235538469926	335.50634213333336	-2415.1851539110153	623.0290500333333	-3146.489188993026
2025-01-13 17:50:00	567.4173148000001	-2788.3306531022504	400.7238586	-3963.2884396890486	424.79753880000004	-4204.327771834758	335.50634213333336	-2414.081016162363	623.0290500333333	-3141.7313143675815
2025-01-13 18:00:00	561.3928628	-2772.484666018035	396.4692446	-3942.6099540756704	420.2873268	-4187.70818317746	331.9441634666667	-2404.0021120106694	616.4141503666666	-3118.116265457362
2025-01-13 18:10:00	561.3928628	-2769.121690207526	396.4692446	-3941.7178097645856	420.2873268	-4190.72929879835	331.9441634666667	-2405.7974346728347	616.4141503666666	-3120.3541489869185
2025-01-13 18:20:00	561.3928628	-2770.096988433829	396.4692446	-3936.57944169031	420.2873268	-4208.192849109065	331.9441634666667	-2421.693130804465	616.4141503666666	-3125.594276810878
2025-01-13 18:30:00	561.3928628	-2775.1520554815465	396.4692446	-3932.6844885753253	420.2873268	-4222.825814212345	331.9441634666667	-2431.242531186667	616.4141503666666	-3132.2157423450344
2025-01-13 18:40:00	561.3928628	-2770.7439179329263	396.4692446	-3935.177053954475	420.2873268	-4224.677545622024	331.9441634666667	-2439.892326093216	616.4141503666666	-3142.929746143758
2025-01-13 18:50:00	561.3928628	-2768.923673741142	396.4692446	-3932.7518988837837	420.2873268	-4225.4574135231815	331.9441634666667	-2452.0258600325405	616.4141503666666	-3147.3130795491506
2025-01-13 19:00:00	584.4579076	-2776.5252588881895	412.7583382	-3951.1167563431827	437.5549956	-4240.263854875047	345.58221893333337	-2464.3776447247246	641.7397662333333	-3167.8314700191017
2025-01-13 19:10:00	584.4579076	-2771.818068795492	412.7583382	-3948.8180328638573	437.5549956	-4248.503495719377	345.58221893333337	-2462.433776080291	641.7397662333333	-3167.1271140364206
2025-01-13 19:20:00	584.4579076	-2762.939460547058	412.7583382	-3954.1192166841165	437.5549956	-4234.292983874342	345.58221893333337	-2460.5977844070057	641.7397662333333	-3168.3605110542007
2025-01-13 19:30:00	584.4579076	-2762.2571916869692	412.7583382	-3958.672138460759	437.5549956	-4227.768157553768	345.58221893333337	-2456.111496983681	641.7397662333333	-3167.4647354536405
2025-01-13 19:40:00	584.4579076	-2764.0924109995563	412.7583382	-3960.333417358792	437.5549956	-4217.086157582773	345.58221893333337	-2452.2256240757706	641.7397662333333	-3168.2387709635955
2025-01-13 19:50:00	584.4579076	-2760.878195162873	412.7583382	-3968.523756247062	437.5549956	-4219.346956273057	345.58221893333337	-2450.9426127292345	641.7397662333333	-3169.122791228143
2025-01-13 20:00:00	613.20315	-2787.435354344274	433.05892500000004	-3998.405539855594	459.07515	-4231.525676143972	362.57890000000003	-2462.419704489587	673.3022875	-3188.042539135815
2025-01-13 20:10:00	613.20315	-2787.5632631066464	433.05892500000004	-4003.786087432727	459.07515	-4231.003283730053	362.57890000000003	-2456.4173728453165	673.3022875	-3188.77002922261
2025-01-13 20:20:00	613.20315	-2788.760756933153	433.05892500000004	-4007.827139715596	459.07515	-4234.805667422452	362.57890000000003	-2453.607590368885	673.3022875	-3187.107941745947
2025-01-13 20:30:00	613.20315	-2789.2998216662845	433.05892500000004	-4010.2050092376803	459.07515	-4236.55569631891	362.57890000000003	-2450.020316282649	673.3022875	-3188.205905660033
2025-01-13 20:40:00	613.20315	-2793.7399829362485	433.05892500000004	-4011.707086305214	459.07515	-4240.527123553831	362.57890000000003	-2453.034155343193	673.3022875	-3183.629036851891
2025-01-13 20:50:00	613.20315	-2793.0107180392342	433.05892500000004	-4008.148074280687	459.07515	-4242.022616618477	362.57890000000003	-2454.1208152088766	673.3022875	-3174.0808565403986
2025-01-13 21:00:00	565.2657247999999	-2804.9522321623954	399.2043536	-4028.7525810706584	423.1867487999999	-4270.85776831804	334.23413546666666	-2461.2561823313717	620.6665858666665	-3188.3134552018655
2025-01-13 21:10:00	565.2657247999999	-2800.02623286643	399.2043536	-4013.6772749097145	423.1867487999999	-4269.570431105673	334.23413546666666	-2459.6177383406584	620.6665858666665	-3177.5156802481006
2025-01-13 21:20:00	565.2657247999999	-2794.4641937277224	399.2043536	-4003.5149156519137	423.1867487999999	-4272.154368407175	334.23413546666666	-2456.1167560263775	620.6665858666665	-3169.136421333791
2025-01-13 21:30:00	565.2657247999999	-2788.993493849075	399.2043536	-3999.11891310201	423.1867487999999	-4261.026172252761	334.23413546666666	-2453.606768357159	620.6665858666665	-3166.1248567332887
2025-01-13 21:40:00	565.2657247999999	-2783.3351738549045	399.2043536	-3985.879501819315	423.1867487999999	-4247.126128009024	334.23413546666666	-2451.3805328571398	620.6665858666665	-3160.3105350805417
2025-01-13 21:50:00	565.2657247999999	-2776.1356949812402	399.2043536	-3974.4154167866272	423.1867487999999	-4237.445220785336	334.23413546666666	-2448.212325882573	620.6665858666665	-3155.0167961358784
2025-01-13 22:00:00	576.7982472000001	-2784.7033616156323	407.34890040000005	-3983.0594039730477	431.82058320000004	-4250.553719367694	341.05316320000003	-2458.314186573523	633.3293938	-3161.211791899737
2025-01-13 22:10:00	576.7982472000001	-2778.5768308809033	407.34890040000005	-3970.831037582596	431.82058320000004	-4236.932796375635	341.05316320000003	-2456.7491136730646	633.3293938	-3152.7302708070038
2025-01-13 22:20:00	576.7982472000001	-2773.938865887072	407.34890040000005	-3954.8551929067517	431.82058320000004	-4220.669966807776	341.05316320000003	-2453.6122390749088	633.3293938	-3147.234198124834
2025-01-13 22:30:00	576.7982472000001	-2769.1958981467965	407.34890040000005	-3941.056745697895	431.82058320000004	-4207.980873368262	341.05316320000003	-2449.0388419480014	633.3293938	-3139.4703772219273
2025-01-13 22:40:00	576.7982472000001	-2763.4190946781937	407.34890040000005	-3927.1938720994904	431.82058320000004	-4194.640786541029	341.05316320000003	-2443.7370431597615	633.3293938	-3130.7519787462843
2025-01-13 22:50:00	576.7982472000001	-2757.9308467552896	407.34890040000005	-3918.4784197973213	431.82058320000004	-4184.55969447023	341.05316320000003	-2440.295008592426	633.3293938	-3122.867500704494
2025-01-13 23:00:00	569.4828412	-2774.750815288129	402.18258340000006	-3934.4512748967654	426.3438972	-4204.010685936884	336.7276605333334	-2454.56561534141	625.2970156333333	-3140.105175615733
2025-01-13 23:10:00	569.4828412	-2768.6080592882963	402.18258340000006	-3918.6993875459575	426.3438972	-4193.6383130344675	336.7276605333334	-2449.6794403593885	625.2970156333333	-3141.1548020194623
2025-01-13 23:20:00	569.4828412	-2765.9186176069616	402.18258340000006	-3903.9412333917835	426.3438972	-4175.6512352486025	336.7276605333334	-2444.5165071630927	625.2970156333333	-3130.748021910934
2025-01-13 23:30:00	569.4828412	-2756.4435976886843	402.18258340000006	-3889.9558254513877	426.3438972	-4161.334778557688	336.7276605333334	-2439.875824085999	625.2970156333333	-3121.687799170877
2025-01-13 23:40:00	569.4828412	-2750.771552717256	402.18258340000006	-3877.3135789340395	426.3438972	-4149.078966975343	336.7276605333334	-2435.7058622871136	625.2970156333333	-3111.2531318377587
2025-01-13 23:50:00	569.4828412	-2744.775634070991	402.18258340000006	-3864.7335175282833	426.3438972	-4138.154495607001	336.7276605333334	-2433.7763764691517	625.2970156333333	-3102.7277474772386
2025-01-14 00:00:00	556.8314919999999	-2766.524336764059	393.247894	-3890.541536401115	416.87245199999995	-4160.063613874872	329.2470853333333	-2453.633437602248	611.4057263333332	-3125.7683705199197
2025-01-14 00:10:00	556.8314919999999	-2758.8392930542395	393.247894	-3874.5242959781317	416.87245199999995	-4142.722740978375	329.2470853333333	-2445.816018194175	611.4057263333332	-3113.061725069472
2025-01-14 00:20:00	556.8314919999999	-2751.3363222430453	393.247894	-3861.7808932481794	416.87245199999995	-4128.883589751138	329.2470853333333	-2436.1623878079745	611.4057263333332	-3103.6568547952866
2025-01-14 00:30:00	556.8314919999999	-2744.760463694821	393.247894	-3847.2778214402397	416.87245199999995	-4114.756919197382	329.2470853333333	-2429.6824398860817	611.4057263333332	-3095.0154916365755
2025-01-14 00:40:00	556.8314919999999	-2737.818863257963	393.247894	-3833.201756990152	416.87245199999995	-4099.393761358104	329.2470853333333	-2424.9048361544383	611.4057263333332	-3084.542277928794
2025-01-14 00:50:00	556.8314919999999	-2731.1657251906972	393.247894	-3818.194746963589	416.87245199999995	-4084.042094934063	329.2470853333333	-2418.998565818497	611.4057263333332	-3073.8962067003367
2025-01-14 01:00:00	583.9415260000001	-2750.913146070705	412.3936570000001	-3843.31445929802	437.168406	-4110.296567305126	345.2768893333334	-2439.3714208792753	641.1727748333334	-3094.6966321166246
2025-01-14 01:10:00	583.9415260000001	-2743.7260830623554	412.3936570000001	-3829.40039906036	437.168406	-4093.9956663970115	345.2768893333334	-2434.190295852979	641.1727748333334	-3084.8404537831057
2025-01-14 01:20:00	583.9415260000001	-2736.8272696174263	412.3936570000001	-3816.4322701249644	437.168406	-4079.1094028659736	345.2768893333334	-2428.9049717035423	641.1727748333334	-3074.9133742090944
2025-01-14 01:30:00	583.9415260000001	-2729.3965683096167	412.3936570000001	-3801.433749557486	437.168406	-4064.0839801966376	345.2768893333334	-2422.68202107418	641.1727748333334	-3066.4165330002456
2025-01-14 01:40:00	583.9415260000001	-2721.865106513981	412.3936570000001	-3788.6106471350035	437.168406	-4048.6272350687277	345.2768893333334	-2416.749168517991	641.1727748333334	-3055.0143784650204
2025-01-14 01:50:00	583.9415260000001	-2714.234127072218	412.3936570000001	-3781.479036694526	437.168406	-4039.5516399840417	345.2768893333334	-2412.811498258612	641.1727748333334	-3045.7304335331332
2025-01-14 02:00:00	590.4823596	-2702.9697034378687	417.01295220000003	-3768.190352746413	442.0652076	-4024.961145864743	349.14439760000005	-2402.5455060574236	648.3546659	-3030.4547696737773
2025-01-14 02:10:00	590.4823596	-2695.781546672566	417.01295220000003	-3765.0131626985067	442.0652076	-4021.2312252466686	349.14439760000005	-2398.2513211901855	648.3546659	-3021.645766203458
2025-01-14 02:20:00	590.4823596	-2689.3462872642067	417.01295220000003	-3762.6618423987056	442.0652076	-4018.2872755125213	349.14439760000005	-2392.9386870872872	648.3546659	-3011.6829074268935
2025-01-14 02:30:00	590.4823596	-2684.5887969751147	417.01295220000003	-3761.4470091679286	442.0652076	-4016.907365394261	349.14439760000005	-2387.906543702707	648.3546659	-3006.7103067686285
2025-01-14 02:40:00	590.4823596	-2681.6936056641916	417.01295220000003	-3760.657381430028	442.0652076	-4015.878101810968	349.14439760000005	-2383.3210534279756	648.3546659	-3003.6068275766584
2025-01-14 02:50:00	590.4823596	-2679.6690679303338	417.01295220000003	-3759.907842119397	442.0652076	-4015.1152514091004	349.14439760000005	-2377.990910486816	648.3546659	-3001.2092460562662
2025-01-14 03:00:00	572.1508128	-2725.4087431277785	404.0667696	-3826.020111636425	428.34127679999995	-4085.0907200332367	338.3051968	-2413.9256735587837	628.2264711999999	-3053.960869827324
2025-01-14 03:10:00	572.1508128	-2723.5077513625083	404.0667696	-3824.1311521077614	428.34127679999995	-4083.3672880440845	338.3051968	-2407.070187266482	628.2264711999999	-3051.481601355039
2025-01-14 03:20:00	572.1508128	-2722.8087052252104	404.0667696	-3824.485379448168	428.34127679999995	-4083.864580616574	338.3051968	-2402.7612929155403	628.2264711999999	-3050.9607593379405
2025-01-14 03:30:00	572.1508128	-2722.779401340719	404.0667696	-3824.7559655727955	428.34127679999995	-4083.972438168007	338.3051968	-2397.6225825586466	628.2264711999999	-3050.866339232268
2025-01-14 03:40:00	572.1508128	-2722.716648058379	404.0667696	-3824.381908722423	428.34127679999995	-4084.125562204	338.3051968	-2394.381980600975	628.2264711999999	-3050.8449399186693
2025-01-14 03:50:00	572.1508128	-2722.687063357646	404.0667696	-3823.6260626987987	428.34127679999995	-4083.7621526357534	338.3051968	-2391.8549272790456	628.2264711999999	-3050.594654192826
2025-01-14 04:00:00	562.5977532	-2748.0636465088737	397.3201674	-3860.631981856938	421.1893692	-4122.819568975423	332.6565992	-2413.612946985861	617.7371303	-3080.041157750734
2025-01-14 04:10:00	562.5977532	-2747.610460394837	397.3201674	-3860.126493412442	421.1893692	-4121.825491778831	332.6565992	-2412.601631265913	617.7371303	-3079.2998301993493
2025-01-14 04:20:00	562.5977532	-2747.6816120284884	397.3201674	-3860.048558474916	421.1893692	-4121.798660890639	332.6565992	-2411.7091354376666	617.7371303	-3079.0922792074643
2025-01-14 04:30:00	562.5977532	-2747.8558867613756	397.3201674	-3860.1213365214726	421.1893692	-4121.538340489469	332.6565992	-2411.1351156010496	617.7371303	-3079.152105649435
2025-01-14 04:40:00	562.5977532	-2747.6522260726533	397.3201674	-3860.137711704844	421.1893692	-4121.6590412078185	332.6565992	-2410.95076205046	617.7371303	-3078.7278937938013
2025-01-14 04:50:00	562.5977532	-2747.727914380951	397.3201674	-3860.266600066585	421.1893692	-4122.091622845654	332.6565992	-2411.5474127168814	617.7371303	-3078.8114414983647
2025-01-14 05:00:00	559.1552092000001	-2749.7314360749956	394.88895940000003	-3862.929078508282	418.61210520000003	-4125.333052951709	330.62106853333336	-2412.9738575116776	613.9571876333333	-3081.8402568868987
2025-01-14 05:10:00	559.1552092000001	-2749.6090030369082	394.88895940000003	-3863.0472467294994	418.61210520000003	-4125.230494295468	330.62106853333336	-2412.698235529934	613.9571876333333	-3081.1306741104736
2025-01-14 05:20:00	559.1552092000001	-2749.747135329353	394.88895940000003	-3862.603918343967	418.61210520000003	-4124.653101799729	330.62106853333336	-2412.436076361591	613.9571876333333	-3080.2787269015425
2025-01-14 05:30:00	559.1552092000001	-2749.629063926588	394.88895940000003	-3862.758533382974	418.61210520000003	-4124.811133113403	330.62106853333336	-2412.4653029896435	613.9571876333333	-3080.8433362675687
2025-01-14 05:40:00	559.1552092000001	-2749.743048897548	394.88895940000003	-3863.403420598568	418.61210520000003	-4125.185533976445	330.62106853333336	-2412.463667314566	613.9571876333333	-3081.5939939666023
2025-01-14 05:50:00	559.1552092000001	-2749.5644787404967	394.88895940000003	-3863.15211610844	418.61210520000003	-4124.730635836302	330.62106853333336	-2412.701769082809	613.9571876333333	-3080.8940739689087
2025-01-14 06:00:00	555.3684108	-2743.1075598144835	392.2146306	-3853.6896098157035	415.7771148	-4114.694861793739	328.3819848	-2406.338669993541	609.7992506999999	-3073.261884088994
2025-01-14 06:10:00	555.3684108	-2749.259381890918	392.2146306	-3853.9532831996717	415.7771148	-4115.907572609806	328.3819848	-2414.688449710229	609.7992506999999	-3072.860386496858
2025-01-14 06:20:00	555.3684108	-2771.483053364559	392.2146306	-3865.7545302056546	415.7771148	-4140.343983509646	328.3819848	-2431.0780507633744	609.7992506999999	-3099.155579231893
2025-01-14 06:30:00	555.3684108	-2792.396515934198	392.2146306	-3900.769624257218	415.7771148	-4169.298235883186	328.3819848	-2446.168715204274	609.7992506999999	-3116.5472269384095
2025-01-14 06:40:00	555.3684108	-2812.78319404597	392.2146306	-3931.958589023739	415.7771148	-4185.706348298643	328.3819848	-2457.8203417778186	609.7992506999999	-3136.725578755904
2025-01-14 06:50:00	555.3684108	-2831.8086483569987	392.2146306	-3962.2151124870356	415.7771148	-4201.98025274716	328.3819848	-2473.685556570318	609.7992506999999	-3152.726157844307
2025-01-14 07:00:00	588.2447060000001	-2837.4799146602736	415.43266700000004	-3974.281992501883	440.389986	-4200.454636111133	347.8213026666667	-2477.5174874608624	645.8977031666667	-3147.225337758535
2025-01-14 07:10:00	588.2447060000001	-2847.8015613269085	415.43266700000004	-4008.9646794252058	440.389986	-4224.8326829716925	347.8213026666667	-2491.9373728242317	645.8977031666667	-3164.830320199668
2025-01-14 07:20:00	588.2447060000001	-2855.8516713359572	415.43266700000004	-4043.1117895078623	440.389986	-4260.375420908332	347.8213026666667	-2509.236430569423	645.8977031666667	-3195.108548946963
2025-01-14 07:30:00	588.2447060000001	-2873.2557862219733	415.43266700000004	-4075.9878523914404	440.389986	-4296.565897876157	347.8213026666667	-2524.9670347120486	645.8977031666667	-3225.8266011315213
2025-01-14 07:40:00	588.2447060000001	-2883.0466082608586	415.43266700000004	-4102.759860411169	440.389986	-4326.48367457627	347.8213026666667	-2541.9115643526566	645.8977031666667	-3251.964960913171
2025-01-14 07:50:00	588.2447060000001	-2899.3807817082657	415.43266700000004	-4130.816322420862	440.389986	-4358.725409932683	347.8213026666667	-2554.587740604402	645.8977031666667	-3272.1343701571445
2025-01-14 08:00:00	1682.54338	-2892.4790334256904	1188.2529100000002	-4138.823216561069	1259.63778	-4361.823269734985	994.8656133333334	-2561.3058077926466	1847.4469783333334	-3280.477313428619
2025-01-14 08:10:00	1682.54338	-2881.452484182806	1188.2529100000002	-4148.584363702886	1259.63778	-4374.190592826029	994.8656133333334	-2572.4381935956417	1847.4469783333334	-3294.176082837751
2025-01-14 08:20:00	1682.54338	-2880.471264133116	1188.2529100000002	-4158.34984816983	1259.63778	-4390.347477015397	994.8656133333334	-2580.878349961752	1847.4469783333334	-3300.8818734928855
2025-01-14 08:30:00	1682.54338	-2874.297190352553	1188.2529100000002	-4157.935100415669	1259.63778	-4400.349286469547	994.8656133333334	-2581.8756947303223	1847.4469783333334	-3275.9588222703587
2025-01-14 08:40:00	1682.54338	-2875.3104168635136	1188.2529100000002	-4138.2477584425405	1259.63778	-4388.527352368223	994.8656133333334	-2578.892049215887	1847.4469783333334	-3263.730615423082
2025-01-14 08:50:00	1682.54338	-2870.7997158527487	1188.2529100000002	-4132.607398272251	1259.63778	-4374.72771219208	994.8656133333334	-2575.7628166919662	1847.4469783333334	-3250.3325533665147
2025-01-14 09:00:00	4353.096888	-2844.6970298089755	3074.2625160000002	-4080.7570167883814	3258.950328	-4323.172614293448	2573.9285280000004	-2550.401167746602	4779.737502	-3217.550653249844
2025-01-14 09:10:00	4353.096888	-2843.7445830470224	3074.2625160000002	-4080.4094355957395	3258.950328	-4314.267017425271	2573.9285280000004	-2542.4596099981095	4779.737502	-3209.8281212090096
2025-01-14 09:20:00	4353.096888	-2840.4782679708214	3074.2625160000002	-4090.1824402346447	3258.950328	-4295.751430669443	2573.9285280000004	-2545.1525232381423	4779.737502	-3214.3014010486713
2025-01-14 09:30:00	4353.096888	-2836.943524555705	3074.2625160000002	-4081.79883292883	3258.950328	-4300.620562776423	2573.9285280000004	-2539.724541633484	4779.737502	-3206.0980462732805
2025-01-14 09:40:00	4353.096888	-2838.354382614224	3074.2625160000002	-4079.411467191355	3258.950328	-4315.405461749999	2573.9285280000004	-2538.252789334168	4779.737502	-3195.8222287559847
2025-01-14 09:50:00	4353.096888	-2832.8837800418987	3074.2625160000002	-4074.5512027703007	3258.950328	-4316.44301222781	2573.9285280000004	-2532.433973928801	4779.737502	-3196.8322172046946
2025-01-14 10:00:00	8133.010200000001	-2793.262035651208	5743.728900000001	-4029.037894159248	6088.7862000000005	-4248.688560038789	4808.9412	-2499.4703151928197	8930.11455	-3148.754662827143
2025-01-14 10:10:00	8133.010200000001	-2786.9978395653334	5743.728900000001	-4030.4437876687807	6088.7862000000005	-4238.717133655115	4808.9412	-2495.1151683650687	8930.11455	-3139.7543796434275
2025-01-14 10:20:00	8133.010200000001	-2784.9095341697002	5743.728900000001	-4039.5868400505406	6088.7862000000005	-4240.410459205194	4808.9412	-2492.9265270216583	8930.11455	-3144.093390584969
2025-01-14 10:30:00	8133.010200000001	-2784.577207110394	5743.728900000001	-4038.8833368667674	6088.7862000000005	-4240.2084618059125	4808.9412	-2486.8518492407766	8930.11455	-3145.3440662827543
2025-01-14 10:40:00	8133.010200000001	-2778.3152525943706	5743.728900000001	-4030.6555409693883	6088.7862000000005	-4229.469812676056	4808.9412	-2481.843651456664	8930.11455	-3139.493300035281
2025-01-14 10:50:00	8133.010200000001	-2772.3129634866373	5743.728900000001	-4012.6500670148544	6088.7862000000005	-4218.107995248201	4808.9412	-2481.1641233489518	8930.11455	-3138.693898564781
2025-01-14 11:00:00	9139.95432	-2757.5516096906304	6454.85724	-3986.597916980464	6842.63592	-4185.360773234645	5404.33392	-2469.5764283915387	10035.74778	-3118.3852158438312
2025-01-14 11:10:00	9139.95432	-2756.9416080872816	6454.85724	-3969.251267099243	6842.63592	-4173.929568695986	5404.33392	-2464.728115031694	10035.74778	-3110.6959781226233
2025-01-14 11:20:00	9139.95432	-2752.7119379771466	6454.85724	-3961.2755620691723	6842.63592	-4162.612553228749	5404.33392	-2462.1886317291746	10035.74778	-3104.583158579342
2025-01-14 11:30:00	9139.95432	-2754.136775572497	6454.85724	-3946.2652770079812	6842.63592	-4160.654353031056	5404.33392	-2460.355155305655	10035.74778	-3099.4436114874825
2025-01-14 11:40:00	9139.95432	-2750.080869610958	6454.85724	-3931.888075176147	6842.63592	-4152.7235949555825	5404.33392	-2460.060041625102	10035.74778	-3095.937032346348
2025-01-14 11:50:00	9139.95432	-2745.599515728165	6454.85724	-3917.1230378819773	6842.63592	-4148.4071964940185	5404.33392	-2457.4070832456273	10035.74778	-3092.714620379724
2025-01-14 12:00:00	20018.393360000002	-2682.993168548135	14137.474520000002	-3823.6646612419972	14986.79016	-4057.3587842606357	11836.610826666667	-2403.053585880696	21980.366606666666	-3021.8768903094497
2025-01-14 12:10:00	20018.393360000002	-2674.556244836818	14137.474520000002	-3820.964259744931	14986.79016	-4062.8990292241106	11836.610826666667	-2398.1771099866637	21980.366606666666	-3009.0226618705383
2025-01-14 12:20:00	20018.393360000002	-2678.1358851511905	14137.474520000002	-3849.9599315738815	14986.79016	-4071.2474754958566	11836.610826666667	-2403.6957807026847	21980.366606666666	-3027.796609739431
2025-01-14 12:30:00	20018.393360000002	-2682.6357068955767	14137.474520000002	-3872.5581193064027	14986.79016	-4078.440640891531	11836.610826666667	-2403.5666088795697	21980.366606666666	-3026.1786602198117
2025-01-14 12:40:00	20018.393360000002	-2688.1892220819027	14137.474520000002	-3891.916017162279	14986.79016	-4081.480782123759	11836.610826666667	-2406.5810668131035	21980.366606666666	-3037.814604694733
2025-01-14 12:50:00	20018.393360000002	-2697.4089930045047	14137.474520000002	-3897.9246009663184	14986.79016	-4086.1822969688365	11836.610826666667	-2408.7820440848045	21980.366606666666	-3037.9547382472992
2025-01-14 13:00:00	24553.94508	-2629.6024108451384	17340.591060000002	-3782.0742456123007	18382.33548	-3970.2113103336997	14518.422480000001	-2338.284237644688	26960.441069999997	-2955.4126176713653
2025-01-14 13:10:00	24553.94508	-2632.539857787968	17340.591060000002	-3779.3360372380084	18382.33548	-3978.248727287155	14518.422480000001	-2341.1386186882864	26960.441069999997	-2962.4231363695944
2025-01-14 13:20:00	24553.94508	-2643.2270699774745	17340.591060000002	-3774.3925841390483	18382.33548	-3989.4135088718976	14518.422480000001	-2348.375731996168	26960.441069999997	-2969.094861965117
2025-01-14 13:30:00	24553.94508	-2649.5124880831972	17340.591060000002	-3771.8231338745645	18382.33548	-3995.6471168226853	14518.422480000001	-2344.751552876047	26960.441069999997	-2977.379819705926
2025-01-14 13:40:00	24553.94508	-2657.2573716866973	17340.591060000002	-3770.994498459597	18382.33548	-4000.1605928536956	14518.422480000001	-2351.074495853174	26960.441069999997	-2989.7632045360333
2025-01-14 13:50:00	24553.94508	-2663.5712658471493	17340.591060000002	-3774.45877169316	18382.33548	-3996.682913358134	14518.422480000001	-2350.0980842792687	26960.441069999997	-3000.399309613298
2025-01-14 14:00:00	25173.603000000003	-2653.485270522797	17778.2085	-3746.861176619361	18846.243000000002	-3965.182742336685	14884.818000000001	-2336.2243183612445	27640.83075	-2983.8807445799976
2025-01-14 14:10:00	25173.603000000003	-2662.0950444370937	17778.2085	-3740.241165170006	18846.243000000002	-3963.728686525057	14884.818000000001	-2336.999302647102	27640.83075	-2993.109176187427
2025-01-14 14:20:00	25173.603000000003	-2667.4194209125853	17778.2085	-3743.356386664178	18846.243000000002	-3971.288169433472	14884.818000000001	-2335.627290064178	27640.83075	-3007.44614785209
2025-01-14 14:30:00	25173.603000000003	-2676.038734480255	17778.2085	-3748.1850346727733	18846.243000000002	-3974.971766241477	14884.818000000001	-2335.4831110132545	27640.83075	-3019.497774593623
2025-01-14 14:40:00	25173.603000000003	-2680.7533803258557	17778.2085	-3747.901515266414	18846.243000000002	-3974.8470281160444	14884.818000000001	-2340.1462686900886	27640.83075	-3026.1536661078026
2025-01-14 14:50:00	25173.603000000003	-2687.250355846827	17778.2085	-3743.6986364398836	18846.243000000002	-3970.3468174416157	14884.818000000001	-2342.6775706616463	27640.83075	-3034.7706428313977
2025-01-14 15:00:00	13675.506040000002	-2665.786321258618	9657.973780000002	-3693.4020978215885	10238.181240000002	-3919.181372765446	8086.145573333334	-2311.4849383105366	15015.822243333334	-3008.923041082904
2025-01-14 15:10:00	13675.506040000002	-2687.186489465221	9657.973780000002	-3697.8572911365427	10238.181240000002	-3920.5074296047005	8086.145573333334	-2316.2003011898278	15015.822243333334	-3024.6055387371052
2025-01-14 15:20:00	13675.506040000002	-2686.2024253166273	9657.973780000002	-3692.7081962906814	10238.181240000002	-3917.143390486861	8086.145573333334	-2315.1384546041763	15015.822243333334	-3022.406294048451
2025-01-14 15:30:00	13675.506040000002	-2687.7797776666284	9657.973780000002	-3701.2299511993497	10238.181240000002	-3913.9710253885114	8086.145573333334	-2313.0299712266597	15015.822243333334	-3023.9510828046805
2025-01-14 15:40:00	13675.506040000002	-2688.643875200989	9657.973780000002	-3713.126091413267	10238.181240000002	-3922.5609356493405	8086.145573333334	-2310.9979032007095	15015.822243333334	-3024.8560205381036
2025-01-14 15:50:00	13675.506040000002	-2693.14912862046	9657.973780000002	-3718.3757821247145	10238.181240000002	-3926.2545416234425	8086.145573333334	-2309.524433308942	15015.822243333334	-3023.5473160591937
2025-01-14 16:00:00	1628.3233120000002	-2813.3135032348605	1149.9613840000002	-3900.0163384182615	1219.0458720000001	-4113.762703766819	962.8060053333335	-2411.473408398545	1787.9128813333334	-3164.808115069704
2025-01-14 16:10:00	1628.3233120000002	-2822.052648266457	1149.9613840000002	-3909.053359518991	1219.0458720000001	-4131.170730685867	962.8060053333335	-2411.7534306885846	1787.9128813333334	-3166.3539949057317
2025-01-14 16:20:00	1628.3233120000002	-2814.137219159555	1149.9613840000002	-3923.6480832147745	1219.0458720000001	-4134.655433579343	962.8060053333335	-2416.6326012107957	1787.9128813333334	-3155.0528938945613
2025-01-14 16:30:00	1628.3233120000002	-2809.040353318192	1149.9613840000002	-3936.8237748816173	1219.0458720000001	-4139.577576151746	962.8060053333335	-2425.3015117626883	1787.9128813333334	-3144.1664634949807
2025-01-14 16:40:00	1628.3233120000002	-2803.6925673302144	1149.9613840000002	-3946.1059642466043	1219.0458720000001	-4142.126749364466	962.8060053333335	-2436.0924369697423	1787.9128813333334	-3134.0691507507413
2025-01-14 16:50:00	1628.3233120000002	-2801.8127708910074	1149.9613840000002	-3950.8256245207476	1219.0458720000001	-4151.452569781201	962.8060053333335	-2447.7868694803688	1787.9128813333334	-3127.3094571780844
2025-01-14 17:00:00	577.6588832	-2828.712066370697	407.9567024	-4014.3081476454645	432.46489919999993	-4197.136102541932	341.56204586666667	-2483.871697366224	634.2743794666666	-3157.7910562504276
2025-01-14 17:10:00	577.6588832	-2825.367153408147	407.9567024	-4021.8540582764954	432.46489919999993	-4202.1853645759065	341.56204586666667	-2488.1301233426525	634.2743794666666	-3152.8753450809145
2025-01-14 17:20:00	577.6588832	-2826.299084555418	407.9567024	-4025.3334323841464	432.46489919999993	-4205.137706683323	341.56204586666667	-2491.7776669566456	634.2743794666666	-3149.4787527946532
2025-01-14 17:30:00	577.6588832	-2822.305651078666	407.9567024	-4031.92785682212	432.46489919999993	-4208.762620130514	341.56204586666667	-2496.3806377002675	634.2743794666666	-3149.973339130622
2025-01-14 17:40:00	577.6588832	-2829.763675940061	407.9567024	-4033.7803610899255	432.46489919999993	-4216.1860315874765	341.56204586666667	-2499.7266551391226	634.2743794666666	-3156.686372953056
2025-01-14 17:50:00	577.6588832	-2832.0145195452974	407.9567024	-4033.0926220517904	432.46489919999993	-4224.7730000662	341.56204586666667	-2499.4292331620145	634.2743794666666	-3164.61785874356
2025-01-14 18:00:00	578.0892012	-2831.6383586572492	408.26060340000004	-4042.7653581370414	432.7870572	-4233.832453040545	341.81648720000004	-2506.902721254589	634.7468723	-3188.6624274909227
2025-01-14 18:10:00	578.0892012	-2836.6562230074005	408.26060340000004	-4044.5485274672	432.7870572	-4240.776349629255	341.81648720000004	-2512.42215982937	634.7468723	-3183.118405299704
2025-01-14 18:20:00	578.0892012	-2844.098770605371	408.26060340000004	-4044.8349222184443	432.7870572	-4247.514100072519	341.81648720000004	-2512.430930607674	634.7468723	-3182.2864726581065
2025-01-14 18:30:00	578.0892012	-2852.285652877278	408.26060340000004	-4042.8671114391673	432.7870572	-4252.116357624338	341.81648720000004	-2518.9480045675673	634.7468723	-3189.600358489073
2025-01-14 18:40:00	578.0892012	-2861.461906862175	408.26060340000004	-4051.6690035426736	432.7870572	-4262.170720242845	341.81648720000004	-2511.6812686919366	634.7468723	-3193.6025349088513
2025-01-14 18:50:00	578.0892012	-2866.963879926884	408.26060340000004	-4049.427662111507	432.7870572	-4277.3207647890185	341.81648720000004	-2514.391392340027	634.7468723	-3199.602591372838
2025-01-14 19:00:00	569.5689048	-2902.256688171734	402.24336360000007	-4093.166858754778	426.4083288	-4330.457966270108	336.7785488	-2534.4494574036216	625.3915142	-3232.936465522831
2025-01-14 19:10:00	569.5689048	-2899.3563942414153	402.24336360000007	-4088.968015974248	426.4083288	-4328.9808569161805	336.7785488	-2540.0148429220462	625.3915142	-3232.7619968227445
2025-01-14 19:20:00	569.5689048	-2893.042195624303	402.24336360000007	-4090.133192661246	426.4083288	-4327.032441406136	336.7785488	-2551.5324430413393	625.3915142	-3233.0560027214037
2025-01-14 19:30:00	569.5689048	-2891.754183723644	402.24336360000007	-4089.285521643588	426.4083288	-4320.504712638386	336.7785488	-2546.0124191698806	625.3915142	-3233.177676046939
2025-01-14 19:40:00	569.5689048	-2895.456610735678	402.24336360000007	-4088.992960762876	426.4083288	-4318.670804022015	336.7785488	-2544.010765467379	625.3915142	-3225.242244640385
2025-01-14 19:50:00	569.5689048	-2893.3076657257575	402.24336360000007	-4096.406125657386	426.4083288	-4311.570844483979	336.7785488	-2541.924944540524	625.3915142	-3230.3049301260594
2025-01-14 20:00:00	610.8794328	-2877.234106654144	431.4178596	-4083.293545239544	457.33549679999993	-4278.974139715179	361.2049168	-2525.586052464387	670.7508261999999	-3220.273376369464
2025-01-14 20:10:00	610.8794328	-2878.7252631429146	431.4178596	-4084.1570529140254	457.33549679999993	-4275.414216526222	361.2049168	-2522.9593101820296	670.7508261999999	-3220.258609096559
2025-01-14 20:20:00	610.8794328	-2872.6668297196356	431.4178596	-4081.665338379952	457.33549679999993	-4275.672920562527	361.2049168	-2518.922234972204	670.7508261999999	-3219.9868904094365
2025-01-14 20:30:00	610.8794328	-2867.800937320977	431.4178596	-4085.689021119101	457.33549679999993	-4268.320995616639	361.2049168	-2516.7787499767132	670.7508261999999	-3226.632380953281
2025-01-14 20:40:00	610.8794328	-2861.477539206817	431.4178596	-4086.057881760107	457.33549679999993	-4271.614976557754	361.2049168	-2514.8249569555637	670.7508261999999	-3224.701584653353
2025-01-14 20:50:00	610.8794328	-2855.995276827489	431.4178596	-4084.978381183847	457.33549679999993	-4273.744969964639	361.2049168	-2510.3383811931576	670.7508261999999	-3225.0033983957574
2025-01-14 21:00:00	600.9821188000001	-2878.3910183416483	424.4281366	-4120.48949225147	449.9258628	-4317.760735222179	355.3527661333334	-2530.928102405507	659.8834910333333	-3253.507355381522
2025-01-14 21:10:00	600.9821188000001	-2871.3075708350616	424.4281366	-4124.14464935194	449.9258628	-4329.644064263525	355.3527661333334	-2524.5438101874247	659.8834910333333	-3264.3644405759887
2025-01-14 21:20:00	600.9821188000001	-2866.3335814785755	424.4281366	-4109.422697909084	449.9258628	-4344.38580451673	355.3527661333334	-2520.8461114295956	659.8834910333333	-3263.9122496489244
2025-01-14 21:30:00	600.9821188000001	-2860.582977905597	424.4281366	-4093.689937541312	449.9258628	-4350.226721869439	355.3527661333334	-2516.7361627977807	659.8834910333333	-3253.2500352276975
2025-01-14 21:40:00	600.9821188000001	-2853.133886628703	424.4281366	-4085.231934945839	449.9258628	-4351.63430469237	355.3527661333334	-2512.7127049689275	659.8834910333333	-3246.6983858242493
2025-01-14 21:50:00	600.9821188000001	-2846.9795236282744	424.4281366	-4071.300339996949	449.9258628	-4329.353380851133	355.3527661333334	-2508.274795942413	659.8834910333333	-3242.231055187566
2025-01-14 22:00:00	577.7449468000001	-2851.914703554736	408.01748260000005	-4078.686437641839	432.5293308	-4331.280947705572	341.61293413333334	-2515.9104179342908	634.3688780333333	-3244.739600135861
2025-01-14 22:10:00	577.7449468000001	-2847.7455599830355	408.01748260000005	-4067.9208314696716	432.5293308	-4314.574724962248	341.61293413333334	-2511.342878156939	634.3688780333333	-3235.953323406471
2025-01-14 22:20:00	577.7449468000001	-2843.2921199943985	408.01748260000005	-4051.755507433895	432.5293308	-4298.440429375452	341.61293413333334	-2506.7183587373756	634.3688780333333	-3227.5990824515193
2025-01-14 22:30:00	577.7449468000001	-2839.8707575632643	408.01748260000005	-4038.3986536162756	432.5293308	-4281.998679048758	341.61293413333334	-2501.747380332436	634.3688780333333	-3218.5065858670396
2025-01-14 22:40:00	577.7449468000001	-2835.3429910464947	408.01748260000005	-4025.9504847501603	432.5293308	-4264.5424638306695	341.61293413333334	-2497.7701779697345	634.3688780333333	-3208.444805792795
2025-01-14 22:50:00	577.7449468000001	-2828.0070614372185	408.01748260000005	-4014.200677100014	432.5293308	-4248.842180598302	341.61293413333334	-2494.9294869055184	634.3688780333333	-3200.2490826919156
2025-01-14 23:00:00	562.9420076000001	-2821.5221492903283	397.56328820000004	-4001.4242155617794	421.44709560000007	-4236.417038928503	332.8601522666667	-2495.849571350872	618.1151245666667	-3192.469624005772
2025-01-14 23:10:00	562.9420076000001	-2815.0728295746685	397.56328820000004	-3985.9099838251213	421.44709560000007	-4220.345895430699	332.8601522666667	-2492.5657653799954	618.1151245666667	-3182.5299086373734
2025-01-14 23:20:00	562.9420076000001	-2808.184843152555	397.56328820000004	-3968.690886938658	421.44709560000007	-4201.975096322116	332.8601522666667	-2484.929821235386	618.1151245666667	-3170.7161926476874
2025-01-14 23:30:00	562.9420076000001	-2800.816860628251	397.56328820000004	-3953.7567162161768	421.44709560000007	-4186.404783521795	332.8601522666667	-2480.0386550416006	618.1151245666667	-3159.3686525182593
2025-01-14 23:40:00	562.9420076000001	-2797.5532962863376	397.56328820000004	-3938.8244763929206	421.44709560000007	-4175.2540659267	332.8601522666667	-2474.976908072287	618.1151245666667	-3150.6660691497764
2025-01-14 23:50:00	562.9420076000001	-2790.244673423887	397.56328820000004	-3922.521471626357	421.44709560000007	-4156.289605415734	332.8601522666667	-2470.3518489388825	618.1151245666667	-3140.1301097893156
2025-01-15 00:00:00	567.5033784000001	-2802.643543618705	400.78463880000004	-3932.004128693504	424.8619704	-4169.528571580622	335.55723040000004	-2482.1340827040713	623.1235485999999	-3151.123828921476
2025-01-15 00:10:00	567.5033784000001	-2793.6404571996745	400.78463880000004	-3916.1246395218204	424.8619704	-4152.852971287314	335.55723040000004	-2475.809199730706	623.1235485999999	-3138.5774034127267
2025-01-15 00:20:00	567.5033784000001	-2785.2859925442854	400.78463880000004	-3901.8850444014206	424.8619704	-4137.441718039312	335.55723040000004	-2466.1221949033284	623.1235485999999	-3127.912340974851
2025-01-15 00:30:00	567.5033784000001	-2778.3800512746893	400.78463880000004	-3886.3906028332767	424.8619704	-4123.416899557485	335.55723040000004	-2460.319970383193	623.1235485999999	-3118.380298364281
2025-01-15 00:40:00	567.5033784000001	-2771.0731628326284	400.78463880000004	-3870.885288530356	424.8619704	-4106.942540663398	335.55723040000004	-2454.886028890134	623.1235485999999	-3107.7580042317163
2025-01-15 00:50:00	567.5033784000001	-2762.644042556404	400.78463880000004	-3855.650500331203	424.8619704	-4088.958205404262	335.55723040000004	-2448.2828717317198	623.1235485999999	-3096.3721644431766
2025-01-15 01:00:00	568.1058236	-2741.416351046125	401.2101002	-3820.3546913303217	425.3129916	-4052.6240478193386	335.91344826666665	-2430.8243435227205	623.7850385666666	-3068.943080748548
2025-01-15 01:10:00	568.1058236	-2735.1313980063487	401.2101002	-3806.6987556558797	425.3129916	-4039.653226337451	335.91344826666665	-2426.2607272557852	623.7850385666666	-3060.8576352574737
2025-01-15 01:20:00	568.1058236	-2728.3046285463165	401.2101002	-3791.905639047305	425.3129916	-4031.0794920549133	335.91344826666665	-2421.599651025335	623.7850385666666	-3051.774818283604
2025-01-15 01:30:00	568.1058236	-2721.191754427057	401.2101002	-3780.6617131702433	425.3129916	-4025.4938579316913	335.91344826666665	-2417.851783795181	623.7850385666666	-3041.6940586385244
2025-01-15 01:40:00	568.1058236	-2713.551495431448	401.2101002	-3773.613614040528	425.3129916	-4021.914304548609	335.91344826666665	-2410.427138397509	623.7850385666666	-3030.746923386575
2025-01-15 01:50:00	568.1058236	-2706.1041352564316	401.2101002	-3769.4443433589604	425.3129916	-4019.7568998288425	335.91344826666665	-2405.9105294331853	623.7850385666666	-3022.014895352864
2025-01-15 02:00:00	596.3346844000001	-2694.903188343753	421.14600580000007	-3761.893574392997	446.4465564	-4013.0830190966226	352.6047997333334	-2398.0126263875927	654.7805684333333	-3008.974008623005
2025-01-15 02:10:00	596.3346844000001	-2688.359596820029	421.14600580000007	-3759.6402848826256	446.4465564	-4012.131703238705	352.6047997333334	-2393.009687213418	654.7805684333333	-3003.983302577236
2025-01-15 02:20:00	596.3346844000001	-2683.4483017581824	421.14600580000007	-3757.773735423476	446.4465564	-4011.4551258577567	352.6047997333334	-2386.594230231957	654.7805684333333	-3000.6622554403484
2025-01-15 02:30:00	596.3346844000001	-2680.1078945618347	421.14600580000007	-3757.3520422161564	446.4465564	-4011.397353366393	352.6047997333334	-2381.4647639663176	654.7805684333333	-2998.621785130739
2025-01-15 02:40:00	596.3346844000001	-2678.0125177080117	421.14600580000007	-3757.167791791826	446.4465564	-4011.273928240593	352.6047997333334	-2377.2952225971576	654.7805684333333	-2997.5267378145572
2025-01-15 02:50:00	596.3346844000001	-2676.4390742348014	421.14600580000007	-3756.7373195507635	446.4465564	-4010.891832664418	352.6047997333334	-2372.4457211661384	654.7805684333333	-2996.519172338428
2025-01-15 03:00:00	597.4535112000001	-2681.1880937793712	421.93614840000004	-3764.3484154636017	447.2841672	-4019.120707419414	353.26634720000004	-2371.9882280565316	656.0090498000001	-3002.4212800118557
2025-01-15 03:10:00	597.4535112000001	-2680.768006094201	421.93614840000004	-3764.363283602691	447.2841672	-4019.513633638637	353.26634720000004	-2366.622683232209	656.0090498000001	-3001.771359441798
2025-01-15 03:20:00	597.4535112000001	-2680.8163778459466	421.93614840000004	-3764.4971050990016	447.2841672	-4019.6800261735057	353.26634720000004	-2362.5844804853173	656.0090498000001	-3001.779013817603
2025-01-15 03:30:00	597.4535112000001	-2680.367888536512	421.93614840000004	-3764.2580560341057	447.2841672	-4019.550066827233	353.26634720000004	-2358.4452917249528	656.0090498000001	-3001.787174369665
2025-01-15 03:40:00	597.4535112000001	-2679.9412179371693	421.93614840000004	-3764.0159944947764	447.2841672	-4019.3319554097548	353.26634720000004	-2355.8306511243954	656.0090498000001	-3001.6881897804137
2025-01-15 03:50:00	597.4535112000001	-2679.9890269621396	421.93614840000004	-3763.9436182847385	447.2841672	-4019.453445220744	353.26634720000004	-2353.740849256316	656.0090498000001	-3001.4784374089313
2025-01-15 04:00:00	556.1429832	-2680.5870495723893	392.76165240000006	-3765.3364668618783	416.3569992	-4020.9595811961017	328.8399792	-2353.7663741955193	610.6497378	-3002.2000279150216
2025-01-15 04:10:00	556.1429832	-2680.5340241661584	392.76165240000006	-3765.328785565042	416.3569992	-4020.6088489057774	328.8399792	-2353.156995818968	610.6497378	-3002.2521092322236
2025-01-15 04:20:00	556.1429832	-2680.6602479121907	392.76165240000006	-3765.4359592192127	416.3569992	-4020.2198542425804	328.8399792	-2352.511117048775	610.6497378	-3002.262648932409
2025-01-15 04:30:00	556.1429832	-2680.7473146188604	392.76165240000006	-3765.076350943518	416.3569992	-4020.0962731533236	328.8399792	-2352.166735079446	610.6497378	-3002.3250343768555
2025-01-15 04:40:00	556.1429832	-2680.4720205760464	392.76165240000006	-3765.023880035286	416.3569992	-4020.387690568393	328.8399792	-2351.870659645328	610.6497378	-3001.8308572478118
2025-01-15 04:50:00	556.1429832	-2680.74221883002	392.76165240000006	-3765.349397118052	416.3569992	-4020.8710051542303	328.8399792	-2352.1718206645864	610.6497378	-3002.255419213592
2025-01-15 05:00:00	561.7371172	-2696.160568676134	396.7123654	-3787.0432833652503	420.5450532	-4044.6335156208356	332.1477165333333	-2365.441923509172	616.7921446333332	-3020.2351484267338
2025-01-15 05:10:00	561.7371172	-2695.57975633831	396.7123654	-3786.697835633613	420.5450532	-4044.311392687145	332.1477165333333	-2365.417332064504	616.7921446333332	-3019.5587422896724
2025-01-15 05:20:00	561.7371172	-2695.597938391075	396.7123654	-3786.7926106645946	420.5450532	-4043.7500500787305	332.1477165333333	-2364.5253958836665	616.7921446333332	-3019.376272362576
2025-01-15 05:30:00	561.7371172	-2695.6605429351152	396.7123654	-3786.966544762052	420.5450532	-4043.472108800726	332.1477165333333	-2364.0694248699137	616.7921446333332	-3019.6845403012676
2025-01-15 05:40:00	561.7371172	-2695.8861737671814	396.7123654	-3786.9604243644844	420.5450532	-4043.7067771718434	332.1477165333333	-2364.9894722485606	616.7921446333332	-3020.075129155912
2025-01-15 05:50:00	561.7371172	-2695.9938097292365	396.7123654	-3786.9587975726836	420.5450532	-4043.196165229591	332.1477165333333	-2365.0337280852827	616.7921446333332	-3019.7695788978
2025-01-15 06:00:00	567.7615692	-2702.029353818226	400.9669794	-3795.6635043095002	425.0552652	-4053.215262221685	335.7098952	-2370.998527766743	623.4070442999999	-3026.9800530681955
2025-01-15 06:10:00	567.7615692	-2711.511184269817	400.9669794	-3804.292046412753	425.0552652	-4052.835803233093	335.7098952	-2382.033708836888	623.4070442999999	-3027.203213123884
2025-01-15 06:20:00	567.7615692	-2735.7480153556317	400.9669794	-3839.7839231750913	425.0552652	-4076.678985193444	335.7098952	-2399.1602987360397	623.4070442999999	-3047.3849515056304
2025-01-15 06:30:00	567.7615692	-2756.1331119932793	400.9669794	-3871.9038212948035	425.0552652	-4103.9266997054165	335.7098952	-2414.499446508928	623.4070442999999	-3061.8124635227
2025-01-15 06:40:00	567.7615692	-2773.4365883407245	400.9669794	-3903.8013756674536	425.0552652	-4129.83007162674	335.7098952	-2429.4104749912844	623.4070442999999	-3074.9332085136166
2025-01-15 06:50:00	567.7615692	-2791.8069807538095	400.9669794	-3933.0148417772916	425.0552652	-4153.988925247333	335.7098952	-2446.1400684825294	623.4070442999999	-3100.284489116816
2025-01-15 07:00:00	590.7405504	-2812.49834077405	417.1952928	-3968.646448929426	442.2585024	-4182.620578498783	349.2970624	-2463.955685137292	648.6381616	-3133.4243215761758
2025-01-15 07:10:00	590.7405504	-2824.3516002723636	417.1952928	-3999.85145764355	442.2585024	-4198.77956264243	349.2970624	-2482.6249782419254	648.6381616	-3150.235628107787
2025-01-15 07:20:00	590.7405504	-2847.65954773216	417.1952928	-4030.354844972855	442.2585024	-4226.378904560609	349.2970624	-2498.389036315052	648.6381616	-3179.914714526366
2025-01-15 07:30:00	590.7405504	-2866.033417477306	417.1952928	-4062.971285225093	442.2585024	-4250.339751354695	349.2970624	-2512.862647363392	648.6381616	-3204.0948122863215
2025-01-15 07:40:00	590.7405504	-2884.8838461303067	417.1952928	-4089.0409403359263	442.2585024	-4279.6286468159915	349.2970624	-2526.7239061088035	648.6381616	-3223.4354315186793
2025-01-15 07:50:00	590.7405504	-2896.793574623018	417.1952928	-4118.145456339998	442.2585024	-4303.15029154502	349.2970624	-2547.410694093279	648.6381616	-3229.67191397102
2025-01-15 08:00:00	1344.313432	-2889.2221791218662	949.3867240000001	-4117.808278981067	1006.4215919999999	-4301.804353046165	794.8747253333333	-2549.116554307928	1476.0676113333332	-3227.93513317917
2025-01-15 08:10:00	1344.313432	-2882.0105983945878	949.3867240000001	-4128.938825160966	1006.4215919999999	-4310.632028543354	794.8747253333333	-2556.7702632308437	1476.0676113333332	-3239.043615726771
2025-01-15 08:20:00	1344.313432	-2882.250008582675	949.3867240000001	-4126.017672403573	1006.4215919999999	-4323.552666875782	794.8747253333333	-2560.521556657166	1476.0676113333332	-3236.68708100137
2025-01-15 08:30:00	1344.313432	-2873.951714986043	949.3867240000001	-4106.153414808665	1006.4215919999999	-4317.433951382383	794.8747253333333	-2560.7221658337985	1476.0676113333332	-3222.6412740051223
2025-01-15 08:40:00	1344.313432	-2869.6531875805404	949.3867240000001	-4088.857136828552	1006.4215919999999	-4294.8197803764	794.8747253333333	-2552.131145341885	1476.0676113333332	-3222.3520886093834
2025-01-15 08:50:00	1344.313432	-2862.4389866926786	949.3867240000001	-4073.4220345886706	1006.4215919999999	-4275.047251646322	794.8747253333333	-2544.51112200257	1476.0676113333332	-3203.8166653940793
2025-01-15 09:00:00	4721.449096	-2842.005861508542	3334.401772	-4028.567719705965	3534.717576	-4231.938286146335	2791.7303093333335	-2526.8596609712235	5184.191367333333	-3176.9156909616595
2025-01-15 09:10:00	4721.449096	-2838.0642792415674	3334.401772	-4023.2954468368926	3534.717576	-4228.890631853494	2791.7303093333335	-2521.5368703469535	5184.191367333333	-3163.608032366579
2025-01-15 09:20:00	4721.449096	-2839.5073331500635	3334.401772	-4025.7629113336134	3534.717576	-4234.964740101546	2791.7303093333335	-2516.708237741567	5184.191367333333	-3166.681936762996
2025-01-15 09:30:00	4721.449096	-2846.4072467922742	3334.401772	-4034.4819371618814	3534.717576	-4245.457269581615	2791.7303093333335	-2512.0046969889177	5184.191367333333	-3156.995119160494
2025-01-15 09:40:00	4721.449096	-2849.6633383327908	3334.401772	-4050.736805376022	3534.717576	-4252.561160728148	2791.7303093333335	-2507.1477152826224	5184.191367333333	-3146.298687675624
2025-01-15 09:50:00	4721.449096	-2842.1866483460526	3334.401772	-4060.323513091601	3534.717576	-4256.930995215549	2791.7303093333335	-2506.719466492152	5184.191367333333	-3135.3003472697237
2025-01-15 10:00:00	10060.834840000001	-2807.2013180096055	7105.205380000001	-4029.2906050933407	7532.054040000001	-4232.438438370164	5948.838373333334	-2485.257576180851	11046.882443333334	-3093.8373346143653
2025-01-15 10:10:00	10060.834840000001	-2795.537541325999	7105.205380000001	-4018.9869610517662	7532.054040000001	-4238.248352254655	5948.838373333334	-2478.256699648631	11046.882443333334	-3086.1131911206485
2025-01-15 10:20:00	10060.834840000001	-2790.5819753302967	7105.205380000001	-4009.829067433845	7532.054040000001	-4245.46605782221	5948.838373333334	-2476.920175451007	11046.882443333334	-3082.989561072589
2025-01-15 10:30:00	10060.834840000001	-2785.4062795581103	7105.205380000001	-3997.2818306235176	7532.054040000001	-4250.0810846889035	5948.838373333334	-2473.091239219246	11046.882443333334	-3078.8473893337923
2025-01-15 10:40:00	10060.834840000001	-2781.522740981438	7105.205380000001	-3991.834384948891	7532.054040000001	-4242.4908928096065	5948.838373333334	-2473.9965652778137	11046.882443333334	-3072.5422785894807
2025-01-15 10:50:00	10060.834840000001	-2780.7423232585497	7105.205380000001	-3984.948700784985	7532.054040000001	-4233.701109497666	5948.838373333334	-2473.9729325495136	11046.882443333334	-3068.606351840139
2025-01-15 11:00:00	11446.4588	-2762.9060456842653	8083.7666	-3969.408835055261	8569.4028	-4214.658122779811	6768.1394666666665	-2465.981522974268	12568.309366666665	-3054.5617551086343
2025-01-15 11:10:00	11446.4588	-2756.6113448967826	8083.7666	-3976.565430290324	8569.4028	-4208.991295392176	6768.1394666666665	-2461.3333536137243	12568.309366666665	-3047.76952259282
2025-01-15 11:20:00	11446.4588	-2752.6014523056965	8083.7666	-3963.377436763878	8569.4028	-4205.72678901019	6768.1394666666665	-2458.6189317429626	12568.309366666665	-3043.9941038392317
2025-01-15 11:30:00	11446.4588	-2751.8312761700636	8083.7666	-3956.6203924466045	8569.4028	-4191.7320296166945	6768.1394666666665	-2458.6636180689757	12568.309366666665	-3040.0671572161755
2025-01-15 11:40:00	11446.4588	-2746.785716770355	8083.7666	-3944.8779157282916	8569.4028	-4184.715702362975	6768.1394666666665	-2456.3511293869005	12568.309366666665	-3039.6398053183457
2025-01-15 11:50:00	11446.4588	-2744.577627251856	8083.7666	-3934.0544046771593	8569.4028	-4177.109622759588	6768.1394666666665	-2450.7993914680656	12568.309366666665	-3035.3469603959256
2025-01-15 12:00:00	28211.648080000003	-2627.7675335075764	19923.749560000004	-3761.5403922976293	21120.678480000002	-3998.1279084574235	16681.173813333335	-2346.645344937002	30976.63015333333	-2902.3661163869365
2025-01-15 12:10:00	28211.648080000003	-2618.40691639969	19923.749560000004	-3748.425186251825	21120.678480000002	-3984.696492746454	16681.173813333335	-2341.377255881969	30976.63015333333	-2891.3534355623815
2025-01-15 12:20:00	28211.648080000003	-2631.270763383178	19923.749560000004	-3756.6124901128023	21120.678480000002	-3990.952177248935	16681.173813333335	-2346.232858218111	30976.63015333333	-2908.322048964499
2025-01-15 12:30:00	28211.648080000003	-2637.4930227158984	19923.749560000004	-3760.618822994471	21120.678480000002	-3994.241015682692	16681.173813333335	-2348.264564098892	30976.63015333333	-2922.046560177452
2025-01-15 12:40:00	28211.648080000003	-2644.3407579254163	19923.749560000004	-3762.9074323039204	21120.678480000002	-3997.593182782024	16681.173813333335	-2350.549055249063	30976.63015333333	-2939.176998979481
2025-01-15 12:50:00	28211.648080000003	-2651.4696704445705	19923.749560000004	-3790.0972470379493	21120.678480000002	-4002.5066549005205	16681.173813333335	-2351.415351477288	30976.63015333333	-2952.529118555667
2025-01-15 13:00:00	28134.19084	-2604.3597025519775	19869.04738	-3721.338752951193	21062.690039999998	-3918.1225814885584	16635.374373333332	-2302.445009414143	30891.58144333333	-2904.259582256993
2025-01-15 13:10:00	28134.19084	-2617.481791496233	19869.04738	-3723.531127673188	21062.690039999998	-3925.4142243177666	16635.374373333332	-2305.8223069390588	30891.58144333333	-2922.6643532508606
2025-01-15 13:20:00	28134.19084	-2631.1994099089316	19869.04738	-3721.668462869653	21062.690039999998	-3932.3641150394833	16635.374373333332	-2307.8995450832554	30891.58144333333	-2937.2324361412175
2025-01-15 13:30:00	28134.19084	-2636.0939576644123	19869.04738	-3723.630990438578	21062.690039999998	-3937.642472553245	16635.374373333332	-2309.0174485644784	30891.58144333333	-2954.1962572068733
2025-01-15 13:40:00	28134.19084	-2644.0684103648164	19869.04738	-3724.434253081021	21062.690039999998	-3937.3840994685524	16635.374373333332	-2309.801983896774	30891.58144333333	-2972.9910728153045
2025-01-15 13:50:00	28134.19084	-2654.859659521233	19869.04738	-3723.788676709184	21062.690039999998	-3952.1795338332267	16635.374373333332	-2317.5835900481216	30891.58144333333	-2979.9378462989553
2025-01-15 14:00:00	23116.682960000002	-2624.8989257649264	16325.561720000002	-3670.9720814332923	17306.32776	-3890.8667420160637	13668.588426666667	-2284.747011026766	25382.315006666668	-2947.093084099466
2025-01-15 14:10:00	23116.682960000002	-2639.0241640012646	16325.561720000002	-3679.124032599493	17306.32776	-3912.4001062024763	13668.588426666667	-2287.64944467478	25382.315006666668	-2965.3763688948893
2025-01-15 14:20:00	23116.682960000002	-2645.794137913639	16325.561720000002	-3675.5531170441445	17306.32776	-3920.962135754118	13668.588426666667	-2287.840035804411	25382.315006666668	-2972.340196767029
2025-01-15 14:30:00	23116.682960000002	-2652.5977788339296	16325.561720000002	-3670.8916251232786	17306.32776	-3926.7438609893798	13668.588426666667	-2292.3211062224655	25382.315006666668	-2980.1910391874662
2025-01-15 14:40:00	23116.682960000002	-2659.5642775761007	16325.561720000002	-3682.7230200302165	17306.32776	-3926.3842722773334	13668.588426666667	-2295.193629200883	25382.315006666668	-2990.9668223358967
2025-01-15 14:50:00	23116.682960000002	-2663.848249221959	16325.561720000002	-3679.816808536596	17306.32776	-3926.5717474174126	13668.588426666667	-2293.6039647647376	25382.315006666668	-2998.5575841844693
2025-01-15 15:00:00	11498.09696	-2763.477960541428	8120.23472	-3813.5951428990247	8608.06176	-4067.5321576282386	6798.672426666667	-2376.014490659969	12625.008506666665	-3113.713980872466
2025-01-15 15:10:00	11498.09696	-2772.4225068949527	8120.23472	-3806.216066513429	8608.06176	-4064.580940282647	6798.672426666667	-2376.775156813499	12625.008506666665	-3129.2805634809993
2025-01-15 15:20:00	11498.09696	-2769.5510050412686	8120.23472	-3795.823377744644	8608.06176	-4054.191735981167	6798.672426666667	-2373.6152796271017	12625.008506666665	-3129.913661352961
2025-01-15 15:30:00	11498.09696	-2768.694737277885	8120.23472	-3785.9300268488078	8608.06176	-4052.6301389856617	6798.672426666667	-2370.2233994530234	12625.008506666665	-3132.5894928050348
2025-01-15 15:40:00	11498.09696	-2769.645233352401	8120.23472	-3778.5490739415036	8608.06176	-4046.455196256795	6798.672426666667	-2367.22867758567	12625.008506666665	-3133.552093381708
2025-01-15 15:50:00	11498.09696	-2768.156841013564	8120.23472	-3778.836532010828	8608.06176	-4042.7386142418127	6798.672426666667	-2365.3691380361506	12625.008506666665	-3127.1502458709783
2025-01-15 16:00:00	1517.301268	-2893.954157580638	1071.554926	-3965.7898794760445	1135.929108	-4245.169482839314	897.1601413333333	-2479.2301935577643	1666.0097303333332	-3276.885925160661
2025-01-15 16:10:00	1517.301268	-2897.2398946486337	1071.554926	-3980.4372906131844	1135.929108	-4238.993518766133	897.1601413333333	-2485.6912114310026	1666.0097303333332	-3284.3761207051093
2025-01-15 16:20:00	1517.301268	-2890.250339887685	1071.554926	-3989.5041573430985	1135.929108	-4239.673126877993	897.1601413333333	-2487.953152107508	1666.0097303333332	-3275.5719500298947
2025-01-15 16:30:00	1517.301268	-2884.6843402662726	1071.554926	-4002.124453070073	1135.929108	-4242.737379812735	897.1601413333333	-2491.400380581616	1666.0097303333332	-3271.4810521267145
2025-01-15 16:40:00	1517.301268	-2874.185431368268	1071.554926	-4009.266940627834	1135.929108	-4251.687740086671	897.1601413333333	-2495.110506265721	1666.0097303333332	-3253.611773817912
2025-01-15 16:50:00	1517.301268	-2869.687250787848	1071.554926	-4033.824663562637	1135.929108	-4267.262383837852	897.1601413333333	-2500.477422914037	1666.0097303333332	-3247.670789927065
2025-01-15 17:00:00	579.8965368	-2957.1164197757334	409.53698760000003	-4178.670359555886	434.14012080000003	-4416.399174414892	342.88514080000004	-2580.7252750415773	636.7313422	-3337.9019703485637
2025-01-15 17:10:00	579.8965368	-2959.7416019205493	409.53698760000003	-4182.774907672105	434.14012080000003	-4427.542736398753	342.88514080000004	-2581.2498544070527	636.7313422	-3328.8707311580292
2025-01-15 17:20:00	579.8965368	-2959.403607938246	409.53698760000003	-4193.20743762627	434.14012080000003	-4439.147602361794	342.88514080000004	-2584.9792127510955	636.7313422	-3317.526532170039
2025-01-15 17:30:00	579.8965368	-2958.3495857835874	409.53698760000003	-4192.813899210997	434.14012080000003	-4433.528490930374	342.88514080000004	-2588.6817615372474	636.7313422	-3303.4088340996104
2025-01-15 17:40:00	579.8965368	-2965.1771588760184	409.53698760000003	-4198.831927934516	434.14012080000003	-4427.114553565565	342.88514080000004	-2594.817011073392	636.7313422	-3305.0695060085445
2025-01-15 17:50:00	579.8965368	-2970.9799652700726	409.53698760000003	-4209.686646367422	434.14012080000003	-4424.138453008227	342.88514080000004	-2601.394906175198	636.7313422	-3310.8240146309945
2025-01-15 18:00:00	571.4623039999999	-3018.404820615599	403.58052799999996	-4277.335640381514	427.82582399999995	-4489.256965150122	337.89809066666663	-2643.635385227276	627.4704826666665	-3370.01050852553
2025-01-15 18:10:00	571.4623039999999	-3028.114372645165	403.58052799999996	-4272.582898242104	427.82582399999995	-4485.925635761323	337.89809066666663	-2653.4977996844873	627.4704826666665	-3367.454590954182
2025-01-15 18:20:00	571.4623039999999	-3037.2003873072435	403.58052799999996	-4271.754004134145	427.82582399999995	-4506.496597069932	337.89809066666663	-2657.448274623973	627.4704826666665	-3373.1580935021702
2025-01-15 18:30:00	571.4623039999999	-3043.6683299034994	403.58052799999996	-4281.158076866961	427.82582399999995	-4520.240768529711	337.89809066666663	-2659.9117857628858	627.4704826666665	-3373.6878845713068
2025-01-15 18:40:00	571.4623039999999	-3047.6974204180806	403.58052799999996	-4284.771739008713	427.82582399999995	-4534.7083337660715	337.89809066666663	-2666.29813876167	627.4704826666665	-3367.3553569336336
2025-01-15 18:50:00	571.4623039999999	-3056.3261917426953	403.58052799999996	-4287.654561016314	427.82582399999995	-4537.956599596764	337.89809066666663	-2668.42305713277	627.4704826666665	-3376.9327798077506
2025-01-15 19:00:00	575.0769752	-3087.6184971107505	406.1332964	-4325.388452583738	430.5319512	-4570.284813838962	340.0353978666667	-2688.6671320533897	631.4394224666667	-3414.885899702896
2025-01-15 19:10:00	575.0769752	-3087.1644551132904	406.1332964	-4327.080534996421	430.5319512	-4557.97455148069	340.0353978666667	-2686.165327484478	631.4394224666667	-3414.947847210942
2025-01-15 19:20:00	575.0769752	-3089.8767706780973	406.1332964	-4334.1731724603005	430.5319512	-4557.07895900818	340.0353978666667	-2685.161709701413	631.4394224666667	-3415.830743755547
2025-01-15 19:30:00	575.0769752	-3094.5459360923023	406.1332964	-4335.976137930154	430.5319512	-4562.982846422594	340.0353978666667	-2689.751332764878	631.4394224666667	-3430.1476396661233
2025-01-15 19:40:00	575.0769752	-3097.603133319207	406.1332964	-4338.898895910527	430.5319512	-4571.946673738298	340.0353978666667	-2691.24195603535	631.4394224666667	-3436.7483786418434
2025-01-15 19:50:00	575.0769752	-3096.5962917400484	406.1332964	-4340.980492153699	430.5319512	-4577.124447506257	340.0353978666667	-2690.966630881337	631.4394224666667	-3452.4253867689295
2025-01-15 20:00:00	564.4050888	-3116.081552818572	398.59655160000005	-4367.174368626071	422.54243280000003	-4605.803348112239	333.7252528	-2710.529960553808	619.7216002	-3479.1051399372304
2025-01-15 20:10:00	564.4050888	-3119.801345981904	398.59655160000005	-4362.19704802496	422.54243280000003	-4619.58136423981	333.7252528	-2712.8919907185605	619.7216002	-3483.624546596078
2025-01-15 20:20:00	564.4050888	-3121.990384484133	398.59655160000005	-4365.834565222156	422.54243280000003	-4634.74359843363	333.7252528	-2712.646533112942	619.7216002	-3486.782628955822
2025-01-15 20:30:00	564.4050888	-3123.422430455478	398.59655160000005	-4358.957505074159	422.54243280000003	-4637.349450988863	333.7252528	-2711.528568006511	619.7216002	-3488.8169327236096
2025-01-15 20:40:00	564.4050888	-3124.570912585619	398.59655160000005	-4356.35227389524	422.54243280000003	-4639.582599161054	333.7252528	-2708.336405263276	619.7216002	-3490.463858659737
2025-01-15 20:50:00	564.4050888	-3113.485613037644	398.59655160000005	-4359.451621239765	422.54243280000003	-4641.939192522153	333.7252528	-2711.1803058249393	619.7216002	-3491.2802552075177
2025-01-15 21:00:00	611.1376236000001	-3117.5316531804674	431.6002002000001	-4383.23381169845	457.52879160000003	-4666.237390324099	361.35758160000006	-2722.5608617384996	671.0343219	-3513.7161134448406
2025-01-15 21:10:00	611.1376236000001	-3106.8015674322633	431.6002002000001	-4381.981994063341	457.52879160000003	-4670.499278474973	361.35758160000006	-2719.9408889248994	671.0343219	-3515.268029705874
2025-01-15 21:20:00	611.1376236000001	-3097.3467455939444	431.6002002000001	-4386.787891755399	457.52879160000003	-4668.987467003567	361.35758160000006	-2716.5187999447876	671.0343219	-3516.1668168850347
2025-01-15 21:30:00	611.1376236000001	-3087.3323617828055	431.6002002000001	-4389.503701743282	457.52879160000003	-4660.867438590073	361.35758160000006	-2709.656000417947	671.0343219	-3517.1809731631347
2025-01-15 21:40:00	611.1376236000001	-3077.2411922611236	431.6002002000001	-4391.443943490387	457.52879160000003	-4657.150284359312	361.35758160000006	-2701.371993384234	671.0343219	-3517.8642605032683
2025-01-15 21:50:00	611.1376236000001	-3068.337929488085	431.6002002000001	-4397.1983826345695	457.52879160000003	-4636.274005414403	361.35758160000006	-2693.9019076849113	671.0343219	-3522.051676147068
2025-01-15 22:00:00	595.129794	-3069.6211349721298	420.295083	-4404.895586154484	445.544514	-4631.887412215197	351.892364	-2694.3400811415277	653.4575884999999	-3533.021443553029
2025-01-15 22:10:00	595.129794	-3058.4474996342233	420.295083	-4396.0294501804465	445.544514	-4613.104869453062	351.892364	-2690.545221408558	653.4575884999999	-3515.6377146983396
2025-01-15 22:20:00	595.129794	-3048.886195225883	420.295083	-4374.800789512701	445.544514	-4593.470643488262	351.892364	-2686.093331367778	653.4575884999999	-3498.4319683818576
2025-01-15 22:30:00	595.129794	-3039.2577033369234	420.295083	-4354.431614426605	445.544514	-4579.517637612379	351.892364	-2680.191723560567	653.4575884999999	-3485.134955770428
2025-01-15 22:40:00	595.129794	-3029.2912292455667	420.295083	-4339.587111463716	445.544514	-4573.437792223216	351.892364	-2671.677813280041	653.4575884999999	-3470.0497979088295
2025-01-15 22:50:00	595.129794	-3017.855890302322	420.295083	-4315.769360038327	445.544514	-4553.933754117972	351.892364	-2665.3369400006477	653.4575884999999	-3456.897329880767
2025-01-15 23:00:00	561.3067992	-2985.520294139197	396.4084644	-4263.28244515549	420.2228952	-4498.1716491484585	331.8932752	-2638.1062330482364	616.3196518	-3415.483174002466
2025-01-15 23:10:00	561.3067992	-2976.177716280995	396.4084644	-4246.06672250681	420.2228952	-4483.255579177472	331.8932752	-2632.1240788302	616.3196518	-3402.183699448006
2025-01-15 23:20:00	561.3067992	-2966.1196575490358	396.4084644	-4226.901182481051	420.2228952	-4458.909870103775	331.8932752	-2624.0517565601685	616.3196518	-3389.343827558583
2025-01-15 23:30:00	561.3067992	-2956.991131967002	396.4084644	-4206.837430944601	420.2228952	-4439.436458467962	331.8932752	-2616.808750043956	616.3196518	-3375.969792477042
2025-01-15 23:40:00	561.3067992	-2947.9583066963205	396.4084644	-4186.489793039438	420.2228952	-4419.98044014484	331.8932752	-2610.765576780047	616.3196518	-3368.453421280604
2025-01-15 23:50:00	561.3067992	-2937.891175060914	396.4084644	-4167.490346977798	420.2228952	-4401.015882387555	331.8932752	-2604.544892313351	616.3196518	-3352.222262386444
2025-01-16 00:00:00	558.2945732000001	-2919.6769573690062	394.28115740000004	-4137.3330306671205	417.96778919999997	-4368.932342923054	330.11218586666666	-2590.6180999684534	613.0122019666667	-3329.142855634297
2025-01-16 00:10:00	558.2945732000001	-2910.169382734288	394.28115740000004	-4118.063447335732	417.96778919999997	-4347.816691452819	330.11218586666666	-2583.250017043179	613.0122019666667	-3314.972351995476
2025-01-16 00:20:00	558.2945732000001	-2900.4358625939676	394.28115740000004	-4099.101740871108	417.96778919999997	-4328.848962404493	330.11218586666666	-2577.394388177696	613.0122019666667	-3301.806629971302
2025-01-16 00:30:00	558.2945732000001	-2891.0324827230675	394.28115740000004	-4081.1184536747205	417.96778919999997	-4309.970190925248	330.11218586666666	-2570.664461658528	613.0122019666667	-3288.5138127911914
2025-01-16 00:40:00	558.2945732000001	-2881.12801341817	394.28115740000004	-4063.342215420791	417.96778919999997	-4290.979335821454	330.11218586666666	-2564.031432100715	613.0122019666667	-3276.2961392329134
2025-01-16 00:50:00	558.2945732000001	-2871.5253202192016	394.28115740000004	-4044.5606808366947	417.96778919999997	-4271.085967195438	330.11218586666666	-2555.6730137444247	613.0122019666667	-3262.228582664872
2025-01-16 01:00:00	551.3234216	-2856.279262066996	389.3579612	-4018.289344107392	412.74882959999997	-4251.646948097004	325.99023626666667	-2545.0536466419953	605.3578180666666	-3241.214229108258
2025-01-16 01:10:00	551.3234216	-2847.1797434259333	389.3579612	-4001.4180255151123	412.74882959999997	-4244.266872168306	325.99023626666667	-2539.2698969361463	605.3578180666666	-3229.7235570839703
2025-01-16 01:20:00	551.3234216	-2837.829472837464	389.3579612	-3986.8633478231786	412.74882959999997	-4238.771907502916	325.99023626666667	-2532.7561714883414	605.3578180666666	-3218.421472764706
2025-01-16 01:30:00	551.3234216	-2831.3247509327985	389.3579612	-3977.4395416007146	412.74882959999997	-4235.163718466939	325.99023626666667	-2526.6068385117305	605.3578180666666	-3206.918668222359
2025-01-16 01:40:00	551.3234216	-2826.8026113636606	389.3579612	-3971.5846087481686	412.74882959999997	-4233.114650043722	325.99023626666667	-2519.7213562336856	605.3578180666666	-3193.1889658517657
2025-01-16 01:50:00	551.3234216	-2823.7099669791123	389.3579612	-3968.285418357278	412.74882959999997	-4232.246760919705	325.99023626666667	-2513.518735089151	605.3578180666666	-3180.9877698715945
2025-01-16 02:00:00	552.2701212	-2845.8917197739174	390.02654340000004	-4000.1101623277345	413.4575772	-4267.688052352216	326.5500072	-2528.1129468547074	606.3973023	-3202.1559871452328
2025-01-16 02:10:00	552.2701212	-2844.7866074426547	390.02654340000004	-3997.2896317783025	413.4575772	-4266.084764890765	326.5500072	-2521.438430000168	606.3973023	-3197.1270888461004
2025-01-16 02:20:00	552.2701212	-2844.00270957265	390.02654340000004	-3995.558478834888	413.4575772	-4265.304461124143	326.5500072	-2513.559704718876	606.3973023	-3194.2583891299237
2025-01-16 02:30:00	552.2701212	-2843.4059832368066	390.02654340000004	-3995.026922372349	413.4575772	-4265.803233681774	326.5500072	-2507.0895546363013	606.3973023	-3192.5176487384533
2025-01-16 02:40:00	552.2701212	-2843.307074922942	390.02654340000004	-3994.730359322444	413.4575772	-4265.377996616562	326.5500072	-2504.785433332088	606.3973023	-3191.7371413024157
2025-01-16 02:50:00	552.2701212	-2842.959131470747	390.02654340000004	-3994.587979656866	413.4575772	-4264.840854209136	326.5500072	-2499.929112658933	606.3973023	-3190.397767628019
2025-01-16 03:00:00	554.249584	-2767.286796332359	391.424488	-3887.5826472011527	414.939504	-4150.5536680289315	327.72043733333334	-2431.429424859926	608.5707693333333	-3102.480315262056
2025-01-16 03:10:00	554.249584	-2768.5024438193	391.424488	-3889.113118335152	414.939504	-4152.731608227362	327.72043733333334	-2431.2251220992944	608.5707693333333	-3103.577111863619
2025-01-16 03:20:00	554.249584	-2768.392888912936	391.424488	-3889.2802180331087	414.939504	-4153.060735527012	327.72043733333334	-2430.696773060138	608.5707693333333	-3103.652257905644
2025-01-16 03:30:00	554.249584	-2768.207951825161	391.424488	-3889.320232871199	414.939504	-4153.16399451951	327.72043733333334	-2429.7562835027384	608.5707693333333	-3103.461239536647
2025-01-16 03:40:00	554.249584	-2768.052520088113	391.424488	-3889.01123261792	414.939504	-4152.677443415515	327.72043733333334	-2429.254824911349	608.5707693333333	-3103.4084052692815
2025-01-16 03:50:00	554.249584	-2767.904860023008	391.424488	-3888.3820759793275	414.939504	-4152.3634226716	327.72043733333334	-2428.8674051298076	608.5707693333333	-3103.123278031256
2025-01-16 04:00:00	592.117568	-2759.8561563230733	418.167776	-3876.9569856466287	443.289408	-4140.093207264353	350.11127466666665	-2421.955040730465	650.1501386666665	-3093.7122411529226
2025-01-16 04:10:00	592.117568	-2759.8828735313145	418.167776	-3877.389016899151	443.289408	-4140.37301733022	350.11127466666665	-2421.980137636835	650.1501386666665	-3094.000392026447
2025-01-16 04:20:00	592.117568	-2759.45120921579	418.167776	-3877.3467171796874	443.289408	-4140.274090034227	350.11127466666665	-2421.7082718955485	650.1501386666665	-3093.6484955078804
2025-01-16 04:30:00	592.117568	-2759.8014353075687	418.167776	-3877.311643336292	443.289408	-4140.504835291808	350.11127466666665	-2421.610372234076	650.1501386666665	-3093.4565858075894
2025-01-16 04:40:00	592.117568	-2759.7511897420013	418.167776	-3877.1506360728927	443.289408	-4140.375044288073	350.11127466666665	-2421.4594652683063	650.1501386666665	-3093.2780499252167
2025-01-16 04:50:00	592.117568	-2759.8971899368635	418.167776	-3877.9893761660906	443.289408	-4140.595698211019	350.11127466666665	-2421.837074768865	650.1501386666665	-3093.6624622902345
2025-01-16 05:00:00	602.6173272	-2730.151672795565	425.5829604	-3833.96725546539	451.1500632	-4095.1122309022962	356.3196432	-2395.2860256211925	661.6789637999999	-3058.960655157822
2025-01-16 05:10:00	602.6173272	-2730.4342099321434	425.5829604	-3834.7050058711184	451.1500632	-4095.3659795907174	356.3196432	-2395.661506657556	661.6789637999999	-3059.4439423380786
2025-01-16 05:20:00	602.6173272	-2730.333104189629	425.5829604	-3834.46752000152	451.1500632	-4094.9610232722866	356.3196432	-2394.8489907309277	661.6789637999999	-3059.193019795247
2025-01-16 05:30:00	602.6173272	-2730.0892029319607	425.5829604	-3834.260429790269	451.1500632	-4095.3985052534404	356.3196432	-2395.1452577992814	661.6789637999999	-3059.2721993695686
2025-01-16 05:40:00	602.6173272	-2730.122820163519	425.5829604	-3834.6041978834282	451.1500632	-4095.4982885810864	356.3196432	-2395.604261570359	661.6789637999999	-3059.518630093486
2025-01-16 05:50:00	602.6173272	-2730.1923891512965	425.5829604	-3834.9983496037294	451.1500632	-4095.2053960081544	356.3196432	-2395.4177397812505	661.6789637999999	-3059.289122105036
2025-01-16 06:00:00	566.1263608	-2729.918389289851	399.8121556000001	-3833.6336263758153	423.83106480000004	-4094.532939895778	334.74301813333335	-2397.7962151905335	621.6115715333334	-3058.7732836529494
2025-01-16 06:10:00	566.1263608	-2736.4329345301894	399.8121556000001	-3834.2079645082254	423.83106480000004	-4094.8535033817675	334.74301813333335	-2410.3817773617984	621.6115715333334	-3058.468938244423
2025-01-16 06:20:00	566.1263608	-2759.33569199775	399.8121556000001	-3856.2627988140225	423.83106480000004	-4128.40668573863	334.74301813333335	-2426.103998111307	621.6115715333334	-3079.5501003114105
2025-01-16 06:30:00	566.1263608	-2778.8934573168076	399.8121556000001	-3880.842402642417	423.83106480000004	-4156.628077728652	334.74301813333335	-2440.569468564409	621.6115715333334	-3100.26188284202
2025-01-16 06:40:00	566.1263608	-2798.1581259463023	399.8121556000001	-3902.7355655967217	423.83106480000004	-4175.764341209257	334.74301813333335	-2454.7964130934856	621.6115715333334	-3123.057676971148
2025-01-16 06:50:00	566.1263608	-2817.2144105471657	399.8121556000001	-3925.3081496302552	423.83106480000004	-4196.848591991808	334.74301813333335	-2468.1568656572344	621.6115715333334	-3145.8907609158086
2025-01-16 07:00:00	594.9576668	-2833.819107097212	420.1735226	-3945.84215883638	445.4156508	-4211.708348539247	351.7905874666667	-2480.4688304187207	653.2685913666666	-3169.203941119965
2025-01-16 07:10:00	594.9576668	-2852.1832099889534	420.1735226	-3974.899111544957	445.4156508	-4223.069334768874	351.7905874666667	-2496.1388290384207	653.2685913666666	-3195.3945789435375
2025-01-16 07:20:00	594.9576668	-2872.7913503609584	420.1735226	-4006.911318297207	445.4156508	-4250.281855151525	351.7905874666667	-2510.5718870837663	653.2685913666666	-3222.417839231468
2025-01-16 07:30:00	594.9576668	-2892.3163655146354	420.1735226	-4038.7197295942915	445.4156508	-4274.484643345606	351.7905874666667	-2529.1833304714555	653.2685913666666	-3251.774605974937
2025-01-16 07:40:00	594.9576668	-2912.0182858258186	420.1735226	-4063.446214052521	445.4156508	-4300.945369695959	351.7905874666667	-2541.9594585660225	653.2685913666666	-3274.5883012773684
2025-01-16 07:50:00	594.9576668	-2920.06648822236	420.1735226	-4084.02168867658	445.4156508	-4322.959860692494	351.7905874666667	-2555.900321274488	653.2685913666666	-3299.332678853527
2025-01-16 08:00:00	3594.015936	-2876.48709214713	2538.181152	-4065.5329277441106	2690.663616	-4291.2333054127785	2125.094016	-2540.0000019347794	3946.2601439999994	-3268.7215288240113
2025-01-16 08:10:00	3594.015936	-2873.8625340218814	2538.181152	-4088.2546698560454	2690.663616	-4300.712814057931	2125.094016	-2535.8396383608283	3946.2601439999994	-3254.7995950652657
2025-01-16 08:20:00	3594.015936	-2870.3109017276392	2538.181152	-4090.5274549815194	2690.663616	-4317.84270710883	2125.094016	-2528.7736792817072	3946.2601439999994	-3244.453298063713
2025-01-16 08:30:00	3594.015936	-2867.655496350141	2538.181152	-4069.249205709423	2690.663616	-4329.450306168359	2125.094016	-2523.879459742658	3946.2601439999994	-3230.6488753375925
2025-01-16 08:40:00	3594.015936	-2862.0575346766036	2538.181152	-4049.909498988247	2690.663616	-4342.969376973059	2125.094016	-2519.658216965128	3946.2601439999994	-3225.5130540514438
2025-01-16 08:50:00	3594.015936	-2855.1674922006714	2538.181152	-4033.087415050257	2690.663616	-4346.368576445114	2125.094016	-2515.5380186583384	3946.2601439999994	-3216.0819964770562
2025-01-16 09:00:00	4973.615444	-2824.9709459316537	3512.487758	-3988.706109583166	3723.502164	-4302.782881174309	2940.832930666667	-2494.1948856178765	5461.072167666666	-3177.725637006013
2025-01-16 09:10:00	4973.615444	-2816.3801857046756	3512.487758	-3972.562054558596	3723.502164	-4297.810016941424	2940.832930666667	-2482.7643649947872	5461.072167666666	-3164.034364746114
2025-01-16 09:20:00	4973.615444	-2814.457023851891	3512.487758	-3960.0920400745463	3723.502164	-4308.801901606249	2940.832930666667	-2477.1633218288775	5461.072167666666	-3154.201028278496
2025-01-16 09:30:00	4973.615444	-2808.578307022007	3512.487758	-3943.8204359854526	3723.502164	-4316.727468381433	2940.832930666667	-2470.4561026031492	5461.072167666666	-3147.306009368007
2025-01-16 09:40:00	4973.615444	-2798.638691949809	3512.487758	-3934.212936819582	3723.502164	-4297.324038654917	2940.832930666667	-2465.554899266042	5461.072167666666	-3139.8056119766243
2025-01-16 09:50:00	4973.615444	-2802.2068893685228	3512.487758	-3919.5027392806223	3723.502164	-4280.7458455869755	2940.832930666667	-2459.382591425195	5461.072167666666	-3135.083998340988
2025-01-16 10:00:00	15396.778040000001	-2681.1223942829183	10873.577780000001	-3750.8056975785476	11526.813240000001	-4085.461383792166	9103.910906666668	-2354.700114106461	16905.793576666667	-2999.489148976285
2025-01-16 10:10:00	15396.778040000001	-2672.385144124766	10873.577780000001	-3739.672498147964	11526.813240000001	-4068.714415255856	9103.910906666668	-2345.8036954980907	16905.793576666667	-2988.9700345931415
2025-01-16 10:20:00	15396.778040000001	-2677.8737056422015	10873.577780000001	-3736.0625182577496	11526.813240000001	-4061.1221068140185	9103.910906666668	-2345.9170507163835	16905.793576666667	-2989.5889268702304
2025-01-16 10:30:00	15396.778040000001	-2677.8635205128685	10873.577780000001	-3731.579887607515	11526.813240000001	-4054.4198302606583	9103.910906666668	-2344.7884329076733	16905.793576666667	-2990.5537922718213
2025-01-16 10:40:00	15396.778040000001	-2683.351157312367	10873.577780000001	-3722.6796974060726	11526.813240000001	-4041.6922157962945	9103.910906666668	-2343.0255223347103	16905.793576666667	-2990.482196106601
2025-01-16 10:50:00	15396.778040000001	-2683.6418298270346	10873.577780000001	-3718.5899166008003	11526.813240000001	-4036.623770803355	9103.910906666668	-2343.704994236801	16905.793576666667	-2996.642524682684
2025-01-16 11:00:00	31550.915760000004	-2545.8095502045508	22282.021320000003	-3518.555129416447	23620.62456	-3825.0828237436435	18655.638560000003	-2222.1275863939954	34643.17454	-2842.854176465342
2025-01-16 11:10:00	31550.915760000004	-2545.6834534109184	22282.021320000003	-3510.1688240224757	23620.62456	-3813.4580099547347	18655.638560000003	-2220.7044981280087	34643.17454	-2839.7695725898448
2025-01-16 11:20:00	31550.915760000004	-2560.5513754846434	22282.021320000003	-3513.419787491541	23620.62456	-3819.500112465019	18655.638560000003	-2223.771769868268	34643.17454	-2854.7446870865533
2025-01-16 11:30:00	31550.915760000004	-2574.866609833025	22282.021320000003	-3523.301891227842	23620.62456	-3824.5953877434185	18655.638560000003	-2227.229513117971	34643.17454	-2872.9306429400604
2025-01-16 11:40:00	31550.915760000004	-2589.426191281873	22282.021320000003	-3526.2336857291775	23620.62456	-3827.970189876647	18655.638560000003	-2230.428472950345	34643.17454	-2890.956268969421
2025-01-16 11:50:00	31550.915760000004	-2594.839205461427	22282.021320000003	-3531.019224983349	23620.62456	-3827.9108407611966	18655.638560000003	-2235.7011196467865	34643.17454	-2905.030318154364
2025-01-16 12:00:00	33461.52768	-2519.182671365059	23631.341760000003	-3423.514680595348	25051.00608	-3710.0311554779946	19785.35808	-2169.135498344356	36741.04272	-2823.915127980683
2025-01-16 12:10:00	33461.52768	-2521.819230822679	23631.341760000003	-3434.4893512710514	25051.00608	-3719.51310514706	19785.35808	-2174.4447454746296	36741.04272	-2830.6220333350866
2025-01-16 12:20:00	33461.52768	-2525.964805314674	23631.341760000003	-3436.396324198384	25051.00608	-3726.8207930779463	19785.35808	-2181.4024783994537	36741.04272	-2835.6982105631905
2025-01-16 12:30:00	33461.52768	-2533.8753561094272	23631.341760000003	-3441.7012912113896	25051.00608	-3735.423770702153	19785.35808	-2184.9992687120684	36741.04272	-2833.0627477393136
2025-01-16 12:40:00	33461.52768	-2543.619117402872	23631.341760000003	-3454.7196690626515	25051.00608	-3746.6606454643006	19785.35808	-2189.93685195145	36741.04272	-2833.741600545145
2025-01-16 12:50:00	33461.52768	-2548.8094123916235	23631.341760000003	-3458.1069863585435	25051.00608	-3751.803246918458	19785.35808	-2193.9929610334184	36741.04272	-2841.305916218742
2025-01-16 13:00:00	30776.343360000003	-2462.6848307326727	21734.999520000005	-3337.9421334551807	23040.74016	-3622.82710685637	18197.644160000003	-2120.3033003454693	33792.68744	-2746.2286334214295
2025-01-16 13:10:00	30776.343360000003	-2459.4174770378013	21734.999520000005	-3350.3009398887807	23040.74016	-3636.8581656044007	18197.644160000003	-2130.6093229588514	33792.68744	-2753.546473101669
2025-01-16 13:20:00	30776.343360000003	-2455.4886384188794	21734.999520000005	-3357.0983195141853	23040.74016	-3642.344546468157	18197.644160000003	-2139.585459643069	33792.68744	-2766.186272784573
2025-01-16 13:30:00	30776.343360000003	-2457.1947256925705	21734.999520000005	-3364.582144048116	23040.74016	-3648.3126425871014	18197.644160000003	-2143.205004535721	33792.68744	-2772.1242739064983
2025-01-16 13:40:00	30776.343360000003	-2457.002541775706	21734.999520000005	-3371.3082896406668	23040.74016	-3659.8228298996182	18197.644160000003	-2147.901223957633	33792.68744	-2775.8921473352384
2025-01-16 13:50:00	30776.343360000003	-2450.4559767825776	21734.999520000005	-3380.680596288181	23040.74016	-3668.70693836813	18197.644160000003	-2151.7266443870285	33792.68744	-2778.764375187413
2025-01-16 14:00:00	23262.99108	-2364.9584593859545	16428.88806	-3284.698731012413	17415.86148	-3558.271006209903	13755.09848	-2089.8871524714214	25542.96257	-2682.401480979148
2025-01-16 14:10:00	23262.99108	-2361.590850531702	16428.88806	-3299.5515734078836	17415.86148	-3574.975667129398	13755.09848	-2100.011379345702	25542.96257	-2670.5179982876616
2025-01-16 14:20:00	23262.99108	-2352.5536033420103	16428.88806	-3301.555531258593	17415.86148	-3578.2615512729535	13755.09848	-2100.7143803848194	25542.96257	-2658.789032011089
2025-01-16 14:30:00	23262.99108	-2355.5686233717097	16428.88806	-3307.709096385639	17415.86148	-3583.455729723508	13755.09848	-2103.713722442364	25542.96257	-2652.195588918996
2025-01-16 14:40:00	23262.99108	-2362.141656884818	16428.88806	-3313.765305651592	17415.86148	-3587.0880697640932	13755.09848	-2106.889653758273	25542.96257	-2675.09353714341
2025-01-16 14:50:00	23262.99108	-2373.9717906937767	16428.88806	-3318.0277086903952	17415.86148	-3590.0592304516904	13755.09848	-2111.82032590404	25542.96257	-2689.989375937723
2025-01-16 15:00:00	12255.456640000002	-2390.9164411929814	8655.100480000001	-3329.1152619064196	9175.059840000002	-3597.5894437035677	7246.489173333334	-2116.8357511168133	13456.595893333333	-2714.0245040733644
2025-01-16 15:10:00	12255.456640000002	-2410.988597162059	8655.100480000001	-3338.505971490362	9175.059840000002	-3603.6753997717897	7246.489173333334	-2124.6268228448325	13456.595893333333	-2711.710388937241
2025-01-16 15:20:00	12255.456640000002	-2412.042686858287	8655.100480000001	-3335.9890192424045	9175.059840000002	-3601.431497208767	7246.489173333334	-2125.8071989134905	13456.595893333333	-2711.9632254901917
2025-01-16 15:30:00	12255.456640000002	-2417.360679832662	8655.100480000001	-3331.2330658786195	9175.059840000002	-3602.010681324731	7246.489173333334	-2124.436578877282	13456.595893333333	-2719.2307894193564
2025-01-16 15:40:00	12255.456640000002	-2422.2800534022626	8655.100480000001	-3327.9816546686125	9175.059840000002	-3600.742825682464	7246.489173333334	-2127.1913805937156	13456.595893333333	-2719.9821145552014
2025-01-16 15:50:00	12255.456640000002	-2426.2853684930724	8655.100480000001	-3323.237835272699	9175.059840000002	-3596.1783433525707	7246.489173333334	-2127.44326827068	13456.595893333333	-2722.6252596395007
2025-01-16 16:00:00	1741.927264	-2525.1825563638677	1230.191248	-3453.013924585229	1304.095584	-3731.019280705296	1029.9785173333335	-2206.998789434581	1912.6509893333332	-2834.366553745812
2025-01-16 16:10:00	1741.927264	-2530.6734178019824	1230.191248	-3453.551222006755	1304.095584	-3734.729117858558	1029.9785173333335	-2212.3984945145717	1912.6509893333332	-2842.9642904967377
2025-01-16 16:20:00	1741.927264	-2527.387105317217	1230.191248	-3445.0112993245593	1304.095584	-3721.4207885949977	1029.9785173333335	-2211.2643687129003	1912.6509893333332	-2841.8214776367213
2025-01-16 16:30:00	1741.927264	-2524.5028467760003	1230.191248	-3436.1540813634138	1304.095584	-3714.1577485094845	1029.9785173333335	-2206.5764442106074	1912.6509893333332	-2837.5295677588474
2025-01-16 16:40:00	1741.927264	-2525.363740415901	1230.191248	-3427.0822065482353	1304.095584	-3707.48313398484	1029.9785173333335	-2202.7047061478934	1912.6509893333332	-2832.2630864502653
2025-01-16 16:50:00	1741.927264	-2525.696932795793	1230.191248	-3442.6601995395367	1304.095584	-3708.677054093921	1029.9785173333335	-2204.688504656163	1912.6509893333332	-2832.4179733299407
2025-01-16 17:00:00	608.6417792	-2619.4209186722956	429.8375744	-3591.289957022233	455.66027519999994	-3855.5593128807786	359.88182186666666	-2285.3507991982965	668.2938634666666	-2933.3341976908805
2025-01-16 17:10:00	608.6417792	-2619.0652283897116	429.8375744	-3608.626492013562	455.66027519999994	-3855.2117552097206	359.88182186666666	-2280.52103481221	668.2938634666666	-2925.944361119179
2025-01-16 17:20:00	608.6417792	-2613.533970683511	429.8375744	-3618.82323185698	455.66027519999994	-3855.9024881712303	359.88182186666666	-2280.4479871851495	668.2938634666666	-2922.3815443008007
2025-01-16 17:30:00	608.6417792	-2613.4939822529386	429.8375744	-3625.721469264232	455.66027519999994	-3864.8758953951956	359.88182186666666	-2277.8764398261947	668.2938634666666	-2914.043004442681
2025-01-16 17:40:00	608.6417792	-2614.4885179289267	429.8375744	-3638.283944940318	455.66027519999994	-3873.9161362941995	359.88182186666666	-2275.5647479589034	668.2938634666666	-2912.758196976286
2025-01-16 17:50:00	608.6417792	-2614.1596618324384	429.8375744	-3649.7735941827113	455.66027519999994	-3885.7874251443973	359.88182186666666	-2278.9710315157836	668.2938634666666	-2925.0189945873
2025-01-16 18:00:00	580.1547276	-2636.3913723056276	409.7193282	-3680.724313840962	434.3334156	-3917.399437114381	343.0378056	-2295.8655351218476	637.0148379	-2944.284823252762
2025-01-16 18:10:00	580.1547276	-2629.6306129367995	409.7193282	-3690.609587843346	434.3334156	-3929.300702152741	343.0378056	-2300.7488588030933	637.0148379	-2944.808027482499
2025-01-16 18:20:00	580.1547276	-2637.8002578884552	409.7193282	-3701.6883380689987	434.3334156	-3931.023443312606	343.0378056	-2304.8625630525444	637.0148379	-2955.73713192365
2025-01-16 18:30:00	580.1547276	-2634.5858258105372	409.7193282	-3714.34194214092	434.3334156	-3933.77738715177	343.0378056	-2299.1348041583096	637.0148379	-2965.839912430104
2025-01-16 18:40:00	580.1547276	-2634.1836861603833	409.7193282	-3715.138027567801	434.3334156	-3940.6038763646366	343.0378056	-2295.459699710312	637.0148379	-2976.9626096472102
2025-01-16 18:50:00	580.1547276	-2629.243658512206	409.7193282	-3716.6972369713985	434.3334156	-3952.877126656461	343.0378056	-2295.63549585257	637.0148379	-2980.0798364224265
2025-01-16 19:00:00	576.195802	-2752.0433143449877	406.92343900000003	-3904.35672051879	431.369562	-4149.514315173919	340.69694533333336	-2408.7021547851805	632.6679038333333	-3137.1639356816204
2025-01-16 19:10:00	576.195802	-2747.371909721053	406.92343900000003	-3904.7833196276506	431.369562	-4149.159596849462	340.69694533333336	-2404.69784948225	632.6679038333333	-3140.2565395580878
2025-01-16 19:20:00	576.195802	-2745.9464207044816	406.92343900000003	-3906.3689413914026	431.369562	-4155.586803606472	340.69694533333336	-2400.9445647781367	632.6679038333333	-3147.779671096273
2025-01-16 19:30:00	576.195802	-2752.0477164798467	406.92343900000003	-3898.9045739402964	431.369562	-4164.799603389752	340.69694533333336	-2396.9124776368976	632.6679038333333	-3151.4367854960265
2025-01-16 19:40:00	576.195802	-2763.933802783057	406.92343900000003	-3897.4035330941697	431.369562	-4178.602602027057	340.69694533333336	-2396.6960720809816	632.6679038333333	-3154.4239877231103
2025-01-16 19:50:00	576.195802	-2770.0345699778127	406.92343900000003	-3896.4650844778334	431.369562	-4187.186251502332	340.69694533333336	-2396.0983014941503	632.6679038333333	-3155.6221723006665
2025-01-16 20:00:00	587.4701336	-2766.1178376574226	414.88564520000006	-3886.976209979818	439.8101016	-4182.110816797976	347.3633082666667	-2390.2764315428326	645.0472160666666	-3149.2169832273767
2025-01-16 20:10:00	587.4701336	-2761.009086758346	414.88564520000006	-3878.114396502787	439.8101016	-4183.757695628699	347.3633082666667	-2386.95137189191	645.0472160666666	-3149.7012800810617
2025-01-16 20:20:00	587.4701336	-2763.9512294717597	414.88564520000006	-3875.305046076199	439.8101016	-4196.852006994065	347.3633082666667	-2387.0230496984323	645.0472160666666	-3149.4775502891953
2025-01-16 20:30:00	587.4701336	-2765.076860273647	414.88564520000006	-3878.8138413686474	439.8101016	-4205.304897192438	347.3633082666667	-2382.1708506082277	645.0472160666666	-3141.445290586139
2025-01-16 20:40:00	587.4701336	-2759.693992485074	414.88564520000006	-3881.407617835139	439.8101016	-4211.58369677759	347.3633082666667	-2382.01663087042	645.0472160666666	-3131.181608190812
2025-01-16 20:50:00	587.4701336	-2753.5248538114774	414.88564520000006	-3881.584067261814	439.8101016	-4195.930308580644	347.3633082666667	-2380.098122324996	645.0472160666666	-3123.7622083138513
2025-01-16 21:00:00	587.2119428000001	-2798.431218701129	414.7033046	-3941.6117231763333	439.6168068	-4261.05844872346	347.2106434666667	-2418.94192025217	644.7637203666667	-3170.287010846954
2025-01-16 21:10:00	587.2119428000001	-2792.3814368221438	414.7033046	-3931.5426055283783	439.6168068	-4254.599403248401	347.2106434666667	-2412.992902349582	644.7637203666667	-3163.3112895388385
2025-01-16 21:20:00	587.2119428000001	-2785.981869402417	414.7033046	-3927.428239412006	439.6168068	-4246.547150405014	347.2106434666667	-2411.532981693122	644.7637203666667	-3156.7462025757313
2025-01-16 21:30:00	587.2119428000001	-2779.3406011300417	414.7033046	-3926.442023327006	439.6168068	-4241.966485681913	347.2106434666667	-2409.3635984632133	644.7637203666667	-3144.850038611956
2025-01-16 21:40:00	587.2119428000001	-2774.2129089334126	414.7033046	-3930.03302903744	439.6168068	-4229.604953375194	347.2106434666667	-2410.2421815304256	644.7637203666667	-3136.701802387519
2025-01-16 21:50:00	587.2119428000001	-2767.7174586648302	414.7033046	-3931.1160689684125	439.6168068	-4214.596015619829	347.2106434666667	-2405.9885152043	644.7637203666667	-3127.499743242962
2025-01-16 22:00:00	601.0681824000001	-2790.4066201925098	424.4889168	-3953.636599588306	449.9902944	-4239.5163241487	355.4036544	-2422.2436853335744	659.9779896	-3146.6829368647664
2025-01-16 22:10:00	601.0681824000001	-2782.795962670669	424.4889168	-3937.962416921937	449.9902944	-4226.354676137282	355.4036544	-2418.097287177233	659.9779896	-3143.4150624538015
2025-01-16 22:20:00	601.0681824000001	-2777.222093778827	424.4889168	-3923.271746199516	449.9902944	-4215.098683673958	355.4036544	-2416.815327598928	659.9779896	-3133.7534274264663
2025-01-16 22:30:00	601.0681824000001	-2771.75308871561	424.4889168	-3908.19814545636	449.9902944	-4203.325733278249	355.4036544	-2411.8778058376315	659.9779896	-3126.621237852616
2025-01-16 22:40:00	601.0681824000001	-2765.6476789921026	424.4889168	-3892.9565763188284	449.9902944	-4186.78834608171	355.4036544	-2406.867471157012	659.9779896	-3114.731536871932
2025-01-16 22:50:00	601.0681824000001	-2758.4415954146825	424.4889168	-3879.6379236676275	449.9902944	-4172.294780515829	355.4036544	-2403.8461809511587	659.9779896	-3107.166630262297
2025-01-16 23:00:00	578.347392	-2761.019306313842	408.442944	-3877.561745920611	432.980352	-4171.3681902985645	341.969152	-2407.880805424905	635.030368	-3108.6391693018613
2025-01-16 23:10:00	578.347392	-2753.9120496958526	408.442944	-3862.5821802319847	432.980352	-4157.442714036197	341.969152	-2405.793981619802	635.030368	-3098.5732112098067
2025-01-16 23:20:00	578.347392	-2746.99662889973	408.442944	-3848.5162679591162	432.980352	-4140.121247990863	341.969152	-2401.994374487947	635.030368	-3087.74573303194
2025-01-16 23:30:00	578.347392	-2739.836076863484	408.442944	-3833.2345816011516	432.980352	-4124.4547855966175	341.969152	-2395.819156003581	635.030368	-3078.0308236130204
2025-01-16 23:40:00	578.347392	-2732.8566066322924	408.442944	-3819.0433756418847	432.980352	-4110.082590206814	341.969152	-2391.880217260859	635.030368	-3071.270766698013
2025-01-16 23:50:00	578.347392	-2726.006704276767	408.442944	-3804.9847628613156	432.980352	-4095.749138347956	341.969152	-2387.084967839043	635.030368	-3062.125393319265
2025-01-17 00:00:00	578.9498372	-2733.4296941612192	408.86840540000003	-3813.18265670512	433.4313732	-4102.814453335822	342.3253698666667	-2396.002082617712	635.6918579666667	-3070.0428250372383
2025-01-17 00:10:00	578.9498372	-2726.0144146874563	408.86840540000003	-3796.3859881121684	433.4313732	-4085.349232206355	342.3253698666667	-2391.1687940199076	635.6918579666667	-3057.9183647992263
2025-01-17 00:20:00	578.9498372	-2719.2795351742025	408.86840540000003	-3783.0782723987463	433.4313732	-4070.143817936497	342.3253698666667	-2385.7107923358258	635.6918579666667	-3048.2812621803214
2025-01-17 00:30:00	578.9498372	-2712.086039956669	408.86840540000003	-3769.5740596664814	433.4313732	-4054.4844815688666	342.3253698666667	-2381.5988692955657	635.6918579666667	-3039.9685455673775
2025-01-17 00:40:00	578.9498372	-2705.124281249533	408.86840540000003	-3754.7899915983603	433.4313732	-4040.137012764272	342.3253698666667	-2377.39859729316	635.6918579666667	-3030.753080679429
2025-01-17 00:50:00	578.9498372	-2697.399658975607	408.86840540000003	-3740.360530301194	433.4313732	-4024.3217885577997	342.3253698666667	-2370.8085303575876	635.6918579666667	-3020.9607480981626
2025-01-17 01:00:00	567.7615692	-2710.338602952187	400.9669794	-3754.9777612419384	425.0552652	-4041.442502455549	335.7098952	-2383.7105707221763	623.4070442999999	-3035.737398337295
2025-01-17 01:10:00	567.7615692	-2703.622010316705	400.9669794	-3740.5763329361616	425.0552652	-4025.951599544677	335.7098952	-2378.8912145789673	623.4070442999999	-3026.143772951189
2025-01-17 01:20:00	567.7615692	-2696.6913222467797	400.9669794	-3727.4569362563525	425.0552652	-4010.2718614445344	335.7098952	-2374.7738229912006	623.4070442999999	-3016.1354197961186
2025-01-17 01:30:00	567.7615692	-2692.554529747718	400.9669794	-3713.253478492654	425.0552652	-3993.5969174881498	335.7098952	-2369.357102010126	623.4070442999999	-3006.799217605912
2025-01-17 01:40:00	567.7615692	-2682.571506007754	400.9669794	-3704.6414432962038	425.0552652	-3977.647971632125	335.7098952	-2363.476943298273	623.4070442999999	-2995.676907642173
2025-01-17 01:50:00	567.7615692	-2675.9771140921825	400.9669794	-3699.6634928799913	425.0552652	-3964.525981706977	335.7098952	-2359.653279178919	623.4070442999999	-2987.558902537582
2025-01-17 02:00:00	570.17135	-2730.705241679525	402.66882499999997	-3783.834266358631	426.85934999999995	-4049.8541309757093	337.1347666666667	-2409.6033669982016	626.0530041666666	-3050.600213187943
2025-01-17 02:10:00	570.17135	-2721.0185288870352	402.66882499999997	-3779.856687165824	426.85934999999995	-4042.2982501461993	337.1347666666667	-2402.6610464433534	626.0530041666666	-3040.0549137471608
2025-01-17 02:20:00	570.17135	-2713.5637686982136	402.66882499999997	-3778.4051806319676	426.85934999999995	-4038.5755835682567	337.1347666666667	-2395.5036971573845	626.0530041666666	-3028.486955534472
2025-01-17 02:30:00	570.17135	-2706.6280376977247	402.66882499999997	-3777.679409803124	426.85934999999995	-4036.5300582040536	337.1347666666667	-2390.571562031394	626.0530041666666	-3022.4095827983137
2025-01-17 02:40:00	570.17135	-2699.924742180253	402.66882499999997	-3777.3861932755553	426.85934999999995	-4035.1619672250163	337.1347666666667	-2386.0731010583368	626.0530041666666	-3018.7213244664445
2025-01-17 02:50:00	570.17135	-2695.710992472003	402.66882499999997	-3776.8128238591353	426.85934999999995	-4034.0041415830046	337.1347666666667	-2380.981778054388	626.0530041666666	-3016.0830246473024
2025-01-17 03:00:00	564.7493432	-2704.1452456334055	398.83967240000004	-3791.4479449395976	422.8001592	-4049.723719652423	333.92880586666666	-2385.063142096129	620.0995944666666	-3026.9017974848794
2025-01-17 03:10:00	564.7493432	-2702.1241032892513	398.83967240000004	-3790.811630754297	422.8001592	-4049.0573415125546	333.92880586666666	-2378.58896387781	620.0995944666666	-3025.402095106402
2025-01-17 03:20:00	564.7493432	-2700.963862951313	398.83967240000004	-3791.2127223969137	422.8001592	-4048.7057978551056	333.92880586666666	-2375.363939921767	620.0995944666666	-3024.873400349299
2025-01-17 03:30:00	564.7493432	-2700.3633477511767	398.83967240000004	-3791.4194335681714	422.8001592	-4048.4753434878858	333.92880586666666	-2372.7397433924716	620.0995944666666	-3024.169049244557
2025-01-17 03:40:00	564.7493432	-2699.8673488655677	398.83967240000004	-3791.330881355072	422.8001592	-4048.5748050781676	333.92880586666666	-2370.9589808529545	620.0995944666666	-3023.529521041941
2025-01-17 03:50:00	564.7493432	-2699.4334916127336	398.83967240000004	-3790.8081499347127	422.8001592	-4048.230781063905	333.92880586666666	-2369.567666958509	620.0995944666666	-3023.2148002713866
2025-01-17 04:00:00	606.318062	-2712.3447857486735	428.19650900000005	-3809.3047419247923	453.920622	-4067.9165103675323	358.50783866666666	-2380.594102268504	665.7424021666666	-3038.161984790596
2025-01-17 04:10:00	606.318062	-2712.1727344071105	428.19650900000005	-3809.410715948362	453.920622	-4067.3251680040894	358.50783866666666	-2380.2357135746333	665.7424021666666	-3038.301510529738
2025-01-17 04:20:00	606.318062	-2711.922688065757	428.19650900000005	-3808.8889327626102	453.920622	-4067.1552670535875	358.50783866666666	-2379.8377736132543	665.7424021666666	-3038.4087533214824
2025-01-17 04:30:00	606.318062	-2711.8174693160745	428.19650900000005	-3808.5964061638397	453.920622	-4067.228686393636	358.50783866666666	-2379.697999546617	665.7424021666666	-3037.9769204655113
2025-01-17 04:40:00	606.318062	-2711.7268485000704	428.19650900000005	-3809.0372387648194	453.920622	-4067.690882237852	358.50783866666666	-2379.281888161523	665.7424021666666	-3037.600144923944
2025-01-17 04:50:00	606.318062	-2711.6853987638888	428.19650900000005	-3809.3118026390666	453.920622	-4067.7018578355674	358.50783866666666	-2379.408410794723	665.7424021666666	-3038.0506593050977
2025-01-17 05:00:00	602.7894544	-2736.510473393965	425.70452079999995	-3844.442068689963	451.27892639999993	-4105.461777006525	356.4214197333333	-2401.018007584961	661.8679609333332	-3066.668691431172
2025-01-17 05:10:00	602.7894544	-2736.1631305696837	425.70452079999995	-3843.7903843588856	451.27892639999993	-4104.940832136968	356.4214197333333	-2400.973597039513	661.8679609333332	-3066.1551879380113
2025-01-17 05:20:00	602.7894544	-2736.312930796006	425.70452079999995	-3843.4450606258924	451.27892639999993	-4104.168265115119	356.4214197333333	-2400.4606973324308	661.8679609333332	-3066.1118543627663
2025-01-17 05:30:00	602.7894544	-2736.365755496462	425.70452079999995	-3843.562534593648	451.27892639999993	-4104.432244888747	356.4214197333333	-2400.6136514428163	661.8679609333332	-3066.3856468768417
2025-01-17 05:40:00	602.7894544	-2736.4810575591146	425.70452079999995	-3843.6373787767234	451.27892639999993	-4104.371423705998	356.4214197333333	-2401.5816240539307	661.8679609333332	-3066.6768652279716
2025-01-17 05:50:00	602.7894544	-2736.1946946977014	425.70452079999995	-3843.4894478813912	451.27892639999993	-4104.4895046486545	356.4214197333333	-2400.7240687341655	661.8679609333332	-3066.3215037000846
2025-01-17 06:00:00	565.9542336	-2723.5330051137485	399.6905952	-3824.9777413430593	423.70220159999997	-4084.3421739201594	334.6412416	-2387.9344534211596	621.4225743999999	-3051.109176180134
2025-01-17 06:10:00	565.9542336	-2722.909071885489	399.6905952	-3834.2535291503327	423.70220159999997	-4088.002556993207	334.6412416	-2393.782970627798	621.4225743999999	-3061.3948991609473
2025-01-17 06:20:00	565.9542336	-2736.862960548475	399.6905952	-3870.239452478757	423.70220159999997	-4125.711097361359	334.6412416	-2409.7484780011096	621.4225743999999	-3096.073732663788
2025-01-17 06:30:00	565.9542336	-2754.4814771373444	399.6905952	-3901.9795417782098	423.70220159999997	-4161.643825431237	334.6412416	-2424.714531019676	621.4225743999999	-3123.222462696704
2025-01-17 06:40:00	565.9542336	-2775.2057346861197	399.6905952	-3934.46842807123	423.70220159999997	-4192.3041765654025	334.6412416	-2439.5341438097494	621.4225743999999	-3152.1163976423663
2025-01-17 06:50:00	565.9542336	-2794.8155223685917	399.6905952	-3961.5311176540436	423.70220159999997	-4202.261687906974	334.6412416	-2452.9865934486565	621.4225743999999	-3180.7814201046713
2025-01-17 07:00:00	640.8295656	-2847.193562987492	452.56936920000004	-4039.1008886213012	479.7576936	-4281.364543598218	378.9140336	-2498.6126616796664	703.6363273999999	-3243.72881251801
2025-01-17 07:10:00	640.8295656	-2861.1354541643664	452.56936920000004	-4067.1129752773695	479.7576936	-4310.325929807291	378.9140336	-2517.9273648347403	703.6363273999999	-3266.485213996766
2025-01-17 07:20:00	640.8295656	-2876.4635479277063	452.56936920000004	-4100.531037125295	479.7576936	-4343.370594878842	378.9140336	-2533.9699026189787	703.6363273999999	-3294.1171010370535
2025-01-17 07:30:00	640.8295656	-2892.8659053755932	452.56936920000004	-4127.462182085748	479.7576936	-4369.602062231874	378.9140336	-2548.3502017781307	703.6363273999999	-3301.4838391689623
2025-01-17 07:40:00	640.8295656	-2895.914900222303	452.56936920000004	-4155.084186809098	479.7576936	-4392.938076821004	378.9140336	-2562.8146226010344	703.6363273999999	-3311.4675185271535
2025-01-17 07:50:00	640.8295656	-2885.4439010188876	452.56936920000004	-4183.123241901818	479.7576936	-4397.32599593346	378.9140336	-2563.8232801347035	703.6363273999999	-3324.54700514889
2025-01-17 08:00:00	3070.749248	-2859.6667469467966	2168.637536	-4163.516623452699	2298.919488	-4369.776748341234	1815.6933546666667	-2543.442805521338	3371.7088586666664	-3287.4531457069083
2025-01-17 08:10:00	3070.749248	-2862.710044722019	2168.637536	-4150.270536050639	2298.919488	-4360.27787236344	1815.6933546666667	-2538.2404210551736	3371.7088586666664	-3273.9928631576745
2025-01-17 08:20:00	3070.749248	-2860.300714929548	2168.637536	-4132.001570205159	2298.919488	-4378.557486169227	1815.6933546666667	-2538.830629509442	3371.7088586666664	-3262.7070668023184
2025-01-17 08:30:00	3070.749248	-2851.910431891002	2168.637536	-4117.854640208363	2298.919488	-4377.573231539408	1815.6933546666667	-2534.6779747890873	3371.7088586666664	-3246.833281233486
2025-01-17 08:40:00	3070.749248	-2845.203278007849	2168.637536	-4097.037724148788	2298.919488	-4356.023337170292	1815.6933546666667	-2529.3934439702894	3371.7088586666664	-3239.9269696872384
2025-01-17 08:50:00	3070.749248	-2837.7788158540134	2168.637536	-4079.59078615343	2298.919488	-4338.352766300885	1815.6933546666667	-2524.0080390874787	3371.7088586666664	-3232.306789380124
2025-01-17 09:00:00	7771.54308	-2738.150684109364	5488.4520600000005	-3933.9532275953497	5818.1734799999995	-4184.363615112165	4595.21048	-2437.8349021294416	8533.22057	-3116.562892254442
2025-01-17 09:10:00	7771.54308	-2729.8138498377893	5488.4520600000005	-3923.741129485954	5818.1734799999995	-4167.169671091355	4595.21048	-2429.9241023677487	8533.22057	-3100.663081493067
2025-01-17 09:20:00	7771.54308	-2726.8559102716727	5488.4520600000005	-3913.5603066661824	5818.1734799999995	-4152.11847943903	4595.21048	-2428.6808201339118	8533.22057	-3094.688251836207
2025-01-17 09:30:00	7771.54308	-2725.945902572995	5488.4520600000005	-3898.3399348358325	5818.1734799999995	-4139.067085924846	4595.21048	-2424.957222255629	8533.22057	-3095.574573545844
2025-01-17 09:40:00	7771.54308	-2722.999309394564	5488.4520600000005	-3895.3045189566656	5818.1734799999995	-4129.127705641871	4595.21048	-2420.108517579708	8533.22057	-3090.6860467774604
2025-01-17 09:50:00	7771.54308	-2719.1953196839268	5488.4520600000005	-3882.8004824424825	5818.1734799999995	-4119.090116989377	4595.21048	-2412.946249215507	8533.22057	-3078.848602251972
2025-01-17 10:00:00	27067.002200000003	-2583.6269039261824	19115.372900000002	-3678.8318938604025	20263.7382	-3909.05346703696	16004.359866666668	-2293.347435186417	29719.799216666666	-2922.4789381237533
2025-01-17 10:10:00	27067.002200000003	-2572.5527458221804	19115.372900000002	-3662.3483021305983	20263.7382	-3897.5375841012356	16004.359866666668	-2290.7366549477956	29719.799216666666	-2910.4656538369927
2025-01-17 10:20:00	27067.002200000003	-2582.9677583649864	19115.372900000002	-3661.867020195921	20263.7382	-3901.8622460363767	16004.359866666668	-2296.667473380836	29719.799216666666	-2918.290234443135
2025-01-17 10:30:00	27067.002200000003	-2591.9560927789535	19115.372900000002	-3658.267484323682	20263.7382	-3905.0949941405997	16004.359866666668	-2297.335948967	29719.799216666666	-2928.3757530738367
2025-01-17 10:40:00	27067.002200000003	-2607.251074280666	19115.372900000002	-3654.8657716657835	20263.7382	-3899.9934468426363	16004.359866666668	-2297.944896809924	29719.799216666666	-2936.97625911079
2025-01-17 10:50:00	27067.002200000003	-2614.499403947033	19115.372900000002	-3654.638710030409	20263.7382	-3900.0797103870536	16004.359866666668	-2303.3615991752267	29719.799216666666	-2948.6388065600368
2025-01-17 11:00:00	33625.04852	-2550.326545195967	23746.82414	-3544.1161560554174	25173.42612	-3786.255452494657	19882.045786666666	-2239.2730684015514	36920.58999666666	-2869.39084245306
2025-01-17 11:10:00	33625.04852	-2558.7800423127046	23746.82414	-3544.886641244444	25173.42612	-3795.473643927344	19882.045786666666	-2240.900103943044	36920.58999666666	-2876.9705090455827
2025-01-17 11:20:00	33625.04852	-2566.4121000368978	23746.82414	-3547.6528951523906	25173.42612	-3803.099314918658	19882.045786666666	-2244.440199824763	36920.58999666666	-2892.6616860528156
2025-01-17 11:30:00	33625.04852	-2567.1065396261984	23746.82414	-3551.027034863	25173.42612	-3816.7002001262117	19882.045786666666	-2248.720164982751	36920.58999666666	-2912.816030478083
2025-01-17 11:40:00	33625.04852	-2567.2557339769846	23746.82414	-3558.56469569798	25173.42612	-3817.730944690582	19882.045786666666	-2254.805162840741	36920.58999666666	-2921.4842180268824
2025-01-17 11:50:00	33625.04852	-2564.1389487213746	23746.82414	-3569.992968826966	25173.42612	-3821.6015600559112	19882.045786666666	-2259.457487061136	36920.58999666666	-2920.41363548299
2025-01-17 12:00:00	35836.88304	-2428.9439477907654	25308.87528	-3356.749436098329	26829.318239999997	-3599.924544164209	21189.87424	-2131.4986914816836	39349.20316	-2748.5505076394184
2025-01-17 12:10:00	35836.88304	-2438.251350990533	25308.87528	-3367.1144416757706	26829.318239999997	-3611.7936044593735	21189.87424	-2134.8389421277097	39349.20316	-2756.057215298082
2025-01-17 12:20:00	35836.88304	-2443.03556085311	25308.87528	-3379.6186752430585	26829.318239999997	-3622.4343078782404	21189.87424	-2140.264900884882	39349.20316	-2766.9482091180544
2025-01-17 12:30:00	35836.88304	-2441.1434779828487	25308.87528	-3395.267698949712	26829.318239999997	-3629.3273879905973	21189.87424	-2143.3982367354583	39349.20316	-2772.289197189086
2025-01-17 12:40:00	35836.88304	-2440.052979818487	25308.87528	-3403.0207524808575	26829.318239999997	-3640.218619147159	21189.87424	-2147.268892339627	39349.20316	-2778.6793902463105
2025-01-17 12:50:00	35836.88304	-2441.385306562246	25308.87528	-3412.6265111352186	26829.318239999997	-3656.1508119255523	21189.87424	-2149.909037504509	39349.20316	-2782.7671625938747
2025-01-17 13:00:00	32859.082480000005	-2348.4591036653146	23205.880360000003	-3279.0348517394996	24599.98488	-3520.511467041455	19429.140213333336	-2068.893409093216	36079.55275333333	-2677.7428792634964
2025-01-17 13:10:00	32859.082480000005	-2355.797235561142	23205.880360000003	-3291.9767666792504	24599.98488	-3540.1285396403946	19429.140213333336	-2074.5175624196563	36079.55275333333	-2673.310421879156
2025-01-17 13:20:00	32859.082480000005	-2361.6370908984027	23205.880360000003	-3303.4921891123886	24599.98488	-3552.257679184033	19429.140213333336	-2076.0725348519845	36079.55275333333	-2669.156871683248
2025-01-17 13:30:00	32859.082480000005	-2367.312302051396	23205.880360000003	-3315.910220807418	24599.98488	-3564.0741429595546	19429.140213333336	-2076.0168034749368	36079.55275333333	-2656.9400453737035
2025-01-17 13:40:00	32859.082480000005	-2370.0878037955044	23205.880360000003	-3321.0779700075036	24599.98488	-3570.717924600547	19429.140213333336	-2076.4388618088997	36079.55275333333	-2644.324974235831
2025-01-17 13:50:00	32859.082480000005	-2378.775124836582	23205.880360000003	-3329.9312737456967	24599.98488	-3579.744968283725	19429.140213333336	-2084.4492556845034	36079.55275333333	-2629.118289984777
2025-01-17 14:00:00	26542.014239999997	-2356.3169035647443	18744.61368	-3309.9119777643864	19870.705439999998	-3534.795700724131	15693.941439999999	-2070.628665599239	29143.357959999994	-2597.178153041961
2025-01-17 14:10:00	26542.014239999997	-2360.094517933783	18744.61368	-3325.929741923137	19870.705439999998	-3545.3246414373207	15693.941439999999	-2084.1732096272553	29143.357959999994	-2592.75691872439
2025-01-17 14:20:00	26542.014239999997	-2357.7911490891056	18744.61368	-3329.886129976814	19870.705439999998	-3549.7171626830386	15693.941439999999	-2087.754334238123	29143.357959999994	-2598.0791834541888
2025-01-17 14:30:00	26542.014239999997	-2350.1565517597555	18744.61368	-3336.5481530998477	19870.705439999998	-3552.9679433146957	15693.941439999999	-2090.593035135762	29143.357959999994	-2592.8408981523135
2025-01-17 14:40:00	26542.014239999997	-2354.958040699272	18744.61368	-3348.7495115588463	19870.705439999998	-3558.085986382037	15693.941439999999	-2094.7213373110553	29143.357959999994	-2603.112097382207
2025-01-17 14:50:00	26542.014239999997	-2368.713883646975	18744.61368	-3349.505995355881	19870.705439999998	-3554.0344304461432	15693.941439999999	-2099.3494069694407	29143.357959999994	-2621.4839998255047
2025-01-17 15:00:00	15482.841640000002	-2347.87255049335	10934.357980000002	-3307.34441658202	11591.244840000001	-3511.2158163749973	9154.799173333335	-2075.6692093786805	17000.292143333332	-2607.1642462210693
2025-01-17 15:10:00	15482.841640000002	-2371.3642068656045	10934.357980000002	-3319.786743409426	11591.244840000001	-3521.754635717716	9154.799173333335	-2083.0309629145613	17000.292143333332	-2633.2148867006727
2025-01-17 15:20:00	15482.841640000002	-2372.9580642660476	10934.357980000002	-3320.1667685386456	11591.244840000001	-3521.070877611435	9154.799173333335	-2086.765082715574	17000.292143333332	-2638.2559898529435
2025-01-17 15:30:00	15482.841640000002	-2375.8316104121586	10934.357980000002	-3320.3431852499707	11591.244840000001	-3520.033410606313	9154.799173333335	-2090.7697936631466	17000.292143333332	-2641.2141412158708
2025-01-17 15:40:00	15482.841640000002	-2377.687162473405	10934.357980000002	-3319.918627716981	11591.244840000001	-3514.411395933863	9154.799173333335	-2091.465044578097	17000.292143333332	-2648.997155980127
2025-01-17 15:50:00	15482.841640000002	-2381.5794795088696	10934.357980000002	-3318.583374702337	11591.244840000001	-3515.9109793804328	9154.799173333335	-2090.4705246192316	17000.292143333332	-2657.7039672089086
2025-01-17 16:00:00	1603.364868	-2577.537702474666	1132.335126	-3584.2841510470726	1200.360708	-3798.9960137535677	948.048408	-2259.6530553432967	1760.5082969999996	-2879.374140867917
2025-01-17 16:10:00	1603.364868	-2590.5563212328434	1132.335126	-3582.5520416224417	1200.360708	-3800.589731284031	948.048408	-2264.333898512671	1760.5082969999996	-2893.736387891251
2025-01-17 16:20:00	1603.364868	-2581.7754500683313	1132.335126	-3572.7887303801945	1200.360708	-3793.2127300075413	948.048408	-2263.1559258195553	1760.5082969999996	-2889.05579257524
2025-01-17 16:30:00	1603.364868	-2575.1017026502823	1132.335126	-3563.8102981578113	1200.360708	-3781.4979508112924	948.048408	-2261.801507085643	1760.5082969999996	-2885.7939068951036
2025-01-17 16:40:00	1603.364868	-2568.3144658085794	1132.335126	-3556.7356195540224	1200.360708	-3771.0505426883833	948.048408	-2258.8954172984904	1760.5082969999996	-2883.451267027135
2025-01-17 16:50:00	1603.364868	-2566.417089572393	1132.335126	-3566.322169034157	1200.360708	-3764.6708435292944	948.048408	-2257.403553601272	1760.5082969999996	-2880.2261170538113
2025-01-17 17:00:00	575.335166	-2627.04587669519	406.315637	-3655.974467775245	430.72524599999997	-3864.262513774639	340.18806266666667	-2312.76945389291	631.7229181666665	-2954.1706274738376
2025-01-17 17:10:00	575.335166	-2620.7996981307097	406.315637	-3657.133244974175	430.72524599999997	-3851.886462094162	340.18806266666667	-2309.8350517415797	631.7229181666665	-2947.085339161043
2025-01-17 17:20:00	575.335166	-2614.683793244332	406.315637	-3658.555296493334	430.72524599999997	-3846.6779488194325	340.18806266666667	-2309.2582292684506	631.7229181666665	-2941.341884775201
2025-01-17 17:30:00	575.335166	-2611.2157445635553	406.315637	-3669.27264032973	430.72524599999997	-3851.994884642013	340.18806266666667	-2306.2812830662665	631.7229181666665	-2937.5470807710994
2025-01-17 17:40:00	575.335166	-2612.5696280289194	406.315637	-3671.507614832898	430.72524599999997	-3854.2893797808792	340.18806266666667	-2306.474967950013	631.7229181666665	-2932.480937521201
2025-01-17 17:50:00	575.335166	-2611.0840466235136	406.315637	-3680.7828534288574	430.72524599999997	-3867.855327497221	340.18806266666667	-2307.753464233836	631.7229181666665	-2928.12025444931
2025-01-17 18:00:00	584.802162	-2685.5451153099425	413.001459	-3787.1163603716905	437.81272199999995	-3991.9874651049986	345.785772	-2374.7583779044826	642.1177604999999	-3012.5556268114733
2025-01-17 18:10:00	584.802162	-2685.5803358569165	413.001459	-3794.0322826892952	437.81272199999995	-4010.1311455782734	345.785772	-2374.1771394232364	642.1177604999999	-3014.8892376638078
2025-01-17 18:20:00	584.802162	-2687.4503783153946	413.001459	-3804.482787341706	437.81272199999995	-4031.636163462804	345.785772	-2373.707221933517	642.1177604999999	-3023.9585092123125
2025-01-17 18:30:00	584.802162	-2688.6256706852664	413.001459	-3811.0814365919405	437.81272199999995	-4051.8791176212926	345.785772	-2376.644582558337	642.1177604999999	-3032.3997950090534
2025-01-17 18:40:00	584.802162	-2691.673468856472	413.001459	-3808.494673880259	437.81272199999995	-4062.277463158116	345.785772	-2384.853767056533	642.1177604999999	-3030.3354461865056
2025-01-17 18:50:00	584.802162	-2704.8617670306307	413.001459	-3800.313876646622	437.81272199999995	-4070.4200390973347	345.785772	-2388.604331491756	642.1177604999999	-3030.1144113759865
2025-01-17 19:00:00	580.1547276	-2757.7455574274272	409.7193282	-3865.7023973737687	434.3334156	-4140.405103748168	343.0378056	-2423.014867873141	637.0148379	-3080.7258784075484
2025-01-17 19:10:00	580.1547276	-2760.402141518343	409.7193282	-3866.769841723767	434.3334156	-4146.699834099762	343.0378056	-2421.2929745624506	637.0148379	-3070.375761172754
2025-01-17 19:20:00	580.1547276	-2755.007847079301	409.7193282	-3857.475738295674	434.3334156	-4154.508927538427	343.0378056	-2417.561054985485	637.0148379	-3075.0059638185476
2025-01-17 19:30:00	580.1547276	-2749.0663552766177	409.7193282	-3857.3941222464236	434.3334156	-4154.020154261919	343.0378056	-2416.529341355856	637.0148379	-3084.264356929264
2025-01-17 19:40:00	580.1547276	-2744.7573816666277	409.7193282	-3849.459826501464	434.3334156	-4153.214757130798	343.0378056	-2411.1046202205716	637.0148379	-3079.6100086729766
2025-01-17 19:50:00	580.1547276	-2741.6075632623674	409.7193282	-3846.2816419662868	434.3334156	-4167.672165682497	343.0378056	-2410.1991115239575	637.0148379	-3081.4315896590338
2025-01-17 20:00:00	567.7615692	-2763.888175953818	400.9669794	-3877.4798802303076	425.0552652	-4197.551372033444	335.7098952	-2425.5425173681997	623.4070442999999	-3100.174602529361
2025-01-17 20:10:00	567.7615692	-2767.0314527056753	400.9669794	-3883.0155442897158	425.0552652	-4198.226156917433	335.7098952	-2420.2642998224815	623.4070442999999	-3104.0782187446152
2025-01-17 20:20:00	567.7615692	-2765.938082231282	400.9669794	-3887.123995878682	425.0552652	-4205.006169515098	335.7098952	-2416.085990519517	623.4070442999999	-3100.1144493183415
2025-01-17 20:30:00	567.7615692	-2766.4134483076164	400.9669794	-3889.051153581643	425.0552652	-4209.009254855602	335.7098952	-2413.6507055559728	623.4070442999999	-3105.37927418632
2025-01-17 20:40:00	567.7615692	-2766.0354488717985	400.9669794	-3890.1475058845135	425.0552652	-4205.657588001055	335.7098952	-2412.3656782653143	623.4070442999999	-3107.20095793057
2025-01-17 20:50:00	567.7615692	-2767.8404719557707	400.9669794	-3890.8323572802146	425.0552652	-4199.313266298837	335.7098952	-2409.3870968558563	623.4070442999999	-3107.595013161273
2025-01-17 21:00:00	594.4412852	-2812.8915948552667	419.80884140000006	-3959.8909775152615	445.0290612	-4269.941971581559	351.4852578666667	-2444.8582726804552	652.7015999666667	-3161.3403737847207
2025-01-17 21:10:00	594.4412852	-2808.6893842189143	419.80884140000006	-3962.6506763998223	445.0290612	-4270.118618079963	351.4852578666667	-2440.357235543649	652.7015999666667	-3169.0095867540545
2025-01-17 21:20:00	594.4412852	-2805.263221070827	419.80884140000006	-3976.3058951542307	445.0290612	-4268.230483985236	351.4852578666667	-2441.6925834010663	652.7015999666667	-3160.801013147968
2025-01-17 21:30:00	594.4412852	-2796.278595515133	419.80884140000006	-3981.2832046376425	445.0290612	-4264.0357809758125	351.4852578666667	-2435.551199289089	652.7015999666667	-3153.3352044813855
2025-01-17 21:40:00	594.4412852	-2791.111331948989	419.80884140000006	-3979.888087928489	445.0290612	-4250.255437639117	351.4852578666667	-2431.0190885186503	652.7015999666667	-3147.652174912117
2025-01-17 21:50:00	594.4412852	-2789.905973267281	419.80884140000006	-3974.0234106593734	445.0290612	-4235.493659034008	351.4852578666667	-2428.877009343205	652.7015999666667	-3140.282273132356
2025-01-17 22:00:00	618.4530296	-2812.191404998862	436.76651720000007	-4006.8300402219174	463.0054776	-4260.234722202831	365.6830842666667	-2448.9337018083766	679.0667000666666	-3168.5637545499817
2025-01-17 22:10:00	618.4530296	-2803.593177204695	436.76651720000007	-3990.218555005201	463.0054776	-4244.9010232430755	365.6830842666667	-2445.631845977159	679.0667000666666	-3161.3253756655467
2025-01-17 22:20:00	618.4530296	-2797.461623597381	436.76651720000007	-3974.8523822005864	463.0054776	-4228.7051441238245	365.6830842666667	-2442.0300445838834	679.0667000666666	-3155.388937724261
2025-01-17 22:30:00	618.4530296	-2791.0055699303357	436.76651720000007	-3959.609750349984	463.0054776	-4213.870646782078	365.6830842666667	-2438.0946115633683	679.0667000666666	-3149.810012086794
2025-01-17 22:40:00	618.4530296	-2786.0597862570876	436.76651720000007	-3943.9055809861056	463.0054776	-4197.773869692978	365.6830842666667	-2433.4956181202288	679.0667000666666	-3138.7280113423767
2025-01-17 22:50:00	618.4530296	-2777.431459505471	436.76651720000007	-3931.0051958398108	463.0054776	-4181.325027809411	365.6830842666667	-2430.223585558905	679.0667000666666	-3135.2384798496714
2025-01-17 23:00:00	557.6921280000001	-2820.095138906088	393.8556960000001	-3986.594809498882	417.51676800000007	-4240.907969258355	329.75596800000005	-2468.654888299323	612.350712	-3181.913424268969
2025-01-17 23:10:00	557.6921280000001	-2811.704405237799	393.8556960000001	-3968.1007132297814	417.51676800000007	-4223.575970056541	329.75596800000005	-2463.0286977221645	612.350712	-3174.789009752035
2025-01-17 23:20:00	557.6921280000001	-2802.8892423076654	393.8556960000001	-3951.782598681181	417.51676800000007	-4206.95664839723	329.75596800000005	-2458.824098229007	612.350712	-3161.7527113382102
2025-01-17 23:30:00	557.6921280000001	-2794.1988475050834	393.8556960000001	-3935.3946700904294	417.51676800000007	-4191.233909404642	329.75596800000005	-2452.3051411807137	612.350712	-3150.439257011094
2025-01-17 23:40:00	557.6921280000001	-2786.4638912936184	393.8556960000001	-3919.4549297686895	417.51676800000007	-4177.078193196998	329.75596800000005	-2447.316149168614	612.350712	-3141.1303575078655
2025-01-17 23:50:00	557.6921280000001	-2778.557674260185	393.8556960000001	-3905.030014415865	417.51676800000007	-4161.536171193695	329.75596800000005	-2442.3555046787533	612.350712	-3131.714646572852
2025-01-18 00:00:00	568.9664596	-2784.11362257128	401.8179022	-3908.0942661182467	425.9573076	-4162.9044408306745	336.42233093333334	-2448.136499795564	624.7300242333333	-3138.5517972897687
2025-01-18 00:10:00	568.9664596	-2775.0021612049486	401.8179022	-3890.5052625120065	425.9573076	-4144.371590905155	336.42233093333334	-2441.345776684319	624.7300242333333	-3127.2349319985024
2025-01-18 00:20:00	568.9664596	-2767.0383093415994	401.8179022	-3875.8333610851437	425.9573076	-4130.000649596393	336.42233093333334	-2436.343106045192	624.7300242333333	-3115.1360083681566
2025-01-18 00:30:00	568.9664596	-2760.1242845856914	401.8179022	-3860.07671688273	425.9573076	-4115.418360740366	336.42233093333334	-2431.7008902849348	624.7300242333333	-3104.4717487439966
2025-01-18 00:40:00	568.9664596	-2751.749032886658	401.8179022	-3843.8764644152266	425.9573076	-4099.851354321726	336.42233093333334	-2426.2790926784187	624.7300242333333	-3094.062587860263
2025-01-18 00:50:00	568.9664596	-2744.0185566990694	401.8179022	-3827.181477293458	425.9573076	-4083.7755130038868	336.42233093333334	-2419.5419151533315	624.7300242333333	-3082.406351825609
2025-01-18 01:00:00	558.3806368	-2748.1597615828728	394.34193760000005	-3828.2630254816686	418.0322208	-4085.7519727947656	330.16307413333334	-2424.8361590111735	613.1067005333333	-3085.173373927198
2025-01-18 01:10:00	558.3806368	-2739.9389971994005	394.34193760000005	-3813.5985461561813	418.0322208	-4069.1798888736266	330.16307413333334	-2420.5947525494867	613.1067005333333	-3074.842044579611
2025-01-18 01:20:00	558.3806368	-2731.161180314747	394.34193760000005	-3799.2867168549565	418.0322208	-4053.671464529628	330.16307413333334	-2415.314072549297	613.1067005333333	-3064.760294466683
2025-01-18 01:30:00	558.3806368	-2723.594594504634	394.34193760000005	-3784.022449144336	418.0322208	-4039.0611701046055	330.16307413333334	-2411.626494067111	613.1067005333333	-3055.2140572536196
2025-01-18 01:40:00	558.3806368	-2716.499832531319	394.34193760000005	-3774.7655459732223	418.0322208	-4030.0843365557394	330.16307413333334	-2404.180036674441	613.1067005333333	-3042.623393170926
2025-01-18 01:50:00	558.3806368	-2709.6128221587774	394.34193760000005	-3769.23849569128	418.0322208	-4024.39777524685	330.16307413333334	-2399.5005708461995	613.1067005333333	-3032.1753834989436
2025-01-18 02:00:00	566.9009331999999	-2722.701975808148	400.3591774	-3794.0621522625092	424.41094919999995	-4050.7699525165226	335.2010125333333	-2411.658694583438	622.4620586333333	-3045.503008261193
2025-01-18 02:10:00	566.9009331999999	-2716.533282284928	400.3591774	-3791.1611720891065	424.41094919999995	-4047.4966085058995	335.2010125333333	-2406.040494487159	622.4620586333333	-3035.2643551508518
2025-01-18 02:20:00	566.9009331999999	-2709.3453557418725	400.3591774	-3789.4353083800384	424.41094919999995	-4045.7909897165964	335.2010125333333	-2399.493522520961	622.4620586333333	-3029.7286545257357
2025-01-18 02:30:00	566.9009331999999	-2703.9692890639744	400.3591774	-3788.563020827333	424.41094919999995	-4045.067148195316	335.2010125333333	-2394.754832596799	622.4620586333333	-3026.160384196779
2025-01-18 02:40:00	566.9009331999999	-2701.022587193312	400.3591774	-3787.7931861219135	424.41094919999995	-4044.6118847104963	335.2010125333333	-2390.3692916339187	622.4620586333333	-3024.2486965952157
2025-01-18 02:50:00	566.9009331999999	-2699.0135347417267	400.3591774	-3787.204414640372	424.41094919999995	-4044.082172024606	335.2010125333333	-2384.6819274633435	622.4620586333333	-3022.536071616183
2025-01-18 03:00:00	555.970856	-2712.6510398762152	392.64009200000004	-3807.6273753061564	416.228136	-4065.6909664644336	328.7382026666667	-2391.6849430669063	610.4607406666667	-3038.3833137710544
2025-01-18 03:10:00	555.970856	-2711.4482660234207	392.64009200000004	-3806.698383374122	416.228136	-4065.4568770549104	328.7382026666667	-2386.674047007451	610.4607406666667	-3037.1935188123225
2025-01-18 03:20:00	555.970856	-2710.9735123351084	392.64009200000004	-3807.281474065511	416.228136	-4065.578603626067	328.7382026666667	-2384.1317062235585	610.4607406666667	-3037.198229719278
2025-01-18 03:30:00	555.970856	-2710.755004990851	392.64009200000004	-3807.4275487083737	416.228136	-4065.086226128152	328.7382026666667	-2381.742893342569	610.4607406666667	-3036.883046863035
2025-01-18 03:40:00	555.970856	-2710.514327879124	392.64009200000004	-3807.1751915851805	416.228136	-4065.073193812137	328.7382026666667	-2380.228800387651	610.4607406666667	-3036.504379170623
2025-01-18 03:50:00	555.970856	-2710.303622880362	392.64009200000004	-3806.884814143182	416.228136	-4064.827403251493	328.7382026666667	-2379.1162575085327	610.4607406666667	-3036.3141679390646
2025-01-18 04:00:00	601.8427548000001	-2718.7733577586123	425.03593860000007	-3819.0267996036237	450.5701788	-4078.085199914557	355.8616488	-2386.3416373223317	660.8284767	-3046.063954197672
2025-01-18 04:10:00	601.8427548000001	-2718.778177509712	425.03593860000007	-3819.1359568056923	450.5701788	-4077.8030139482935	355.8616488	-2386.140993856594	660.8284767	-3046.090098075182
2025-01-18 04:20:00	601.8427548000001	-2718.7886912443714	425.03593860000007	-3818.856459134683	450.5701788	-4078.2206725218603	355.8616488	-2385.8017284467405	660.8284767	-3046.1818050992774
2025-01-18 04:30:00	601.8427548000001	-2718.7219531203787	425.03593860000007	-3818.7750371544607	450.5701788	-4078.0705954716423	355.8616488	-2385.3452803400282	660.8284767	-3046.073873425156
2025-01-18 04:40:00	601.8427548000001	-2718.7920218327317	425.03593860000007	-3818.838417545624	450.5701788	-4077.597506243642	355.8616488	-2385.3454667578194	660.8284767	-3045.513789568746
2025-01-18 04:50:00	601.8427548000001	-2718.878286507037	425.03593860000007	-3819.4905804961863	450.5701788	-4077.8358913846187	355.8616488	-2385.8595610671	660.8284767	-3045.705909868176
2025-01-18 05:00:00	590.9987411999999	-2755.759449097991	417.3776334	-3871.840448776176	442.4517972	-4133.846838740909	349.4497272	-2417.767479896299	648.9216572999999	-3088.4264403030147
2025-01-18 05:10:00	590.9987411999999	-2754.998905560511	417.3776334	-3870.6783093416693	442.4517972	-4133.107795772395	349.4497272	-2417.4970510564935	648.9216572999999	-3087.593991754273
2025-01-18 05:20:00	590.9987411999999	-2754.9575012367345	417.3776334	-3870.5446160551514	442.4517972	-4133.1217594916525	349.4497272	-2417.222985634272	648.9216572999999	-3087.209287936538
2025-01-18 05:30:00	590.9987411999999	-2755.1572745455464	417.3776334	-3870.749030805901	442.4517972	-4133.71554788798	349.4497272	-2417.597487643875	648.9216572999999	-3087.581764736334
2025-01-18 05:40:00	590.9987411999999	-2755.6539504060142	417.3776334	-3870.977736544442	442.4517972	-4133.828638063342	349.4497272	-2417.7157292086094	648.9216572999999	-3088.1390572086743
2025-01-18 05:50:00	590.9987411999999	-2755.6884742133584	417.3776334	-3871.307417634242	442.4517972	-4132.976493176426	349.4497272	-2417.8723703663873	648.9216572999999	-3088.0082430175917
2025-01-18 06:00:00	561.2207356	-2784.8483336680583	396.34768420000006	-3912.3994605841426	420.1584636	-4176.9529722734305	331.8423869333334	-2443.135899694328	616.2251532333333	-3121.707052348202
2025-01-18 06:10:00	561.2207356	-2783.779610555165	396.34768420000006	-3911.7818988596646	420.1584636	-4176.1937620756335	331.8423869333334	-2441.603511378341	616.2251532333333	-3120.849212911382
2025-01-18 06:20:00	561.2207356	-2793.794045147465	396.34768420000006	-3926.1030419232166	420.1584636	-4186.579065915071	331.8423869333334	-2451.043646770072	616.2251532333333	-3149.0173207971075
2025-01-18 06:30:00	561.2207356	-2799.8927038199604	396.34768420000006	-3934.5162276519377	420.1584636	-4197.85977773067	331.8423869333334	-2459.648576120101	616.2251532333333	-3166.139013962542
2025-01-18 06:40:00	561.2207356	-2803.9586124129014	396.34768420000006	-3939.742371464906	420.1584636	-4198.817875873182	331.8423869333334	-2467.9877877814674	616.2251532333333	-3188.173804331365
2025-01-18 06:50:00	561.2207356	-2810.893225115317	396.34768420000006	-3955.4860182986477	420.1584636	-4219.236442553215	331.8423869333334	-2473.079903745391	616.2251532333333	-3199.1242853256886
2025-01-18 07:00:00	617.4202664000001	-2812.1579481610206	436.03715480000005	-3947.813519630866	462.2322984	-4219.781242363684	365.0724250666667	-2472.838278718722	677.9327172666667	-3204.5052000151586
2025-01-18 07:10:00	617.4202664000001	-2824.744936025365	436.03715480000005	-3958.022261704721	462.2322984	-4226.929501110141	365.0724250666667	-2477.523339168583	677.9327172666667	-3223.4136531904455
2025-01-18 07:20:00	617.4202664000001	-2846.187766563006	436.03715480000005	-3992.647339152085	462.2322984	-4233.764419373146	365.0724250666667	-2492.6475027193273	677.9327172666667	-3248.654233395165
2025-01-18 07:30:00	617.4202664000001	-2864.776413361609	436.03715480000005	-4011.54602923725	462.2322984	-4236.441979567552	365.0724250666667	-2503.2035319151905	677.9327172666667	-3270.8129593010995
2025-01-18 07:40:00	617.4202664000001	-2875.4853103657024	436.03715480000005	-4029.2459554328907	462.2322984	-4238.0799394690275	365.0724250666667	-2513.503972876341	677.9327172666667	-3277.339339857962
2025-01-18 07:50:00	617.4202664000001	-2894.0495595482635	436.03715480000005	-4052.5270273044553	462.2322984	-4255.9075986059115	365.0724250666667	-2528.3993631205026	677.9327172666667	-3285.0920985515804
2025-01-18 08:00:00	3907.28744	-2917.362813737652	2759.42108	-4093.6273415612923	2925.19464	-4291.483474586474	2310.327306666667	-2555.824906806408	4290.234926666666	-3320.7057993698136
2025-01-18 08:10:00	3907.28744	-2928.318193320337	2759.42108	-4109.84372825999	2925.19464	-4298.108145256005	2310.327306666667	-2568.7594582579504	4290.234926666666	-3339.260326097986
2025-01-18 08:20:00	3907.28744	-2946.8768777235855	2759.42108	-4127.6539196788235	2925.19464	-4340.09133933173	2310.327306666667	-2583.9754476048547	4290.234926666666	-3354.4039852486494
2025-01-18 08:30:00	3907.28744	-2943.391950820431	2759.42108	-4148.071214045152	2925.19464	-4373.563542000575	2310.327306666667	-2599.8278776685192	4290.234926666666	-3361.811552721986
2025-01-18 08:40:00	3907.28744	-2937.342772288781	2759.42108	-4158.081276348006	2925.19464	-4405.23132978411	2310.327306666667	-2608.802456248367	4290.234926666666	-3345.0233748244045
2025-01-18 08:50:00	3907.28744	-2930.463611562861	2759.42108	-4162.902202831308	2925.19464	-4438.067289754832	2310.327306666667	-2609.041251566241	4290.234926666666	-3336.0250291730845
2025-01-18 09:00:00	9200.198840000001	-2838.471540675915	6497.403380000001	-4039.683741807725	6887.73804	-4305.808313762584	5439.9557066666675	-2515.8245918247303	10101.896776666666	-3216.732303625744
2025-01-18 09:10:00	9200.198840000001	-2842.1276902837253	6497.403380000001	-4032.760641266612	6887.73804	-4291.891261699182	5439.9557066666675	-2517.50104310386	10101.896776666666	-3205.8260570364982
2025-01-18 09:20:00	9200.198840000001	-2840.874952271486	6497.403380000001	-4024.199382127812	6887.73804	-4288.030019366372	5439.9557066666675	-2518.752875682736	10101.896776666666	-3204.127096235843
2025-01-18 09:30:00	9200.198840000001	-2840.401804926196	6497.403380000001	-4017.398791461472	6887.73804	-4276.8110842068545	5439.9557066666675	-2517.659632103425	10101.896776666666	-3204.4368617413
2025-01-18 09:40:00	9200.198840000001	-2841.006058892788	6497.403380000001	-4008.84294471041	6887.73804	-4265.408361102749	5439.9557066666675	-2518.4344161285926	10101.896776666666	-3205.166183366735
2025-01-18 09:50:00	9200.198840000001	-2840.972751495652	6497.403380000001	-4010.0267385108236	6887.73804	-4255.694655102316	5439.9557066666675	-2514.433488241516	10101.896776666666	-3203.9229355861116
2025-01-18 10:00:00	25354.336560000003	-2712.514374524373	17905.846920000004	-3812.3452768923016	18981.54936	-4052.383302702161	14991.68336	-2401.073063821019	27839.27774	-3053.911015530568
2025-01-18 10:10:00	25354.336560000003	-2704.441832823686	17905.846920000004	-3801.1591873651123	18981.54936	-4047.9758778043906	14991.68336	-2398.164041410593	27839.27774	-3051.6900928689065
2025-01-18 10:20:00	25354.336560000003	-2715.492128615737	17905.846920000004	-3809.0871230599405	18981.54936	-4052.9650743951643	14991.68336	-2400.1630444466537	27839.27774	-3070.913081692772
2025-01-18 10:30:00	25354.336560000003	-2726.175340619291	17905.846920000004	-3811.8214137721006	18981.54936	-4055.6496649004985	14991.68336	-2402.2090863139783	27839.27774	-3089.681189602652
2025-01-18 10:40:00	25354.336560000003	-2734.56295429929	17905.846920000004	-3809.6303865267073	18981.54936	-4057.5330774561517	14991.68336	-2404.017979083379	27839.27774	-3097.4465910655126
2025-01-18 10:50:00	25354.336560000003	-2743.261229341322	17905.846920000004	-3809.701295156872	18981.54936	-4056.025616304494	14991.68336	-2406.9941757427587	27839.27774	-3112.402956739141
2025-01-18 11:00:00	32351.30724	-2627.763267181901	22847.27718	-3626.014700153377	24219.83844	-3860.285931318398	19128.899439999997	-2295.8833597901466	35522.01121	-2978.0280367155356
2025-01-18 11:10:00	32351.30724	-2629.8208027551736	22847.27718	-3625.7168619297954	24219.83844	-3865.39906351802	19128.899439999997	-2299.013581117477	35522.01121	-2987.2830522678123
2025-01-18 11:20:00	32351.30724	-2641.4345614795166	22847.27718	-3633.466416036201	24219.83844	-3875.108494998469	19128.899439999997	-2303.0686920899607	35522.01121	-2991.469130155994
2025-01-18 11:30:00	32351.30724	-2656.145733102072	22847.27718	-3641.8843380297512	24219.83844	-3888.100548097056	19128.899439999997	-2312.47785655384	35522.01121	-2990.6009564448614
2025-01-18 11:40:00	32351.30724	-2659.324548833778	22847.27718	-3651.8313275701075	24219.83844	-3898.7012381014756	19128.899439999997	-2315.7916708973135	35522.01121	-2984.763369168708
2025-01-18 11:50:00	32351.30724	-2665.7987262425377	22847.27718	-3658.392087486998	24219.83844	-3904.278907743359	19128.899439999997	-2321.0444879643	35522.01121	-2983.1014318464368
2025-01-18 12:00:00	36809.40172	-2553.947801255774	25995.691540000003	-3499.8636027386674	27557.39532	-3738.0079332918576	21764.911653333336	-2222.915993011502	40417.03696333333	-2847.1247692667093
2025-01-18 12:10:00	36809.40172	-2560.360721375553	25995.691540000003	-3509.4722620166795	27557.39532	-3747.0236528915448	21764.911653333336	-2231.2337939459867	40417.03696333333	-2845.1687963656877
2025-01-18 12:20:00	36809.40172	-2566.5422375084454	25995.691540000003	-3525.661185299763	27557.39532	-3758.863029933731	21764.911653333336	-2240.052533546459	40417.03696333333	-2847.322636518904
2025-01-18 12:30:00	36809.40172	-2566.6925247671315	25995.691540000003	-3542.5098106346086	27557.39532	-3766.7344179162574	21764.911653333336	-2244.4195189993334	40417.03696333333	-2848.211140859843
2025-01-18 12:40:00	36809.40172	-2567.757983731506	25995.691540000003	-3547.597171812591	27557.39532	-3780.0300698370884	21764.911653333336	-2252.6838779058417	40417.03696333333	-2843.226885993885
2025-01-18 12:50:00	36809.40172	-2573.2770049995524	25995.691540000003	-3558.068067321994	27557.39532	-3790.391148602186	21764.911653333336	-2248.2937978284535	40417.03696333333	-2841.3175424435904
2025-01-18 13:00:00	32471.796280000002	-2495.2888099514603	22932.36946	-3448.319148679617	24310.042680000002	-3663.575943261403	19200.143013333334	-2164.0273254927815	35654.30920333333	-2737.8235931576346
2025-01-18 13:10:00	32471.796280000002	-2505.6205575500207	22932.36946	-3472.2978812381807	24310.042680000002	-3684.3545763592447	19200.143013333334	-2161.6325374429034	35654.30920333333	-2741.3454563550767
2025-01-18 13:20:00	32471.796280000002	-2504.359735823542	22932.36946	-3483.813401198666	24310.042680000002	-3693.21746769375	19200.143013333334	-2165.007681942174	35654.30920333333	-2757.702338763229
2025-01-18 13:30:00	32471.796280000002	-2498.363119670823	22932.36946	-3500.5294997086385	24310.042680000002	-3702.1354721133757	19200.143013333334	-2167.613268852885	35654.30920333333	-2750.271397231205
2025-01-18 13:40:00	32471.796280000002	-2492.1454253812044	22932.36946	-3504.935201260836	24310.042680000002	-3711.1459607573306	19200.143013333334	-2165.1260746717417	35654.30920333333	-2756.2901747838405
2025-01-18 13:50:00	32471.796280000002	-2488.56980630989	22932.36946	-3516.6923224016427	24310.042680000002	-3722.089163310382	19200.143013333334	-2163.889839692354	35654.30920333333	-2764.551748850652
2025-01-18 14:00:00	25208.028440000002	-2456.960113783476	17802.52058	-3474.457778588243	18872.015639999998	-3682.0165801584153	14905.173306666667	-2136.1206698840633	27678.630176666666	-2729.961213420789
2025-01-18 14:10:00	25208.028440000002	-2461.9089810939586	17802.52058	-3484.379520104638	18872.015639999998	-3703.74851864067	14905.173306666667	-2144.0573757841576	27678.630176666666	-2731.5643547373875
2025-01-18 14:20:00	25208.028440000002	-2455.947936999164	17802.52058	-3488.5808395405074	18872.015639999998	-3710.8619254969526	14905.173306666667	-2145.383137871535	27678.630176666666	-2727.62598619032
2025-01-18 14:30:00	25208.028440000002	-2453.7264045056327	17802.52058	-3493.0842314932015	18872.015639999998	-3711.9273875902763	14905.173306666667	-2148.985891362767	27678.630176666666	-2725.310920745753
2025-01-18 14:40:00	25208.028440000002	-2466.7909242654714	17802.52058	-3495.475931208257	18872.015639999998	-3721.739327250394	14905.173306666667	-2152.9288569336695	27678.630176666666	-2724.300453050346
2025-01-18 14:50:00	25208.028440000002	-2478.2823063121286	17802.52058	-3502.2546671082237	18872.015639999998	-3726.7508357602565	14905.173306666667	-2155.787347687592	27678.630176666666	-2722.675143569002
2025-01-18 15:00:00	15431.203480000002	-2503.476898721521	10897.889860000001	-3529.747455437433	11552.58588	-3751.0535592880296	9124.266213333334	-2171.854420872278	16943.59300333333	-2763.766952523052
2025-01-18 15:10:00	15431.203480000002	-2519.631621934397	10897.889860000001	-3541.681121682679	11552.58588	-3757.6890604221135	9124.266213333334	-2177.5588128360887	16943.59300333333	-2786.439573617208
2025-01-18 15:20:00	15431.203480000002	-2521.817443459171	10897.889860000001	-3539.490406377401	11552.58588	-3759.2734763032513	9124.266213333334	-2179.644666319253	16943.59300333333	-2789.1582068516727
2025-01-18 15:30:00	15431.203480000002	-2525.9279187574975	10897.889860000001	-3537.902262157282	11552.58588	-3760.431720487275	9124.266213333334	-2183.3038774424167	16943.59300333333	-2794.758509707135
2025-01-18 15:40:00	15431.203480000002	-2532.004234654334	10897.889860000001	-3531.913734252341	11552.58588	-3753.9450506362555	9124.266213333334	-2187.518936138342	16943.59300333333	-2799.8245173172472
2025-01-18 15:50:00	15431.203480000002	-2534.629865428742	10897.889860000001	-3527.3644716862564	11552.58588	-3748.6127812998984	9124.266213333334	-2190.292738596958	16943.59300333333	-2803.076131611393
2025-01-18 16:00:00	2076.714668	-2620.5760356690785	1466.626226	-3641.9044059773823	1554.734508	-3869.5728707788803	1227.9338746666667	-2259.775162332597	2280.2504136666666	-2903.1089660822126
2025-01-18 16:10:00	2076.714668	-2635.543316397668	1466.626226	-3642.545369732672	1554.734508	-3872.712038772296	1227.9338746666667	-2264.3021833897733	2280.2504136666666	-2915.1849386557205
2025-01-18 16:20:00	2076.714668	-2632.0563241955865	1466.626226	-3629.7191167580622	1554.734508	-3859.3042070746533	1227.9338746666667	-2263.6043630302897	2280.2504136666666	-2910.6780827116736
2025-01-18 16:30:00	2076.714668	-2627.042912759563	1466.626226	-3619.083362893366	1554.734508	-3849.502446544603	1227.9338746666667	-2261.9521322324704	2280.2504136666666	-2905.735947709555
2025-01-18 16:40:00	2076.714668	-2622.815432848241	1466.626226	-3605.938102424945	1554.734508	-3838.29785303633	1227.9338746666667	-2259.1086755910683	2280.2504136666666	-2898.2060316967218
2025-01-18 16:50:00	2076.714668	-2619.5039100684057	1466.626226	-3594.793323378307	1554.734508	-3827.4105426830256	1227.9338746666667	-2263.814127257321	2280.2504136666666	-2896.983991801336
2025-01-18 17:00:00	605.4574259999999	-2676.9635603994116	427.588707	-3670.164688908024	453.276306	-3911.9647760976213	357.998956	-2317.3298085403694	664.7974164999999	-2963.2579266990588
2025-01-18 17:10:00	605.4574259999999	-2678.1274350821227	427.588707	-3661.9046172810154	453.276306	-3910.044294850075	357.998956	-2314.409809533291	664.7974164999999	-2957.9172575890125
2025-01-18 17:20:00	605.4574259999999	-2682.4220981517296	427.588707	-3650.7006301196798	453.276306	-3897.708382996155	357.998956	-2309.133036209243	664.7974164999999	-2950.393553939686
2025-01-18 17:30:00	605.4574259999999	-2671.0376771924384	427.588707	-3653.926645810943	453.276306	-3883.1754893426096	357.998956	-2307.7045035627507	664.7974164999999	-2947.3137409255623
2025-01-18 17:40:00	605.4574259999999	-2663.0485512761825	427.588707	-3664.5302276766834	453.276306	-3882.3066710742623	357.998956	-2306.1450955481405	664.7974164999999	-2941.576628665514
2025-01-18 17:50:00	605.4574259999999	-2658.6439055126757	427.588707	-3671.071592304035	453.276306	-3885.715581635236	357.998956	-2306.4094437310505	664.7974164999999	-2935.915475790759
2025-01-18 18:00:00	575.0769752	-2684.6587030319783	406.1332964	-3727.1011120419353	430.5319512	-3934.3374544700887	340.0353978666667	-2333.392771823322	631.4394224666667	-2967.135115641843
2025-01-18 18:10:00	575.0769752	-2682.158684296012	406.1332964	-3732.716527170239	430.5319512	-3934.39781648725	340.0353978666667	-2330.191048049479	631.4394224666667	-2958.9585903612833
2025-01-18 18:20:00	575.0769752	-2677.1408763539002	406.1332964	-3745.511776362312	430.5319512	-3940.424882226996	340.0353978666667	-2330.1974424349355	631.4394224666667	-2961.610343543359
2025-01-18 18:30:00	575.0769752	-2677.6326707896346	406.1332964	-3751.6182312838127	430.5319512	-3943.048521364934	340.0353978666667	-2333.011461348958	631.4394224666667	-2957.824532403545
2025-01-18 18:40:00	575.0769752	-2671.4013054639313	406.1332964	-3756.3002749876077	430.5319512	-3939.608876120226	340.0353978666667	-2333.83509714728	631.4394224666667	-2950.845410726167
2025-01-18 18:50:00	575.0769752	-2669.556447834731	406.1332964	-3754.1570987260548	430.5319512	-3938.054744998764	340.0353978666667	-2330.4591021868587	631.4394224666667	-2949.011042539015
2025-01-18 19:00:00	563.8026436	-2726.790061015704	398.1710902	-3839.7748824141395	422.09141159999996	-4032.1737110417303	333.36903493333335	-2383.2046438755287	619.0601102333333	-3019.059046440105
2025-01-18 19:10:00	563.8026436	-2721.8133591034957	398.1710902	-3832.996617997231	422.09141159999996	-4028.5662558644804	333.36903493333335	-2381.310930109754	619.0601102333333	-3015.2105276361553
2025-01-18 19:20:00	563.8026436	-2715.22927488682	398.1710902	-3829.5091954246186	422.09141159999996	-4044.9461057535923	333.36903493333335	-2377.059055313036	619.0601102333333	-3019.9783126058537
2025-01-18 19:30:00	563.8026436	-2708.9689828812093	398.1710902	-3827.9095790505594	422.09141159999996	-4053.06232972883	333.36903493333335	-2376.684678926568	619.0601102333333	-3027.887742789344
2025-01-18 19:40:00	563.8026436	-2703.2746242637	398.1710902	-3826.424129403896	422.09141159999996	-4047.133546808402	333.36903493333335	-2370.527499629255	619.0601102333333	-3031.6783968282016
2025-01-18 19:50:00	563.8026436	-2697.59190651551	398.1710902	-3812.8694071551968	422.09141159999996	-4046.968907287536	333.36903493333335	-2370.414227123741	619.0601102333333	-3038.4876640308794
2025-01-18 20:00:00	567.6755056000001	-2738.8848651353846	400.9061992	-3867.5627958646824	424.9908336	-4116.88966136217	335.65900693333333	-2409.1221885557793	623.3125457333333	-3096.1753367915508
2025-01-18 20:10:00	567.6755056000001	-2730.8594383104255	400.9061992	-3854.1065808510325	424.9908336	-4113.402451504182	335.65900693333333	-2405.771364744155	623.3125457333333	-3092.8787561855743
2025-01-18 20:20:00	567.6755056000001	-2728.4663831863754	400.9061992	-3841.3262525481864	424.9908336	-4121.705278584566	335.65900693333333	-2402.159598407291	623.3125457333333	-3089.153707820633
2025-01-18 20:30:00	567.6755056000001	-2723.5246815361443	400.9061992	-3839.323020703059	424.9908336	-4127.895609425055	335.65900693333333	-2397.8430933864306	623.3125457333333	-3085.839334908417
2025-01-18 20:40:00	567.6755056000001	-2719.548173350313	400.9061992	-3833.086080744792	424.9908336	-4131.821579870017	335.65900693333333	-2394.1260939636054	623.3125457333333	-3084.317155373011
2025-01-18 20:50:00	567.6755056000001	-2717.8997269262254	400.9061992	-3819.248392924462	424.9908336	-4133.784524286793	335.65900693333333	-2392.3948936695506	623.3125457333333	-3082.6734604174726
2025-01-18 21:00:00	586.6094976	-2734.3881947272057	414.2778432	-3838.4561927752534	439.1657856	-4158.966332106145	346.8544256	-2408.9189582834683	644.1022303999999	-3104.5809114912327
2025-01-18 21:10:00	586.6094976	-2733.7976526383964	414.2778432	-3834.2829073787666	439.1657856	-4156.507381631403	346.8544256	-2408.119028622497	644.1022303999999	-3103.061274029672
2025-01-18 21:20:00	586.6094976	-2733.2098085227035	414.2778432	-3838.5356233730786	439.1657856	-4146.236417715101	346.8544256	-2403.4753533158287	644.1022303999999	-3093.023060594455
2025-01-18 21:30:00	586.6094976	-2729.3792085144714	414.2778432	-3839.524960476268	439.1657856	-4131.890726280152	346.8544256	-2400.866074830099	644.1022303999999	-3087.2704873607595
2025-01-18 21:40:00	586.6094976	-2725.8794253376127	414.2778432	-3844.7480890626907	439.1657856	-4119.600012573398	346.8544256	-2400.437299452347	644.1022303999999	-3088.910453043533
2025-01-18 21:50:00	586.6094976	-2717.4554185191373	414.2778432	-3857.328917874834	439.1657856	-4109.031502175794	346.8544256	-2396.670716455563	644.1022303999999	-3074.8245134494896
2025-01-18 22:00:00	607.4368888	-2744.8788064950218	428.9866516	-3914.8711261986873	454.7582328	-4149.365404172594	359.1693861333333	-2421.7837591085427	666.9708835333332	-3107.151478487538
2025-01-18 22:10:00	607.4368888	-2736.6023022711856	428.9866516	-3915.4414798412927	454.7582328	-4132.837170519492	359.1693861333333	-2419.029060666332	666.9708835333332	-3099.4875082081317
2025-01-18 22:20:00	607.4368888	-2728.958973743376	428.9866516	-3897.499732842519	454.7582328	-4119.189973518557	359.1693861333333	-2417.174458271564	666.9708835333332	-3092.5483092093928
2025-01-18 22:30:00	607.4368888	-2720.6943026017534	428.9866516	-3883.102957866333	454.7582328	-4105.2605245626	359.1693861333333	-2414.4354792101767	666.9708835333332	-3085.1368086028024
2025-01-18 22:40:00	607.4368888	-2713.518213323827	428.9866516	-3867.4262615664857	454.7582328	-4095.324139057516	359.1693861333333	-2411.3030835677455	666.9708835333332	-3076.9859172056586
2025-01-18 22:50:00	607.4368888	-2706.130039774657	428.9866516	-3853.373529094739	454.7582328	-4080.97068208792	359.1693861333333	-2407.393827719255	666.9708835333332	-3069.5264248823987
2025-01-18 23:00:00	563.0280712	-2737.2604656721205	397.6240684	-3891.9499797125377	421.51152719999993	-4124.375900942781	332.91104053333333	-2436.8355606177133	618.2096231333333	-3105.71095955867
2025-01-18 23:10:00	563.0280712	-2729.3628099184725	397.6240684	-3875.8315538583797	421.51152719999993	-4110.55551670326	332.91104053333333	-2431.5413881644977	618.2096231333333	-3094.4330766219146
2025-01-18 23:20:00	563.0280712	-2723.016666758009	397.6240684	-3861.194255341718	421.51152719999993	-4098.701131513985	332.91104053333333	-2426.5639071303212	618.2096231333333	-3083.766709907674
2025-01-18 23:30:00	563.0280712	-2715.646120549075	397.6240684	-3847.790625706242	421.51152719999993	-4087.5092503555334	332.91104053333333	-2421.6605011328134	618.2096231333333	-3074.5891603171494
2025-01-18 23:40:00	563.0280712	-2708.994415142941	397.6240684	-3834.382997078025	421.51152719999993	-4071.0998521020147	332.91104053333333	-2417.884843073363	618.2096231333333	-3066.9838632204073
2025-01-18 23:50:00	563.0280712	-2702.4589192023523	397.6240684	-3819.415976656606	421.51152719999993	-4060.003626245143	332.91104053333333	-2413.4315976322537	618.2096231333333	-3058.288037562042
2025-01-19 00:00:00	578.0031376000001	-2714.959897225675	408.1998232	-3831.270237114803	432.7226256	-4077.194590028831	341.76559893333337	-2424.061291389294	634.6523737333333	-3069.3572089870986
2025-01-19 00:10:00	578.0031376000001	-2706.4897356350957	408.1998232	-3815.637733646438	432.7226256	-4060.65702665166	341.76559893333337	-2418.0100528507874	634.6523737333333	-3056.930150710411
2025-01-19 00:20:00	578.0031376000001	-2698.863209590928	408.1998232	-3802.8044744200365	432.7226256	-4044.135749058495	341.76559893333337	-2403.409366776025	634.6523737333333	-3048.2392637541607
2025-01-19 00:30:00	578.0031376000001	-2692.2370302639383	408.1998232	-3789.3159940905675	432.7226256	-4030.29239666814	341.76559893333337	-2393.6525329965793	634.6523737333333	-3039.335952013663
2025-01-19 00:40:00	578.0031376000001	-2686.206120469301	408.1998232	-3775.1548949318935	432.7226256	-4015.707053595809	341.76559893333337	-2387.470579876793	634.6523737333333	-3028.8084880522892
2025-01-19 00:50:00	578.0031376000001	-2679.2092937405237	408.1998232	-3760.923768647375	432.7226256	-3999.619587880523	341.76559893333337	-2382.2246112731	634.6523737333333	-3017.6773693381374
2025-01-19 01:00:00	556.7454284	-2696.4410583162753	393.1871138000001	-3782.003910178867	416.80802040000003	-4025.3409669352804	329.1961970666667	-2399.6899991991727	611.3112277666667	-3036.0125859396985
2025-01-19 01:10:00	556.7454284	-2689.9781051589857	393.1871138000001	-3767.1522254884567	416.80802040000003	-4009.765777832922	329.1961970666667	-2395.183953390785	611.3112277666667	-3028.276640030328
2025-01-19 01:20:00	556.7454284	-2682.6952313327365	393.1871138000001	-3753.773193523436	416.80802040000003	-3994.5528320971925	329.1961970666667	-2389.4742041047352	611.3112277666667	-3018.7969016323614
2025-01-19 01:30:00	556.7454284	-2675.6768698890282	393.1871138000001	-3738.8576551376227	416.80802040000003	-3979.4014883344635	329.1961970666667	-2385.0463696379306	611.3112277666667	-3009.8224807648076
2025-01-19 01:40:00	556.7454284	-2668.5136629275244	393.1871138000001	-3723.5723229311825	416.80802040000003	-3968.1528524797995	329.1961970666667	-2379.9581372544276	611.3112277666667	-2999.013695991709
2025-01-19 01:50:00	556.7454284	-2664.0309256506193	393.1871138000001	-3714.9657319897387	416.80802040000003	-3961.54459146697	329.1961970666667	-2375.678604004658	611.3112277666667	-2989.1130640092515
2025-01-19 02:00:00	570.4295408	-2690.334697212389	402.85116560000006	-3758.761420588421	427.05264480000005	-4010.1712652834876	337.2874314666667	-2402.114875481089	626.3364998666667	-3021.1924690462474
2025-01-19 02:10:00	570.4295408	-2682.3034882337315	402.85116560000006	-3753.791973015431	427.05264480000005	-4006.2680557594867	337.2874314666667	-2396.619574575471	626.3364998666667	-3010.409383049322
2025-01-19 02:20:00	570.4295408	-2677.0996825075863	402.85116560000006	-3751.3439111571724	427.05264480000005	-4004.075448033298	337.2874314666667	-2390.170154536278	626.3364998666667	-3001.2811395408444
2025-01-19 02:30:00	570.4295408	-2673.760181819496	402.85116560000006	-3750.020469041089	427.05264480000005	-4002.7236426010713	337.2874314666667	-2385.152539807017	626.3364998666667	-2996.6309725594547
2025-01-19 02:40:00	570.4295408	-2671.598916554234	402.85116560000006	-3748.8897677314862	427.05264480000005	-4002.1485154425873	337.2874314666667	-2381.0342790642553	626.3364998666667	-2993.5735757897073
2025-01-19 02:50:00	570.4295408	-2670.870216641908	402.85116560000006	-3747.4478935707584	427.05264480000005	-4001.3999520402513	337.2874314666667	-2376.4108486029777	626.3364998666667	-2991.237979552553
2025-01-19 03:00:00	566.9009331999999	-2686.6346735336183	400.3591774	-3772.602544020183	424.41094919999995	-4027.9898072283922	335.2010125333333	-2386.5433592613126	622.4620586333333	-3010.2748327935788
2025-01-19 03:10:00	566.9009331999999	-2685.5590359384582	400.3591774	-3771.8024149858966	424.41094919999995	-4027.661839065394	335.2010125333333	-2380.6925980665596	622.4620586333333	-3008.701608161781
2025-01-19 03:20:00	566.9009331999999	-2685.468122019521	400.3591774	-3772.024888240496	424.41094919999995	-4028.047377753399	335.2010125333333	-2377.4740912494585	622.4620586333333	-3008.5553211060314
2025-01-19 03:30:00	566.9009331999999	-2685.4546694120413	400.3591774	-3772.1392939995103	424.41094919999995	-4027.5207623432434	335.2010125333333	-2372.488568404674	622.4620586333333	-3008.267385180199
2025-01-19 03:40:00	566.9009331999999	-2685.372109031613	400.3591774	-3771.9644651822955	424.41094919999995	-4027.2320688209275	335.2010125333333	-2367.6878934874417	622.4620586333333	-3007.9209207113763
2025-01-19 03:50:00	566.9009331999999	-2685.316465719438	400.3591774	-3771.3016649286474	424.41094919999995	-4027.396658534548	335.2010125333333	-2363.080511706081	622.4620586333333	-3007.519173347656
2025-01-19 04:00:00	606.0598712000001	-2703.951482625061	428.0141684	-3797.7979916968043	453.7273272	-4056.0578491693504	358.3551738666667	-2377.1715089061354	665.4589064666667	-3029.1493770064676
2025-01-19 04:10:00	606.0598712000001	-2703.819287995968	428.0141684	-3797.493620670666	453.7273272	-4055.636043409154	358.3551738666667	-2375.4740084250034	665.4589064666667	-3029.083395660393
2025-01-19 04:20:00	606.0598712000001	-2703.904455054262	428.0141684	-3797.5209939022952	453.7273272	-4055.7439967852997	358.3551738666667	-2374.325609862449	665.4589064666667	-3028.947546896766
2025-01-19 04:30:00	606.0598712000001	-2703.8099176748296	428.0141684	-3797.3563502326733	453.7273272	-4055.1743793760197	358.3551738666667	-2373.3453922796716	665.4589064666667	-3028.6546425015117
2025-01-19 04:40:00	606.0598712000001	-2703.4397566564394	428.0141684	-3797.2960046721837	453.7273272	-4054.9387474536898	358.3551738666667	-2372.664949595568	665.4589064666667	-3028.4349575154743
2025-01-19 04:50:00	606.0598712000001	-2703.7108415827292	428.0141684	-3797.9752415953644	453.7273272	-4055.196123581145	358.3551738666667	-2372.9400829101533	665.4589064666667	-3028.6764899814334
2025-01-19 05:00:00	593.83884	-2712.694680077983	419.38338000000005	-3810.664499898312	444.57804	-4068.722692950085	351.12904000000003	-2380.2215151626197	652.0401099999999	-3038.9942555726507
2025-01-19 05:10:00	593.83884	-2712.470089305282	419.38338000000005	-3810.3729613757505	444.57804	-4068.559969199883	351.12904000000003	-2379.6345433641836	652.0401099999999	-3038.785863854463
2025-01-19 05:20:00	593.83884	-2712.32285329329	419.38338000000005	-3809.8580700245593	444.57804	-4068.3579644289193	351.12904000000003	-2379.467810349038	652.0401099999999	-3038.557597152648
2025-01-19 05:30:00	593.83884	-2712.3737309692838	419.38338000000005	-3810.029978644142	444.57804	-4068.972160071741	351.12904000000003	-2379.9717103678495	652.0401099999999	-3038.7323067657467
2025-01-19 05:40:00	593.83884	-2712.781800202865	419.38338000000005	-3809.9242423775795	444.57804	-4068.762126272818	351.12904000000003	-2380.145097330954	652.0401099999999	-3039.1231355357754
2025-01-19 05:50:00	593.83884	-2712.6593118273727	419.38338000000005	-3810.0068135147767	444.57804	-4068.4890371762012	351.12904000000003	-2379.8844662667498	652.0401099999999	-3039.018185765275
2025-01-19 06:00:00	558.4667004	-2718.329325729168	394.4027178	-3818.116660796188	418.0966524	-4077.260856443789	330.2139624	-2384.6815904136865	613.2011990999999	-3045.5366650001733
2025-01-19 06:10:00	558.4667004	-2718.0685134420733	394.4027178	-3826.9998368532983	418.0966524	-4077.151512236985	330.2139624	-2384.6723630687948	613.2011990999999	-3045.118707199482
2025-01-19 06:20:00	558.4667004	-2730.171615365624	394.4027178	-3862.8928515702896	418.0966524	-4094.971369535722	330.2139624	-2396.2689554312174	613.2011990999999	-3062.0298866109524
2025-01-19 06:30:00	558.4667004	-2744.551242876816	394.4027178	-3895.02165710882	418.0966524	-4104.321573397685	330.2139624	-2409.5660201837327	613.2011990999999	-3081.25771999228
2025-01-19 06:40:00	558.4667004	-2755.763405957445	394.4027178	-3924.8788408452388	418.0966524	-4114.314783282993	330.2139624	-2421.0493075388813	613.2011990999999	-3090.446037937835
2025-01-19 06:50:00	558.4667004	-2775.3854667359387	394.4027178	-3953.297950214294	418.0966524	-4124.4933058519655	330.2139624	-2431.037599904338	613.2011990999999	-3101.8472926626064
2025-01-19 07:00:00	634.2026684	-2787.8887929486855	447.8892938	-3974.447419997521	474.7964604	-4149.779319129182	374.9956370666667	-2442.5096146057413	696.3599377666667	-3110.5227153156966
2025-01-19 07:10:00	634.2026684	-2805.6631610779805	447.8892938	-3993.211637875712	474.7964604	-4162.045797183161	374.9956370666667	-2448.8743292460913	696.3599377666667	-3115.02927514376
2025-01-19 07:20:00	634.2026684	-2825.2628129204304	447.8892938	-4018.68314685108	474.7964604	-4184.61322062776	374.9956370666667	-2455.810057312742	696.3599377666667	-3146.7079658601806
2025-01-19 07:30:00	634.2026684	-2839.5478462605597	447.8892938	-4038.558321921213	474.7964604	-4210.699594812564	374.9956370666667	-2460.1601317648265	696.3599377666667	-3165.384072646939
2025-01-19 07:40:00	634.2026684	-2860.2957708044496	447.8892938	-4056.259834718012	474.7964604	-4232.704923917006	374.9956370666667	-2469.517617605855	696.3599377666667	-3181.627480427429
2025-01-19 07:50:00	634.2026684	-2876.3627194746996	447.8892938	-4063.4750163554963	474.7964604	-4263.846913666093	374.9956370666667	-2486.267758512912	696.3599377666667	-3191.3066477015473
2025-01-19 08:00:00	3535.492688	-2879.8039556138497	2496.850616	-4066.631391010139	2646.8501279999996	-4270.457577782201	2090.4899946666665	-2496.223230772514	3882.001118666666	-3200.4129736562095
2025-01-19 08:10:00	3535.492688	-2893.595956373068	2496.850616	-4073.175493661255	2646.8501279999996	-4297.91584479089	2090.4899946666665	-2507.3348948547996	3882.001118666666	-3203.138184439123
2025-01-19 08:20:00	3535.492688	-2905.1242311784595	2496.850616	-4092.8129022509565	2646.8501279999996	-4301.536920625213	2090.4899946666665	-2519.6079721721394	3882.001118666666	-3192.1717799357116
2025-01-19 08:30:00	3535.492688	-2899.5914050329006	2496.850616	-4093.414218172059	2646.8501279999996	-4286.36135992478	2090.4899946666665	-2530.731047052946	3882.001118666666	-3186.9406202083424
2025-01-19 08:40:00	3535.492688	-2895.89322807507	2496.850616	-4075.4809767879915	2646.8501279999996	-4284.9940244894515	2090.4899946666665	-2531.8888854472048	3882.001118666666	-3178.00140930674
2025-01-19 08:50:00	3535.492688	-2888.0804293476517	2496.850616	-4063.504876352603	2646.8501279999996	-4284.1881829896465	2090.4899946666665	-2527.3554566656435	3882.001118666666	-3177.8695455112506
2025-01-19 09:00:00	8623.57272	-2743.837868118846	6090.17604	-3848.6974340927572	6456.04632	-4064.3687677342714	5099.00432	-2395.0034153792276	9468.756379999999	-3019.8796597095916
2025-01-19 09:10:00	8623.57272	-2737.7785837613865	6090.17604	-3837.4295789747375	6456.04632	-4070.5057745604518	5099.00432	-2395.5675883904823	9468.756379999999	-3022.2429139590968
2025-01-19 09:20:00	8623.57272	-2737.4841888969277	6090.17604	-3826.9313808435945	6456.04632	-4074.004249379759	5099.00432	-2394.695891100614	9468.756379999999	-3028.086086152174
2025-01-19 09:30:00	8623.57272	-2741.781223568878	6090.17604	-3828.3126287478008	6456.04632	-4072.192447268615	5099.00432	-2391.753494905325	9468.756379999999	-3026.086248175561
2025-01-19 09:40:00	8623.57272	-2743.5477893786956	6090.17604	-3835.581575677983	6456.04632	-4067.0940573123207	5099.00432	-2390.8493503765612	9468.756379999999	-3022.6833558633916
2025-01-19 09:50:00	8623.57272	-2744.645862351894	6090.17604	-3843.6013785732284	6456.04632	-4060.830048371623	5099.00432	-2390.5122826038332	9468.756379999999	-3025.741445094096
2025-01-19 10:00:00	27359.61844	-2623.49621377344	19322.02558	-3682.1165262819522	20482.80564	-3879.8533177840727	16177.379973333333	-2285.5097388500653	30041.09434333333	-2890.6506248060796
2025-01-19 10:10:00	27359.61844	-2612.45547523009	19322.02558	-3672.800308868449	20482.80564	-3871.8724097401973	16177.379973333333	-2280.684582768772	30041.09434333333	-2879.7999000419404
2025-01-19 10:20:00	27359.61844	-2624.053670139132	19322.02558	-3683.333791015575	20482.80564	-3880.8787503888198	16177.379973333333	-2284.489514350371	30041.09434333333	-2900.2087177657413
2025-01-19 10:30:00	27359.61844	-2635.103679192842	19322.02558	-3686.470155938594	20482.80564	-3885.850127193502	16177.379973333333	-2289.7844747658855	30041.09434333333	-2915.7994950097964
2025-01-19 10:40:00	27359.61844	-2642.7568612648756	19322.02558	-3686.5235906935086	20482.80564	-3895.5693769032514	16177.379973333333	-2295.3354379351586	30041.09434333333	-2932.8890335194847
2025-01-19 10:50:00	27359.61844	-2655.0862161889163	19322.02558	-3694.399633676414	20482.80564	-3907.5937811082404	16177.379973333333	-2302.3653063199163	30041.09434333333	-2941.672018555055
2025-01-19 11:00:00	33504.559479999996	-2530.6012427811293	23661.73186	-3503.6036239288005	25083.221879999997	-3708.0172567136833	19810.802213333332	-2188.6569240068457	36788.29200333333	-2780.9433044962207
2025-01-19 11:10:00	33504.559479999996	-2541.1084184731226	23661.73186	-3512.0416432372913	25083.221879999997	-3720.4152139633443	19810.802213333332	-2198.3323862344405	36788.29200333333	-2782.911536947089
2025-01-19 11:20:00	33504.559479999996	-2550.1831600967707	23661.73186	-3522.7853187390756	25083.221879999997	-3725.3499630025144	19810.802213333332	-2205.2305697103584	36788.29200333333	-2791.3611766484028
2025-01-19 11:30:00	33504.559479999996	-2557.6382028171574	23661.73186	-3532.4135526926875	25083.221879999997	-3733.0583166074393	19810.802213333332	-2211.9871324204396	36788.29200333333	-2791.5465585931524
2025-01-19 11:40:00	33504.559479999996	-2562.987785264406	23661.73186	-3537.3408839137883	25083.221879999997	-3747.7917734781513	19810.802213333332	-2220.465628563219	36788.29200333333	-2787.0446287322775
2025-01-19 11:50:00	33504.559479999996	-2565.592529646863	23661.73186	-3546.6596797398524	25083.221879999997	-3754.268451235297	19810.802213333332	-2228.4962279789543	36788.29200333333	-2797.114885394709
2025-01-19 12:00:00	35613.11768	-2474.6972024850256	25150.846760000004	-3428.435868831166	26661.796080000004	-3636.3658067734286	21057.56474666667	-2159.107301224649	39103.50688666667	-2695.1763522126203
2025-01-19 12:10:00	35613.11768	-2467.743480266872	25150.846760000004	-3433.600186527121	26661.796080000004	-3640.04047782582	21057.56474666667	-2164.3072973877643	39103.50688666667	-2696.3389005674835
2025-01-19 12:20:00	35613.11768	-2469.810694270098	25150.846760000004	-3434.0614196732568	26661.796080000004	-3653.176234817194	21057.56474666667	-2170.1504596714003	39103.50688666667	-2698.1802288808685
2025-01-19 12:30:00	35613.11768	-2469.8124668961245	25150.846760000004	-3434.666519063707	26661.796080000004	-3655.4614940750107	21057.56474666667	-2168.471699186317	39103.50688666667	-2699.1662620860807
2025-01-19 12:40:00	35613.11768	-2468.656826442406	25150.846760000004	-3440.0871216731903	26661.796080000004	-3654.868721156541	21057.56474666667	-2169.4566857988793	39103.50688666667	-2694.8651150865408
2025-01-19 12:50:00	35613.11768	-2469.533855556423	25150.846760000004	-3449.0131603156333	26661.796080000004	-3658.582683636374	21057.56474666667	-2167.8669856894776	39103.50688666667	-2686.2179480535997
2025-01-19 13:00:00	34150.03648	-2380.631125399108	24117.58336	-3330.9300470550697	25566.45888	-3518.968507589754	20192.464213333333	-2086.4273699654186	37497.03125333333	-2570.9407179079717
2025-01-19 13:10:00	34150.03648	-2388.4150835076434	24117.58336	-3336.6727178265173	25566.45888	-3504.7785535350013	20192.464213333333	-2082.108316181777	37497.03125333333	-2562.1486507986046
2025-01-19 13:20:00	34150.03648	-2390.916384878612	24117.58336	-3339.273550190621	25566.45888	-3527.3573825107887	20192.464213333333	-2078.893426168179	37497.03125333333	-2577.8671963790475
2025-01-19 13:30:00	34150.03648	-2386.579880452846	24117.58336	-3334.9163743487807	25566.45888	-3544.641557915209	20192.464213333333	-2073.9476432768897	37497.03125333333	-2594.469686973098
2025-01-19 13:40:00	34150.03648	-2389.334519276803	24117.58336	-3346.531121711854	25566.45888	-3555.503931133964	20192.464213333333	-2068.2010302279305	37497.03125333333	-2584.4217585726365
2025-01-19 13:50:00	34150.03648	-2395.822011446973	24117.58336	-3354.06371714779	25566.45888	-3568.1583870378854	20192.464213333333	-2065.947261468882	37497.03125333333	-2579.697559224136
2025-01-19 14:00:00	24769.104080000005	-2319.941025740707	17492.54156	-3261.778340548004	18543.414480000003	-3470.9232604029967	14645.643146666669	-2004.9632405393277	27196.68748666667	-2499.063251495838
2025-01-19 14:10:00	24769.104080000005	-2323.9043845176275	17492.54156	-3279.4271989698427	18543.414480000003	-3491.74715100737	14645.643146666669	-2010.2623846904244	27196.68748666667	-2499.911884458943
2025-01-19 14:20:00	24769.104080000005	-2320.5801502674985	17492.54156	-3290.9110160379714	18543.414480000003	-3497.978177275163	14645.643146666669	-2002.054234061492	27196.68748666667	-2498.5231642200524
2025-01-19 14:30:00	24769.104080000005	-2326.4064728678095	17492.54156	-3295.514257952207	18543.414480000003	-3506.480310549192	14645.643146666669	-1999.133825216406	27196.68748666667	-2502.369146429788
2025-01-19 14:40:00	24769.104080000005	-2327.303686079169	17492.54156	-3302.282176331417	18543.414480000003	-3515.1119077262592	14645.643146666669	-2009.2009678786126	27196.68748666667	-2497.396277012358
2025-01-19 14:50:00	24769.104080000005	-2324.7716905757225	17492.54156	-3311.394548884895	18543.414480000003	-3521.8442463123793	14645.643146666669	-2012.996153050357	27196.68748666667	-2494.8029462249287
2025-01-19 15:00:00	11773.50048	-2335.5443830607946	8314.731360000002	-3344.8130660833776	8814.242880000002	-3556.474728529689	6961.514880000001	-2034.0146639236236	12927.40392	-2528.1927406673767
2025-01-19 15:10:00	11773.50048	-2360.058003179476	8314.731360000002	-3358.2134859718444	8814.242880000002	-3568.589167553033	6961.514880000001	-2043.5554813128028	12927.40392	-2552.508356908964
2025-01-19 15:20:00	11773.50048	-2365.013289203189	8314.731360000002	-3356.490948551291	8814.242880000002	-3566.774817288757	6961.514880000001	-2043.7852749600033	12927.40392	-2558.967032563565
2025-01-19 15:30:00	11773.50048	-2368.942429971996	8314.731360000002	-3355.213287947752	8814.242880000002	-3567.170870588885	6961.514880000001	-2047.3196228844145	12927.40392	-2565.864218816512
2025-01-19 15:40:00	11773.50048	-2372.8143911334737	8314.731360000002	-3354.0736761457047	8814.242880000002	-3567.0736996918477	6961.514880000001	-2049.5618815207536	12927.40392	-2572.6665746373037
2025-01-19 15:50:00	11773.50048	-2374.887225204815	8314.731360000002	-3349.4577512181877	8814.242880000002	-3564.1794831581483	6961.514880000001	-2052.7223613860015	12927.40392	-2583.1625046035533
2025-01-19 16:00:00	2421.8297039999998	-2511.53902279825	1710.354828	-3536.090063211732	1813.105224	-3766.3281013930673	1431.995824	-2173.556154311565	2659.1896659999998	-2745.7073561796005
2025-01-19 16:10:00	2421.8297039999998	-2520.2041276386444	1710.354828	-3531.5346203754534	1813.105224	-3763.5856247400116	1431.995824	-2174.4967991194053	2659.1896659999998	-2752.081914185489
2025-01-19 16:20:00	2421.8297039999998	-2518.4130665613284	1710.354828	-3522.028724898557	1813.105224	-3756.5497170606777	1431.995824	-2173.2434785775367	2659.1896659999998	-2748.8683758674433
2025-01-19 16:30:00	2421.8297039999998	-2515.7925253347594	1710.354828	-3516.9635287604433	1813.105224	-3746.7252536627357	1431.995824	-2174.2219693076586	2659.1896659999998	-2753.743630423457
2025-01-19 16:40:00	2421.8297039999998	-2511.6894004204078	1710.354828	-3508.941203389699	1813.105224	-3737.5024764834807	1431.995824	-2173.526143986162	2659.1896659999998	-2755.818578768967
2025-01-19 16:50:00	2421.8297039999998	-2509.3754963649308	1710.354828	-3499.566186141642	1813.105224	-3732.1397920175123	1431.995824	-2174.471488523399	2659.1896659999998	-2762.577001253717
2025-01-19 17:00:00	600.4657372	-2617.147439021759	424.06345540000007	-3643.1729349702455	449.5392732	-3885.2316247293447	355.0474365333334	-2260.7076190736757	659.3164996333334	-2887.4500113490576
2025-01-19 17:10:00	600.4657372	-2625.2144958935505	424.06345540000007	-3641.0074138394675	449.5392732	-3874.2891523517064	355.0474365333334	-2258.747748439677	659.3164996333334	-2895.091753981228
2025-01-19 17:20:00	600.4657372	-2610.869788781293	424.06345540000007	-3641.096074268853	449.5392732	-3865.29914429943	355.0474365333334	-2255.953959977646	659.3164996333334	-2894.085068236613
2025-01-19 17:30:00	600.4657372	-2604.5055968893766	424.06345540000007	-3635.1571657429686	449.5392732	-3872.4519535607897	355.0474365333334	-2257.227728877806	659.3164996333334	-2893.339083661405
2025-01-19 17:40:00	600.4657372	-2600.0535686089006	424.06345540000007	-3631.6478402827943	449.5392732	-3875.9662748566834	355.0474365333334	-2255.9920524007935	659.3164996333334	-2884.1843050836537
2025-01-19 17:50:00	600.4657372	-2595.3997042630317	424.06345540000007	-3629.33598421399	449.5392732	-3878.08067073661	355.0474365333334	-2254.053645180401	659.3164996333334	-2884.2432562381928
2025-01-19 18:00:00	574.8187844	-2597.833420782483	405.95095580000003	-3637.352514112724	430.3386564	-3888.675903324463	339.8827330666667	-2254.8983448285694	631.1559267666667	-2883.729199182156
2025-01-19 18:10:00	574.8187844	-2590.7297537726354	405.95095580000003	-3639.5059302042428	430.3386564	-3892.446981105741	339.8827330666667	-2252.738461899334	631.1559267666667	-2877.8304761472755
2025-01-19 18:20:00	574.8187844	-2586.009579494662	405.95095580000003	-3642.5314562663098	430.3386564	-3893.789130859582	339.8827330666667	-2253.3910182365094	631.1559267666667	-2874.724500961188
2025-01-19 18:30:00	574.8187844	-2581.5453197847764	405.95095580000003	-3637.5571969740113	430.3386564	-3893.842957991194	339.8827330666667	-2255.610301700556	631.1559267666667	-2871.5719208873106
2025-01-19 18:40:00	574.8187844	-2576.947769299454	405.95095580000003	-3632.2111534690093	430.3386564	-3895.483742284929	339.8827330666667	-2255.031086870792	631.1559267666667	-2871.734456978714
2025-01-19 18:50:00	574.8187844	-2572.107516292015	405.95095580000003	-3619.1876818483333	430.3386564	-3896.2737076019525	339.8827330666667	-2250.869301727001	631.1559267666667	-2863.0273548971654
2025-01-19 19:00:00	579.8104732	-2640.0706358901407	409.4762074000001	-3715.6431797483883	434.0756892	-4012.36526289467	342.83425253333337	-2313.8028580891273	636.6368436333333	-2944.7719854445786
2025-01-19 19:10:00	579.8104732	-2636.1872563549246	409.4762074000001	-3701.692731900752	434.0756892	-4013.28406912063	342.83425253333337	-2314.8112622713443	636.6368436333333	-2945.961590039875
2025-01-19 19:20:00	579.8104732	-2647.0934622084415	409.4762074000001	-3693.6924587766607	434.0756892	-4022.6320634930325	342.83425253333337	-2313.2104208270594	636.6368436333333	-2952.6393417474883
2025-01-19 19:30:00	579.8104732	-2655.7145370452245	409.4762074000001	-3686.725880765499	434.0756892	-4031.813906498144	342.83425253333337	-2306.8788450656934	636.6368436333333	-2960.8550055296864
2025-01-19 19:40:00	579.8104732	-2648.915865150893	409.4762074000001	-3678.5999600217865	434.0756892	-4033.415190223207	342.83425253333337	-2306.2613282414513	636.6368436333333	-2962.962798699212
2025-01-19 19:50:00	579.8104732	-2652.4571816362673	409.4762074000001	-3667.8553760164928	434.0756892	-4033.8802554031345	342.83425253333337	-2307.639660936419	636.6368436333333	-2966.2518552787415
2025-01-19 20:00:00	573.4417668000001	-2682.3820686305	404.9784726000001	-3705.0121736878064	429.30775080000006	-4081.6945769387726	339.06852080000004	-2332.599405511393	629.6439497	-3003.8441568698527
2025-01-19 20:10:00	573.4417668000001	-2673.662246646381	404.9784726000001	-3697.5025310620467	429.30775080000006	-4085.2682795744836	339.06852080000004	-2328.7440408466573	629.6439497	-2997.378508393988
2025-01-19 20:20:00	573.4417668000001	-2670.0296102824336	404.9784726000001	-3685.9636654093774	429.30775080000006	-4087.524954681027	339.06852080000004	-2327.4454891807068	629.6439497	-2997.0644626024073
2025-01-19 20:30:00	573.4417668000001	-2669.468012157523	404.9784726000001	-3677.083744279401	429.30775080000006	-4089.829399949142	339.06852080000004	-2325.642090257343	629.6439497	-2999.4628916965503
2025-01-19 20:40:00	573.4417668000001	-2667.4502169551524	404.9784726000001	-3677.0573460273417	429.30775080000006	-4092.065897459706	339.06852080000004	-2325.817115174599	629.6439497	-3002.392300080831
2025-01-19 20:50:00	573.4417668000001	-2660.941353625568	404.9784726000001	-3682.273049121938	429.30775080000006	-4079.835029863982	339.06852080000004	-2322.5507669036333	629.6439497	-2989.9515888993874
2025-01-19 21:00:00	612.6007048	-2715.0334445058434	432.6334636	-3763.7180050275474	458.6241288	-4154.410231914352	362.22268213333336	-2369.032998739519	672.6407975333333	-3053.275101750556
2025-01-19 21:10:00	612.6007048	-2708.349087716027	432.6334636	-3763.0044600247566	458.6241288	-4140.224774570901	362.22268213333336	-2365.0559803207034	672.6407975333333	-3042.9407748019476
2025-01-19 21:20:00	612.6007048	-2703.298924893326	432.6334636	-3763.857167317651	458.6241288	-4131.019922547832	362.22268213333336	-2363.81065351089	672.6407975333333	-3036.059427043502
2025-01-19 21:30:00	612.6007048	-2701.974244111033	432.6334636	-3765.87309247567	458.6241288	-4120.340645700912	362.22268213333336	-2362.160725313771	672.6407975333333	-3030.27269959734
2025-01-19 21:40:00	612.6007048	-2695.3239362030067	432.6334636	-3766.4236587987352	458.6241288	-4108.7281158546975	362.22268213333336	-2361.4121420237243	672.6407975333333	-3028.153464240385
2025-01-19 21:50:00	612.6007048	-2690.915045869045	432.6334636	-3766.697401051474	458.6241288	-4095.027292254339	362.22268213333336	-2358.92272923336	672.6407975333333	-3023.5929409741293
2025-01-19 22:00:00	603.2197724	-2711.060992048179	426.0084218	-3802.6735444944743	451.6010844	-4123.250510050993	356.6758610666667	-2377.9398224906777	662.3404537666667	-3043.693501491951
2025-01-19 22:10:00	603.2197724	-2707.7780610147333	426.0084218	-3799.1986816042227	451.6010844	-4110.245412634794	356.6758610666667	-2375.711116351815	662.3404537666667	-3041.383469481596
2025-01-19 22:20:00	603.2197724	-2701.0116501662465	426.0084218	-3784.24879319883	451.6010844	-4100.7370188069945	356.6758610666667	-2372.903432774174	662.3404537666667	-3033.493822732139
2025-01-19 22:30:00	603.2197724	-2698.8746237992896	426.0084218	-3771.7099863461117	451.6010844	-4084.2173165037093	356.6758610666667	-2370.425750171991	662.3404537666667	-3027.4922800886416
2025-01-19 22:40:00	603.2197724	-2694.3777585683138	426.0084218	-3757.050304492088	451.6010844	-4069.964337397014	356.6758610666667	-2365.40565236932	662.3404537666667	-3018.57210509955
2025-01-19 22:50:00	603.2197724	-2689.711305154061	426.0084218	-3743.9382273033953	451.6010844	-4057.3409213723044	356.6758610666667	-2362.8616269995746	662.3404537666667	-3011.2197924201746
2025-01-19 23:00:00	561.9092443999999	-2710.744873789584	396.8339258	-3771.5440702377978	420.67391639999994	-4087.2443126876615	332.2494930666667	-2384.300330537505	616.9811417666666	-3034.9050963685518
2025-01-19 23:10:00	561.9092443999999	-2704.4331161282416	396.8339258	-3755.9867827479898	420.67391639999994	-4070.6768141706043	332.2494930666667	-2380.5821576692947	616.9811417666666	-3027.0862219225683
2025-01-19 23:20:00	561.9092443999999	-2699.3778942347535	396.8339258	-3741.1156243709906	420.67391639999994	-4054.557137273622	332.2494930666667	-2375.728585539618	616.9811417666666	-3019.9305762445547
2025-01-19 23:30:00	561.9092443999999	-2695.569573909781	396.8339258	-3727.9529165388562	420.67391639999994	-4038.88547294835	332.2494930666667	-2371.644979470344	616.9811417666666	-3011.663123642944
2025-01-19 23:40:00	561.9092443999999	-2686.9911698023516	396.8339258	-3715.7100711785483	420.67391639999994	-4024.7780529595166	332.2494930666667	-2364.3512215926776	616.9811417666666	-3004.1554920283043
2025-01-19 23:50:00	561.9092443999999	-2681.596219934476	396.8339258	-3702.720782373101	420.67391639999994	-4010.3977781190324	332.2494930666667	-2346.5167969492036	616.9811417666666	-2996.6920949655946
2025-01-20 00:00:00	573.5278304	-2647.176347571543	405.0392528	-3648.759367991039	429.37218239999993	-3952.3627316477928	339.11940906666666	-2317.5029181811256	629.7384482666665	-2956.200487572285
2025-01-20 00:10:00	573.5278304	-2643.38830121754	405.0392528	-3635.64174840238	429.37218239999993	-3939.277368494639	339.11940906666666	-2313.4088254100816	629.7384482666665	-2945.8793405700417
2025-01-20 00:20:00	573.5278304	-2630.5534488411035	405.0392528	-3623.9077127681658	429.37218239999993	-3925.4058516143255	339.11940906666666	-2305.2548536661798	629.7384482666665	-2935.8666370437904
2025-01-20 00:30:00	573.5278304	-2622.816911735968	405.0392528	-3611.6798177618875	429.37218239999993	-3910.657197347145	339.11940906666666	-2299.8394354515976	629.7384482666665	-2928.5466058855636
2025-01-20 00:40:00	573.5278304	-2616.9337218848455	405.0392528	-3600.629181691607	429.37218239999993	-3896.020331709619	339.11940906666666	-2295.7639810946657	629.7384482666665	-2920.3918831347028
2025-01-20 00:50:00	573.5278304	-2611.999194738476	405.0392528	-3585.282107519517	429.37218239999993	-3882.311441956033	339.11940906666666	-2290.9850188881837	629.7384482666665	-2911.45228033243
2025-01-20 01:00:00	567.4173148000001	-2635.717007031062	400.7238586	-3615.773869291377	424.79753880000004	-3916.619321331262	335.50634213333336	-2313.4443430440915	623.0290500333333	-2941.635105852907
2025-01-20 01:10:00	567.4173148000001	-2628.511060032086	400.7238586	-3603.241590451388	424.79753880000004	-3901.695025657817	335.50634213333336	-2309.056989011019	623.0290500333333	-2933.794669441486
2025-01-20 01:20:00	567.4173148000001	-2622.6604511404325	400.7238586	-3591.772711947435	424.79753880000004	-3888.947943557159	335.50634213333336	-2304.988019295565	623.0290500333333	-2925.277379217781
2025-01-20 01:30:00	567.4173148000001	-2615.8708812558148	400.7238586	-3582.077661365056	424.79753880000004	-3875.1279154969584	335.50634213333336	-2300.6082937650717	623.0290500333333	-2918.736080267913
2025-01-20 01:40:00	567.4173148000001	-2608.2574043755712	400.7238586	-3576.226717878386	424.79753880000004	-3860.3293636781386	335.50634213333336	-2296.0569006204514	623.0290500333333	-2909.9284638929985
2025-01-20 01:50:00	567.4173148000001	-2602.2934950091494	400.7238586	-3572.888773170439	424.79753880000004	-3846.8071203305694	335.50634213333336	-2292.703506268069	623.0290500333333	-2902.5371419345456
2025-01-20 02:00:00	568.2779508	-2616.1204100721834	401.33166059999996	-3597.8693426615055	425.44185479999993	-3861.85014819394	336.0152248	-2304.8877691654825	623.9740357	-2916.1782984556066
2025-01-20 02:10:00	568.2779508	-2608.6596747050316	401.33166059999996	-3595.8432466593295	425.44185479999993	-3852.8935948720227	336.0152248	-2300.358671627378	623.9740357	-2907.02404658618
2025-01-20 02:20:00	568.2779508	-2603.173376410775	401.33166059999996	-3594.939890484353	425.44185479999993	-3847.1991072563014	336.0152248	-2295.2547017318243	623.9740357	-2897.81906118966
2025-01-20 02:30:00	568.2779508	-2598.1197303188083	401.33166059999996	-3594.2521564647786	425.44185479999993	-3844.0033480922593	336.0152248	-2290.976507028294	623.9740357	-2889.059093556894
2025-01-20 02:40:00	568.2779508	-2591.1050148884524	401.33166059999996	-3593.4378696412195	425.44185479999993	-3841.5272564546785	336.0152248	-2287.1410050790987	623.9740357	-2881.8861261999546
2025-01-20 02:50:00	568.2779508	-2584.1999028472037	401.33166059999996	-3592.7584355234294	425.44185479999993	-3839.455972515112	336.0152248	-2283.636339522445	623.9740357	-2874.4501841212036
2025-01-20 03:00:00	600.29361	-2518.076977568548	423.941895	-3507.9755185027343	449.41040999999996	-3747.374256224642	354.94566	-2226.5769959775325	659.1275024999999	-2800.714130824071
2025-01-20 03:10:00	600.29361	-2513.4941174412684	423.941895	-3509.393499139298	449.41040999999996	-3748.4274395912466	354.94566	-2222.8304360126085	659.1275024999999	-2798.86884580041
2025-01-20 03:20:00	600.29361	-2508.9082334008763	423.941895	-3509.5462897221732	449.41040999999996	-3748.2394704626963	354.94566	-2220.372163792829	659.1275024999999	-2797.4443046698843
2025-01-20 03:30:00	600.29361	-2505.8434491969433	423.941895	-3509.44159789119	449.41040999999996	-3748.3013531271476	354.94566	-2216.4248020098885	659.1275024999999	-2795.7240695449223
2025-01-20 03:40:00	600.29361	-2503.635683746301	423.941895	-3509.266230475841	449.41040999999996	-3748.043092937191	354.94566	-2212.9972772152464	659.1275024999999	-2794.7176419498323
2025-01-20 03:50:00	600.29361	-2502.233023027862	423.941895	-3508.8027220000918	449.41040999999996	-3747.298271634961	354.94566	-2208.2050801167966	659.1275024999999	-2793.960011123162
2025-01-20 04:00:00	599.7772284	-2570.0120649892497	423.57721380000004	-3606.6882713250698	449.02382040000003	-3852.0781583191965	354.64033040000004	-2265.5508099074273	658.5605111	-2873.4441860172683
2025-01-20 04:10:00	599.7772284	-2568.4157609840117	423.57721380000004	-3605.2118562824253	449.02382040000003	-3850.2998209776997	354.64033040000004	-2261.959952430791	658.5605111	-2871.2104926844327
2025-01-20 04:20:00	599.7772284	-2568.6257385172653	423.57721380000004	-3605.352850250566	449.02382040000003	-3850.147944745887	354.64033040000004	-2258.382384238588	658.5605111	-2871.166473309992
2025-01-20 04:30:00	599.7772284	-2568.485372022415	423.57721380000004	-3605.479438611351	449.02382040000003	-3849.6372306948087	354.64033040000004	-2255.854136968327	658.5605111	-2871.338008940476
2025-01-20 04:40:00	599.7772284	-2568.3276703728798	423.57721380000004	-3605.53286333954	449.02382040000003	-3849.694294281633	354.64033040000004	-2255.0074806556745	658.5605111	-2871.4284821573415
2025-01-20 04:50:00	599.7772284	-2568.352655593452	423.57721380000004	-3606.0475994010358	449.02382040000003	-3850.604321902514	354.64033040000004	-2254.403954044736	658.5605111	-2871.729868754139
2025-01-20 05:00:00	564.0608344000001	-2596.12772490755	398.35343080000007	-3645.5128378908084	422.28470640000006	-3893.1947209238433	333.5216997333334	-2278.2736397857857	619.3436059333334	-2904.0335754932003
2025-01-20 05:10:00	564.0608344000001	-2595.498163184544	398.35343080000007	-3644.5200400074964	422.28470640000006	-3892.595553903927	333.5216997333334	-2277.258684833348	619.3436059333334	-2903.6296190283506
2025-01-20 05:20:00	564.0608344000001	-2595.549343031774	398.35343080000007	-3644.212873165923	422.28470640000006	-3892.179806550158	333.5216997333334	-2276.8733585032232	619.3436059333334	-2903.420650649224
2025-01-20 05:30:00	564.0608344000001	-2595.6243617624605	398.35343080000007	-3644.6837068395917	422.28470640000006	-3891.9794685544766	333.5216997333334	-2277.263757128381	619.3436059333334	-2903.53410113277
2025-01-20 05:40:00	564.0608344000001	-2595.6333988820425	398.35343080000007	-3645.656293580163	422.28470640000006	-3892.3739410619464	333.5216997333334	-2277.402567655827	619.3436059333334	-2904.1952339018385
2025-01-20 05:50:00	564.0608344000001	-2595.770233843973	398.35343080000007	-3644.5565049324823	422.28470640000006	-3890.9692149578113	333.5216997333334	-2277.209632331676	619.3436059333334	-2904.035675246958
2025-01-20 06:00:00	554.4217112	-2582.627480240343	391.5460484	-3624.5428731016173	415.06836719999995	-3871.4993249524027	327.8222138666667	-2265.328412280479	608.7597664666666	-2888.929281833608
2025-01-20 06:10:00	554.4217112	-2585.5825131038387	391.5460484	-3625.0957607095793	415.06836719999995	-3872.0203906312167	327.8222138666667	-2270.4181956324373	608.7597664666666	-2893.8641899220383
2025-01-20 06:20:00	554.4217112	-2603.287489541889	391.5460484	-3654.237680304	415.06836719999995	-3902.8308483132946	327.8222138666667	-2287.425163800407	608.7597664666666	-2924.357633018416
2025-01-20 06:30:00	554.4217112	-2629.40919618433	391.5460484	-3682.5721146805795	415.06836719999995	-3938.6332979342437	327.8222138666667	-2302.2007856731043	608.7597664666666	-2957.0027115568255
2025-01-20 06:40:00	554.4217112	-2646.8573826636116	391.5460484	-3709.590650063353	415.06836719999995	-3965.7214635842397	327.8222138666667	-2312.30884466928	608.7597664666666	-2980.70546746516
2025-01-20 06:50:00	554.4217112	-2669.354263342505	391.5460484	-3741.071121451933	415.06836719999995	-4001.3857558063023	327.8222138666667	-2324.81621877225	608.7597664666666	-3005.418013620533
2025-01-20 07:00:00	634.71905	-2730.7477118194292	448.253975	-3828.551388186332	475.18305	-4095.5387429025463	375.3009666666667	-2374.9645335834152	696.9269291666666	-3076.029356499323
2025-01-20 07:10:00	634.71905	-2747.9896218762137	448.253975	-3862.0296019392886	475.18305	-4120.646443407497	375.3009666666667	-2388.210489941362	696.9269291666666	-3102.7630514590983
2025-01-20 07:20:00	634.71905	-2761.52096787459	448.253975	-3894.8200165599396	475.18305	-4160.421625613411	375.3009666666667	-2403.596312974082	696.9269291666666	-3123.0479040698942
2025-01-20 07:30:00	634.71905	-2757.7962090486694	448.253975	-3922.883055050532	475.18305	-4189.883291143495	375.3009666666667	-2420.6979420689177	696.9269291666666	-3147.1353990526627
2025-01-20 07:40:00	634.71905	-2747.7727993815442	448.253975	-3926.4240682114882	475.18305	-4207.609711522493	375.3009666666667	-2429.5832733344473	696.9269291666666	-3144.799616170879
2025-01-20 07:50:00	634.71905	-2752.045389986961	448.253975	-3910.5562563204016	475.18305	-4197.107853136862	375.3009666666667	-2440.465396983337	696.9269291666666	-3127.594928977579
2025-01-20 08:00:00	2149.868728	-2752.777578759798	1518.2893960000001	-3884.5356622946238	1609.501368	-4164.510676893853	1271.1889013333334	-2438.070213336157	2360.574195333333	-3114.3874070422203
2025-01-20 08:10:00	2149.868728	-2751.237052723662	1518.2893960000001	-3865.0762695959993	1609.501368	-4152.795387423016	1271.1889013333334	-2435.4604736449655	2360.574195333333	-3101.3192185606126
2025-01-20 08:20:00	2149.868728	-2748.520067898757	1518.2893960000001	-3865.8773631404974	1609.501368	-4138.223483049938	1271.1889013333334	-2431.2492694129087	2360.574195333333	-3092.3166149647845
2025-01-20 08:30:00	2149.868728	-2743.0486974740293	1518.2893960000001	-3866.749584500967	1609.501368	-4119.514899862055	1271.1889013333334	-2423.742858326165	2360.574195333333	-3090.4613487096226
2025-01-20 08:40:00	2149.868728	-2734.7796474930233	1518.2893960000001	-3859.180608912776	1609.501368	-4110.454109900069	1271.1889013333334	-2420.8794805876064	2360.574195333333	-3078.182551794785
2025-01-20 08:50:00	2149.868728	-2727.3296628736575	1518.2893960000001	-3843.6962968873977	1609.501368	-4104.093278617889	1271.1889013333334	-2414.362315773682	2360.574195333333	-3072.816000326629
2025-01-20 09:00:00	6609.68448	-2615.20505375256	4667.91936	-3684.3554605797344	4948.34688	-3932.0550104340655	3908.21888	-2316.4807313516458	7257.489919999999	-2937.6435242056596
2025-01-20 09:10:00	6609.68448	-2610.728324608707	4667.91936	-3673.519828851706	4948.34688	-3921.1049378506414	3908.21888	-2310.5471595132403	7257.489919999999	-2925.9774287175915
2025-01-20 09:20:00	6609.68448	-2607.016693560433	4667.91936	-3661.118489832028	4948.34688	-3915.2942327515884	3908.21888	-2305.0077148637674	7257.489919999999	-2927.119648926142
2025-01-20 09:30:00	6609.68448	-2606.0633413019486	4667.91936	-3651.6850922915655	4948.34688	-3906.8327269710717	3908.21888	-2300.681513557455	7257.489919999999	-2921.6856409307056
2025-01-20 09:40:00	6609.68448	-2599.886934588919	4667.91936	-3646.9235915500994	4948.34688	-3896.51092042637	3908.21888	-2297.974435054334	7257.489919999999	-2915.841979242623
2025-01-20 09:50:00	6609.68448	-2596.0369243518026	4667.91936	-3641.6133464049854	4948.34688	-3891.3163833110957	3908.21888	-2295.1432918085375	7257.489919999999	-2905.032421313739
2025-01-20 10:00:00	27712.4792	-2347.2770059398463	19571.224400000003	-3286.6977973498506	20746.9752	-3513.110978494169	16386.021866666666	-2076.19686264162	30428.538466666665	-2615.1719041895376
2025-01-20 10:10:00	27712.4792	-2335.135502363988	19571.224400000003	-3275.2785285240716	20746.9752	-3509.887742898958	16386.021866666666	-2071.3514151968993	30428.538466666665	-2604.4320816499203
2025-01-20 10:20:00	27712.4792	-2347.1907556118713	19571.224400000003	-3281.396824927411	20746.9752	-3520.6498885802175	16386.021866666666	-2077.171670974676	30428.538466666665	-2618.597556451361
2025-01-20 10:30:00	27712.4792	-2359.951979851121	19571.224400000003	-3287.3603112058045	20746.9752	-3529.2716526177464	16386.021866666666	-2080.9431785495835	30428.538466666665	-2634.375969774239
2025-01-20 10:40:00	27712.4792	-2368.1451863491347	19571.224400000003	-3291.4694497709315	20746.9752	-3534.4670920662647	16386.021866666666	-2084.335303323729	30428.538466666665	-2652.7594021598597
2025-01-20 10:50:00	27712.4792	-2380.224854848915	19571.224400000003	-3297.802286081591	20746.9752	-3542.3055264500326	16386.021866666666	-2091.9958059994096	30428.538466666665	-2669.376222379611
2025-01-20 11:00:00	38685.5882	-2282.770805329368	27320.6999	-3149.3612360909683	28962.0042	-3382.677228126893	22874.275866666667	-1998.3142181332514	42477.10571666666	-2557.7336851452565
2025-01-20 11:10:00	38685.5882	-2290.1656184129024	27320.6999	-3161.583271838608	28962.0042	-3393.67023066424	22874.275866666667	-2000.7601358543288	42477.10571666666	-2571.2528571293296
2025-01-20 11:20:00	38685.5882	-2307.8160353540734	27320.6999	-3180.335831894088	28962.0042	-3404.996017234869	22874.275866666667	-2007.4547217983454	42477.10571666666	-2591.4919997691104
2025-01-20 11:30:00	38685.5882	-2321.087976923496	27320.6999	-3189.760310652782	28962.0042	-3422.126734262205	22874.275866666667	-2019.852304559754	42477.10571666666	-2595.706279003127
2025-01-20 11:40:00	38685.5882	-2329.904175321848	27320.6999	-3208.3307668685484	28962.0042	-3430.5586146896458	22874.275866666667	-2028.0690749190471	42477.10571666666	-2600.0507907211722
2025-01-20 11:50:00	38685.5882	-2327.5464399573466	27320.6999	-3224.9136539854117	28962.0042	-3432.9543749204895	22874.275866666667	-2036.3166869314518	42477.10571666666	-2592.917317626845
2025-01-20 12:00:00	16739.3702	-2293.7877552023165	11821.7489	-3185.3809150334073	12531.9462	-3384.0111688673423	9897.767866666667	-2005.7215120751061	18379.971216666665	-2552.1359191558586
2025-01-20 12:10:00	16739.3702	-2305.4016561490353	11821.7489	-3210.1394472632637	12531.9462	-3415.9397298656277	9897.767866666667	-2006.1552760823652	18379.971216666665	-2557.9218702927283
2025-01-20 12:20:00	16739.3702	-2299.7356902975225	11821.7489	-3214.14463517649	12531.9462	-3422.5082440907645	9897.767866666667	-2009.5034371781294	18379.971216666665	-2554.9922950890323
2025-01-20 12:30:00	16739.3702	-2294.834752388884	11821.7489	-3210.801228039765	12531.9462	-3426.5489398927857	9897.767866666667	-2010.1456726369834	18379.971216666665	-2555.224705638877
2025-01-20 12:40:00	16739.3702	-2290.4292102106047	11821.7489	-3211.485201453539	12531.9462	-3431.1308451074	9897.767866666667	-2012.658009870689	18379.971216666665	-2549.0375608710347
2025-01-20 12:50:00	16739.3702	-2289.3783353358776	11821.7489	-3212.3072285741036	12531.9462	-3439.032649675113	9897.767866666667	-2015.9319312714924	18379.971216666665	-2540.162793670759
2025-01-20 13:00:00	18598.343960000002	-2196.8030778388456	13134.60122	-3083.6599153487114	13923.66876	-3305.1895802516447	10996.954426666667	-1938.1146026615224	20421.140256666666	-2432.36996533443
2025-01-20 13:10:00	18598.343960000002	-2200.450181372158	13134.60122	-3084.366978473956	13923.66876	-3309.860066615227	10996.954426666667	-1940.8721103989265	20421.140256666666	-2432.8763942005935
2025-01-20 13:20:00	18598.343960000002	-2209.437921107863	13134.60122	-3086.80118662273	13923.66876	-3318.1308825875385	10996.954426666667	-1943.0330894391554	20421.140256666666	-2458.563647300358
2025-01-20 13:30:00	18598.343960000002	-2218.8122790095185	13134.60122	-3087.780970476655	13923.66876	-3324.7109534406372	10996.954426666667	-1945.0315696776815	20421.140256666666	-2474.917847618435
2025-01-20 13:40:00	18598.343960000002	-2224.9165786411468	13134.60122	-3096.3659137490595	13923.66876	-3331.3143043423333	10996.954426666667	-1947.541347155202	20421.140256666666	-2483.866999784128
2025-01-20 13:50:00	18598.343960000002	-2232.134151638533	13134.60122	-3101.400626777313	13923.66876	-3332.5360669364345	10996.954426666667	-1951.2666262220937	20421.140256666666	-2495.119914393297
2025-01-20 14:00:00	10439.51468	-2259.38004923836	7372.638260000001	-3138.716560026147	7815.55308	-3368.988985365325	6172.746746666667	-1972.7703958138673	11462.676136666665	-2532.471644055491
2025-01-20 14:10:00	10439.51468	-2271.214776543793	7372.638260000001	-3146.461539317028	7815.55308	-3375.3202781259324	6172.746746666667	-1977.4751186697395	11462.676136666665	-2549.951949639202
2025-01-20 14:20:00	10439.51468	-2273.160572834102	7372.638260000001	-3148.6828314551294	7815.55308	-3371.1327764890475	6172.746746666667	-1976.1161143638165	11462.676136666665	-2551.5328234962053
2025-01-20 14:30:00	10439.51468	-2282.116671878628	7372.638260000001	-3143.2041528356895	7815.55308	-3369.861985175595	6172.746746666667	-1977.1008898419923	11462.676136666665	-2554.477240391947
2025-01-20 14:40:00	10439.51468	-2283.8500024891455	7372.638260000001	-3140.2980449758106	7815.55308	-3367.8580760706527	6172.746746666667	-1978.057971646318	11462.676136666665	-2561.976249903857
2025-01-20 14:50:00	10439.51468	-2284.158171100218	7372.638260000001	-3138.8219282133196	7815.55308	-3365.551175729942	6172.746746666667	-1978.931825046584	11462.676136666665	-2566.30897623312
2025-01-20 15:00:00	3538.935232	-2323.486983058674	2499.281824	-3186.682192260057	2649.427392	-3417.462586008217	2092.5255253333335	-2010.145301319083	3885.781061333333	-2610.224876194915
2025-01-20 15:10:00	3538.935232	-2326.9033391418943	2499.281824	-3183.198765486263	2649.427392	-3415.2715067161307	2092.5255253333335	-2014.9204408599444	3885.781061333333	-2614.5701073160035
2025-01-20 15:20:00	3538.935232	-2323.5774631756767	2499.281824	-3175.3222722931173	2649.427392	-3407.5498234160123	2092.5255253333335	-2013.1071813550998	3885.781061333333	-2616.958051927265
2025-01-20 15:30:00	3538.935232	-2320.6788443018413	2499.281824	-3168.5947796262903	2649.427392	-3401.824691872007	2092.5255253333335	-2011.553291701036	3885.781061333333	-2614.5555296923385
2025-01-20 15:40:00	3538.935232	-2318.1792832998135	2499.281824	-3162.5372498959428	2649.427392	-3396.5695952744472	2092.5255253333335	-2011.068300210918	3885.781061333333	-2610.133909626091
2025-01-20 15:50:00	3538.935232	-2315.992741801523	2499.281824	-3160.4159625888983	2649.427392	-3390.156062397692	2092.5255253333335	-2008.9628239582498	3885.781061333333	-2606.9539942937326
2025-01-20 16:00:00	1552.587344	-2345.0983042706207	1096.474808	-3220.5594360325013	1162.3460639999998	-3435.6959073642265	918.0243306666666	-2043.6510085541759	1704.7541426666664	-2647.7560147138147
2025-01-20 16:10:00	1552.587344	-2343.7647949767097	1096.474808	-3237.9215663187024	1162.3460639999998	-3434.6605440585954	918.0243306666666	-2041.7742867741504	1704.7541426666664	-2648.9392583931103
2025-01-20 16:20:00	1552.587344	-2339.9499110688666	1096.474808	-3258.769160022648	1162.3460639999998	-3437.707316010422	918.0243306666666	-2036.9521672742994	1704.7541426666664	-2648.3781797606225
2025-01-20 16:30:00	1552.587344	-2335.6466409124455	1096.474808	-3269.62544784944	1162.3460639999998	-3440.3073548262882	918.0243306666666	-2035.47846634594	1704.7541426666664	-2646.083074935742
2025-01-20 16:40:00	1552.587344	-2333.42987387335	1096.474808	-3277.198109413822	1162.3460639999998	-3447.42262799079	918.0243306666666	-2032.6016448075243	1704.7541426666664	-2646.9367737326274
2025-01-20 16:50:00	1552.587344	-2331.3116887448814	1096.474808	-3286.784169109298	1162.3460639999998	-3458.7915541799584	918.0243306666666	-2033.326306732482	1704.7541426666664	-2645.5110613015504
2025-01-20 17:00:00	584.802162	-2372.096223466784	413.001459	-3354.5068673085134	437.81272199999995	-3530.566317544309	345.785772	-2072.002358159965	642.1177604999999	-2689.704646620608
2025-01-20 17:10:00	584.802162	-2369.5283998912246	413.001459	-3365.239912714551	437.81272199999995	-3544.477660853885	345.785772	-2070.4933232204316	642.1177604999999	-2695.1428921602346
2025-01-20 17:20:00	584.802162	-2373.2195448949	413.001459	-3376.3760381149746	437.81272199999995	-3557.0480022860734	345.785772	-2069.03098594559	642.1177604999999	-2700.631417504519
2025-01-20 17:30:00	584.802162	-2372.270096827578	413.001459	-3384.177354652478	437.81272199999995	-3569.5458672402797	345.785772	-2068.1502089548294	642.1177604999999	-2701.6947794922403
2025-01-20 17:40:00	584.802162	-2377.592668963962	413.001459	-3394.6129013540526	437.81272199999995	-3576.5671524784843	345.785772	-2070.9603192145037	642.1177604999999	-2694.255124415337
2025-01-20 17:50:00	584.802162	-2382.411719733787	413.001459	-3405.1715423572655	437.81272199999995	-3590.6058459215624	345.785772	-2072.74586875149	642.1177604999999	-2690.7066948571896
2025-01-20 18:00:00	571.6344312	-2420.3087227948463	403.70208840000004	-3468.2639653557953	427.9546872	-3656.1512156197873	337.99986720000004	-2104.839361909045	627.6594798	-2732.900175280873
2025-01-20 18:10:00	571.6344312	-2421.952915621963	403.70208840000004	-3468.1307306664357	427.9546872	-3663.7614821974717	337.99986720000004	-2102.8407043822444	627.6594798	-2728.5783973359553
2025-01-20 18:20:00	571.6344312	-2420.393461343283	403.70208840000004	-3475.298879587494	427.9546872	-3674.324333282286	337.99986720000004	-2102.107464478592	627.6594798	-2721.222438567612
2025-01-20 18:30:00	571.6344312	-2425.017124520854	403.70208840000004	-3478.8294547408555	427.9546872	-3678.2299276287285	337.99986720000004	-2101.6283220726764	627.6594798	-2718.3362887531157
2025-01-20 18:40:00	571.6344312	-2422.108939037179	403.70208840000004	-3483.679246449259	427.9546872	-3677.5670171219954	337.99986720000004	-2102.155065282881	627.6594798	-2714.2047639839793
2025-01-20 18:50:00	571.6344312	-2421.0355289985187	403.70208840000004	-3484.942963499446	427.9546872	-3681.899322333009	337.99986720000004	-2099.2861303889313	627.6594798	-2713.608384296153
2025-01-20 19:00:00	578.347392	-2423.778482325905	408.442944	-3486.732858147947	432.980352	-3696.407731611697	341.969152	-2107.8202148376236	635.030368	-2718.1487555687663
2025-01-20 19:10:00	578.347392	-2423.612716523561	408.442944	-3493.5892696448873	432.980352	-3697.4661070818115	341.969152	-2109.383613348123	635.030368	-2717.2266283395993
2025-01-20 19:20:00	578.347392	-2426.2757237136557	408.442944	-3487.799262761273	432.980352	-3696.7675074868707	341.969152	-2109.4925332314187	635.030368	-2717.129781742984
2025-01-20 19:30:00	578.347392	-2427.389075082726	408.442944	-3488.644747041114	432.980352	-3696.2147904612125	341.969152	-2106.7964534569273	635.030368	-2716.1263194066996
2025-01-20 19:40:00	578.347392	-2421.8518564860506	408.442944	-3482.845293604384	432.980352	-3698.054090612894	341.969152	-2105.899248565835	635.030368	-2716.8377621158197
2025-01-20 19:50:00	578.347392	-2422.6986865143085	408.442944	-3478.152116247037	432.980352	-3704.5684557204554	341.969152	-2104.137648991296	635.030368	-2712.197031274848
2025-01-20 20:00:00	616.3875032000001	-2450.643745817597	435.30779240000004	-3512.4444138831263	461.45911920000003	-3747.0197830418674	364.4617658666667	-2124.2617054249376	676.7987344666667	-2739.454425733224
2025-01-20 20:10:00	616.3875032000001	-2444.509200921645	435.30779240000004	-3504.7354646947215	461.45911920000003	-3738.727511634849	364.4617658666667	-2125.0148758566247	676.7987344666667	-2735.355182359366
2025-01-20 20:20:00	616.3875032000001	-2442.1885788228196	435.30779240000004	-3501.3492283207906	461.45911920000003	-3724.71904995979	364.4617658666667	-2121.98890215955	676.7987344666667	-2742.2060650000835
2025-01-20 20:30:00	616.3875032000001	-2441.913593345022	435.30779240000004	-3489.625220464973	461.45911920000003	-3717.1202767416626	364.4617658666667	-2122.673207646578	676.7987344666667	-2735.992642519952
2025-01-20 20:40:00	616.3875032000001	-2438.922663970744	435.30779240000004	-3481.0378496132303	461.45911920000003	-3712.0500213816313	364.4617658666667	-2119.723093273241	676.7987344666667	-2736.2141034597585
2025-01-20 20:50:00	616.3875032000001	-2436.1804218135476	435.30779240000004	-3474.0420553337976	461.45911920000003	-3699.3281862808035	364.4617658666667	-2124.3342971325487	676.7987344666667	-2735.2632422463316
2025-01-20 21:00:00	578.5195192000001	-2489.460129482737	408.5645044000001	-3549.3379194965987	433.10921520000005	-3778.269464698493	342.07092853333336	-2173.65467921409	635.2193651333333	-2803.1428464836717
2025-01-20 21:10:00	578.5195192000001	-2485.1454503019286	408.5645044000001	-3540.0300988259783	433.10921520000005	-3766.434339050019	342.07092853333336	-2166.2958280446815	635.2193651333333	-2794.797843858656
2025-01-20 21:20:00	578.5195192000001	-2481.6478137378735	408.5645044000001	-3535.7796831410074	433.10921520000005	-3758.084242995921	342.07092853333336	-2167.3223762276816	635.2193651333333	-2793.683445644482
2025-01-20 21:30:00	578.5195192000001	-2478.96076037058	408.5645044000001	-3527.917521216215	433.10921520000005	-3749.7815175022606	342.07092853333336	-2164.9589684379575	635.2193651333333	-2793.8949474005294
2025-01-20 21:40:00	578.5195192000001	-2480.4059539695136	408.5645044000001	-3518.074029878229	433.10921520000005	-3741.7027572668367	342.07092853333336	-2165.8128264032152	635.2193651333333	-2791.654107914721
2025-01-20 21:50:00	578.5195192000001	-2474.882686524101	408.5645044000001	-3512.9092794807084	433.10921520000005	-3732.4012936274466	342.07092853333336	-2161.7763721137535	635.2193651333333	-2789.0736240244087
2025-01-20 22:00:00	579.5522824	-2558.528935408643	409.2938668	-3628.237687523538	433.88239439999995	-3855.0612413735385	342.68158773333334	-2236.530037441432	636.3533479333332	-2886.357096905279
2025-01-20 22:10:00	579.5522824	-2552.5554425437854	409.2938668	-3617.4744745844446	433.88239439999995	-3843.0934493503314	342.68158773333334	-2234.255266352534	636.3533479333332	-2881.8449399990964
2025-01-20 22:20:00	579.5522824	-2547.7526224484077	409.2938668	-3607.941128358833	433.88239439999995	-3830.0335571821693	342.68158773333334	-2232.501455096885	636.3533479333332	-2878.2179239527
2025-01-20 22:30:00	579.5522824	-2543.6217351507953	409.2938668	-3601.6981221988212	433.88239439999995	-3819.200393346822	342.68158773333334	-2229.8335032820146	636.3533479333332	-2869.951880620425
2025-01-20 22:40:00	579.5522824	-2541.60327479837	409.2938668	-3585.1763493959024	433.88239439999995	-3811.6678766023592	342.68158773333334	-2227.0244899281693	636.3533479333332	-2863.1291442110255
2025-01-20 22:50:00	579.5522824	-2535.0380478384154	409.2938668	-3575.9409072327276	433.88239439999995	-3804.6610106876637	342.68158773333334	-2225.7907083015916	636.3533479333332	-2860.6587274109297
2025-01-20 23:00:00	573.8720848	-2565.105759640008	405.2823736	-3614.4827427585133	429.6299088	-3844.709870252546	339.32296213333336	-2253.310174428546	630.1164425333333	-2896.8361334002075
2025-01-20 23:10:00	573.8720848	-2562.067139520762	405.2823736	-3603.3436497621483	429.6299088	-3832.9389211037856	339.32296213333336	-2249.8505251111624	630.1164425333333	-2893.7224384048277
2025-01-20 23:20:00	573.8720848	-2555.9898759966027	405.2823736	-3592.21363016954	429.6299088	-3821.1625581585627	339.32296213333336	-2245.643401445808	630.1164425333333	-2882.583294000974
2025-01-20 23:30:00	573.8720848	-2550.9114273956357	405.2823736	-3581.417225518429	429.6299088	-3810.949682131672	339.32296213333336	-2239.9870136958516	630.1164425333333	-2870.271867849512
2025-01-20 23:40:00	573.8720848	-2545.6977922226433	405.2823736	-3570.6329869730425	429.6299088	-3804.1068557483763	339.32296213333336	-2233.7470316504396	630.1164425333333	-2855.485555084085
2025-01-20 23:50:00	573.8720848	-2540.9537256460226	405.2823736	-3559.1972419468416	429.6299088	-3791.746789893485	339.32296213333336	-2223.546446312531	630.1164425333333	-2841.4021858657306
2025-01-21 00:00:00	567.6755056000001	-2521.647344963938	400.9061992	-3528.956400429836	424.9908336	-3759.138864196848	335.65900693333333	-2207.379297930011	623.3125457333333	-2823.5145335279094
2025-01-21 00:10:00	567.6755056000001	-2517.0933334426763	400.9061992	-3517.9222337064507	424.9908336	-3749.194313276631	335.65900693333333	-2203.65608737975	623.3125457333333	-2813.8438284233025
2025-01-21 00:20:00	567.6755056000001	-2506.167587824566	400.9061992	-3506.1011325043073	424.9908336	-3738.7250674015477	335.65900693333333	-2196.651811344483	623.3125457333333	-2799.3333443922966
2025-01-21 00:30:00	567.6755056000001	-2499.962794952471	400.9061992	-3495.681470644269	424.9908336	-3726.80740553354	335.65900693333333	-2191.462822835406	623.3125457333333	-2792.5034643235467
2025-01-21 00:40:00	567.6755056000001	-2495.9197297285746	400.9061992	-3485.3942727617246	424.9908336	-3716.537784279778	335.65900693333333	-2188.1779564682765	623.3125457333333	-2787.0882978852233
2025-01-21 00:50:00	567.6755056000001	-2491.0395940020844	400.9061992	-3474.454435027507	424.9908336	-3705.629376104708	335.65900693333333	-2184.381204052419	623.3125457333333	-2778.3264867344806
2025-01-21 01:00:00	599.6911648	-2489.9359591633547	423.5164336	-3468.8721137229772	448.9593888	-3701.591516754347	354.58944213333336	-2184.409059944246	658.4660125333334	-2775.1969722383974
2025-01-21 01:10:00	599.6911648	-2485.1290442592313	423.5164336	-3458.3997037896656	448.9593888	-3690.2008827559903	354.58944213333336	-2181.271777143074	658.4660125333334	-2770.5939851630415
2025-01-21 01:20:00	599.6911648	-2480.8213271975465	423.5164336	-3448.955462786367	448.9593888	-3680.6694779813106	354.58944213333336	-2178.6487998306134	658.4660125333334	-2764.4294274474073
2025-01-21 01:30:00	599.6911648	-2475.7550249676374	423.5164336	-3438.9852273546503	448.9593888	-3670.9129542172586	354.58944213333336	-2175.035429991639	658.4660125333334	-2758.904060003441
2025-01-21 01:40:00	599.6911648	-2470.6845829670942	423.5164336	-3427.5551897931537	448.9593888	-3659.5437485209177	354.58944213333336	-2171.0974165216944	658.4660125333334	-2750.9764398423863
2025-01-21 01:50:00	599.6911648	-2466.2493260142396	423.5164336	-3418.4266214412664	448.9593888	-3650.3954983031945	354.58944213333336	-2169.2371728071803	658.4660125333334	-2745.6343906161533
2025-01-21 02:00:00	613.8055952	-2510.0259304197066	433.4843864	-3476.825276604257	459.52617119999996	-3712.2644080760865	362.93511786666664	-2208.1937251971244	673.9637774666666	-2795.2053125170432
2025-01-21 02:10:00	613.8055952	-2503.601274371182	433.4843864	-3464.082202088596	459.52617119999996	-3699.474466296512	362.93511786666664	-2204.1475589108886	673.9637774666666	-2786.5878960584064
2025-01-21 02:20:00	613.8055952	-2497.740393664254	433.4843864	-3452.238900830408	459.52617119999996	-3687.2434707102784	362.93511786666664	-2199.3841209151637	673.9637774666666	-2779.0186620506124
2025-01-21 02:30:00	613.8055952	-2491.550171926816	433.4843864	-3442.121875409728	459.52617119999996	-3676.6654198665638	362.93511786666664	-2195.948653416914	673.9637774666666	-2770.522735810777
2025-01-21 02:40:00	613.8055952	-2487.2167109137304	433.4843864	-3437.050893028301	459.52617119999996	-3669.295180653836	362.93511786666664	-2193.1016034010895	673.9637774666666	-2764.824686595977
2025-01-21 02:50:00	613.8055952	-2481.8693141368803	433.4843864	-3430.702864557584	459.52617119999996	-3664.536066220281	362.93511786666664	-2189.914823201228	673.9637774666666	-2758.4074529622503
2025-01-21 03:00:00	575.8515476	-2492.2218151799034	406.68031820000004	-3449.4571586512566	431.1118356	-3684.347210827675	340.4933922666667	-2199.2844059216986	632.2899095666667	-2770.3603401177543
2025-01-21 03:10:00	575.8515476	-2487.373315589927	406.68031820000004	-3447.4253383931764	431.1118356	-3681.760085050821	340.4933922666667	-2194.7808114503496	632.2899095666667	-2761.743596309934
2025-01-21 03:20:00	575.8515476	-2482.415346317468	406.68031820000004	-3446.7296839199744	431.1118356	-3680.6016418577815	340.4933922666667	-2192.3078697656883	632.2899095666667	-2754.854832448592
2025-01-21 03:30:00	575.8515476	-2476.8893185275783	406.68031820000004	-3446.156611440321	431.1118356	-3680.1633488914554	340.4933922666667	-2188.884434247878	632.2899095666667	-2749.81298675787
2025-01-21 03:40:00	575.8515476	-2472.4542443480414	406.68031820000004	-3445.4656253318103	431.1118356	-3679.4645643851104	340.4933922666667	-2186.2057018487635	632.2899095666667	-2746.703452343397
2025-01-21 03:50:00	575.8515476	-2467.173469314176	406.68031820000004	-3445.0557011501146	431.1118356	-3678.539243998293	340.4933922666667	-2181.1621788748835	632.2899095666667	-2744.3680740549985
2025-01-21 04:00:00	563.8026436	-2514.0733647373813	398.1710902	-3518.274482799084	422.09141159999996	-3756.919361247162	333.36903493333335	-2222.5732182205134	619.0601102333333	-2802.77821802024
2025-01-21 04:10:00	563.8026436	-2511.191253783305	398.1710902	-3516.6983388548	422.09141159999996	-3755.758469232984	333.36903493333335	-2218.6477306278243	619.0601102333333	-2801.3695103841387
2025-01-21 04:20:00	563.8026436	-2508.589867395575	398.1710902	-3516.7492188634014	422.09141159999996	-3755.752893534966	333.36903493333335	-2215.021841682873	619.0601102333333	-2800.7725276286187
2025-01-21 04:30:00	563.8026436	-2506.315132403099	398.1710902	-3516.758797533043	422.09141159999996	-3755.1619255458813	333.36903493333335	-2210.429633890529	619.0601102333333	-2800.368712231225
2025-01-21 04:40:00	563.8026436	-2505.844222402376	398.1710902	-3516.565578350236	422.09141159999996	-3754.944117425765	333.36903493333335	-2205.6146753203934	619.0601102333333	-2799.8065361496883
2025-01-21 04:50:00	563.8026436	-2505.8983405065146	398.1710902	-3517.0556460034804	422.09141159999996	-3755.369235189654	333.36903493333335	-2203.53328112471	619.0601102333333	-2799.904151997991
2025-01-21 05:00:00	565.0075340000001	-2500.079172625879	399.0220130000001	-3509.2828998710456	422.99345400000004	-3747.2411517955406	334.0814706666667	-2196.3633909855735	620.3830901666666	-2793.457534199283
2025-01-21 05:10:00	565.0075340000001	-2499.9172863910458	399.0220130000001	-3509.2477158149513	422.99345400000004	-3747.2621433638315	334.0814706666667	-2194.9429572349463	620.3830901666666	-2793.421585716459
2025-01-21 05:20:00	565.0075340000001	-2499.7920442622985	399.0220130000001	-3508.9004771457576	422.99345400000004	-3747.0317235962075	334.0814706666667	-2194.341980038943	620.3830901666666	-2793.1067609079846
2025-01-21 05:30:00	565.0075340000001	-2500.165059474657	399.0220130000001	-3508.7425880458195	422.99345400000004	-3747.323852576408	334.0814706666667	-2193.1212584538043	620.3830901666666	-2793.19726597142
2025-01-21 05:40:00	565.0075340000001	-2499.788287890324	399.0220130000001	-3509.1895709803857	422.99345400000004	-3747.1719668804344	334.0814706666667	-2193.227270380279	620.3830901666666	-2793.6031221143858
2025-01-21 05:50:00	565.0075340000001	-2498.8408275921906	399.0220130000001	-3509.494246388944	422.99345400000004	-3746.9191432966863	334.0814706666667	-2192.830502447382	620.3830901666666	-2793.439025174265
2025-01-21 06:00:00	561.8231807999999	-2461.85039900257	396.7731456	-3456.4499398923167	420.60948479999996	-3690.341545129487	332.1986048	-2159.8821807092786	616.8866431999999	-2750.4363453528117
2025-01-21 06:10:00	561.8231807999999	-2472.2780017126647	396.7731456	-3457.2750955554884	420.60948479999996	-3691.7692042166254	332.1986048	-2160.120763731789	616.8866431999999	-2756.842194714706
2025-01-21 06:20:00	561.8231807999999	-2498.113222554504	396.7731456	-3490.787785320664	420.60948479999996	-3721.888199827241	332.1986048	-2171.2934981809585	616.8866431999999	-2787.3163378255076
2025-01-21 06:30:00	561.8231807999999	-2523.3163577593778	396.7731456	-3517.6524169419413	420.60948479999996	-3748.1701835824024	332.1986048	-2187.410465443951	616.8866431999999	-2812.585412990558
2025-01-21 06:40:00	561.8231807999999	-2537.8411902047656	396.7731456	-3541.138464384564	420.60948479999996	-3765.471794813072	332.1986048	-2198.1542109494953	616.8866431999999	-2846.6699871084943
2025-01-21 06:50:00	561.8231807999999	-2559.520616121536	396.7731456	-3579.3952607888455	420.60948479999996	-3803.614150227527	332.1986048	-2206.3312199611883	616.8866431999999	-2873.5490624717363
2025-01-21 07:00:00	702.2789760000001	-2623.5740784208156	495.966432	-3678.1067802682815	525.761856	-3900.7569609400816	415.248256	-2256.110862264518	771.108304	-2958.7623049047506
2025-01-21 07:10:00	702.2789760000001	-2634.650945884735	495.966432	-3710.9966123819827	525.761856	-3929.651623730917	415.248256	-2268.8464158066377	771.108304	-2982.09966725463
2025-01-21 07:20:00	702.2789760000001	-2657.116798034369	495.966432	-3744.342452981306	525.761856	-3970.4605639723286	415.248256	-2285.6883328389936	771.108304	-3007.7622044529135
2025-01-21 07:30:00	702.2789760000001	-2675.854311942634	495.966432	-3762.0452226889206	525.761856	-4004.9991543923215	415.248256	-2301.4382400753207	771.108304	-3007.242664026163
2025-01-21 07:40:00	702.2789760000001	-2674.06233856011	495.966432	-3759.6079141550294	525.761856	-4015.1454146359783	415.248256	-2318.551180365383	771.108304	-2997.845100726673
2025-01-21 07:50:00	702.2789760000001	-2670.547544723344	495.966432	-3753.4066801083213	525.761856	-4003.1869936207413	415.248256	-2331.033201544801	771.108304	-2999.684302849778
2025-01-21 08:00:00	2284.98858	-2672.957988830176	1613.71431	-3771.1363752804664	1710.65898	-4006.125432663977	1351.08348	-2343.4032863716607	2508.936945	-3011.219633391313
2025-01-21 08:10:00	2284.98858	-2673.578645579185	1613.71431	-3771.973913483661	1710.65898	-3995.9273364595088	1351.08348	-2343.3172583341934	2508.936945	-3015.4156233371555
2025-01-21 08:20:00	2284.98858	-2670.651964653487	1613.71431	-3773.1243810625356	1710.65898	-3989.3168640291674	1351.08348	-2340.3444787230906	2508.936945	-3011.4803049243687
2025-01-21 08:30:00	2284.98858	-2663.520310092187	1613.71431	-3766.297328907365	1710.65898	-3977.291233345421	1351.08348	-2339.3786826350915	2508.936945	-3003.9178838956764
2025-01-21 08:40:00	2284.98858	-2664.6135223419496	1613.71431	-3753.905124158584	1710.65898	-3961.18779011	1351.08348	-2333.6851385059394	2508.936945	-2998.4015723778352
2025-01-21 08:50:00	2284.98858	-2662.846028938914	1613.71431	-3737.8477806366473	1710.65898	-3946.921632886852	1351.08348	-2329.0299789974233	2508.936945	-2990.3867728908276
2025-01-21 09:00:00	4899.600748000001	-2544.839836496012	3460.2167860000004	-3562.859216970066	3668.0909880000004	-3760.889943199448	2897.0690213333337	-2224.6536552252633	5379.803400333333	-2853.3836546698913
2025-01-21 09:10:00	4899.600748000001	-2541.5335986976324	3460.2167860000004	-3551.212911205088	3668.0909880000004	-3751.8971728928823	2897.0690213333337	-2224.006665615291	5379.803400333333	-2860.277778772108
2025-01-21 09:20:00	4899.600748000001	-2538.6973739862306	3460.2167860000004	-3544.096867770695	3668.0909880000004	-3745.6371325845444	2897.0690213333337	-2221.5947587700653	5379.803400333333	-2844.97169648186
2025-01-21 09:30:00	4899.600748000001	-2533.6044722748074	3460.2167860000004	-3537.5153295760147	3668.0909880000004	-3739.6336606137625	2897.0690213333337	-2220.8230191098432	5379.803400333333	-2840.7181454347083
2025-01-21 09:40:00	4899.600748000001	-2529.7179011793405	3460.2167860000004	-3527.0110348726994	3668.0909880000004	-3734.9681072477447	2897.0690213333337	-2219.0059108247474	5379.803400333333	-2838.2261392406144
2025-01-21 09:50:00	4899.600748000001	-2524.5298061813746	3460.2167860000004	-3521.862463043806	3668.0909880000004	-3724.640517489938	2897.0690213333337	-2215.5693096416912	5379.803400333333	-2829.4573582199755
2025-01-21 10:00:00	29080.89044	-2366.1239502492317	20537.62958	-3289.2124153748773	21771.43764	-3477.5625583305155	17195.145306666665	-2075.20540915888	31931.065676666665	-2650.2428124008948
2025-01-21 10:10:00	29080.89044	-2348.690793100701	20537.62958	-3277.30269498736	21771.43764	-3462.1656032881547	17195.145306666665	-2068.894920074461	31931.065676666665	-2637.7490266315945
2025-01-21 10:20:00	29080.89044	-2360.939002030722	20537.62958	-3285.521531005783	21771.43764	-3471.7709782634993	17195.145306666665	-2074.4319156518104	31931.065676666665	-2659.1475701582094
2025-01-21 10:30:00	29080.89044	-2374.222254924851	20537.62958	-3288.424862218373	21771.43764	-3476.464030015788	17195.145306666665	-2079.745092604884	31931.065676666665	-2666.756920299973
2025-01-21 10:40:00	29080.89044	-2386.5626800849495	20537.62958	-3296.3243426078734	21771.43764	-3488.365392979191	17195.145306666665	-2083.7735838228364	31931.065676666665	-2673.863815564873
2025-01-21 10:50:00	29080.89044	-2399.014061564074	20537.62958	-3299.492171937156	21771.43764	-3493.689957081744	17195.145306666665	-2089.4636794421967	31931.065676666665	-2673.445116576855
2025-01-21 11:00:00	35113.948800000006	-2271.8782035666663	24798.321600000003	-3110.339549568802	26288.092800000002	-3291.2047267484268	20762.412800000002	-1975.1233106729123	38555.4152	-2512.404352861944
2025-01-21 11:10:00	35113.948800000006	-2282.436984506079	24798.321600000003	-3121.679951108057	26288.092800000002	-3305.6721628329396	20762.412800000002	-1981.7015768383244	38555.4152	-2512.629064862347
2025-01-21 11:20:00	35113.948800000006	-2289.409434758658	24798.321600000003	-3129.5771802003655	26288.092800000002	-3310.175977029383	20762.412800000002	-1988.3541424923933	38555.4152	-2510.1072649256384
2025-01-21 11:30:00	35113.948800000006	-2294.369097409144	24798.321600000003	-3140.700544083189	26288.092800000002	-3309.769572875004	20762.412800000002	-1998.7842773258126	38555.4152	-2510.4000610203802
2025-01-21 11:40:00	35113.948800000006	-2294.2386250611307	24798.321600000003	-3148.0922921181336	26288.092800000002	-3315.082453828156	20762.412800000002	-2005.2318843882422	38555.4152	-2510.0439426462544
2025-01-21 11:50:00	35113.948800000006	-2288.841474525434	24798.321600000003	-3152.452570973739	26288.092800000002	-3309.3452552468516	20762.412800000002	-2008.9010127650035	38555.4152	-2509.665498090413
2025-01-21 12:00:00	31378.78856	-2195.058594027345	22160.46092	-3009.1936025193536	23491.76136	-3166.839083068193	18553.86202666667	-1923.8636903586885	34454.17740666667	-2401.4720180931618
2025-01-21 12:10:00	31378.78856	-2189.2469441538196	22160.46092	-3024.7553404174723	23491.76136	-3170.165318528587	18553.86202666667	-1925.1095155840922	34454.17740666667	-2404.998332947529
2025-01-21 12:20:00	31378.78856	-2182.586290493222	22160.46092	-3027.5593702771985	23491.76136	-3173.6230149342446	18553.86202666667	-1921.2654512613262	34454.17740666667	-2408.365830647941
2025-01-21 12:30:00	31378.78856	-2171.4436041623485	22160.46092	-3027.386357912361	23491.76136	-3169.453046769562	18553.86202666667	-1924.770302399782	34454.17740666667	-2412.7327685270575
2025-01-21 12:40:00	31378.78856	-2165.5548128362934	22160.46092	-3017.3361093788953	23491.76136	-3169.6190210061613	18553.86202666667	-1927.3124023482378	34454.17740666667	-2416.2632117669273
2025-01-21 12:50:00	31378.78856	-2162.0500758012495	22160.46092	-3015.1311523561344	23491.76136	-3178.232240916728	18553.86202666667	-1928.0824041466913	34454.17740666667	-2415.674606523142
2025-01-21 13:00:00	33728.32484	-2015.7725394748559	23819.760380000003	-2812.7381327106195	25250.74404	-2963.0432502594667	19943.111706666667	-1803.6233800537339	37033.98827666666	-2253.7624439410138
2025-01-21 13:10:00	33728.32484	-2022.3269474029075	23819.760380000003	-2824.467962204366	25250.74404	-2972.366766919171	19943.111706666667	-1806.7134866660454	37033.98827666666	-2265.5669552131076
2025-01-21 13:20:00	33728.32484	-2037.0820237781372	23819.760380000003	-2829.927221787333	25250.74404	-2988.8946346103476	19943.111706666667	-1806.6689746522352	37033.98827666666	-2271.388100708784
2025-01-21 13:30:00	33728.32484	-2053.576126864893	23819.760380000003	-2845.104529982702	25250.74404	-2999.6924021477935	19943.111706666667	-1808.2511032101465	37033.98827666666	-2288.269820894682
2025-01-21 13:40:00	33728.32484	-2059.037816120028	23819.760380000003	-2858.4748699983174	25250.74404	-3009.518129934553	19943.111706666667	-1808.5788866876428	37033.98827666666	-2289.6442414129633
2025-01-21 13:50:00	33728.32484	-2065.6023500915107	23819.760380000003	-2874.1130670058883	25250.74404	-3030.964312749311	19943.111706666667	-1810.779530977943	37033.98827666666	-2291.0517739290153
2025-01-21 14:00:00	28271.892600000003	-1959.0516790802249	19966.295700000002	-2725.6698255625925	21165.780600000002	-2877.82533791694	16716.7956	-1706.822693208629	31042.77915	-2153.387610939517
2025-01-21 14:10:00	28271.892600000003	-1962.4438943810856	19966.295700000002	-2747.506220026109	21165.780600000002	-2906.170563110947	16716.7956	-1702.8854019921382	31042.77915	-2156.128891882083
2025-01-21 14:20:00	28271.892600000003	-1963.8604878933802	19966.295700000002	-2757.5617801568333	21165.780600000002	-2920.309478852454	16716.7956	-1696.4089532202343	31042.77915	-2158.684476023507
2025-01-21 14:30:00	28271.892600000003	-1963.980585678215	19966.295700000002	-2770.0858949316753	21165.780600000002	-2933.0624399836342	16716.7956	-1694.644397859891	31042.77915	-2158.467951424431
2025-01-21 14:40:00	28271.892600000003	-1961.167470594337	19966.295700000002	-2782.283361692822	21165.780600000002	-2949.188322151029	16716.7956	-1695.0464488904727	31042.77915	-2153.198844633236
2025-01-21 14:50:00	28271.892600000003	-1952.3372868266451	19966.295700000002	-2795.449522999679	21165.780600000002	-2961.4325440627254	16716.7956	-1698.3802669476536	31042.77915	-2150.772228904734
2025-01-21 15:00:00	11076.38532	-1977.8811929186613	7822.41174	-2831.2751005885266	8292.346919999998	-3006.6287565004513	6549.319919999999	-1726.1701949667768	12161.965529999998	-2179.2467227012858
2025-01-21 15:10:00	11076.38532	-2003.648738943366	7822.41174	-2852.7274085580675	8292.346919999998	-3027.4431989808363	6549.319919999999	-1727.13111895148	12161.965529999998	-2217.398836359236
2025-01-21 15:20:00	11076.38532	-2010.6081306586912	7822.41174	-2854.5333566197196	8292.346919999998	-3030.469361542102	6549.319919999999	-1732.3452891460747	12161.965529999998	-2227.3599711843144
2025-01-21 15:30:00	11076.38532	-2017.600367985282	7822.41174	-2857.7084289225904	8292.346919999998	-3032.9354341739418	6549.319919999999	-1735.1669438810586	12161.965529999998	-2233.1953734480194
2025-01-21 15:40:00	11076.38532	-2024.406678739464	7822.41174	-2859.6403806861663	8292.346919999998	-3037.0712669221593	6549.319919999999	-1738.5723192221103	12161.965529999998	-2241.6437642626006
2025-01-21 15:50:00	11076.38532	-2032.751134228176	7822.41174	-2858.0965713105934	8292.346919999998	-3041.382422243076	6549.319919999999	-1740.0798231113731	12161.965529999998	-2248.719079952798
2025-01-21 16:00:00	2607.72708	-2188.588205731867	1841.6400600000002	-3069.269987998312	1952.27748	-3270.3714742235716	1541.9144800000001	-1876.9413762715008	2863.3065699999997	-2426.2453984948174
2025-01-21 16:10:00	2607.72708	-2197.984003007918	1841.6400600000002	-3069.1339386753643	1952.27748	-3269.3841367751484	1541.9144800000001	-1880.51028835417	2863.3065699999997	-2443.1627575390844
2025-01-21 16:20:00	2607.72708	-2196.1467417877734	1841.6400600000002	-3066.2990355844513	1952.27748	-3264.7054267982903	1541.9144800000001	-1881.6780739320916	2863.3065699999997	-2441.135124582062
2025-01-21 16:30:00	2607.72708	-2195.5881561282617	1841.6400600000002	-3059.271678574898	1952.27748	-3265.2799439127057	1541.9144800000001	-1889.4524013048153	2863.3065699999997	-2448.5009876342806
2025-01-21 16:40:00	2607.72708	-2198.5139382179873	1841.6400600000002	-3066.715391711031	1952.27748	-3266.3440511338576	1541.9144800000001	-1893.0331055921702	2863.3065699999997	-2446.4286983632114
2025-01-21 16:50:00	2607.72708	-2197.678295452801	1841.6400600000002	-3063.2358928979957	1952.27748	-3259.034587824407	1541.9144800000001	-1893.5712106716005	2863.3065699999997	-2457.1576374522488
2025-01-21 17:00:00	618.8833476	-2309.7716285735455	437.0704182	-3230.2711021039127	463.3276356	-3431.189548503507	365.9375256	-1993.0204996896684	679.5391929	-2587.821168375526
2025-01-21 17:10:00	618.8833476	-2308.303190122384	437.0704182	-3233.051036063802	463.3276356	-3424.4783180287964	365.9375256	-1993.5202493675818	679.5391929	-2587.688873798344
2025-01-21 17:20:00	618.8833476	-2306.743834477042	437.0704182	-3244.1087818619685	463.3276356	-3421.5116227563603	365.9375256	-1993.2604331675718	679.5391929	-2587.9848144422126
2025-01-21 17:30:00	618.8833476	-2306.480924345048	437.0704182	-3248.365355947805	463.3276356	-3415.6222765911293	365.9375256	-1992.1530633350906	679.5391929	-2590.724241512199
2025-01-21 17:40:00	618.8833476	-2309.6921957708623	437.0704182	-3255.501553248199	463.3276356	-3415.5142825918983	365.9375256	-1995.188688436897	679.5391929	-2598.426972467257
2025-01-21 17:50:00	618.8833476	-2313.853509445502	437.0704182	-3256.8125315266198	463.3276356	-3417.5643604194447	365.9375256	-1995.2508651443552	679.5391929	-2594.4279220196026
2025-01-21 18:00:00	631.8789512	-2419.732936953729	446.24822839999996	-3413.217589548248	473.0568071999999	-3587.503375981371	373.62165386666663	-2095.6703835532167	693.8084764666665	-2724.7437710595104
2025-01-21 18:10:00	631.8789512	-2414.0488501521095	446.24822839999996	-3414.101707932644	473.0568071999999	-3576.3324300335407	373.62165386666663	-2092.404802288592	693.8084764666665	-2718.2039408260753
2025-01-21 18:20:00	631.8789512	-2412.0348509101495	446.24822839999996	-3415.8799939220344	473.0568071999999	-3578.2549584788094	373.62165386666663	-2098.3127367694615	693.8084764666665	-2722.610359211266
2025-01-21 18:30:00	631.8789512	-2409.35077529752	446.24822839999996	-3429.1341831807467	473.0568071999999	-3575.0708123563745	373.62165386666663	-2095.0717419129155	693.8084764666665	-2718.4952405172535
2025-01-21 18:40:00	631.8789512	-2408.723370841284	446.24822839999996	-3434.9432299232994	473.0568071999999	-3580.456758669856	373.62165386666663	-2100.460651979168	693.8084764666665	-2717.04638099398
2025-01-21 18:50:00	631.8789512	-2408.3329382370594	446.24822839999996	-3435.2230802143176	473.0568071999999	-3585.281501487428	373.62165386666663	-2111.304890932647	693.8084764666665	-2710.766599223043
2025-01-21 19:00:00	598.4002108000001	-2432.7930168307075	422.6047306000001	-3458.863272656723	447.99291480000005	-3625.2853322309147	353.82611813333335	-2134.9347939411405	657.0485340333333	-2732.354640356496
2025-01-21 19:10:00	598.4002108000001	-2432.004542286013	422.6047306000001	-3457.295299280814	447.99291480000005	-3625.3783538794714	353.82611813333335	-2136.323142821841	657.0485340333333	-2733.5154392753957
2025-01-21 19:20:00	598.4002108000001	-2429.54916063802	422.6047306000001	-3454.3670486111464	447.99291480000005	-3636.8724163986644	353.82611813333335	-2136.871340982976	657.0485340333333	-2739.4378633742235
2025-01-21 19:30:00	598.4002108000001	-2429.29247025098	422.6047306000001	-3450.1431701074757	447.99291480000005	-3641.814192826841	353.82611813333335	-2138.0311575757896	657.0485340333333	-2736.3905803048115
2025-01-21 19:40:00	598.4002108000001	-2426.363582440124	422.6047306000001	-3434.893674588556	447.99291480000005	-3644.9745188100237	353.82611813333335	-2138.8246611041695	657.0485340333333	-2733.191299621175
2025-01-21 19:50:00	598.4002108000001	-2423.590013478409	422.6047306000001	-3427.082453172503	447.99291480000005	-3660.956119922069	353.82611813333335	-2139.674506133583	657.0485340333333	-2725.406470222629
2025-01-21 20:00:00	582.4784448	-2475.2062273288675	411.3603936	-3487.4227266655803	436.0730688	-3736.300802991455	344.4117888	-2189.264418547326	639.5662991999999	-2776.8919752663674
2025-01-21 20:10:00	582.4784448	-2471.2021118295806	411.3603936	-3479.242321387478	436.0730688	-3723.742663919395	344.4117888	-2190.402441454629	639.5662991999999	-2771.4276114852773
2025-01-21 20:20:00	582.4784448	-2467.31129474055	411.3603936	-3469.2406677196877	436.0730688	-3716.2299368273484	344.4117888	-2190.275361202709	639.5662991999999	-2769.5647128631995
2025-01-21 20:30:00	582.4784448	-2465.2070214432033	411.3603936	-3460.9099006453666	436.0730688	-3705.870412189182	344.4117888	-2186.566553349429	639.5662991999999	-2763.8126369667834
2025-01-21 20:40:00	582.4784448	-2464.042923895654	411.3603936	-3458.4014201855853	436.0730688	-3698.6992493277853	344.4117888	-2186.111338454532	639.5662991999999	-2761.0935542091647
2025-01-21 20:50:00	582.4784448	-2462.2936059975173	411.3603936	-3449.953102493928	436.0730688	-3692.806441273972	344.4117888	-2184.8013705271674	639.5662991999999	-2755.4341987357766
2025-01-21 21:00:00	581.8759996000001	-2486.860614539098	410.93493220000005	-3482.5946433344916	435.62204760000003	-3730.3758686517913	344.05557093333334	-2207.7276895383757	638.9048092333334	-2781.1923600226696
2025-01-21 21:10:00	581.8759996000001	-2485.7426850134916	410.93493220000005	-3480.0511387197603	435.62204760000003	-3724.1286116262418	344.05557093333334	-2206.2349433455593	638.9048092333334	-2774.726732926376
2025-01-21 21:20:00	581.8759996000001	-2481.298107454488	410.93493220000005	-3477.0270296108793	435.62204760000003	-3715.969226023043	344.05557093333334	-2209.8289758857177	638.9048092333334	-2774.0960370505586
2025-01-21 21:30:00	581.8759996000001	-2479.2482373251473	410.93493220000005	-3473.3941515258675	435.62204760000003	-3713.3134396924115	344.05557093333334	-2206.2776631595525	638.9048092333334	-2772.402149955438
2025-01-21 21:40:00	581.8759996000001	-2479.6833392992753	410.93493220000005	-3466.982214494654	435.62204760000003	-3703.877194604919	344.05557093333334	-2202.962623375613	638.9048092333334	-2765.7200338946436
2025-01-21 21:50:00	581.8759996000001	-2477.872864262774	410.93493220000005	-3462.172035199883	435.62204760000003	-3702.9943351467427	344.05557093333334	-2199.8407699145887	638.9048092333334	-2758.0977241959104
2025-01-21 22:00:00	579.208028	-2492.7798541098464	409.050746	-3476.548915810593	433.624668	-3715.7452845005896	342.4780346666667	-2212.3224905067905	635.9753536666666	-2772.149871057102
2025-01-21 22:10:00	579.208028	-2491.1937937527987	409.050746	-3468.8780553997203	433.624668	-3711.0348191468297	342.4780346666667	-2210.726266450427	635.9753536666666	-2768.876192467389
2025-01-21 22:20:00	579.208028	-2490.629643314581	409.050746	-3461.371739431985	433.624668	-3703.473783423737	342.4780346666667	-2208.203015139434	635.9753536666666	-2764.9559123455124
2025-01-21 22:30:00	579.208028	-2488.8109531239443	409.050746	-3453.171333377398	433.624668	-3694.042000828444	342.4780346666667	-2205.3059143256683	635.9753536666666	-2761.3783032382994
2025-01-21 22:40:00	579.208028	-2484.0358173374398	409.050746	-3443.349253063638	433.624668	-3685.956131128903	342.4780346666667	-2202.0913441818548	635.9753536666666	-2755.102078366897
2025-01-21 22:50:00	579.208028	-2481.896819620773	409.050746	-3437.669414579822	433.624668	-3678.2504850988284	342.4780346666667	-2200.5523599800026	635.9753536666666	-2750.344226746751
2025-01-21 23:00:00	618.1087752000001	-2504.579188504822	436.5233964000001	-3466.3127931825024	462.74775120000004	-3709.2401520842036	365.47953120000005	-2220.3245002333406	678.6887058	-2776.555056066809
2025-01-21 23:10:00	618.1087752000001	-2491.199824281903	436.5233964000001	-3455.666833543442	462.74775120000004	-3698.8036696113763	365.47953120000005	-2212.6727769017516	678.6887058	-2769.8469521459647
2025-01-21 23:20:00	618.1087752000001	-2475.1781495603896	436.5233964000001	-3445.513085726508	462.74775120000004	-3688.7344786205126	365.47953120000005	-2194.100489619861	678.6887058	-2760.762530115562
2025-01-21 23:30:00	618.1087752000001	-2461.4781041840292	436.5233964000001	-3436.1944965586076	462.74775120000004	-3680.4945269844325	365.47953120000005	-2176.138388880482	678.6887058	-2754.5672398408387
2025-01-21 23:40:00	618.1087752000001	-2445.230724405593	436.5233964000001	-3426.6499194363864	462.74775120000004	-3671.5992303169746	365.47953120000005	-2162.478938204974	678.6887058	-2748.094942751066
2025-01-21 23:50:00	618.1087752000001	-2427.9860546546206	436.5233964000001	-3417.74747177516	462.74775120000004	-3663.313933467795	365.47953120000005	-2140.5065595238057	678.6887058	-2733.148542942108
2025-01-22 00:00:00	603.7361539999999	-2405.264398694328	426.37310299999996	-3404.520475720396	451.98767399999997	-3647.062394605562	356.98119066666663	-2123.869944930432	662.9074451666665	-2727.3743803209645
2025-01-22 00:10:00	603.7361539999999	-2385.446871867976	426.37310299999996	-3396.2798654209782	451.98767399999997	-3636.187502442867	356.98119066666663	-2110.308655644919	662.9074451666665	-2719.8887285084165
2025-01-22 00:20:00	603.7361539999999	-2358.082581019239	426.37310299999996	-3386.8923350744753	451.98767399999997	-3622.9077450403433	356.98119066666663	-2078.021582910209	662.9074451666665	-2649.0552212108005
2025-01-22 00:30:00	603.7361539999999	-2357.210990957445	426.37310299999996	-3376.7034333194106	451.98767399999997	-3613.1021436312803	356.98119066666663	-2069.8583283019616	662.9074451666665	-2632.7883768148868
2025-01-22 00:40:00	603.7361539999999	-2353.5232798300053	426.37310299999996	-3368.012858251126	451.98767399999997	-3604.943301986233	356.98119066666663	-2068.8181478414535	662.9074451666665	-2637.5619759430583
2025-01-22 00:50:00	603.7361539999999	-2349.9838071609925	426.37310299999996	-3362.8462569529947	451.98767399999997	-3595.929516017233	356.98119066666663	-2065.8478046373875	662.9074451666665	-2632.1448834650046
2025-01-22 01:00:00	564.0608344000001	-2353.618953841772	398.35343080000007	-3361.564905881087	422.28470640000006	-3597.5683198527	333.5216997333334	-2069.84901042651	619.3436059333334	-2635.1959832218986
2025-01-22 01:10:00	564.0608344000001	-2351.3903664540157	398.35343080000007	-3354.0425625998505	422.28470640000006	-3590.805334594246	333.5216997333334	-2067.5222177015276	619.3436059333334	-2631.314892519042
2025-01-22 01:20:00	564.0608344000001	-2348.167867072727	398.35343080000007	-3346.63050353125	422.28470640000006	-3582.5588729256533	333.5216997333334	-2064.8607970609205	619.3436059333334	-2629.03341767993
2025-01-22 01:30:00	564.0608344000001	-2344.70538915416	398.35343080000007	-3337.462305910217	422.28470640000006	-3571.544938201888	333.5216997333334	-2061.7418835589738	619.3436059333334	-2624.319307223253
2025-01-22 01:40:00	564.0608344000001	-2340.648199965117	398.35343080000007	-3326.7666097383535	422.28470640000006	-3561.2705006095666	333.5216997333334	-2059.2771381963616	619.3436059333334	-2618.1687161997957
2025-01-22 01:50:00	564.0608344000001	-2338.1475237718887	398.35343080000007	-3318.93943358634	422.28470640000006	-3552.1052645314753	333.5216997333334	-2058.079761690898	619.3436059333334	-2613.801843328386
2025-01-22 02:00:00	580.7571728	-2329.5294105803305	410.1447896000001	-3302.685460859385	434.78443680000004	-3537.2451258572005	343.3940234666667	-2050.882963754362	637.6763278666667	-2604.0397918906515
2025-01-22 02:10:00	580.7571728	-2326.99769980375	410.1447896000001	-3294.0265203189388	434.78443680000004	-3529.8970174596143	343.3940234666667	-2048.814225976907	637.6763278666667	-2600.7580695005395
2025-01-22 02:20:00	580.7571728	-2324.2814081715496	410.1447896000001	-3284.290122516875	434.78443680000004	-3520.261260753208	343.3940234666667	-2044.6107317631167	637.6763278666667	-2595.2513510792455
2025-01-22 02:30:00	580.7571728	-2320.030752417574	410.1447896000001	-3276.5319904272515	434.78443680000004	-3513.4489864248044	343.3940234666667	-2042.0266911500057	637.6763278666667	-2590.7021510255504
2025-01-22 02:40:00	580.7571728	-2317.541599783328	410.1447896000001	-3269.9008680405627	434.78443680000004	-3506.0110810324304	343.3940234666667	-2040.4990882357615	637.6763278666667	-2587.60549157128
2025-01-22 02:50:00	580.7571728	-2314.5913269776593	410.1447896000001	-3261.3689874590154	434.78443680000004	-3497.578118174079	343.3940234666667	-2038.53717817009	637.6763278666667	-2584.0893875994434
2025-01-22 03:00:00	574.3884664000001	-2164.7684176081625	405.6470548000001	-3043.2831174003013	430.01649840000005	-3264.0018199333017	339.62829173333336	-1906.7708752680978	630.6834339333334	-2409.888920016664
2025-01-22 03:10:00	574.3884664000001	-2166.3823518680583	405.6470548000001	-3041.1625690141022	430.01649840000005	-3262.8652231681626	339.62829173333336	-1907.3273271434068	630.6834339333334	-2410.797380605713
2025-01-22 03:20:00	574.3884664000001	-2167.9215563327784	405.6470548000001	-3036.8918286568924	430.01649840000005	-3258.2143329134615	339.62829173333336	-1906.7354433796072	630.6834339333334	-2410.3264756848735
2025-01-22 03:30:00	574.3884664000001	-2165.6166962283555	405.6470548000001	-3035.312076125532	430.01649840000005	-3254.128144102685	339.62829173333336	-1907.6697366916583	630.6834339333334	-2407.6817991697276
2025-01-22 03:40:00	574.3884664000001	-2163.568867648364	405.6470548000001	-3029.457677002931	430.01649840000005	-3248.748999063805	339.62829173333336	-1907.6491337543548	630.6834339333334	-2405.145273601776
2025-01-22 03:50:00	574.3884664000001	-2161.7490226803925	405.6470548000001	-3028.0258568283753	430.01649840000005	-3241.945001879926	339.62829173333336	-1903.8319108034916	630.6834339333334	-2401.9729023470873
2025-01-22 04:00:00	573.6999576000001	-2063.0078373824776	405.16081320000006	-2888.0046533164295	429.5010456	-3090.9539822263205	339.2211856	-1818.2545461629124	629.9274454	-2287.643480848402
2025-01-22 04:10:00	573.6999576000001	-2066.0677669250645	405.16081320000006	-2889.5241690375383	429.5010456	-3091.037810042085	339.2211856	-1820.9261071957144	629.9274454	-2291.812743530987
2025-01-22 04:20:00	573.6999576000001	-2066.0130432221786	405.16081320000006	-2888.9399682317294	429.5010456	-3088.191799173436	339.2211856	-1820.939875296067	629.9274454	-2291.4473154636908
2025-01-22 04:30:00	573.6999576000001	-2064.8013841554607	405.16081320000006	-2888.340484220912	429.5010456	-3086.2599066944	339.2211856	-1819.952756929793	629.9274454	-2290.9927820037838
2025-01-22 04:40:00	573.6999576000001	-2064.2813353376137	405.16081320000006	-2887.398958657281	429.5010456	-3085.2483633896027	339.2211856	-1818.3026525803966	629.9274454	-2288.9304957369723
2025-01-22 04:50:00	573.6999576000001	-2064.467661388402	405.16081320000006	-2887.6869148992973	429.5010456	-3086.848721512599	339.2211856	-1818.5974532849987	629.9274454	-2289.0272272422753
2025-01-22 05:00:00	605.027108	-2274.391608595779	427.28480600000006	-3186.060781762569	452.95414800000003	-3403.165880860519	357.7445146666667	-2003.333066704169	664.3249236666667	-2531.340201219648
2025-01-22 05:10:00	605.027108	-2269.3739753934838	427.28480600000006	-3180.731716280815	452.95414800000003	-3397.527037211785	357.7445146666667	-1998.3123550040684	664.3249236666667	-2526.8176246744197
2025-01-22 05:20:00	605.027108	-2269.443146059503	427.28480600000006	-3181.50224892526	452.95414800000003	-3397.5345113719095	357.7445146666667	-1995.4763934874638	664.3249236666667	-2526.9008148052435
2025-01-22 05:30:00	605.027108	-2269.298556011916	427.28480600000006	-3180.653903658244	452.95414800000003	-3398.1063044667435	357.7445146666667	-1993.3356401748022	664.3249236666667	-2526.8230339072593
2025-01-22 05:40:00	605.027108	-2269.399573915804	427.28480600000006	-3181.161483896939	452.95414800000003	-3397.649040150892	357.7445146666667	-1992.1012893458708	664.3249236666667	-2527.0130978258185
2025-01-22 05:50:00	605.027108	-2268.5623486496916	427.28480600000006	-3181.3301008115	452.95414800000003	-3397.682503048036	357.7445146666667	-1991.008000738633	664.3249236666667	-2526.805467775089
2025-01-22 06:00:00	583.5972716	-2199.435654923579	412.15053620000003	-3083.4367288071217	436.9106796	-3292.8448232866444	345.0733362666667	-1929.0802851304013	640.7947805666666	-2446.7383024234114
2025-01-22 06:10:00	583.5972716	-2200.16760322708	412.15053620000003	-3084.6542764793176	436.9106796	-3294.8448479214985	345.0733362666667	-1934.0169857715698	640.7947805666666	-2447.571637058212
2025-01-22 06:20:00	583.5972716	-2212.170936198181	412.15053620000003	-3112.4831167363245	436.9106796	-3318.7917239976728	345.0733362666667	-1950.9002109392675	640.7947805666666	-2474.3692019900436
2025-01-22 06:30:00	583.5972716	-2229.752006588781	412.15053620000003	-3153.490253020501	436.9106796	-3343.8838578516434	345.0733362666667	-1969.572648552615	640.7947805666666	-2500.132024472826
2025-01-22 06:40:00	583.5972716	-2243.6448326824357	412.15053620000003	-3182.9119772070662	436.9106796	-3375.778781139705	345.0733362666667	-1988.8592566688283	640.7947805666666	-2522.7183017630878
2025-01-22 06:50:00	583.5972716	-2254.948575739377	412.15053620000003	-3201.630310977701	436.9106796	-3412.006533811011	345.0733362666667	-2009.5487778853014	640.7947805666666	-2547.22589548988
2025-01-22 07:00:00	585.7488615999999	-2103.267914872584	413.6700412	-2987.282931735379	438.5214696	-3181.9581349976343	346.3455429333333	-1868.9974238965124	643.1572447333333	-2367.299302513168
2025-01-22 07:10:00	585.7488615999999	-2119.051719607184	413.6700412	-3011.1661056672797	438.5214696	-3189.145996453799	346.3455429333333	-1870.7954279156615	643.1572447333333	-2393.494834987381
2025-01-22 07:20:00	585.7488615999999	-2125.5137452158287	413.6700412	-3047.413277608193	438.5214696	-3182.7379399534793	346.3455429333333	-1869.3589487562608	643.1572447333333	-2412.6229450475216
2025-01-22 07:30:00	585.7488615999999	-2125.1953734932617	413.6700412	-3081.179034366401	438.5214696	-3177.124241810433	346.3455429333333	-1869.9768636933686	643.1572447333333	-2407.706832768186
2025-01-22 07:40:00	585.7488615999999	-2128.575804906236	413.6700412	-3094.8538986397575	438.5214696	-3178.751604594935	346.3455429333333	-1875.2823957561454	643.1572447333333	-2410.205820703698
2025-01-22 07:50:00	585.7488615999999	-2130.2274295255856	413.6700412	-3089.1714369486026	438.5214696	-3180.8189275750956	346.3455429333333	-1892.2164166968355	643.1572447333333	-2415.7972233586765
2025-01-22 08:00:00	1063.7460959999999	-2127.4290662306475	751.2432719999999	-3081.499405602206	796.3745759999999	-3183.4382612624036	628.978976	-1894.0771133845876	1168.0022839999997	-2412.095563794177
2025-01-22 08:10:00	1063.7460959999999	-2129.1647592738477	751.2432719999999	-3076.0773276731707	796.3745759999999	-3186.2520935084863	628.978976	-1900.0751567875147	1168.0022839999997	-2415.54086891581
2025-01-22 08:20:00	1063.7460959999999	-2132.517173249715	751.2432719999999	-3071.9577680735656	796.3745759999999	-3201.4204563066046	628.978976	-1899.6518314799862	1168.0022839999997	-2414.371977370403
2025-01-22 08:30:00	1063.7460959999999	-2131.0050245589355	751.2432719999999	-3064.5069781960083	796.3745759999999	-3192.9130980296513	628.978976	-1895.6471869590303	1168.0022839999997	-2413.6228957373605
2025-01-22 08:40:00	1063.7460959999999	-2129.235143168851	751.2432719999999	-3064.3795413629396	796.3745759999999	-3192.356107319755	628.978976	-1895.7356055004304	1168.0022839999997	-2410.838182374846
2025-01-22 08:50:00	1063.7460959999999	-2127.7174629837823	751.2432719999999	-3058.061664165335	796.3745759999999	-3181.9385550820157	628.978976	-1893.999797914699	1168.0022839999997	-2404.5937468678662
2025-01-22 09:00:00	1555.1692520000001	-2133.7092037133525	1098.2982140000001	-3064.354467508208	1164.279012	-3187.1694979382382	919.5509786666668	-1900.8045856094673	1707.5890996666667	-2412.3926107650614
2025-01-22 09:10:00	1555.1692520000001	-2130.6568284608047	1098.2982140000001	-3055.467837905004	1164.279012	-3184.6629145228208	919.5509786666668	-1898.943771994394	1707.5890996666667	-2406.6366759309267
2025-01-22 09:20:00	1555.1692520000001	-2129.9817750549637	1098.2982140000001	-3052.1387927631454	1164.279012	-3181.289192786294	919.5509786666668	-1903.9640071899657	1707.5890996666667	-2410.77299200806
2025-01-22 09:30:00	1555.1692520000001	-2127.336147078001	1098.2982140000001	-3045.534755058831	1164.279012	-3176.963511403792	919.5509786666668	-1904.8000111559145	1707.5890996666667	-2405.551185125877
2025-01-22 09:40:00	1555.1692520000001	-2123.7678794745334	1098.2982140000001	-3048.3928959103546	1164.279012	-3175.567756914693	919.5509786666668	-1909.1590720302243	1707.5890996666667	-2402.6622269239515
2025-01-22 09:50:00	1555.1692520000001	-2122.5567286565856	1098.2982140000001	-3042.9899720218214	1164.279012	-3168.498344881089	919.5509786666668	-1914.3940624122679	1707.5890996666667	-2402.471350219893
2025-01-22 10:00:00	7900.6384800000005	-2089.8410373306815	5579.62236	-2993.999601940949	5914.82088	-3115.4311169327193	4671.54288	-1881.5786488550184	8674.96842	-2359.9886137777594
2025-01-22 10:10:00	7900.6384800000005	-2083.753251915712	5579.62236	-2989.8596374638882	5914.82088	-3106.1817909659712	4671.54288	-1877.387535619826	8674.96842	-2363.6077513426226
2025-01-22 10:20:00	7900.6384800000005	-2083.5135374640267	5579.62236	-2990.2741434327463	5914.82088	-3099.8751862202244	4671.54288	-1881.207046332006	8674.96842	-2366.787858042713
2025-01-22 10:30:00	7900.6384800000005	-2085.7135228961197	5579.62236	-2993.6235472576636	5914.82088	-3099.157772196533	4671.54288	-1885.8722180526856	8674.96842	-2370.755025835637
2025-01-22 10:40:00	7900.6384800000005	-2086.6103795703384	5579.62236	-2985.988814900008	5914.82088	-3096.83170218962	4671.54288	-1882.7050665402212	8674.96842	-2377.091585335267
2025-01-22 10:50:00	7900.6384800000005	-2087.442181456974	5579.62236	-2988.305655921863	5914.82088	-3101.5854200724116	4671.54288	-1884.9359569619883	8674.96842	-2377.311322736401
2025-01-22 11:00:00	20207.73328	-2023.431648491638	14271.190960000002	-2894.6827365756617	15128.53968	-2999.8450111349503	11948.565013333335	-1828.1285987671654	22188.263453333333	-2293.979881359497
2025-01-22 11:10:00	20207.73328	-2015.3366857010515	14271.190960000002	-2888.9935456455714	15128.53968	-2997.8267399481974	11948.565013333335	-1825.990512316297	22188.263453333333	-2274.683922374985
2025-01-22 11:20:00	20207.73328	-2023.9459911988415	14271.190960000002	-2895.8507112293228	15128.53968	-3001.23116174646	11948.565013333335	-1824.8854429242438	22188.263453333333	-2275.020716965224
2025-01-22 11:30:00	20207.73328	-2032.6563824022487	14271.190960000002	-2900.83295844695	15128.53968	-3015.3890226722087	11948.565013333335	-1824.9757536019824	22188.263453333333	-2275.0768413569567
2025-01-22 11:40:00	20207.73328	-2047.173599105994	14271.190960000002	-2904.511825793794	15128.53968	-3027.361488482502	11948.565013333335	-1822.4043228905466	22188.263453333333	-2280.323027428123
2025-01-22 11:50:00	20207.73328	-2054.4070312648437	14271.190960000002	-2911.626591663855	15128.53968	-3030.3815426507444	11948.565013333335	-1821.5369879002155	22188.263453333333	-2276.171752227936
2025-01-22 12:00:00	39632.287800000006	-1785.0243301007722	27989.282100000004	-2524.170882075563	29670.751800000002	-2621.8473427306963	23434.046800000004	-1576.3288280600282	43516.58995	-1957.1811254362838
2025-01-22 12:10:00	39632.287800000006	-1781.8320391701272	27989.282100000004	-2533.9751933558655	29670.751800000002	-2628.666032013218	23434.046800000004	-1574.0908014653724	43516.58995	-1943.8763656990923
2025-01-22 12:20:00	39632.287800000006	-1796.6303290050564	27989.282100000004	-2548.5479537625724	29670.751800000002	-2648.350815349415	23434.046800000004	-1579.57624069745	43516.58995	-1942.43300950509
2025-01-22 12:30:00	39632.287800000006	-1806.9714063392603	27989.282100000004	-2557.1434748688334	29670.751800000002	-2664.7128132841062	23434.046800000004	-1577.593680113423	43516.58995	-1951.3042185215381
2025-01-22 12:40:00	39632.287800000006	-1813.1859823637787	27989.282100000004	-2557.065422616288	29670.751800000002	-2679.2984567199346	23434.046800000004	-1577.0553517622793	43516.58995	-1959.9047025643958
2025-01-22 12:50:00	39632.287800000006	-1820.7322325021523	27989.282100000004	-2570.3501366697274	29670.751800000002	-2682.596873697872	23434.046800000004	-1573.5697811377831	43516.58995	-1973.7392936962642
2025-01-22 13:00:00	16231.59496	-1824.333554740244	11463.14572	-2589.4079721692015	12151.79976	-2673.1582690456	9597.527093333334	-1566.1431825416566	17822.429673333332	-1973.8781885638673
2025-01-22 13:10:00	16231.59496	-1846.5609880305074	11463.14572	-2622.1612081956882	12151.79976	-2684.5903572741227	9597.527093333334	-1568.8113510834228	17822.429673333332	-1982.011309570098
2025-01-22 13:20:00	16231.59496	-1839.0692127018174	11463.14572	-2626.2484220590813	12151.79976	-2679.03955596213	9597.527093333334	-1560.5837526957548	17822.429673333332	-1970.0555183568504
2025-01-22 13:30:00	16231.59496	-1832.1641803971452	11463.14572	-2638.899571634076	12151.79976	-2684.338391748128	9597.527093333334	-1553.7997423325996	17822.429673333332	-1967.4744214808015
2025-01-22 13:40:00	16231.59496	-1835.0651689992937	11463.14572	-2641.352099481759	12151.79976	-2680.9456232996545	9597.527093333334	-1551.8441577112626	17822.429673333332	-1964.648623383251
2025-01-22 13:50:00	16231.59496	-1829.881101045774	11463.14572	-2652.786180951176	12151.79976	-2683.595225129693	9597.527093333334	-1559.5323772253796	17822.429673333332	-1963.263299752427
2025-01-22 14:00:00	33693.8994	-1613.5606275015816	23795.448300000004	-2358.4530757116045	25224.971400000002	-2359.5831585536034	19922.756400000002	-1380.5677980892142	36996.18885	-1708.6441847712704
2025-01-22 14:10:00	33693.8994	-1599.9738570824702	23795.448300000004	-2355.8477782450937	25224.971400000002	-2370.004806111545	19922.756400000002	-1386.2063614500767	36996.18885	-1699.4764853420565
2025-01-22 14:20:00	33693.8994	-1608.122907343357	23795.448300000004	-2356.689774291106	25224.971400000002	-2388.43911735449	19922.756400000002	-1396.2782068246706	36996.18885	-1695.4239900087632
2025-01-22 14:30:00	33693.8994	-1609.598311476031	23795.448300000004	-2363.3623395926443	25224.971400000002	-2387.7455351123863	19922.756400000002	-1402.1144076017263	36996.18885	-1701.0944713529243
2025-01-22 14:40:00	33693.8994	-1607.2276684610551	23795.448300000004	-2368.067215803105	25224.971400000002	-2389.454552627987	19922.756400000002	-1407.139303083608	36996.18885	-1689.8642481230636
2025-01-22 14:50:00	33693.8994	-1606.2964475739282	23795.448300000004	-2369.364974466411	25224.971400000002	-2402.0151960275725	19922.756400000002	-1399.5062590906928	36996.18885	-1686.2637948623815
2025-01-22 15:00:00	9449.78328	-1624.6353347347122	6673.66596	-2401.415590267343	7074.589679999999	-2443.2849014423164	5587.53168	-1424.122433737938	10375.942619999998	-1709.3737829725305
2025-01-22 15:10:00	9449.78328	-1637.4650745529307	6673.66596	-2402.8074260311387	7074.589679999999	-2458.0609416781544	5587.53168	-1423.9969309063144	10375.942619999998	-1723.9018993692098
2025-01-22 15:20:00	9449.78328	-1623.606282112827	6673.66596	-2378.62573615803	7074.589679999999	-2470.735560295446	5587.53168	-1415.1452816632109	10375.942619999998	-1741.3551092124035
2025-01-22 15:30:00	9449.78328	-1634.240606837042	6673.66596	-2364.4471577596923	7074.589679999999	-2480.8503811982673	5587.53168	-1407.38646321563	10375.942619999998	-1753.8991107516467
2025-01-22 15:40:00	9449.78328	-1641.7974951852266	6673.66596	-2356.143118583783	7074.589679999999	-2486.691968002576	5587.53168	-1403.6870386143682	10375.942619999998	-1766.6523705681739
2025-01-22 15:50:00	9449.78328	-1647.672959472542	6673.66596	-2364.5813162966315	7074.589679999999	-2496.7985968935072	5587.53168	-1409.1159350204825	10375.942619999998	-1781.07893101859
2025-01-22 16:00:00	2636.9887040000003	-1701.5362807100746	1862.3053280000001	-2440.073536136663	1974.184224	-2583.039836270342	1559.2164906666667	-1455.2678393687688	2895.4360826666666	-1842.8177730309158
2025-01-22 16:10:00	2636.9887040000003	-1713.1955232917371	1862.3053280000001	-2451.468358409615	1974.184224	-2592.8549355907876	1559.2164906666667	-1468.141433913258	2895.4360826666666	-1858.1920996786325
2025-01-22 16:20:00	2636.9887040000003	-1715.9500604511486	1862.3053280000001	-2457.7225831460023	1974.184224	-2592.9635677301817	1559.2164906666667	-1471.2638870442497	2895.4360826666666	-1862.406542550469
2025-01-22 16:30:00	2636.9887040000003	-1718.9711138853454	1862.3053280000001	-2462.468165997969	1974.184224	-2595.546245347446	1559.2164906666667	-1476.3528396307893	2895.4360826666666	-1868.9664457725753
2025-01-22 16:40:00	2636.9887040000003	-1724.096608540489	1862.3053280000001	-2469.26418108371	1974.184224	-2599.2416573612286	1559.2164906666667	-1481.5556700816874	2895.4360826666666	-1877.8817572832681
2025-01-22 16:50:00	2636.9887040000003	-1725.1541872612843	1862.3053280000001	-2480.39598438013	1974.184224	-2609.51641425337	1559.2164906666667	-1486.806334862607	2895.4360826666666	-1892.7509490776888
2025-01-22 17:00:00	592.8060768	-1723.214430743817	418.65401760000003	-2472.7403650760007	443.8048608	-2602.6091652547016	350.5183808	-1488.470868895522	650.9061271999999	-1886.9520535740971
2025-01-22 17:10:00	592.8060768	-1723.1559862820263	418.65401760000003	-2476.6669518497883	443.8048608	-2608.2845382797514	350.5183808	-1494.6726636321087	650.9061271999999	-1896.590508189087
2025-01-22 17:20:00	592.8060768	-1719.998831669834	418.65401760000003	-2490.5370912358144	443.8048608	-2609.990153052667	350.5183808	-1500.1820017565592	650.9061271999999	-1901.8895156303743
2025-01-22 17:30:00	592.8060768	-1724.548047381652	418.65401760000003	-2493.769314932235	443.8048608	-2612.9301604181983	350.5183808	-1507.363707711984	650.9061271999999	-1905.5910413475513
2025-01-22 17:40:00	592.8060768	-1732.4624150764685	418.65401760000003	-2502.7724491380322	443.8048608	-2621.9029970042916	350.5183808	-1510.8993452243717	650.9061271999999	-1913.7192453094958
2025-01-22 17:50:00	592.8060768	-1736.033924183862	418.65401760000003	-2505.889752282498	443.8048608	-2624.627864832835	350.5183808	-1515.6873496905655	650.9061271999999	-1917.4340863754824
2025-01-22 18:00:00	586.0070524	-1697.400816876382	413.85238180000005	-2453.9737713194295	438.71476440000004	-2558.5549501748033	346.49820773333335	-1489.068365330391	643.4407404333333	-1881.665331385062
2025-01-22 18:10:00	586.0070524	-1700.274762470841	413.85238180000005	-2450.5906558705265	438.71476440000004	-2545.5815688279927	346.49820773333335	-1496.689990195242	643.4407404333333	-1886.173180127942
2025-01-22 18:20:00	586.0070524	-1703.7598861610115	413.85238180000005	-2456.0000849184917	438.71476440000004	-2541.0249241307693	346.49820773333335	-1500.648255896472	643.4407404333333	-1892.5175605263394
2025-01-22 18:30:00	586.0070524	-1712.9792662917432	413.85238180000005	-2457.6319648923136	438.71476440000004	-2550.716370859472	346.49820773333335	-1509.2323256998393	643.4407404333333	-1895.1426473157112
2025-01-22 18:40:00	586.0070524	-1715.7042644797755	413.85238180000005	-2451.0493033608795	438.71476440000004	-2560.5018212502127	346.49820773333335	-1514.137527693315	643.4407404333333	-1900.0962661756835
2025-01-22 18:50:00	586.0070524	-1719.0862610810648	413.85238180000005	-2440.323599102691	438.71476440000004	-2562.8446904616494	346.49820773333335	-1515.2269505032693	643.4407404333333	-1905.224424642537
2025-01-22 19:00:00	591.2569320000001	-1726.0837816064984	417.55997400000007	-2442.786073998039	442.64509200000003	-2574.747138298252	349.602392	-1525.2105270390578	649.205153	-1909.2247077810084
2025-01-22 19:10:00	591.2569320000001	-1723.4145347645579	417.55997400000007	-2427.0050832378292	442.64509200000003	-2574.480237025452	349.602392	-1528.1345776258338	649.205153	-1912.63453355403
2025-01-22 19:20:00	591.2569320000001	-1725.965800285788	417.55997400000007	-2432.226829685852	442.64509200000003	-2576.4882155827745	349.602392	-1529.6292830179227	649.205153	-1915.3890114823175
2025-01-22 19:30:00	591.2569320000001	-1727.2683941386442	417.55997400000007	-2434.1567659383027	442.64509200000003	-2563.453872520058	349.602392	-1532.8864726294612	649.205153	-1916.8668455534826
2025-01-22 19:40:00	591.2569320000001	-1726.8884654619717	417.55997400000007	-2435.257938370087	442.64509200000003	-2559.033787334074	349.602392	-1535.246482404361	649.205153	-1917.6121524039877
2025-01-22 19:50:00	591.2569320000001	-1725.8321090528918	417.55997400000007	-2444.839894804568	442.64509200000003	-2562.088887412653	349.602392	-1536.0460490409084	649.205153	-1912.0444947723781
2025-01-22 20:00:00	613.633468	-1753.3445485096472	433.36282600000004	-2488.7687449093105	459.397308	-2604.0548889203133	362.83334133333335	-1560.2168546590729	673.7747803333333	-1951.9541830776884
2025-01-22 20:10:00	613.633468	-1751.2935903655434	433.36282600000004	-2479.3527357457397	459.397308	-2600.980771340225	362.83334133333335	-1560.2114319230554	673.7747803333333	-1946.450354348714
2025-01-22 20:20:00	613.633468	-1750.2833831425564	433.36282600000004	-2473.0917640571224	459.397308	-2604.407434129916	362.83334133333335	-1559.9445771743804	673.7747803333333	-1952.5227102674185
2025-01-22 20:30:00	613.633468	-1754.7139783520288	433.36282600000004	-2470.4813841213786	459.397308	-2595.9766079500864	362.83334133333335	-1560.8994051454142	673.7747803333333	-1959.24640785879
2025-01-22 20:40:00	613.633468	-1761.4945574446274	433.36282600000004	-2467.7696652998807	459.397308	-2597.2748357250653	362.83334133333335	-1560.4182888399173	673.7747803333333	-1965.7435653720145
2025-01-22 20:50:00	613.633468	-1764.5241742547005	433.36282600000004	-2459.263844934666	459.397308	-2600.9815837373594	362.83334133333335	-1558.1785228464628	673.7747803333333	-1970.736299648459
2025-01-22 21:00:00	627.833962	-1772.3958854818034	443.39155900000003	-2467.6533825396014	470.028522	-2612.6948779143413	371.22990533333336	-1565.808191561502	689.3670438333334	-1982.9858352052406
2025-01-22 21:10:00	627.833962	-1777.0085064969426	443.39155900000003	-2468.7538580329215	470.028522	-2613.986892385527	371.22990533333336	-1565.450822600309	689.3670438333334	-1989.4882963852701
2025-01-22 21:20:00	627.833962	-1780.48668646459	443.39155900000003	-2477.3504155833607	470.028522	-2609.429759822824	371.22990533333336	-1565.3543951235008	689.3670438333334	-1994.5911762921764
2025-01-22 21:30:00	627.833962	-1780.4853645346166	443.39155900000003	-2480.535908160744	470.028522	-2606.739461523942	371.22990533333336	-1567.5727642943377	689.3670438333334	-1997.1831331568246
2025-01-22 21:40:00	627.833962	-1779.3341433667674	443.39155900000003	-2473.340490756738	470.028522	-2610.442078560682	371.22990533333336	-1569.5097694886335	689.3670438333334	-1998.8958950524716
2025-01-22 21:50:00	627.833962	-1779.7702683873558	443.39155900000003	-2478.9329799685934	470.028522	-2612.9479251925463	371.22990533333336	-1568.6094295965756	689.3670438333334	-2000.4165122871173
2025-01-22 22:00:00	591.2569320000001	-1763.1111182719985	417.55997400000007	-2460.5243488448805	442.64509200000003	-2590.194090146243	349.602392	-1553.551134518573	649.205153	-1975.1126744468015
2025-01-22 22:10:00	591.2569320000001	-1759.1685950206117	417.55997400000007	-2466.551218684015	442.64509200000003	-2591.1378814681693	349.602392	-1558.7662672650968	649.205153	-1973.4474559744854
2025-01-22 22:20:00	591.2569320000001	-1744.6493578063626	417.55997400000007	-2472.695474650467	442.64509200000003	-2578.294186390842	349.602392	-1558.606527996337	649.205153	-1961.7654738588608
2025-01-22 22:30:00	591.2569320000001	-1736.6978912891284	417.55997400000007	-2478.915260513895	442.64509200000003	-2560.4549937348747	349.602392	-1558.7142190033	649.205153	-1949.903598356445
2025-01-22 22:40:00	591.2569320000001	-1724.54199245923	417.55997400000007	-2479.0827259777134	442.64509200000003	-2540.3508957938675	349.602392	-1558.3596248812505	649.205153	-1943.9487249454737
2025-01-22 22:50:00	591.2569320000001	-1714.0603652112843	417.55997400000007	-2468.6538857089427	442.64509200000003	-2518.614641459836	349.602392	-1557.412679226321	649.205153	-1933.512940350617
2025-01-22 23:00:00	587.2119428000001	-1645.6023123468503	414.7033046	-2385.1314311507585	439.6168068	-2427.317114565214	347.2106434666667	-1507.4597371291802	644.7637203666667	-1857.7617623048482
2025-01-22 23:10:00	587.2119428000001	-1626.302885528411	414.7033046	-2362.3860369330696	439.6168068	-2420.7683626329367	347.2106434666667	-1498.691793778219	644.7637203666667	-1845.6364833941643
2025-01-22 23:20:00	587.2119428000001	-1617.647322689968	414.7033046	-2343.751225066851	439.6168068	-2405.5020659988963	347.2106434666667	-1484.9387345484436	644.7637203666667	-1815.5400489332942
2025-01-22 23:30:00	587.2119428000001	-1611.1191170992024	414.7033046	-2319.693217449354	439.6168068	-2398.5911189974845	347.2106434666667	-1470.305442370599	644.7637203666667	-1796.5020285412088
2025-01-22 23:40:00	587.2119428000001	-1603.2326978351093	414.7033046	-2307.2648870831877	439.6168068	-2378.0850852921526	347.2106434666667	-1457.9220903606388	644.7637203666667	-1773.193180351158
2025-01-22 23:50:00	587.2119428000001	-1590.4329670716884	414.7033046	-2291.990991083291	439.6168068	-2356.767929484606	347.2106434666667	-1447.6369491629246	644.7637203666667	-1755.0506949565515
2025-01-23 00:00:00	588.3307696	-1603.8260977769396	415.49344720000005	-2313.895948240448	440.4544176	-2369.769028088086	347.87219093333334	-1451.3691828552492	645.9922017333333	-1762.877865026
2025-01-23 00:10:00	588.3307696	-1590.8215727029833	415.49344720000005	-2296.5564689669254	440.4544176	-2348.5591802363383	347.87219093333334	-1431.153759616332	645.9922017333333	-1751.0516442381245
2025-01-23 00:20:00	588.3307696	-1547.7766187757884	415.49344720000005	-2217.0834224378823	440.4544176	-2294.044933094	347.87219093333334	-1388.2473067260755	645.9922017333333	-1691.9291207172096
2025-01-23 00:30:00	588.3307696	-1524.6801457616934	415.49344720000005	-2163.6601268485	440.4544176	-2264.3718738796947	347.87219093333334	-1355.512037606191	645.9922017333333	-1666.7249507920756
2025-01-23 00:40:00	588.3307696	-1509.155996897885	415.49344720000005	-2130.3926268832815	440.4544176	-2244.5769312147313	347.87219093333334	-1334.3652602278473	645.9922017333333	-1649.8316649060944
2025-01-23 00:50:00	588.3307696	-1498.8875951666346	415.49344720000005	-2108.367242967016	440.4544176	-2231.3514716055047	347.87219093333334	-1320.2494963728504	645.9922017333333	-1638.5687610723585
2025-01-23 01:00:00	636.3542584	-1470.4107334099904	449.40879880000006	-2062.8186585095164	476.4072504	-2189.6208028233973	376.26784373333334	-1292.562687206202	698.7224019333333	-1605.889528455623
2025-01-23 01:10:00	636.3542584	-1466.8624197240902	449.40879880000006	-2054.026025395442	476.4072504	-2184.2490369482593	376.26784373333334	-1287.2171549303575	698.7224019333333	-1601.5895968610148
2025-01-23 01:20:00	636.3542584	-1464.2061249680346	449.40879880000006	-2051.6056546274676	476.4072504	-2180.6865360908296	376.26784373333334	-1283.0549652632114	698.7224019333333	-1598.3609055893935
2025-01-23 01:30:00	636.3542584	-1462.0670024437318	449.40879880000006	-2058.898434639257	476.4072504	-2189.037221759625	376.26784373333334	-1280.4301118788599	698.7224019333333	-1596.367600429688
2025-01-23 01:40:00	636.3542584	-1460.5887388678575	449.40879880000006	-2064.639264331451	476.4072504	-2196.080870721601	376.26784373333334	-1278.7156754327923	698.7224019333333	-1594.988648411576
2025-01-23 01:50:00	636.3542584	-1459.8315934021462	449.40879880000006	-2072.5604046775293	476.4072504	-2204.5271470231683	376.26784373333334	-1278.1809628577598	698.7224019333333	-1594.3463675930711
2025-01-23 02:00:00	624.1332272	-1491.6963846006975	440.7780104	-2120.6464864620525	467.2579632	-2257.676672833442	369.0417098666667	-1304.9807016745124	685.3036054666666	-1627.783059468547
2025-01-23 02:10:00	624.1332272	-1497.6437268209133	440.7780104	-2124.882304272585	467.2579632	-2264.5719339858692	369.0417098666667	-1308.7407468284227	685.3036054666666	-1626.5485965909338
2025-01-23 02:20:00	624.1332272	-1502.9472432889556	440.7780104	-2130.1093000947035	467.2579632	-2269.2192141836767	369.0417098666667	-1312.4177373397063	685.3036054666666	-1626.1071646804771
2025-01-23 02:30:00	624.1332272	-1507.0110585427856	440.7780104	-2135.6490484492874	467.2579632	-2274.760602551716	369.0417098666667	-1316.2362743691588	685.3036054666666	-1626.170928655502
2025-01-23 02:40:00	624.1332272	-1512.72438477393	440.7780104	-2143.0541418282114	467.2579632	-2282.5111372447295	369.0417098666667	-1321.839735024137	685.3036054666666	-1626.3103545421422
2025-01-23 02:50:00	624.1332272	-1518.416038153447	440.7780104	-2149.5716896882705	467.2579632	-2289.780870090557	369.0417098666667	-1326.4851996861694	685.3036054666666	-1626.0684608899687
2025-01-23 03:00:00	586.5234340000001	-1488.8966254041509	414.217063	-2105.74583867855	439.101354	-2243.008824686873	346.80353733333334	-1300.144329744895	644.0077318333333	-1586.268244880952
2025-01-23 03:10:00	586.5234340000001	-1494.8592322957868	414.217063	-2111.0437122074422	439.101354	-2249.5526849841553	346.80353733333334	-1304.9382557039694	644.0077318333333	-1597.1038541121575
2025-01-23 03:20:00	586.5234340000001	-1499.4589982348168	414.217063	-2116.7702301819827	439.101354	-2256.6417536148683	346.80353733333334	-1310.332140014686	644.0077318333333	-1605.3808273406871
2025-01-23 03:30:00	586.5234340000001	-1504.2863150930232	414.217063	-2123.376337409138	439.101354	-2264.3547034837893	346.80353733333334	-1314.9662484936148	644.0077318333333	-1613.2628129122868
2025-01-23 03:40:00	586.5234340000001	-1510.2147948466356	414.217063	-2129.846283576436	439.101354	-2270.7988919553068	346.80353733333334	-1319.3980687947796	644.0077318333333	-1622.1361379862647
2025-01-23 03:50:00	586.5234340000001	-1515.2743559887492	414.217063	-2135.3030005739774	439.101354	-2276.241679744513	346.80353733333334	-1322.2688526255965	644.0077318333333	-1628.5644129252078
2025-01-23 04:00:00	597.4535112000001	-1608.3970536047177	421.93614840000004	-2267.903165259235	447.2841672	-2417.2267540475486	353.26634720000004	-1405.0093303181004	656.0090498000001	-1735.8591991231965
2025-01-23 04:10:00	597.4535112000001	-1610.3585561228833	421.93614840000004	-2270.1388509614453	447.2841672	-2420.612173773047	353.26634720000004	-1407.7927121559458	656.0090498000001	-1739.3825678629696
2025-01-23 04:20:00	597.4535112000001	-1614.2299713063962	421.93614840000004	-2273.975612500203	447.2841672	-2425.7233295931383	353.26634720000004	-1411.4598316001982	656.0090498000001	-1745.9967430569277
2025-01-23 04:30:00	597.4535112000001	-1618.1153429894862	421.93614840000004	-2277.195120418873	447.2841672	-2428.255583464505	353.26634720000004	-1414.0310829594243	656.0090498000001	-1753.4766555543756
2025-01-23 04:40:00	597.4535112000001	-1622.337007249448	421.93614840000004	-2280.187297604819	447.2841672	-2430.958465808329	353.26634720000004	-1416.7645794582863	656.0090498000001	-1757.2614773649489
2025-01-23 04:50:00	597.4535112000001	-1627.0425657499627	421.93614840000004	-2284.3134605708383	447.2841672	-2435.988744980539	353.26634720000004	-1421.3645484021167	656.0090498000001	-1763.2808542462171
2025-01-23 05:00:00	598.6584016	-1868.5639588199256	422.78707120000007	-2623.1984639623875	448.18620960000004	-2797.577228352763	353.9787829333334	-1631.5119367858472	657.3320297333333	-2041.791643084685
2025-01-23 05:10:00	598.6584016	-1862.4332925001272	422.78707120000007	-2615.4093737057233	448.18620960000004	-2788.55317138401	353.9787829333334	-1629.56819693506	657.3320297333333	-2036.4481778274167
2025-01-23 05:20:00	598.6584016	-1862.8885925133818	422.78707120000007	-2614.390705884677	448.18620960000004	-2787.253130266855	353.9787829333334	-1630.1356204812773	657.3320297333333	-2035.355155235125
2025-01-23 05:30:00	598.6584016	-1863.7857416299498	422.78707120000007	-2612.6015622852537	448.18620960000004	-2787.3344195460186	353.9787829333334	-1631.3439285812033	657.3320297333333	-2036.4627320909976
2025-01-23 05:40:00	598.6584016	-1864.76056383604	422.78707120000007	-2611.6953495602306	448.18620960000004	-2787.379191329293	353.9787829333334	-1633.3735454928408	657.3320297333333	-2040.105417453055
2025-01-23 05:50:00	598.6584016	-1866.4229865922475	422.78707120000007	-2611.3000329099464	448.18620960000004	-2786.055418925801	353.9787829333334	-1637.2709432209472	657.3320297333333	-2041.049042109662
2025-01-23 06:00:00	628.0060892	-1875.2882133575317	443.51311940000005	-2619.514443760556	470.1573852	-2793.807574383786	371.3316818666667	-1642.1718323746761	689.5560409666666	-2049.5848428938034
2025-01-23 06:10:00	628.0060892	-1875.7472100214472	443.51311940000005	-2616.2608853469237	470.1573852	-2795.64816420751	371.3316818666667	-1641.8882612360128	689.5560409666666	-2050.9615013295434
2025-01-23 06:20:00	628.0060892	-1876.2460680583767	443.51311940000005	-2628.397088629973	470.1573852	-2795.8663476626557	371.3316818666667	-1644.2698901010351	689.5560409666666	-2054.0910508987754
2025-01-23 06:30:00	628.0060892	-1877.3825332651263	443.51311940000005	-2638.3066155483752	470.1573852	-2795.3181212429895	371.3316818666667	-1646.5372019997208	689.5560409666666	-2056.446374729877
2025-01-23 06:40:00	628.0060892	-1877.7045282320723	443.51311940000005	-2648.550902109761	470.1573852	-2807.6224345988016	371.3316818666667	-1647.9432526167463	689.5560409666666	-2057.525133168766
2025-01-23 06:50:00	628.0060892	-1879.3445646082164	443.51311940000005	-2675.6690379336383	470.1573852	-2824.0925678632016	371.3316818666667	-1647.9790980467828	689.5560409666666	-2057.398402718931
2025-01-23 07:00:00	628.6945979999999	-1884.8807463642793	443.99936099999996	-2702.895890363433	470.67283799999996	-2840.1004169922376	371.738788	-1653.4076551497578	690.3120294999999	-2061.8639883055193
2025-01-23 07:10:00	628.6945979999999	-1890.289155315148	443.99936099999996	-2709.5471061179674	470.67283799999996	-2846.0238102332473	371.738788	-1655.474820268093	690.3120294999999	-2065.203628172794
2025-01-23 07:20:00	628.6945979999999	-1892.4028035805427	443.99936099999996	-2707.951210031289	470.67283799999996	-2877.191277695766	371.738788	-1660.850278714578	690.3120294999999	-2069.7826566389117
2025-01-23 07:30:00	628.6945979999999	-1897.2902692615748	443.99936099999996	-2705.992075703467	470.67283799999996	-2884.060955437056	371.738788	-1663.3141831478706	690.3120294999999	-2082.8851553752907
2025-01-23 07:40:00	628.6945979999999	-1895.883467804032	443.99936099999996	-2708.5572251411713	470.67283799999996	-2877.356259556024	371.738788	-1672.2611587211968	690.3120294999999	-2080.2834948612067
2025-01-23 07:50:00	628.6945979999999	-1902.6690839176163	443.99936099999996	-2712.8104046284475	470.67283799999996	-2874.3208024115106	371.738788	-1679.4537224875025	690.3120294999999	-2088.27937240483
2025-01-23 08:00:00	1105.9172600000002	-1954.6211802243881	781.0255700000001	-2784.005156289535	827.94606	-2950.33473009293	653.9142266666668	-1738.7094504974016	1214.3065816666667	-2147.8731606792794
2025-01-23 08:10:00	1105.9172600000002	-1959.2607327732278	781.0255700000001	-2777.1258753004186	827.94606	-2948.4166409402965	653.9142266666668	-1747.7589962913157	1214.3065816666667	-2145.346992449211
2025-01-23 08:20:00	1105.9172600000002	-1958.0808283977988	781.0255700000001	-2783.5427453384727	827.94606	-2944.5136196549697	653.9142266666668	-1753.6635926576168	1214.3065816666667	-2145.473224536655
2025-01-23 08:30:00	1105.9172600000002	-1959.959915729177	781.0255700000001	-2775.4009861476434	827.94606	-2937.313404206021	653.9142266666668	-1752.6222133721549	1214.3065816666667	-2146.4581644129726
2025-01-23 08:40:00	1105.9172600000002	-1960.3793545092442	781.0255700000001	-2771.6936633599107	827.94606	-2935.3093043089802	653.9142266666668	-1753.6185222471163	1214.3065816666667	-2149.5423684196385
2025-01-23 08:50:00	1105.9172600000002	-1970.3356323526916	781.0255700000001	-2769.2649552902285	827.94606	-2930.9175576126254	653.9142266666668	-1753.3118983353015	1214.3065816666667	-2154.822856972283
2025-01-23 09:00:00	4311.78636	-2043.6305947890305	3045.08802	-2860.512178712649	3228.02316	-3028.987917533856	2549.50216	-1810.3865247098092	4734.378189999999	-2233.746812771912
2025-01-23 09:10:00	4311.78636	-2035.180820611361	3045.08802	-2852.762164812493	3228.02316	-3028.89142074854	2549.50216	-1806.574300680053	4734.378189999999	-2234.130769540154
2025-01-23 09:20:00	4311.78636	-2038.3698687249007	3045.08802	-2851.078748779153	3228.02316	-3027.3814771895027	2549.50216	-1802.18499614951	4734.378189999999	-2231.2639918578643
2025-01-23 09:30:00	4311.78636	-2041.712851700413	3045.08802	-2851.6165450949147	3228.02316	-3029.907568361447	2549.50216	-1801.8039838502718	4734.378189999999	-2234.1934965308074
2025-01-23 09:40:00	4311.78636	-2047.855843592035	3045.08802	-2849.042732103485	3228.02316	-3027.2338615718413	2549.50216	-1803.0397388907586	4734.378189999999	-2246.2462279603224
2025-01-23 09:50:00	4311.78636	-2059.2672097267778	3045.08802	-2845.9505703833256	3228.02316	-3022.2830594806533	2549.50216	-1797.3168807316706	4734.378189999999	-2248.3969289020642
2025-01-23 10:00:00	6065.762528	-2019.410697562199	4283.788496	-2787.8986465727185	4541.139168	-2961.0592784937953	3586.605034666667	-1759.6271131787475	6660.258978666667	-2201.802211870555
2025-01-23 10:10:00	6065.762528	-2018.0663062499516	4283.788496	-2794.02181691033	4541.139168	-2960.1533548996604	3586.605034666667	-1752.9466637683504	6660.258978666667	-2206.9640691008544
2025-01-23 10:20:00	6065.762528	-2023.521084473964	4283.788496	-2797.0022639630934	4541.139168	-2961.074696232992	3586.605034666667	-1748.6105475555128	6660.258978666667	-2212.0773279720515
2025-01-23 10:30:00	6065.762528	-2025.6432383861384	4283.788496	-2789.234237262539	4541.139168	-2958.5786231228885	3586.605034666667	-1742.6810559668043	6660.258978666667	-2215.0809176161065
2025-01-23 10:40:00	6065.762528	-2029.4889945910063	4283.788496	-2786.7760511272136	4541.139168	-2958.7674715267112	3586.605034666667	-1742.1292680448255	6660.258978666667	-2216.5951421753607
2025-01-23 10:50:00	6065.762528	-2036.0703599561566	4283.788496	-2787.1507107653106	4541.139168	-2958.995605045997	3586.605034666667	-1741.7098490229587	6660.258978666667	-2218.905056863695
2025-01-23 11:00:00	8089.978400000001	-2029.6819431994081	5713.3388	-2778.946448372956	6056.5704	-2950.309754298528	4783.497066666667	-1735.561645324634	8882.865266666666	-2217.484083652751
2025-01-23 11:10:00	8089.978400000001	-2026.8072615599722	5713.3388	-2776.1341487114305	6056.5704	-2947.704341983196	4783.497066666667	-1735.6476542500595	8882.865266666666	-2214.0173925442814
2025-01-23 11:20:00	8089.978400000001	-2033.9463611312258	5713.3388	-2775.8631869959618	6056.5704	-2947.6928255177145	4783.497066666667	-1733.697770660494	8882.865266666666	-2216.8916625189013
2025-01-23 11:30:00	8089.978400000001	-2037.07110140019	5713.3388	-2777.1280320778014	6056.5704	-2953.84147965359	4783.497066666667	-1734.8661567622412	8882.865266666666	-2219.2400090216233
2025-01-23 11:40:00	8089.978400000001	-2028.8427501600509	5713.3388	-2775.594430919483	6056.5704	-2951.774573966096	4783.497066666667	-1735.2307546346683	8882.865266666666	-2224.1820617215817
2025-01-23 11:50:00	8089.978400000001	-2022.6266771873961	5713.3388	-2778.896711247963	6056.5704	-2950.7053233783927	4783.497066666667	-1731.1998787431867	8882.865266666666	-2228.588593019662
2025-01-23 12:00:00	15112.768160000001	-2031.4412030732656	10673.003120000001	-2808.808339337509	11314.18896	-2984.6253556239953	8935.979626666667	-1752.1626625610515	16593.948306666665	-2249.640651712856
2025-01-23 12:10:00	15112.768160000001	-2023.6162103528532	10673.003120000001	-2810.5103244574766	11314.18896	-2979.629049797415	8935.979626666667	-1749.2586327304361	16593.948306666665	-2249.6015161664473
2025-01-23 12:20:00	15112.768160000001	-2022.660588857767	10673.003120000001	-2815.845234803801	11314.18896	-2990.9526343700163	8935.979626666667	-1755.7814668276314	16593.948306666665	-2259.4177972499638
2025-01-23 12:30:00	15112.768160000001	-2032.373745713723	10673.003120000001	-2824.5170860860053	11314.18896	-3000.1292849036563	8935.979626666667	-1759.667087691454	16593.948306666665	-2270.206818169445
2025-01-23 12:40:00	15112.768160000001	-2035.7236566142801	10673.003120000001	-2837.3658417787465	11314.18896	-2997.751615439267	8935.979626666667	-1765.7489860593432	16593.948306666665	-2277.818230086137
2025-01-23 12:50:00	15112.768160000001	-2042.9377862128513	10673.003120000001	-2840.2836434078345	11314.18896	-3000.679337462665	8935.979626666667	-1765.3009836457168	16593.948306666665	-2277.9514564510973
2025-01-23 13:00:00	16007.829600000001	-2000.5026188744941	11305.1172	-2773.597098650893	11984.277600000001	-2931.7535790972343	9465.2176	-1728.7635608338278	17576.7334	-2213.430971206759
2025-01-23 13:10:00	16007.829600000001	-2004.8231567972707	11305.1172	-2781.208065691737	11984.277600000001	-2938.601166389777	9465.2176	-1734.013374893335	17576.7334	-2211.067530518667
2025-01-23 13:20:00	16007.829600000001	-2007.0894304366684	11305.1172	-2786.7673621852064	11984.277600000001	-2946.543171526413	9465.2176	-1741.7774547413283	17576.7334	-2208.3332788896478
2025-01-23 13:30:00	16007.829600000001	-2005.6148477251427	11305.1172	-2793.874527356118	11984.277600000001	-2948.329818041595	9465.2176	-1744.7710161648738	17576.7334	-2206.4021193228364
2025-01-23 13:40:00	16007.829600000001	-2001.3881686822951	11305.1172	-2794.4385418539914	11984.277600000001	-2956.9129988018267	9465.2176	-1748.9569777997913	17576.7334	-2194.3306707817283
2025-01-23 13:50:00	16007.829600000001	-2000.8818667168543	11305.1172	-2800.638467248993	11984.277600000001	-2961.407148689099	9465.2176	-1752.2728527770632	17576.7334	-2194.1243818068397
2025-01-23 14:00:00	12057.51036	-2015.0896597343308	8515.30602	-2831.535381403988	9026.86716	-2993.706027760385	7129.44616	-1772.4806048720357	13239.249189999999	-2199.7790157151794
2025-01-23 14:10:00	12057.51036	-2008.066440676941	8515.30602	-2841.5437054515587	9026.86716	-2999.6858032251967	7129.44616	-1776.9396171353046	13239.249189999999	-2197.1104449307586
2025-01-23 14:20:00	12057.51036	-2004.312648268893	8515.30602	-2839.544502898665	9026.86716	-2999.4447085140255	7129.44616	-1777.6107228946958	13239.249189999999	-2195.776676377678
2025-01-23 14:30:00	12057.51036	-2001.968020584627	8515.30602	-2841.279984442108	9026.86716	-3003.6397318000854	7129.44616	-1780.4019209297503	13239.249189999999	-2186.828816048792
2025-01-23 14:40:00	12057.51036	-2004.9727599229827	8515.30602	-2842.852062476073	9026.86716	-3003.8025046284693	7129.44616	-1782.3218000809657	13239.249189999999	-2186.560492412491
2025-01-23 14:50:00	12057.51036	-2005.3950963792213	8515.30602	-2841.538516833858	9026.86716	-3006.9861689697373	7129.44616	-1784.2345689217263	13239.249189999999	-2201.2147188230592
2025-01-23 15:00:00	14157.4622	-1937.041544657308	9998.3429	-2753.924404356738	10598.9982	-2904.69137657184	8371.119866666666	-1726.8700853031678	15545.014216666665	-2130.804860970211
2025-01-23 15:10:00	14157.4622	-1946.133588388977	9998.3429	-2758.8329754877377	10598.9982	-2912.119029763702	8371.119866666666	-1729.5498898949318	15545.014216666665	-2139.4934174544633
2025-01-23 15:20:00	14157.4622	-1955.4620363701633	9998.3429	-2759.4089028753715	10598.9982	-2917.8660501346676	8371.119866666666	-1734.1433357649676	15545.014216666665	-2153.1726827509538
2025-01-23 15:30:00	14157.4622	-1967.1331368269675	9998.3429	-2767.979285884243	10598.9982	-2921.8455446408407	8371.119866666666	-1739.193650754476	15545.014216666665	-2170.8006476031205
2025-01-23 15:40:00	14157.4622	-1974.2628658257254	9998.3429	-2776.6567833931367	10598.9982	-2927.7103565428315	8371.119866666666	-1746.121472433897	15545.014216666665	-2181.0087960693145
2025-01-23 15:50:00	14157.4622	-1983.754594883896	9998.3429	-2781.551264510017	10598.9982	-2930.8160580453987	8371.119866666666	-1750.2624101748788	15545.014216666665	-2192.4765119668427
2025-01-23 16:00:00	1783.2377920000001	-2099.3782427560373	1259.3657440000002	-2941.4214856665867	1335.022752	-3098.167414121228	1054.4048853333334	-1848.7845476976586	1958.0103013333332	-2325.507309898367
2025-01-23 16:10:00	1783.2377920000001	-2120.6226306784497	1259.3657440000002	-2951.1730183010122	1335.022752	-3105.300363201286	1054.4048853333334	-1854.9910624420477	1958.0103013333332	-2330.695470069764
2025-01-23 16:20:00	1783.2377920000001	-2115.381814372353	1259.3657440000002	-2955.390863913449	1335.022752	-3102.8015684306356	1054.4048853333334	-1858.5519013412386	1958.0103013333332	-2339.383706808478
2025-01-23 16:30:00	1783.2377920000001	-2117.7433457060056	1259.3657440000002	-2951.5620009083905	1335.022752	-3098.1161949301386	1054.4048853333334	-1862.0356732400073	1958.0103013333332	-2339.0412964824877
2025-01-23 16:40:00	1783.2377920000001	-2117.6214417621013	1259.3657440000002	-2950.869136109124	1335.022752	-3095.970435789922	1054.4048853333334	-1865.0178575646391	1958.0103013333332	-2337.8654349027724
2025-01-23 16:50:00	1783.2377920000001	-2116.7459306348233	1259.3657440000002	-2953.903634532274	1335.022752	-3108.3639639678113	1054.4048853333334	-1867.147352079719	1958.0103013333332	-2345.7035048268076
2025-01-23 17:00:00	644.7024276000001	-2156.3290666099856	455.30447820000006	-3003.5931807605625	482.6571156	-3165.9417195050714	381.2040056	-1894.8427799482379	707.8887629	-2383.5363794550426
2025-01-23 17:10:00	644.7024276000001	-2157.5844048289264	455.30447820000006	-3006.617948486748	482.6571156	-3175.6467657073254	381.2040056	-1895.444824664884	707.8887629	-2384.542402019595
2025-01-23 17:20:00	644.7024276000001	-2157.7946559997754	455.30447820000006	-3007.375410503897	482.6571156	-3202.2054754453397	381.2040056	-1897.5384338145573	707.8887629	-2388.10200404486
2025-01-23 17:30:00	644.7024276000001	-2154.9629241376197	455.30447820000006	-3018.5303140891024	482.6571156	-3216.263483421502	381.2040056	-1899.5340230355523	707.8887629	-2391.4121568491914
2025-01-23 17:40:00	644.7024276000001	-2160.0677694321867	455.30447820000006	-3027.436211706555	482.6571156	-3232.2424324311232	381.2040056	-1902.31126726278	707.8887629	-2399.5770527282552
2025-01-23 17:50:00	644.7024276000001	-2163.0764316209434	455.30447820000006	-3027.4975312375277	482.6571156	-3249.602864316446	381.2040056	-1906.4206896436758	707.8887629	-2407.331514027727
2025-01-23 18:00:00	589.7077872	-2246.5254116908063	416.4659304	-3145.712620410605	441.4853232	-3379.5739263695823	348.68640320000003	-1984.8390437160429	647.5041788	-2505.931291162375
2025-01-23 18:10:00	589.7077872	-2248.1666040904574	416.4659304	-3141.8569373734863	441.4853232	-3373.632579300009	348.68640320000003	-1982.1040822373811	647.5041788	-2508.8193177873363
2025-01-23 18:20:00	589.7077872	-2245.846487569094	416.4659304	-3143.238529049402	441.4853232	-3375.6829623168373	348.68640320000003	-1983.3162140126892	647.5041788	-2502.5403460756615
2025-01-23 18:30:00	589.7077872	-2247.95136048897	416.4659304	-3143.8400139444757	441.4853232	-3377.505726710766	348.68640320000003	-1983.6395117958868	647.5041788	-2506.3113307769195
2025-01-23 18:40:00	589.7077872	-2249.3227555615845	416.4659304	-3142.304619515565	441.4853232	-3376.4308919025975	348.68640320000003	-1984.8357466797256	647.5041788	-2503.0620796677126
2025-01-23 18:50:00	589.7077872	-2253.6591401606283	416.4659304	-3143.8621391115694	441.4853232	-3365.537781681105	348.68640320000003	-1984.9776265171458	647.5041788	-2509.128561609251
2025-01-23 19:00:00	586.0070524	-2330.1465644966634	413.85238180000005	-3258.247917131534	438.71476440000004	-3489.029921484762	346.49820773333335	-2053.7894733789853	643.4407404333333	-2598.4784820487257
2025-01-23 19:10:00	586.0070524	-2327.2927153823985	413.85238180000005	-3259.5061836173827	438.71476440000004	-3496.9596643613254	346.49820773333335	-2053.2788207149647	643.4407404333333	-2596.1544518468822
2025-01-23 19:20:00	586.0070524	-2326.4182028242926	413.85238180000005	-3258.574954335224	438.71476440000004	-3487.238091028759	346.49820773333335	-2052.5508524863985	643.4407404333333	-2598.3872307048764
2025-01-23 19:30:00	586.0070524	-2326.0007035364647	413.85238180000005	-3257.8795806975645	438.71476440000004	-3481.46215581182	346.49820773333335	-2051.7619470957497	643.4407404333333	-2601.2794450185356
2025-01-23 19:40:00	586.0070524	-2328.684209225134	413.85238180000005	-3254.4600407429693	438.71476440000004	-3479.4174161240003	346.49820773333335	-2050.1388763294963	643.4407404333333	-2602.20043256435
2025-01-23 19:50:00	586.0070524	-2325.0899197768604	413.85238180000005	-3255.6023958466685	438.71476440000004	-3470.208658088029	346.49820773333335	-2052.51692211252	643.4407404333333	-2597.8080961219994
2025-01-23 20:00:00	590.0520415999999	-2359.3092955430766	416.7090512	-3299.6431686433802	441.74304959999995	-3518.5293244092477	348.8899562666667	-2081.6632814431	647.8821730666666	-2642.2372828017596
2025-01-23 20:10:00	590.0520415999999	-2355.6496706662956	416.7090512	-3298.197286963012	441.74304959999995	-3512.9338922438565	348.8899562666667	-2081.1334882253805	647.8821730666666	-2642.0281255907457
2025-01-23 20:20:00	590.0520415999999	-2353.883919132587	416.7090512	-3292.8134770898146	441.74304959999995	-3509.894157589471	348.8899562666667	-2078.835652908912	647.8821730666666	-2641.6564931038056
2025-01-23 20:30:00	590.0520415999999	-2355.669123067437	416.7090512	-3294.199816186327	441.74304959999995	-3505.0650319205497	348.8899562666667	-2079.320993695385	647.8821730666666	-2636.6466464228815
2025-01-23 20:40:00	590.0520415999999	-2356.70887013223	416.7090512	-3289.3073665181428	441.74304959999995	-3505.1255824698264	348.8899562666667	-2084.3292283581236	647.8821730666666	-2637.2603865032124
2025-01-23 20:50:00	590.0520415999999	-2352.7275951609226	416.7090512	-3285.286101352039	441.74304959999995	-3508.564293985297	348.8899562666667	-2082.7014050129665	647.8821730666666	-2635.2903570612634
2025-01-23 21:00:00	578.347392	-2389.9165870404727	408.442944	-3334.6215769130617	432.980352	-3565.188430512483	341.969152	-2115.242258707549	635.030368	-2681.0061759930404
2025-01-23 21:10:00	578.347392	-2387.1694047688343	408.442944	-3336.719793886197	432.980352	-3561.7610210502394	341.969152	-2111.5538513506162	635.030368	-2675.221555881966
2025-01-23 21:20:00	578.347392	-2385.411664858519	408.442944	-3336.1988523662776	432.980352	-3559.320954178499	341.969152	-2111.8847538222158	635.030368	-2673.4434508214554
2025-01-23 21:30:00	578.347392	-2385.5275794807994	408.442944	-3335.616660474089	432.980352	-3557.6104974078294	341.969152	-2111.616569345411	635.030368	-2672.65533834652
2025-01-23 21:40:00	578.347392	-2384.9742474102136	408.442944	-3330.581976078382	432.980352	-3550.1723473642373	341.969152	-2111.7358600783164	635.030368	-2672.664862475979
2025-01-23 21:50:00	578.347392	-2383.0423547563933	408.442944	-3327.13133895591	432.980352	-3543.2270071086355	341.969152	-2111.261353848126	635.030368	-2669.6435520129307
2025-01-23 22:00:00	605.4574259999999	-2459.154243186709	427.588707	-3433.1674529933002	453.276306	-3654.17441141982	357.998956	-2180.8655301600534	664.7974164999999	-2758.959419128262
2025-01-23 22:10:00	605.4574259999999	-2455.138159321614	427.588707	-3421.9987430623787	453.276306	-3642.2414774803256	357.998956	-2179.6908699322316	664.7974164999999	-2755.8198241988007
2025-01-23 22:20:00	605.4574259999999	-2451.699961262485	427.588707	-3413.95683893832	453.276306	-3632.0056919459403	357.998956	-2175.0597487802615	664.7974164999999	-2753.509295486437
2025-01-23 22:30:00	605.4574259999999	-2450.025007819522	427.588707	-3404.616580255128	453.276306	-3622.2409831379946	357.998956	-2170.8403738691572	664.7974164999999	-2751.3022224661463
2025-01-23 22:40:00	605.4574259999999	-2445.1864462248086	427.588707	-3396.1929600818758	453.276306	-3612.074761312101	357.998956	-2170.8981368671193	664.7974164999999	-2748.239373942327
2025-01-23 22:50:00	605.4574259999999	-2441.7758463179216	427.588707	-3388.7945701319354	453.276306	-3603.1509189588082	357.998956	-2170.604250133763	664.7974164999999	-2746.513030179297
2025-01-23 23:00:00	611.9982596	-2515.4167749993276	432.2080022	-3484.0054132925575	458.1731075999999	-3708.573827394934	361.86646426666664	-2227.6224511102782	671.9793075666665	-2826.949002271077
2025-01-23 23:10:00	611.9982596	-2501.916322080407	432.2080022	-3472.0772868744116	458.1731075999999	-3693.70172622201	361.86646426666664	-2220.752173629361	671.9793075666665	-2819.7769074461944
2025-01-23 23:20:00	611.9982596	-2475.203197124574	432.2080022	-3461.637797836785	458.1731075999999	-3682.537221217221	361.86646426666664	-2202.969125357299	671.9793075666665	-2803.7124618267967
2025-01-23 23:30:00	611.9982596	-2449.3809032917557	432.2080022	-3452.8801317194952	458.1731075999999	-3671.844432414158	361.86646426666664	-2186.343928042459	671.9793075666665	-2769.434165268115
2025-01-23 23:40:00	611.9982596	-2433.9264609397524	432.2080022	-3444.1897026406846	458.1731075999999	-3662.3775438566704	361.86646426666664	-2169.5583525920456	671.9793075666665	-2737.0514026825995
2025-01-23 23:50:00	611.9982596	-2421.6785352357856	432.2080022	-3435.0109918278367	458.1731075999999	-3653.4626380448376	361.86646426666664	-2158.2457046223067	671.9793075666665	-2714.0423487554694
2025-01-24 00:00:00	577.486756	-2387.865335313267	407.835142	-3384.285096256393	432.336036	-3596.484963778027	341.4602693333333	-2112.683034280608	634.0853823333332	-2667.13292819186
2025-01-24 00:10:00	577.486756	-2385.26710311218	407.835142	-3374.1325586866037	432.336036	-3586.2878368974807	341.4602693333333	-2101.02548136427	634.0853823333332	-2662.91013119499
2025-01-24 00:20:00	577.486756	-2382.601820374594	407.835142	-3360.1916862879966	432.336036	-3576.993044256843	341.4602693333333	-2080.2678518326165	634.0853823333332	-2659.119344742622
2025-01-24 00:30:00	577.486756	-2378.7984019764435	407.835142	-3352.2229493457976	432.336036	-3568.309919509583	341.4602693333333	-2078.4118350693548	634.0853823333332	-2654.4731138723814
2025-01-24 00:40:00	577.486756	-2373.8142403962584	407.835142	-3343.152012184981	432.336036	-3558.1297720060184	341.4602693333333	-2075.607921307089	634.0853823333332	-2648.5256900812687
2025-01-24 00:50:00	577.486756	-2368.9737634325534	407.835142	-3333.728503832384	432.336036	-3546.1491956834607	341.4602693333333	-2071.657478562603	634.0853823333332	-2642.879433888775
2025-01-24 01:00:00	572.4090036	-2350.321749853896	404.24911019999996	-3303.8511562783174	428.53457159999994	-3514.348011208575	338.4578616	-2056.6182634977868	628.5099668999999	-2620.256353140666
2025-01-24 01:10:00	572.4090036	-2347.157403468691	404.24911019999996	-3297.746164469243	428.53457159999994	-3506.6100929759	338.4578616	-2055.6168495636903	628.5099668999999	-2617.2239493698257
2025-01-24 01:20:00	572.4090036	-2343.9129099781203	404.24911019999996	-3289.2923816464886	428.53457159999994	-3497.757452651349	338.4578616	-2052.6973583822833	628.5099668999999	-2611.776098536805
2025-01-24 01:30:00	572.4090036	-2340.6573628296246	404.24911019999996	-3279.832188725749	428.53457159999994	-3486.9850234645114	338.4578616	-2050.0431361349047	628.5099668999999	-2607.427117933365
2025-01-24 01:40:00	572.4090036	-2337.284093381796	404.24911019999996	-3270.211066358969	428.53457159999994	-3476.4970147550753	338.4578616	-2047.6869042179906	628.5099668999999	-2600.973140271716
2025-01-24 01:50:00	572.4090036	-2333.425037354148	404.24911019999996	-3262.4413307020277	428.53457159999994	-3468.386449614166	338.4578616	-2045.7987492041188	628.5099668999999	-2596.858169561581
2025-01-24 02:00:00	568.880396	-2362.8112026670774	401.75712200000004	-3303.592998824301	425.892876	-3510.1713112150874	336.37144266666667	-2073.1193373843957	624.6355256666666	-2630.9655371466997
2025-01-24 02:10:00	568.880396	-2358.5334476455014	401.75712200000004	-3295.3613408227284	425.892876	-3500.4552917936917	336.37144266666667	-2070.467221656044	624.6355256666666	-2624.77008690053
2025-01-24 02:20:00	568.880396	-2354.1760856165806	401.75712200000004	-3285.7814858384404	425.892876	-3490.5376609901396	336.37144266666667	-2066.9088857095317	624.6355256666666	-2618.5763651314787
2025-01-24 02:30:00	568.880396	-2349.183617276002	401.75712200000004	-3276.4299854974215	425.892876	-3480.3691432782352	336.37144266666667	-2064.446374612708	624.6355256666666	-2613.8811488081137
2025-01-24 02:40:00	568.880396	-2345.4408709258137	401.75712200000004	-3268.2187902996807	425.892876	-3472.2205942663377	336.37144266666667	-2062.7104893507626	624.6355256666666	-2611.4422363502013
2025-01-24 02:50:00	568.880396	-2341.9565973659724	401.75712200000004	-3260.1710364896057	425.892876	-3463.4536256641395	336.37144266666667	-2060.439033680323	624.6355256666666	-2605.673146027076
2025-01-24 03:00:00	558.552764	-2369.5710405328878	394.463498	-3295.5436924941155	418.16108399999996	-3501.1358264127402	330.2648506666667	-2084.20712258233	613.2956976666666	-2637.0919804194154
2025-01-24 03:10:00	558.552764	-2364.190824103882	394.463498	-3284.897101712727	418.16108399999996	-3495.5369305826134	330.2648506666667	-2081.0141774936938	613.2956976666666	-2628.91650902558
2025-01-24 03:20:00	558.552764	-2360.18964648937	394.463498	-3277.792285017418	418.16108399999996	-3492.5326467221967	330.2648506666667	-2080.447671950563	613.2956976666666	-2623.585188872543
2025-01-24 03:30:00	558.552764	-2357.735946262416	394.463498	-3273.141594069203	418.16108399999996	-3490.2352692508466	330.2648506666667	-2078.0007961714655	613.2956976666666	-2618.2506009089175
2025-01-24 03:40:00	558.552764	-2353.6428721884195	394.463498	-3269.9812528134053	418.16108399999996	-3488.3771683583336	330.2648506666667	-2075.186544461889	613.2956976666666	-2614.29971275917
2025-01-24 03:50:00	558.552764	-2349.09485247524	394.463498	-3267.7654463477465	418.16108399999996	-3486.902775742852	330.2648506666667	-2071.2175968508764	613.2956976666666	-2608.703760852328
2025-01-24 04:00:00	609.1581608	-2372.909454545772	430.20225560000006	-3307.232424279406	456.04686480000004	-3530.092683243779	360.1871514666667	-2093.616623919006	668.8608548666666	-2638.2335859108116
2025-01-24 04:10:00	609.1581608	-2369.0032246472774	430.20225560000006	-3305.878139566228	456.04686480000004	-3529.2374543912147	360.1871514666667	-2091.0441887289458	668.8608548666666	-2633.1767656192465
2025-01-24 04:20:00	609.1581608	-2365.170407806272	430.20225560000006	-3305.2287188697223	456.04686480000004	-3528.987695038586	360.1871514666667	-2088.7206124919417	668.8608548666666	-2630.52439389463
2025-01-24 04:30:00	609.1581608	-2361.3844198783654	430.20225560000006	-3304.8134128317784	456.04686480000004	-3528.777498046384	360.1871514666667	-2085.8215534485303	668.8608548666666	-2629.22610629044
2025-01-24 04:40:00	609.1581608	-2359.420593984326	430.20225560000006	-3304.48809142293	456.04686480000004	-3528.520285971944	360.1871514666667	-2082.2784177963117	668.8608548666666	-2628.1962684897694
2025-01-24 04:50:00	609.1581608	-2357.994633675091	430.20225560000006	-3305.048082109041	456.04686480000004	-3528.727766123323	360.1871514666667	-2081.1559011548893	668.8608548666666	-2628.1874176356814
2025-01-24 05:00:00	580.2407912	-2319.1848585484986	409.7801084	-3251.269910139846	434.3978472	-3471.4024696079478	343.0886938666667	-2045.405394220103	637.1093364666666	-2583.5013887602167
2025-01-24 05:10:00	580.2407912	-2319.023817013867	409.7801084	-3252.106578185022	434.3978472	-3472.577188899086	343.0886938666667	-2043.9121424178716	637.1093364666666	-2584.0185714273257
2025-01-24 05:20:00	580.2407912	-2318.7351656173682	409.7801084	-3251.6350335978977	434.3978472	-3471.9311208161794	343.0886938666667	-2040.2135598612635	637.1093364666666	-2583.630509772544
2025-01-24 05:30:00	580.2407912	-2318.2864557940798	409.7801084	-3251.335040035726	434.3978472	-3471.8345950828307	343.0886938666667	-2037.620014352574	637.1093364666666	-2583.35721982317
2025-01-24 05:40:00	580.2407912	-2318.296075745194	409.7801084	-3251.405551607954	434.3978472	-3472.0286686165637	343.0886938666667	-2036.225482900179	637.1093364666666	-2583.566513219682
2025-01-24 05:50:00	580.2407912	-2318.212806250931	409.7801084	-3251.472641169372	434.3978472	-3472.1149627994755	343.0886938666667	-2034.9710887979609	637.1093364666666	-2583.2569823725103
2025-01-24 06:00:00	574.904848	-2363.7279656855644	406.01173600000004	-3316.9423235990375	430.403088	-3541.62577888055	339.93362133333335	-2074.1771378587828	631.2504253333333	-2636.3741983091186
2025-01-24 06:10:00	574.904848	-2362.80768661031	406.01173600000004	-3315.3319031787582	430.403088	-3540.192016567902	339.93362133333335	-2074.233798791454	631.2504253333333	-2635.449618750331
2025-01-24 06:20:00	574.904848	-2383.7112343477356	406.01173600000004	-3342.3427319986217	430.403088	-3571.3208529658277	339.93362133333335	-2087.364637578614	631.2504253333333	-2663.1087099055785
2025-01-24 06:30:00	574.904848	-2411.1630556271175	406.01173600000004	-3382.871834020125	430.403088	-3609.2271584157475	339.93362133333335	-2104.4007117745464	631.2504253333333	-2692.5770629087065
2025-01-24 06:40:00	574.904848	-2429.028211256288	406.01173600000004	-3396.4174959155157	430.403088	-3635.950963473688	339.93362133333335	-2122.313860769539	631.2504253333333	-2720.9574026846985
2025-01-24 06:50:00	574.904848	-2453.3284336129273	406.01173600000004	-3435.155481553708	430.403088	-3672.759192978773	339.93362133333335	-2139.024980223284	631.2504253333333	-2751.0892729736042
2025-01-24 07:00:00	668.8002356000001	-2464.9256302551594	472.3229342	-3476.3122656724854	500.6979636	-3701.940651374933	395.4527202666667	-2159.103424981226	734.3483615666667	-2771.408848386036
2025-01-24 07:10:00	668.8002356000001	-2482.2745265202902	472.3229342	-3502.050319680284	500.6979636	-3720.394200984358	395.4527202666667	-2171.6991154941124	734.3483615666667	-2794.1473438352077
2025-01-24 07:20:00	668.8002356000001	-2500.4386551814796	472.3229342	-3499.7367898535094	500.6979636	-3712.8580923214745	395.4527202666667	-2169.4030684859254	734.3483615666667	-2795.0422760413358
2025-01-24 07:30:00	668.8002356000001	-2500.40017073103	472.3229342	-3488.784837337722	500.6979636	-3698.841185863989	395.4527202666667	-2166.264408722859	734.3483615666667	-2794.172831542358
2025-01-24 07:40:00	668.8002356000001	-2496.780833060642	472.3229342	-3488.2618921392145	500.6979636	-3691.92339334467	395.4527202666667	-2165.9277920332515	734.3483615666667	-2793.0403087895975
2025-01-24 07:50:00	668.8002356000001	-2496.4063904536324	472.3229342	-3503.600892504857	500.6979636	-3691.636300425423	395.4527202666667	-2172.225253612749	734.3483615666667	-2812.96641767675
2025-01-24 08:00:00	2943.37512	-2409.8167347874723	2078.6828400000004	-3399.5704588372514	2203.5607200000004	-3557.655878196656	1740.3787200000002	-2102.5989616140764	3231.85098	-2722.447981669927
2025-01-24 08:10:00	2943.37512	-2408.352224692393	2078.6828400000004	-3402.413558767617	2203.5607200000004	-3545.7081913069223	1740.3787200000002	-2104.8582064454617	3231.85098	-2715.576203652261
2025-01-24 08:20:00	2943.37512	-2409.9003581818215	2078.6828400000004	-3406.4482953765305	2203.5607200000004	-3545.2756991935876	1740.3787200000002	-2104.5285777494196	3231.85098	-2717.7677638020014
2025-01-24 08:30:00	2943.37512	-2405.782275206183	2078.6828400000004	-3394.7738563797125	2203.5607200000004	-3535.798883379777	1740.3787200000002	-2104.3470661221704	3231.85098	-2722.490595564037
2025-01-24 08:40:00	2943.37512	-2404.9430339290575	2078.6828400000004	-3391.0719644491323	2203.5607200000004	-3527.471290503865	1740.3787200000002	-2105.8999658320618	3231.85098	-2720.929545297022
2025-01-24 08:50:00	2943.37512	-2399.129402578964	2078.6828400000004	-3379.016521241301	2203.5607200000004	-3521.5137771020472	1740.3787200000002	-2107.8927147239883	3231.85098	-2719.358643274136
2025-01-24 09:00:00	7083.03428	-2332.115060353387	5002.21046	-3274.054012559942	5302.720679999999	-3406.4319204581416	4188.104346666667	-2044.6914863383408	7777.232036666665	-2631.1301762006997
2025-01-24 09:10:00	7083.03428	-2325.795922985554	5002.21046	-3270.494915907384	5302.720679999999	-3399.27461131829	4188.104346666667	-2046.706109490341	7777.232036666665	-2625.0618226398738
2025-01-24 09:20:00	7083.03428	-2323.2440606710015	5002.21046	-3269.733274117194	5302.720679999999	-3402.659837222601	4188.104346666667	-2049.821447114924	7777.232036666665	-2633.337155506738
2025-01-24 09:30:00	7083.03428	-2323.0671506250465	5002.21046	-3266.9074130686713	5302.720679999999	-3406.9250678130893	4188.104346666667	-2049.7418088676286	7777.232036666665	-2637.2835466049537
2025-01-24 09:40:00	7083.03428	-2320.7968236131283	5002.21046	-3264.430742252034	5302.720679999999	-3401.345251961099	4188.104346666667	-2052.007083467408	7777.232036666665	-2633.4976600141717
2025-01-24 09:50:00	7083.03428	-2319.0893852214713	5002.21046	-3258.470685217171	5302.720679999999	-3401.00556299065	4188.104346666667	-2047.7395856254689	7777.232036666665	-2631.1680960541407
2025-01-24 10:00:00	30363.238080000003	-2078.1328067721697	21443.25456	-2912.2199636319237	22731.46848	-3037.9506545362237	17953.38048	-1837.8944871470194	33339.09432	-2361.666113841071
2025-01-24 10:10:00	30363.238080000003	-2066.4440444105676	21443.25456	-2907.380920587493	22731.46848	-3031.507147051092	17953.38048	-1838.8172006562418	33339.09432	-2354.343429355009
2025-01-24 10:20:00	30363.238080000003	-2081.147692605242	21443.25456	-2919.7270431006436	22731.46848	-3045.5329029137392	17953.38048	-1847.2106400057237	33339.09432	-2385.8226474556577
2025-01-24 10:30:00	30363.238080000003	-2097.469760463224	21443.25456	-2929.540317000665	22731.46848	-3056.73468867088	17953.38048	-1856.9481198250614	33339.09432	-2396.486462759982
2025-01-24 10:40:00	30363.238080000003	-2105.498378047927	21443.25456	-2938.1138070638517	22731.46848	-3072.1663058461963	17953.38048	-1862.2095364070374	33339.09432	-2404.505814194272
2025-01-24 10:50:00	30363.238080000003	-2117.6505583489125	21443.25456	-2956.7242695082023	22731.46848	-3084.790457021143	17953.38048	-1872.7111158330226	33339.09432	-2411.1658609587175
2025-01-24 11:00:00	16334.871280000001	-2026.6020851685116	11536.081960000001	-2827.7807100436003	12229.117680000001	-2952.0309943269713	9658.593013333335	-1795.3738153280829	17935.827953333333	-2308.9238072988082
2025-01-24 11:10:00	16334.871280000001	-2034.9288402455186	11536.081960000001	-2838.260734833233	12229.117680000001	-2977.0420846337765	9658.593013333335	-1801.8406179901176	17935.827953333333	-2321.152330502169
2025-01-24 11:20:00	16334.871280000001	-2030.601104383748	11536.081960000001	-2831.8744479958423	12229.117680000001	-2983.1643359041063	9658.593013333335	-1802.5976199363158	17935.827953333333	-2319.7584185874766
2025-01-24 11:30:00	16334.871280000001	-2024.2972111638828	11536.081960000001	-2824.9180209103597	12229.117680000001	-2989.938336113217	9658.593013333335	-1801.5778561390725	17935.827953333333	-2317.9059449514825
2025-01-24 11:40:00	16334.871280000001	-2020.4793730905676	11536.081960000001	-2825.4955445759715	12229.117680000001	-3000.840730693637	9658.593013333335	-1798.6323435130598	17935.827953333333	-2310.410068550027
2025-01-24 11:50:00	16334.871280000001	-2018.087673257387	11536.081960000001	-2820.0296300042683	12229.117680000001	-3008.747170584322	9658.593013333335	-1795.1292619265696	17935.827953333333	-2305.6629817862085
2025-01-24 12:00:00	25294.09204	-1929.2674720047617	17863.30078	-2702.7632790828866	18936.447239999998	-2887.0135629187353	14956.061573333332	-1712.9943211091486	27773.12874333333	-2212.6761845066685
2025-01-24 12:10:00	25294.09204	-1922.1779164755826	17863.30078	-2701.3602992492233	18936.447239999998	-2883.5023486691716	14956.061573333332	-1703.765147777267	27773.12874333333	-2214.7041939264273
2025-01-24 12:20:00	25294.09204	-1927.341476236441	17863.30078	-2695.971644075238	18936.447239999998	-2891.9239724526924	14956.061573333332	-1702.181963470397	27773.12874333333	-2221.939363616737
2025-01-24 12:30:00	25294.09204	-1930.0592928742044	17863.30078	-2700.8626325006953	18936.447239999998	-2903.400757616866	14956.061573333332	-1702.8232885470425	27773.12874333333	-2222.896030907101
2025-01-24 12:40:00	25294.09204	-1938.3112110750735	17863.30078	-2713.4844768894254	18936.447239999998	-2907.119863182419	14956.061573333332	-1710.2346539406062	27773.12874333333	-2224.7158409110452
2025-01-24 12:50:00	25294.09204	-1946.8701097110134	17863.30078	-2726.0549183398252	18936.447239999998	-2908.752537232318	14956.061573333332	-1713.0346909215405	27773.12874333333	-2221.6123624312677
2025-01-24 13:00:00	18357.36588	-1899.3620503695383	12964.41666	-2656.3487050293115	13743.26028	-2830.9858311755415	10854.46728	-1669.7694334323187	20156.54427	-2161.5127475176705
2025-01-24 13:10:00	18357.36588	-1904.4022081841358	12964.41666	-2651.975154965019	13743.26028	-2833.930838757751	10854.46728	-1674.9636406402187	20156.54427	-2164.108130326942
2025-01-24 13:20:00	18357.36588	-1907.124349972375	12964.41666	-2644.615254009139	13743.26028	-2825.0780065675754	10854.46728	-1680.701268820043	20156.54427	-2159.3781953421094
2025-01-24 13:30:00	18357.36588	-1918.290365543642	12964.41666	-2645.7904509411383	13743.26028	-2814.333101778924	10854.46728	-1685.3642338665304	20156.54427	-2160.9858812585335
2025-01-24 13:40:00	18357.36588	-1927.7335572331394	12964.41666	-2652.7683910835985	13743.26028	-2799.3855400004104	10854.46728	-1681.9546314056497	20156.54427	-2152.345494664387
2025-01-24 13:50:00	18357.36588	-1930.2971234976721	12964.41666	-2660.526835785913	13743.26028	-2789.559912009576	10854.46728	-1680.524341952796	20156.54427	-2151.667046700717
2025-01-24 14:00:00	32841.86976	-1843.7875343558117	23193.724320000005	-2544.5903270823255	24587.098560000002	-2642.4480739641367	19418.962560000004	-1602.2515986579165	36060.65304	-2043.5094734510276
2025-01-24 14:10:00	32841.86976	-1838.0757138214321	23193.724320000005	-2548.970962374664	24587.098560000002	-2630.525418433037	19418.962560000004	-1598.2238036987583	36060.65304	-2020.4056570836183
2025-01-24 14:20:00	32841.86976	-1843.995780514706	23193.724320000005	-2567.567609086156	24587.098560000002	-2629.419839316106	19418.962560000004	-1601.201428566881	36060.65304	-2022.0787595978254
2025-01-24 14:30:00	32841.86976	-1853.4417976853074	23193.724320000005	-2589.4058475402926	24587.098560000002	-2643.1542195393486	19418.962560000004	-1603.2496322009756	36060.65304	-2020.7247299861701
2025-01-24 14:40:00	32841.86976	-1862.5746904397383	23193.724320000005	-2600.492848774342	24587.098560000002	-2662.6601885820855	19418.962560000004	-1605.54331701525	36060.65304	-2019.2681514774958
2025-01-24 14:50:00	32841.86976	-1858.6400390927665	23193.724320000005	-2603.298297625046	24587.098560000002	-2684.2087248108037	19418.962560000004	-1607.205760251789	36060.65304	-2017.0657048822904
2025-01-24 15:00:00	9664.94228	-1976.0030455846882	6825.61646	-2761.5471007259302	7235.66868	-2884.0790716592483	5714.752346666667	-1708.0052136426184	10612.189036666665	-2159.06887016821
2025-01-24 15:10:00	9664.94228	-1986.7505593522656	6825.61646	-2774.7379562121723	7235.66868	-2907.06877296559	5714.752346666667	-1710.5624820818857	10612.189036666665	-2176.2861667746456
2025-01-24 15:20:00	9664.94228	-1981.4200610972457	6825.61646	-2781.5454374054325	7235.66868	-2912.3943496678557	5714.752346666667	-1716.5004934858507	10612.189036666665	-2175.41745068805
2025-01-24 15:30:00	9664.94228	-1977.575597353385	6825.61646	-2783.2974131028523	7235.66868	-2916.757212871752	5714.752346666667	-1718.2310653338545	10612.189036666665	-2172.9386986180943
2025-01-24 15:40:00	9664.94228	-1983.3980188309888	6825.61646	-2787.325609305227	7235.66868	-2916.5160500180673	5714.752346666667	-1723.0587372729115	10612.189036666665	-2170.081495485352
2025-01-24 15:50:00	9664.94228	-1989.8245373573827	6825.61646	-2789.7440145925257	7235.66868	-2919.493054671634	5714.752346666667	-1725.6706498368094	10612.189036666665	-2167.6226301650004
2025-01-24 16:00:00	3423.610008	-2028.1425146057213	2417.8363560000003	-2838.0202791353877	2563.0890480000003	-2973.7267238907407	2024.335248	-1759.4873670993982	3759.152982	-2208.9653994831738
2025-01-24 16:10:00	3423.610008	-2041.599691179546	2417.8363560000003	-2843.8778017706054	2563.0890480000003	-2979.299392437574	2024.335248	-1766.9193745788195	3759.152982	-2225.945737455849
2025-01-24 16:20:00	3423.610008	-2045.3302575820012	2417.8363560000003	-2845.4878433668755	2563.0890480000003	-2980.836936847323	2024.335248	-1770.0566511314544	3759.152982	-2232.371036109915
2025-01-24 16:30:00	3423.610008	-2048.4694600053194	2417.8363560000003	-2847.913984392534	2563.0890480000003	-2981.3710146719695	2024.335248	-1774.0352891807863	3759.152982	-2242.4900907728747
2025-01-24 16:40:00	3423.610008	-2053.968849631659	2417.8363560000003	-2847.3180151784636	2563.0890480000003	-2981.918196795924	2024.335248	-1778.0420289081715	3759.152982	-2251.868744754233
2025-01-24 16:50:00	3423.610008	-2056.910032073544	2417.8363560000003	-2853.059111184468	2563.0890480000003	-2990.0508689088947	2024.335248	-1783.1041897405314	3759.152982	-2265.139636190012
2025-01-24 17:00:00	588.9332148	-2137.5666931244896	415.9189086	-2968.086242466204	440.90543879999996	-3111.767392004967	348.2284088	-1854.766812944108	646.6536917	-2343.8892308639706
2025-01-24 17:10:00	588.9332148	-2136.8105847425168	415.9189086	-2970.9837790793126	440.90543879999996	-3117.163145835616	348.2284088	-1859.380002963267	646.6536917	-2346.8368682191485
2025-01-24 17:20:00	588.9332148	-2140.201140325371	415.9189086	-2970.232779249154	440.90543879999996	-3123.2579977448704	348.2284088	-1862.3176376019128	646.6536917	-2354.1942599364015
2025-01-24 17:30:00	588.9332148	-2139.593989408059	415.9189086	-2970.1901182224547	440.90543879999996	-3131.074082535494	348.2284088	-1864.8304819651094	646.6536917	-2358.9738197081415
2025-01-24 17:40:00	588.9332148	-2139.390840611729	415.9189086	-2974.736747205167	440.90543879999996	-3146.4345360329958	348.2284088	-1863.038763140435	646.6536917	-2363.0013669494288
2025-01-24 17:50:00	588.9332148	-2141.3447871547046	415.9189086	-2970.3909686545144	440.90543879999996	-3147.5985380362854	348.2284088	-1865.7165605480923	646.6536917	-2360.9256079666748
2025-01-24 18:00:00	578.0031376000001	-2180.77921652434	408.1998232	-3019.736737430087	432.7226256	-3195.8167192057176	341.76559893333337	-1898.3570284368889	634.6523737333333	-2409.66736213747
2025-01-24 18:10:00	578.0031376000001	-2182.196517842959	408.1998232	-3028.8784984921385	432.7226256	-3202.2741113032366	341.76559893333337	-1898.6507851114106	634.6523737333333	-2407.107034247918
2025-01-24 18:20:00	578.0031376000001	-2180.8446599561476	408.1998232	-3039.0075685776433	432.7226256	-3210.7735554303663	341.76559893333337	-1905.871998714555	634.6523737333333	-2398.965114535164
2025-01-24 18:30:00	578.0031376000001	-2182.558359783752	408.1998232	-3043.1595069206383	432.7226256	-3204.982186119608	341.76559893333337	-1908.9306078274403	634.6523737333333	-2404.7123471141977
2025-01-24 18:40:00	578.0031376000001	-2182.4384310743444	408.1998232	-3040.0306541606965	432.7226256	-3209.606073378222	341.76559893333337	-1907.6375496364117	634.6523737333333	-2411.066976610869
2025-01-24 18:50:00	578.0031376000001	-2183.1591789467993	408.1998232	-3038.972472875093	432.7226256	-3204.3778793310557	341.76559893333337	-1907.0116489433376	634.6523737333333	-2412.2685447311474
2025-01-24 19:00:00	590.1381052	-2205.7752388826343	416.76983140000004	-3071.4331903004268	441.80748120000004	-3243.05683867621	348.94084453333335	-1929.639854787582	647.9766716333334	-2433.1881734652366
2025-01-24 19:10:00	590.1381052	-2207.1621998418523	416.76983140000004	-3069.851338712304	441.80748120000004	-3249.7887861124163	348.94084453333335	-1930.35179214351	647.9766716333334	-2432.332096492188
2025-01-24 19:20:00	590.1381052	-2207.676818279417	416.76983140000004	-3066.5974998904676	441.80748120000004	-3256.365551499111	348.94084453333335	-1931.2119037395114	647.9766716333334	-2430.53786144921
2025-01-24 19:30:00	590.1381052	-2208.282591300547	416.76983140000004	-3062.7279718337877	441.80748120000004	-3256.378671599777	348.94084453333335	-1931.4165359695003	647.9766716333334	-2429.960027174295
2025-01-24 19:40:00	590.1381052	-2208.1443586634427	416.76983140000004	-3063.2995806852405	441.80748120000004	-3256.6359502498	348.94084453333335	-1936.9232123497372	647.9766716333334	-2429.849536558034
2025-01-24 19:50:00	590.1381052	-2206.0609007948383	416.76983140000004	-3062.0262863473426	441.80748120000004	-3259.6127802987803	348.94084453333335	-1937.420033737173	647.9766716333334	-2433.39554378408
2025-01-24 20:00:00	620.0021744	-2193.6850109830184	437.86056080000003	-3048.7118205658544	464.1652464	-3246.6729335044374	366.5990730666667	-1929.3716510013892	680.7676742666666	-2434.3423921621416
2025-01-24 20:10:00	620.0021744	-2186.512811907244	437.86056080000003	-3048.433584774191	464.1652464	-3249.3017585007387	366.5990730666667	-1929.3636711858453	680.7676742666666	-2443.246934943387
2025-01-24 20:20:00	620.0021744	-2183.305972592826	437.86056080000003	-3046.490138537808	464.1652464	-3247.969112476514	366.5990730666667	-1927.5550196528384	680.7676742666666	-2446.5215999327424
2025-01-24 20:30:00	620.0021744	-2183.4599479902267	437.86056080000003	-3045.241151257912	464.1652464	-3249.6064389955227	366.5990730666667	-1926.7236230900976	680.7676742666666	-2447.0907802866373
2025-01-24 20:40:00	620.0021744	-2189.154597394148	437.86056080000003	-3045.7586706378547	464.1652464	-3254.2560546035875	366.5990730666667	-1927.269498482939	680.7676742666666	-2448.34976942116
2025-01-24 20:50:00	620.0021744	-2193.350440087957	437.86056080000003	-3044.891986985363	464.1652464	-3259.3612174795812	366.5990730666667	-1928.6985735503804	680.7676742666666	-2449.7812343872165
2025-01-24 21:00:00	583.5972716	-2233.606757319074	412.15053620000003	-3106.241481737803	436.9106796	-3322.5682948962826	345.0733362666667	-1969.683395865692	640.7947805666666	-2503.95135463374
2025-01-24 21:10:00	583.5972716	-2232.4576013176215	412.15053620000003	-3104.460476331218	436.9106796	-3319.6444087261975	345.0733362666667	-1971.6146032457964	640.7947805666666	-2502.4390795595946
2025-01-24 21:20:00	583.5972716	-2237.897513899351	412.15053620000003	-3104.4767583001703	436.9106796	-3319.5057810873977	345.0733362666667	-1971.4142048694412	640.7947805666666	-2500.800703697105
2025-01-24 21:30:00	583.5972716	-2237.9721995308532	412.15053620000003	-3108.2666630798376	436.9106796	-3320.772464992441	345.0733362666667	-1974.6927412853947	640.7947805666666	-2499.912187052879
2025-01-24 21:40:00	583.5972716	-2235.88363225791	412.15053620000003	-3107.5424487004466	436.9106796	-3323.5565609546575	345.0733362666667	-1973.8517677926443	640.7947805666666	-2504.3545371269884
2025-01-24 21:50:00	583.5972716	-2238.564211300349	412.15053620000003	-3103.353281709632	436.9106796	-3324.452605688329	345.0733362666667	-1972.7196108296275	640.7947805666666	-2499.2818668887585
2025-01-24 22:00:00	584.371844	-2292.3999042549667	412.697558	-3177.3703350701057	437.490564	-3406.701982083662	345.5313306666667	-2019.6237002113157	641.6452676666667	-2560.260400199031
2025-01-24 22:10:00	584.371844	-2293.938771497571	412.697558	-3170.0820290932743	437.490564	-3390.1372476057586	345.5313306666667	-2019.2156104922246	641.6452676666667	-2558.5390828025756
2025-01-24 22:20:00	584.371844	-2288.8848994513464	412.697558	-3166.9680830356965	437.490564	-3386.601930723027	345.5313306666667	-2019.1191252468661	641.6452676666667	-2546.876763124492
2025-01-24 22:30:00	584.371844	-2287.160601940541	412.697558	-3167.361354977054	437.490564	-3375.5423038070912	345.5313306666667	-2017.807357626546	641.6452676666667	-2536.5077005623016
2025-01-24 22:40:00	584.371844	-2283.948231838296	412.697558	-3159.9821726966684	437.490564	-3370.418703094231	345.5313306666667	-2016.191119509972	641.6452676666667	-2523.7688616340374
2025-01-24 22:50:00	584.371844	-2275.6513441314373	412.697558	-3155.639001659117	437.490564	-3366.1386948385534	345.5313306666667	-2011.5215528747503	641.6452676666667	-2517.994200720673
2025-01-24 23:00:00	592.8060768	-2255.3034151837437	418.65401760000003	-3132.2363570502516	443.8048608	-3339.592220266408	350.5183808	-2001.2942457738895	650.9061271999999	-2505.07882900172
2025-01-24 23:10:00	592.8060768	-2235.0233157834396	418.65401760000003	-3119.364429117229	443.8048608	-3328.137699233705	350.5183808	-1997.5695689336862	650.9061271999999	-2496.5217612133447
2025-01-24 23:20:00	592.8060768	-2205.6482381274136	418.65401760000003	-3097.022179696033	443.8048608	-3305.15551993977	350.5183808	-1980.9178318033341	650.9061271999999	-2477.025120965243
2025-01-24 23:30:00	592.8060768	-2183.4721712223645	418.65401760000003	-3065.351122628379	443.8048608	-3293.2519870431397	350.5183808	-1962.840018466221	650.9061271999999	-2461.5310670805006
2025-01-24 23:40:00	592.8060768	-2165.903283917338	418.65401760000003	-3041.4226110396644	443.8048608	-3282.215558979264	350.5183808	-1949.5725685998927	650.9061271999999	-2446.340686979761
2025-01-24 23:50:00	592.8060768	-2159.5291964091	418.65401760000003	-3008.521891782726	443.8048608	-3265.9358553506704	350.5183808	-1935.8534233034466	650.9061271999999	-2425.314045275255
2025-01-25 00:00:00	575.4212296	-1992.194669886062	406.3764172	-2774.949035619008	430.78967759999995	-3016.9813573054034	340.23895093333334	-1787.308662898005	631.8174167333333	-2239.6210743741094
2025-01-25 00:10:00	575.4212296	-1982.2045546487302	406.3764172	-2754.6422681839163	430.78967759999995	-3004.575801171811	340.23895093333334	-1779.483414097277	631.8174167333333	-2218.182424871316
2025-01-25 00:20:00	575.4212296	-1942.187319424288	406.3764172	-2709.3032220966156	430.78967759999995	-2928.8342902200657	340.23895093333334	-1732.7770423980182	631.8174167333333	-2158.1936992548594
2025-01-25 00:30:00	575.4212296	-1921.3774395330697	406.3764172	-2683.073445840613	430.78967759999995	-2888.626116516667	340.23895093333334	-1703.305887903828	631.8174167333333	-2131.8299467650345
2025-01-25 00:40:00	575.4212296	-1907.9324721312455	406.3764172	-2665.972052336218	430.78967759999995	-2862.5500884605835	340.23895093333334	-1684.0931115845515	631.8174167333333	-2114.2830847974296
2025-01-25 00:50:00	575.4212296	-1897.9467891889035	406.3764172	-2654.8572903887675	430.78967759999995	-2844.7581968043833	340.23895093333334	-1671.1133018190094	631.8174167333333	-2102.475952062689
2025-01-25 01:00:00	619.5718564	-1755.8693553898206	437.55665980000003	-2454.248075413737	463.8430884	-2626.8471808203103	366.34463173333336	-1543.6082529542737	680.2951814333334	-1937.5516814113985
2025-01-25 01:10:00	619.5718564	-1754.3684356510776	437.55665980000003	-2452.356027845315	463.8430884	-2622.223654780765	366.34463173333336	-1540.1055987118766	680.2951814333334	-1935.1131702764933
2025-01-25 01:20:00	619.5718564	-1751.5480395624145	437.55665980000003	-2449.009285600378	463.8430884	-2616.869401103575	366.34463173333336	-1536.3825392275821	680.2951814333334	-1931.0500688118682
2025-01-25 01:30:00	619.5718564	-1749.44993676793	437.55665980000003	-2447.2592727511387	463.8430884	-2614.1171192805136	366.34463173333336	-1533.5194200621013	680.2951814333334	-1928.4550342194116
2025-01-25 01:40:00	619.5718564	-1748.35728068131	437.55665980000003	-2445.3816999013015	463.8430884	-2611.8119626218136	366.34463173333336	-1531.7576944803309	680.2951814333334	-1926.77902589095
2025-01-25 01:50:00	619.5718564	-1747.5844584254155	437.55665980000003	-2444.5493651425186	463.8430884	-2610.841200067443	366.34463173333336	-1531.2055155293351	680.2951814333334	-1926.2597939800862
2025-01-25 02:00:00	579.1219644	-1814.065979643454	408.98996580000005	-2538.792413590779	433.5602364	-2711.468192990513	342.4271464	-1588.8420308439458	635.8808551	-2002.7192839306879
2025-01-25 02:10:00	579.1219644	-1812.5085693579033	408.98996580000005	-2536.4692350689693	433.5602364	-2709.13463794179	342.4271464	-1587.5891748099789	635.8808551	-2000.8622102582692
2025-01-25 02:20:00	579.1219644	-1812.111138233911	408.98996580000005	-2535.9485457257683	433.5602364	-2708.178795884508	342.4271464	-1586.7927019682877	635.8808551	-2000.3759640098726
2025-01-25 02:30:00	579.1219644	-1811.9986350323863	408.98996580000005	-2535.7596241379233	433.5602364	-2708.3744428242044	342.4271464	-1587.0454202050278	635.8808551	-2000.1264763506367
2025-01-25 02:40:00	579.1219644	-1812.119978556697	408.98996580000005	-2536.3860222895833	433.5602364	-2708.5036852863427	342.4271464	-1587.2757420257017	635.8808551	-2000.5600917030358
2025-01-25 02:50:00	579.1219644	-1811.9665870907286	408.98996580000005	-2536.2481115577857	433.5602364	-2708.0301465495277	342.4271464	-1587.0442912952778	635.8808551	-2000.2826821491392
2025-01-25 03:00:00	572.0647492	-1316.2031608968375	404.00598940000003	-1831.6965789091923	428.27684519999997	-1955.572581764367	338.25430853333336	-1151.5170434650063	628.1319726333332	-1426.8205378721925
2025-01-25 03:10:00	572.0647492	-1324.1351150650603	404.00598940000003	-1842.9454020865428	428.27684519999997	-1968.153839031615	338.25430853333336	-1157.0490749179116	628.1319726333332	-1435.7537564393026
2025-01-25 03:20:00	572.0647492	-1322.9676344073582	404.00598940000003	-1842.730236253758	428.27684519999997	-1968.1287881976164	338.25430853333336	-1156.4732103163253	628.1319726333332	-1435.2599535380202
2025-01-25 03:30:00	572.0647492	-1322.2395749848993	404.00598940000003	-1842.2701784097753	428.27684519999997	-1967.375859940391	338.25430853333336	-1155.6719076180252	628.1319726333332	-1434.8805583422393
2025-01-25 03:40:00	572.0647492	-1321.7691419253072	404.00598940000003	-1841.6921637755295	428.27684519999997	-1966.8306793490506	338.25430853333336	-1155.0504328087088	628.1319726333332	-1434.3742349405168
2025-01-25 03:50:00	572.0647492	-1321.1959772079813	404.00598940000003	-1841.0527613600857	428.27684519999997	-1966.1091451004909	338.25430853333336	-1154.4216602976278	628.1319726333332	-1433.8469563839878
2025-01-25 04:00:00	588.0725788000001	-1306.9910936706572	415.3111066000001	-1821.7300907555368	440.2611228	-1945.209904888477	347.7195261333334	-1142.3228969104237	645.7087060333333	-1417.6618672960567
2025-01-25 04:10:00	588.0725788000001	-1307.371421259579	415.3111066000001	-1822.1960508314878	440.2611228	-1945.36268797914	347.7195261333334	-1142.6908858239135	645.7087060333333	-1418.1176641340362
2025-01-25 04:20:00	588.0725788000001	-1307.2771874505672	415.3111066000001	-1821.6172501332708	440.2611228	-1945.0244141406429	347.7195261333334	-1142.3912258767093	645.7087060333333	-1417.5999797798804
2025-01-25 04:30:00	588.0725788000001	-1307.2956532717692	415.3111066000001	-1821.5464861747541	440.2611228	-1944.8422053081986	347.7195261333334	-1142.1657695603456	645.7087060333333	-1417.07234430472
2025-01-25 04:40:00	588.0725788000001	-1307.2124283739652	415.3111066000001	-1821.3336104796335	440.2611228	-1945.0724635786974	347.7195261333334	-1142.203074763537	645.7087060333333	-1417.1861078705283
2025-01-25 04:50:00	588.0725788000001	-1307.104372741874	415.3111066000001	-1821.6776079588963	440.2611228	-1945.3633939513452	347.7195261333334	-1142.5038601076185	645.7087060333333	-1417.716043400067
2025-01-25 05:00:00	578.6055828	-1325.195422336033	408.6252846	-1847.745111784239	433.1736468	-1972.850139322557	342.1218168	-1158.4501092058981	635.3138637	-1438.777436363336
2025-01-25 05:10:00	578.6055828	-1324.74858143025	408.6252846	-1847.2813768070025	433.1736468	-1972.5503161750494	342.1218168	-1158.2245230138956	635.3138637	-1438.82479020176
2025-01-25 05:20:00	578.6055828	-1324.8088740161174	408.6252846	-1846.9207192803585	433.1736468	-1972.1756743701844	342.1218168	-1160.5726022236151	635.3138637	-1437.7488826363399
2025-01-25 05:30:00	578.6055828	-1324.9320771344314	408.6252846	-1847.2438638019414	433.1736468	-1972.5735821608373	342.1218168	-1166.5089804628972	635.3138637	-1437.8885588834703
2025-01-25 05:40:00	578.6055828	-1325.152895073987	408.6252846	-1858.8630234782543	433.1736468	-1972.992176497462	342.1218168	-1173.9799252559162	635.3138637	-1438.2088524630196
2025-01-25 05:50:00	578.6055828	-1325.0558447650092	408.6252846	-1868.9676824420605	433.1736468	-1972.9026763918805	342.1218168	-1180.7847242650596	635.3138637	-1452.58395116719
2025-01-25 06:00:00	629.2970432	-1345.3745831270373	444.42482240000004	-1905.8065174992018	471.12385919999997	-2006.7820132776292	372.09500586666667	-1203.5432157595478	690.9735194666666	-1487.2260487712576
2025-01-25 06:10:00	629.2970432	-1353.5712790141433	444.42482240000004	-1913.9910694534526	471.12385919999997	-2018.0503387539516	372.09500586666667	-1208.1840472380857	690.9735194666666	-1495.349255984852
2025-01-25 06:20:00	629.2970432	-1360.5598362283886	444.42482240000004	-1924.8915608452924	471.12385919999997	-2030.2214397868638	372.09500586666667	-1214.8909472847974	690.9735194666666	-1506.6471018076634
2025-01-25 06:30:00	629.2970432	-1368.3747623053903	444.42482240000004	-1935.8951468454968	471.12385919999997	-2040.159946705271	372.09500586666667	-1221.4887396985937	690.9735194666666	-1518.5993909134525
2025-01-25 06:40:00	629.2970432	-1377.082519051383	444.42482240000004	-1945.2779649024926	471.12385919999997	-2050.997263322925	372.09500586666667	-1227.8601869626257	690.9735194666666	-1529.1301650226103
2025-01-25 06:50:00	629.2970432	-1384.3085266421438	444.42482240000004	-1952.634603973838	471.12385919999997	-2061.853218021533	372.09500586666667	-1232.4511824991866	690.9735194666666	-1538.4598438362048
2025-01-25 07:00:00	704.8608839999999	-1406.7021906561367	497.789838	-1985.1149964364097	527.694804	-2095.8177005722628	416.774904	-1257.993190848993	773.9432609999999	-1565.382756120512
2025-01-25 07:10:00	704.8608839999999	-1414.6930641236204	497.789838	-1998.8954600425511	527.694804	-2106.1327560100017	416.774904	-1263.9624332373783	773.9432609999999	-1575.6933971771841
2025-01-25 07:20:00	704.8608839999999	-1422.851541443229	497.789838	-2004.794377170744	527.694804	-2117.652803692864	416.774904	-1270.939498317594	773.9432609999999	-1590.2019077508107
2025-01-25 07:30:00	704.8608839999999	-1430.2498949419437	497.789838	-2014.6902636882685	527.694804	-2129.2444428519275	416.774904	-1275.45721384031	773.9432609999999	-1597.7005195627708
2025-01-25 07:40:00	704.8608839999999	-1436.3626500501155	497.789838	-2023.050687227598	527.694804	-2139.3055857916997	416.774904	-1280.9757375910458	773.9432609999999	-1609.621283526018
2025-01-25 07:50:00	704.8608839999999	-1444.0190337305771	497.789838	-2036.3378921875285	527.694804	-2149.152638545417	416.774904	-1289.136428072541	773.9432609999999	-1617.3474929118406
2025-01-25 08:00:00	2553.5070120000005	-1445.143078269096	1803.3485340000004	-2039.158576642508	1911.685572	-2147.9195372868944	1509.8548720000001	-1289.4438596500172	2803.772473	-1621.027852221072
2025-01-25 08:10:00	2553.5070120000005	-1450.982360946361	1803.3485340000004	-2045.2077042494445	1911.685572	-2159.129762586011	1509.8548720000001	-1296.6771080739054	2803.772473	-1630.080083631161
2025-01-25 08:20:00	2553.5070120000005	-1459.1210022972728	1803.3485340000004	-2056.8487635147003	1911.685572	-2169.032499223403	1509.8548720000001	-1303.5605002702796	2803.772473	-1641.2564785477125
2025-01-25 08:30:00	2553.5070120000005	-1466.8766479702986	1803.3485340000004	-2064.6392538358105	1911.685572	-2184.514864171403	1509.8548720000001	-1313.476845223343	2803.772473	-1654.8389876332867
2025-01-25 08:40:00	2553.5070120000005	-1474.608306556327	1803.3485340000004	-2076.260612876892	1911.685572	-2196.862453648204	1509.8548720000001	-1321.878016883375	2803.772473	-1665.3386983149448
2025-01-25 08:50:00	2553.5070120000005	-1483.1813726467858	1803.3485340000004	-2090.6672787186462	1911.685572	-2208.808552673311	1509.8548720000001	-1330.079631600026	2803.772473	-1679.069288394301
2025-01-25 09:00:00	8348.1692	-1293.4298886818833	5895.6794	-1816.067441297172	6249.865199999999	-1918.2240058433135	4936.161866666666	-1166.7999191273802	9166.360966666665	-1452.178025410216
2025-01-25 09:10:00	8348.1692	-1300.4501394914641	5895.6794	-1834.3241670913094	6249.865199999999	-1934.1800525534518	4936.161866666666	-1174.0333489988097	9166.360966666665	-1465.599471292333
2025-01-25 09:20:00	8348.1692	-1314.2712710163887	5895.6794	-1852.5371574595301	6249.865199999999	-1955.156046639011	4936.161866666666	-1188.323758224663	9166.360966666665	-1496.7810128793335
2025-01-25 09:30:00	8348.1692	-1331.02821147346	5895.6794	-1869.2134278965013	6249.865199999999	-1974.557618480747	4936.161866666666	-1202.5570827510892	9166.360966666665	-1509.018474082557
2025-01-25 09:40:00	8348.1692	-1341.7373715763479	5895.6794	-1887.1422371708313	6249.865199999999	-1984.33245913495	4936.161866666666	-1210.489578815138	9166.360966666665	-1505.8036966708787
2025-01-25 09:50:00	8348.1692	-1356.6577810427043	5895.6794	-1904.1371897978233	6249.865199999999	-2001.1634551179432	4936.161866666666	-1214.5608649228152	9166.360966666665	-1507.293851079201
2025-01-25 10:00:00	30466.514400000004	-1290.2907862156244	21516.190800000004	-1815.4580612388017	22808.7864	-1901.8197846228395	18014.4464	-1151.8660024469064	33452.4926	-1413.5236280180616
2025-01-25 10:10:00	30466.514400000004	-1275.447493944419	21516.190800000004	-1809.0601802071178	22808.7864	-1906.9078023533912	18014.4464	-1148.9498633159747	33452.4926	-1403.410091788057
2025-01-25 10:20:00	30466.514400000004	-1291.7749798395707	21516.190800000004	-1831.007071885735	22808.7864	-1926.7939200080764	18014.4464	-1157.6045661004428	33452.4926	-1424.9476387978357
2025-01-25 10:30:00	30466.514400000004	-1302.2926292810043	21516.190800000004	-1842.977399709649	22808.7864	-1929.696520616846	18014.4464	-1163.2977888348796	33452.4926	-1436.0046861468072
2025-01-25 10:40:00	30466.514400000004	-1308.0802437249404	21516.190800000004	-1853.1223272254756	22808.7864	-1938.5017670327725	18014.4464	-1167.1324854869126	33452.4926	-1442.9669526496727
2025-01-25 10:50:00	30466.514400000004	-1308.79969386433	21516.190800000004	-1853.544001737555	22808.7864	-1948.8883944436384	18014.4464	-1167.3167351025404	33452.4926	-1447.6625704120524
2025-01-25 11:00:00	34296.3446	-1309.8061121744322	24220.9097	-1854.0368388615316	25675.992599999998	-1962.079166031137	20278.974266666664	-1165.1101683365741	37657.67881666666	-1454.8780755822809
2025-01-25 11:10:00	34296.3446	-1300.801067184184	24220.9097	-1839.6902419059443	25675.992599999998	-1962.329633664256	20278.974266666664	-1164.5456711921906	37657.67881666666	-1443.4690050668069
2025-01-25 11:20:00	34296.3446	-1302.7215482119864	24220.9097	-1836.3066390437198	25675.992599999998	-1971.1303942571758	20278.974266666664	-1166.7567813707428	37657.67881666666	-1435.177955354964
2025-01-25 11:30:00	34296.3446	-1297.9645859243392	24220.9097	-1828.821648436402	25675.992599999998	-1967.4419704598367	20278.974266666664	-1168.7066351311078	37657.67881666666	-1430.2992657881987
2025-01-25 11:40:00	34296.3446	-1297.3394940609069	24220.9097	-1819.6425863524455	25675.992599999998	-1960.4179440157495	20278.974266666664	-1164.129611067714	37657.67881666666	-1424.5029940984896
2025-01-25 11:50:00	34296.3446	-1293.1796898368339	24220.9097	-1814.827228132177	25675.992599999998	-1956.7685753912083	20278.974266666664	-1164.931606222366	37657.67881666666	-1421.4681293368703
2025-01-25 12:00:00	38900.7472	-1226.0926825727074	27472.650400000002	-1731.640241790461	29123.0832	-1865.2278408328748	23001.496533333335	-1118.2810788576098	42713.352133333334	-1351.166821710125
2025-01-25 12:10:00	38900.7472	-1216.8439223194655	27472.650400000002	-1725.6843135267118	29123.0832	-1862.6241370527678	23001.496533333335	-1120.200511803061	42713.352133333334	-1342.5344449443
2025-01-25 12:20:00	38900.7472	-1215.5954559125385	27472.650400000002	-1724.9843473756264	29123.0832	-1880.230743692504	23001.496533333335	-1127.2960918460303	42713.352133333334	-1342.9080028706157
2025-01-25 12:30:00	38900.7472	-1215.9938903403963	27472.650400000002	-1721.1817518694334	29123.0832	-1894.7197986510218	23001.496533333335	-1126.1329719835958	42713.352133333334	-1341.5795068939624
2025-01-25 12:40:00	38900.7472	-1210.0439357247888	27472.650400000002	-1720.7634560168372	29123.0832	-1902.0778537805963	23001.496533333335	-1118.5804659230344	42713.352133333334	-1340.28518032399
2025-01-25 12:50:00	38900.7472	-1209.3222082838838	27472.650400000002	-1726.7914590785185	29123.0832	-1912.5440628635515	23001.496533333335	-1113.1012058546294	42713.352133333334	-1336.478684861795
2025-01-25 13:00:00	28650.57244	-1113.8235873371086	20233.72858	-1591.651932255998	21449.279639999997	-1781.0546632602673	16940.703973333333	-1030.8926900505903	31458.57284333333	-1247.42281437165
2025-01-25 13:10:00	28650.57244	-1117.3027413205382	20233.72858	-1568.4202849987487	21449.279639999997	-1791.581428613954	16940.703973333333	-1035.023280370675	31458.57284333333	-1247.8742410711675
2025-01-25 13:20:00	28650.57244	-1116.0415628294832	20233.72858	-1549.1986666382654	21449.279639999997	-1791.7806158173407	16940.703973333333	-1034.9918676531233	31458.57284333333	-1234.8738646412821
2025-01-25 13:30:00	28650.57244	-1114.748975768216	20233.72858	-1533.2296250872896	21449.279639999997	-1789.2096444806266	16940.703973333333	-1033.8648408246445	31458.57284333333	-1237.8275132560702
2025-01-25 13:40:00	28650.57244	-1114.1848395050401	20233.72858	-1519.292967807356	21449.279639999997	-1791.6076375955454	16940.703973333333	-1036.602497589607	31458.57284333333	-1241.837621421626
2025-01-25 13:50:00	28650.57244	-1122.3522707427765	20233.72858	-1510.5894666811182	21449.279639999997	-1802.2125909525785	16940.703973333333	-1036.3644066053457	31458.57284333333	-1251.5383873341452
2025-01-25 14:00:00	10319.025640000002	-1266.4783519035045	7287.545980000002	-1691.3350118041362	7725.348840000001	-2002.4321700763594	6101.503173333334	-1150.2529184936611	11330.378143333333	-1417.025923226849
2025-01-25 14:10:00	10319.025640000002	-1284.323333620494	7287.545980000002	-1703.3385442417384	7725.348840000001	-1990.3560971853021	6101.503173333334	-1142.9728557275057	11330.378143333333	-1418.1376700873298
2025-01-25 14:20:00	10319.025640000002	-1282.5182282364876	7287.545980000002	-1696.7583688100167	7725.348840000001	-1961.697760615707	6101.503173333334	-1130.4291643947054	11330.378143333333	-1406.9110932066524
2025-01-25 14:30:00	10319.025640000002	-1275.8761495289382	7287.545980000002	-1693.572237363751	7725.348840000001	-1945.8303913975633	6101.503173333334	-1119.586862683701	11330.378143333333	-1391.6064462275717
2025-01-25 14:40:00	10319.025640000002	-1273.4948382110379	7287.545980000002	-1693.3234208539652	7725.348840000001	-1931.1653731359165	6101.503173333334	-1113.6615698622745	11330.378143333333	-1377.323168631181
2025-01-25 14:50:00	10319.025640000002	-1269.8591435312828	7287.545980000002	-1699.1680476379534	7725.348840000001	-1927.5535109961602	6101.503173333334	-1104.321266154413	11330.378143333333	-1375.7506672366108
2025-01-25 15:00:00	7134.67244	-1352.4719610948341	5038.678580000001	-1812.5511834722302	5341.37964	-2038.086865058609	4218.637306666667	-1166.6322981687617	7833.931176666667	-1457.2854957756144
2025-01-25 15:10:00	7134.67244	-1364.2678540457637	5038.678580000001	-1813.18106946439	5341.37964	-2028.8143355219936	4218.637306666667	-1168.3997160111585	7833.931176666667	-1448.7543798394536
2025-01-25 15:20:00	7134.67244	-1369.3097624752245	5038.678580000001	-1824.9370032315082	5341.37964	-2017.7931473812278	4218.637306666667	-1172.674343971301	7833.931176666667	-1443.1912068556585
2025-01-25 15:30:00	7134.67244	-1372.1073953252762	5038.678580000001	-1837.2826507062837	5341.37964	-2015.0873304797278	4218.637306666667	-1174.1253068108263	7833.931176666667	-1442.3476102225368
2025-01-25 15:40:00	7134.67244	-1369.5292945876663	5038.678580000001	-1844.2568924810103	5341.37964	-2008.9709230707504	4218.637306666667	-1173.457207267741	7833.931176666667	-1440.4200412599212
2025-01-25 15:50:00	7134.67244	-1363.3019152803809	5038.678580000001	-1849.9814468715986	5341.37964	-2007.4650114989354	4218.637306666667	-1171.5660080326734	7833.931176666667	-1451.8635392003298
2025-01-25 16:00:00	1265.995556	-1420.9109014772541	894.0767420000001	-1936.7734982915956	947.7888360000001	-2088.1515355567244	748.5664026666667	-1221.2923879132559	1390.0739156666666	-1525.9807582347464
2025-01-25 16:10:00	1265.995556	-1419.8964845815733	894.0767420000001	-1940.1652658388136	947.7888360000001	-2085.1457525854985	748.5664026666667	-1216.9640391089729	1390.0739156666666	-1531.926418053443
2025-01-25 16:20:00	1265.995556	-1413.2769462204444	894.0767420000001	-1954.3336238956865	947.7888360000001	-2100.6211099279835	748.5664026666667	-1220.5972668912877	1390.0739156666666	-1533.4153973866848
2025-01-25 16:30:00	1265.995556	-1409.8262013739725	894.0767420000001	-1958.6373504453284	947.7888360000001	-2105.839235738509	748.5664026666667	-1218.62918590573	1390.0739156666666	-1528.2659966473072
2025-01-25 16:40:00	1265.995556	-1406.759184064557	894.0767420000001	-1956.2635304961161	947.7888360000001	-2108.6289205777766	748.5664026666667	-1221.7691498254685	1390.0739156666666	-1526.6402738463669
2025-01-25 16:50:00	1265.995556	-1406.8172053009905	894.0767420000001	-1963.09165966859	947.7888360000001	-2117.566248479461	748.5664026666667	-1229.269123525366	1390.0739156666666	-1528.618458802289
2025-01-25 17:00:00	607.8672068	-1438.2576787483526	429.2905526	-2013.075905534285	455.0803908	-2170.398012433671	359.42382746666664	-1261.6192220330545	667.4433763666666	-1563.930092943605
2025-01-25 17:10:00	607.8672068	-1438.2901298343181	429.2905526	-2016.8124624511029	455.0803908	-2165.875694171092	359.42382746666664	-1263.4116827251387	667.4433763666666	-1572.3322012241565
2025-01-25 17:20:00	607.8672068	-1444.8675715704908	429.2905526	-2026.8107320217355	455.0803908	-2171.1773410134842	359.42382746666664	-1267.8409828879307	667.4433763666666	-1582.1223636157133
2025-01-25 17:30:00	607.8672068	-1455.3237125055566	429.2905526	-2034.7503966241397	455.0803908	-2179.5186689997217	359.42382746666664	-1271.912274718226	667.4433763666666	-1580.208381245926
2025-01-25 17:40:00	607.8672068	-1460.2864849395892	429.2905526	-2036.1945504680334	455.0803908	-2184.642228912744	359.42382746666664	-1273.042799289793	667.4433763666666	-1581.1724048907754
2025-01-25 17:50:00	607.8672068	-1463.5391740283367	429.2905526	-2037.9455480412944	455.0803908	-2192.4697397247905	359.42382746666664	-1268.0867463569157	667.4433763666666	-1595.3085551358004
2025-01-25 18:00:00	603.5640268	-1496.4934613100202	426.2515426	-2092.593794345418	451.85881079999996	-2251.1354944378745	356.87941413333334	-1301.1647673114253	662.7184480333333	-1642.8930361017913
2025-01-25 18:10:00	603.5640268	-1491.6856866243768	426.2515426	-2092.5748402824825	451.85881079999996	-2254.7211267880652	356.87941413333334	-1304.1680699801157	662.7184480333333	-1646.8404538789448
2025-01-25 18:20:00	603.5640268	-1491.113412975302	426.2515426	-2090.6895217233046	451.85881079999996	-2262.1738527785424	356.87941413333334	-1309.0385316259817	662.7184480333333	-1648.0547685646573
2025-01-25 18:30:00	603.5640268	-1489.3486410900562	426.2515426	-2085.9144315161325	451.85881079999996	-2265.6382016021444	356.87941413333334	-1314.682403591133	662.7184480333333	-1654.435447113675
2025-01-25 18:40:00	603.5640268	-1489.0207678973472	426.2515426	-2080.147371046399	451.85881079999996	-2270.8025379885917	356.87941413333334	-1317.0459015941087	662.7184480333333	-1662.8306257505835
2025-01-25 18:50:00	603.5640268	-1489.2329207865512	426.2515426	-2077.4609308828044	451.85881079999996	-2270.3227481910963	356.87941413333334	-1319.2779480686481	662.7184480333333	-1668.8968645979264
2025-01-25 19:00:00	585.23248	-1478.6818287892074	413.30536000000006	-2056.9585029408972	438.13488	-2254.910026530451	346.0402133333334	-1311.332600718065	642.5902533333333	-1653.2261155415677
2025-01-25 19:10:00	585.23248	-1489.6974823928026	413.30536000000006	-2056.1611605438056	438.13488	-2254.227018699247	346.0402133333334	-1310.23700137906	642.5902533333333	-1653.8630635878426
2025-01-25 19:20:00	585.23248	-1495.051304661792	413.30536000000006	-2054.3448838549775	438.13488	-2260.771980097367	346.0402133333334	-1308.0983245901016	642.5902533333333	-1658.7490875156982
2025-01-25 19:30:00	585.23248	-1499.0650161341018	413.30536000000006	-2065.9492589288393	438.13488	-2263.3665375254295	346.0402133333334	-1311.0406639859984	642.5902533333333	-1668.6232499804978
2025-01-25 19:40:00	585.23248	-1498.1020687589457	413.30536000000006	-2068.5049053752673	438.13488	-2265.408232655617	346.0402133333334	-1309.460490246036	642.5902533333333	-1668.3733890945296
2025-01-25 19:50:00	585.23248	-1497.0258702079254	413.30536000000006	-2069.1323201220575	438.13488	-2261.679609708936	346.0402133333334	-1308.322661232256	642.5902533333333	-1670.0613397236411
2025-01-25 20:00:00	645.3909364	-1507.903987036938	455.7907198	-2089.4384953239633	483.17256839999993	-2272.7850877486776	381.6111117333333	-1320.5395276990826	708.6447514333332	-1690.534290776374
2025-01-25 20:10:00	645.3909364	-1511.746009823249	455.7907198	-2083.9392405006874	483.17256839999993	-2266.441373442638	381.6111117333333	-1317.1879563554292	708.6447514333332	-1693.455190436436
2025-01-25 20:20:00	645.3909364	-1504.7267341163815	455.7907198	-2085.6853557032573	483.17256839999993	-2268.0163294684235	381.6111117333333	-1313.2533760212054	708.6447514333332	-1692.926622868796
2025-01-25 20:30:00	645.3909364	-1504.9694359497298	455.7907198	-2086.5474569513053	483.17256839999993	-2264.904706994769	381.6111117333333	-1312.948909688924	708.6447514333332	-1692.487704771953
2025-01-25 20:40:00	645.3909364	-1504.7953174236486	455.7907198	-2085.795849102424	483.17256839999993	-2263.31430391259	381.6111117333333	-1312.6835119457414	708.6447514333332	-1694.2731300264634
2025-01-25 20:50:00	645.3909364	-1512.412539102986	455.7907198	-2085.4379746379	483.17256839999993	-2262.341876856151	381.6111117333333	-1316.9315504584033	708.6447514333332	-1700.551366456203
2025-01-25 21:00:00	595.6461756	-1847.6473954745798	420.65976420000004	-2550.4061087364207	445.93110360000003	-2763.42011077745	352.19769360000004	-1609.5600068170038	654.0245798999999	-2085.533820217008
2025-01-25 21:10:00	595.6461756	-1841.3837743445852	420.65976420000004	-2539.117840163978	445.93110360000003	-2752.079765461931	352.19769360000004	-1607.082903164126	654.0245798999999	-2079.530442756844
2025-01-25 21:20:00	595.6461756	-1844.9035309963087	420.65976420000004	-2540.3006474424064	445.93110360000003	-2753.6058699653086	352.19769360000004	-1609.5905696570053	654.0245798999999	-2081.98614891065
2025-01-25 21:30:00	595.6461756	-1843.5286376201193	420.65976420000004	-2543.829876339578	445.93110360000003	-2754.513968876593	352.19769360000004	-1613.025729802985	654.0245798999999	-2083.3419176787115
2025-01-25 21:40:00	595.6461756	-1841.5999889096597	420.65976420000004	-2543.1884365422666	445.93110360000003	-2751.4883149174816	352.19769360000004	-1615.6583868749958	654.0245798999999	-2078.9411128829965
2025-01-25 21:50:00	595.6461756	-1837.671459863613	420.65976420000004	-2545.9853595298946	445.93110360000003	-2746.1975950857254	352.19769360000004	-1616.6954066368694	654.0245798999999	-2071.950188654797
2025-01-25 22:00:00	590.6544868	-2129.5247132540067	417.13451260000005	-2966.113388949229	442.1940708	-3190.240029710636	349.24617413333334	-1876.4810212770556	648.5436630333332	-2408.494813309418
2025-01-25 22:10:00	590.6544868	-2121.3859326920283	417.13451260000005	-2958.579508820899	442.1940708	-3183.0714959409997	349.24617413333334	-1858.343327214847	648.5436630333332	-2396.0433226717764
2025-01-25 22:20:00	590.6544868	-2112.595218814345	417.13451260000005	-2957.5937513176455	442.1940708	-3172.4920703009157	349.24617413333334	-1846.4280940229257	648.5436630333332	-2386.305785241504
2025-01-25 22:30:00	590.6544868	-2107.945472011139	417.13451260000005	-2957.0502852869295	442.1940708	-3166.4930734700993	349.24617413333334	-1838.1986638856945	648.5436630333332	-2383.202604675537
2025-01-25 22:40:00	590.6544868	-2101.6116375872634	417.13451260000005	-2954.9271996423436	442.1940708	-3156.7192413591247	349.24617413333334	-1834.0800508876944	648.5436630333332	-2369.0322862976595
2025-01-25 22:50:00	590.6544868	-2093.888006201353	417.13451260000005	-2955.171063219792	442.1940708	-3136.557375730486	349.24617413333334	-1831.5242395777898	648.5436630333332	-2351.5958473720493
2025-01-25 23:00:00	594.1830944	-2157.2171969040046	419.6265008	-3062.0149375967867	444.83576639999995	-3220.1474879754555	351.3325930666667	-1891.9598214139821	652.4181042666665	-2430.169610662685
2025-01-25 23:10:00	594.1830944	-2143.9067363675326	419.6265008	-3055.172705341204	444.83576639999995	-3211.7990575007902	351.3325930666667	-1878.4143821994037	652.4181042666665	-2409.231662049816
2025-01-25 23:20:00	594.1830944	-2134.6662063422373	419.6265008	-3055.5672167786565	444.83576639999995	-3177.841162542017	351.3325930666667	-1861.1140197274774	652.4181042666665	-2395.7884684080145
2025-01-25 23:30:00	594.1830944	-2116.9457584357256	419.6265008	-3051.8978948197896	444.83576639999995	-3146.4233382252783	351.3325930666667	-1855.244539129819	652.4181042666665	-2369.989257441972
2025-01-25 23:40:00	594.1830944	-2105.9901245988926	419.6265008	-3036.529609385372	444.83576639999995	-3123.1715331537725	351.3325930666667	-1854.708812829859	652.4181042666665	-2362.422150026847
2025-01-25 23:50:00	594.1830944	-2091.1095346007432	419.6265008	-3010.583960131228	444.83576639999995	-3116.495151258044	351.3325930666667	-1840.57302602185	652.4181042666665	-2355.894500932259
2025-01-26 00:00:00	581.789936	-2155.566499598966	410.874152	-3092.820557978873	435.55761599999994	-3237.726543512972	344.00468266666667	-1903.5871811314519	638.8103106666665	-2446.812656991583
2025-01-26 00:10:00	581.789936	-2144.037485804672	410.874152	-3076.3572113434707	435.55761599999994	-3227.915847907606	344.00468266666667	-1899.2420479694479	638.8103106666665	-2436.7733896049776
2025-01-26 00:20:00	581.789936	-2104.116066215889	410.874152	-3015.694470493478	435.55761599999994	-3220.684796774207	344.00468266666667	-1860.1984839517904	638.8103106666665	-2358.3477783474555
2025-01-26 00:30:00	581.789936	-2083.0351532817026	410.874152	-3015.856012902886	435.55761599999994	-3216.405758063729	344.00468266666667	-1835.3039138084682	638.8103106666665	-2326.7864487246807
2025-01-26 00:40:00	581.789936	-2068.776710556592	410.874152	-3010.8461663922258	435.55761599999994	-3210.4442688221693	344.00468266666667	-1819.132135867752	638.8103106666665	-2319.8294286707933
2025-01-26 00:50:00	581.789936	-2070.455799748551	410.874152	-3006.141959170989	435.55761599999994	-3203.847728467773	344.00468266666667	-1813.961370873501	638.8103106666665	-2321.9659349589265
2025-01-26 01:00:00	617.2481392	-2077.9483574344085	435.9155944	-3012.787009254435	462.1034351999999	-3212.725199677049	364.9706485333333	-1821.500500819984	677.7437201333332	-2329.221022815795
2025-01-26 01:10:00	617.2481392	-2077.8880925825442	435.9155944	-3009.0587978076373	462.1034351999999	-3208.9767004199616	364.9706485333333	-1821.917384921216	677.7437201333332	-2330.048306897517
2025-01-26 01:20:00	617.2481392	-2077.6445693385613	435.9155944	-3004.7554525704813	462.1034351999999	-3203.202886734915	364.9706485333333	-1822.20374005684	677.7437201333332	-2329.1705519564257
2025-01-26 01:30:00	617.2481392	-2076.1549884713627	435.9155944	-2999.702970797198	462.1034351999999	-3198.277278674066	364.9706485333333	-1821.3825705325532	677.7437201333332	-2327.227993473418
2025-01-26 01:40:00	617.2481392	-2076.7730281768754	435.9155944	-2996.417848253247	462.1034351999999	-3192.0645631627617	364.9706485333333	-1820.20829154141	677.7437201333332	-2325.332280050394
2025-01-26 01:50:00	617.2481392	-2076.388147436153	435.9155944	-2991.342504380373	462.1034351999999	-3186.62937058451	364.9706485333333	-1821.3358287848248	677.7437201333332	-2324.147572333043
2025-01-26 02:00:00	613.20315	-2104.136183056683	433.05892500000004	-3030.253801727216	459.07515	-3225.889994821185	362.57890000000003	-1847.0586600712886	673.3022875	-2357.6782449294833
2025-01-26 02:10:00	613.20315	-2103.0219940796323	433.05892500000004	-3024.1222064659933	459.07515	-3219.8617448234327	362.57890000000003	-1845.419397605051	673.3022875	-2353.847127840759
2025-01-26 02:20:00	613.20315	-2102.7434946778258	433.05892500000004	-3020.3869515292668	459.07515	-3214.0979476663633	362.57890000000003	-1843.8351330974397	673.3022875	-2349.7751582272913
2025-01-26 02:30:00	613.20315	-2100.8944966776044	433.05892500000004	-3013.026719461565	459.07515	-3208.5167311936884	362.57890000000003	-1843.3756201232773	673.3022875	-2347.2481267345433
2025-01-26 02:40:00	613.20315	-2100.075115058029	433.05892500000004	-3008.4000344210162	459.07515	-3203.774634804542	362.57890000000003	-1843.4362988460211	673.3022875	-2345.8389694662196
2025-01-26 02:50:00	613.20315	-2099.1312944008905	433.05892500000004	-3002.88889892315	459.07515	-3198.3057736466412	362.57890000000003	-1842.7692067595358	673.3022875	-2344.052738979245
2025-01-26 03:00:00	575.2491024	-2133.651026235553	406.2548568	-3047.752892404775	430.6608144	-3243.424463562403	340.1371744	-1871.9733153938898	631.6284195999999	-2381.429549085725
2025-01-26 03:10:00	575.2491024	-2131.4773679365207	406.2548568	-3041.216563793543	430.6608144	-3235.701173161544	340.1371744	-1870.8116807769454	631.6284195999999	-2377.077775123428
2025-01-26 03:20:00	575.2491024	-2130.1690179408843	406.2548568	-3035.7566548004097	430.6608144	-3230.733237156495	340.1371744	-1871.3084442978923	631.6284195999999	-2375.585620148935
2025-01-26 03:30:00	575.2491024	-2129.4994524806334	406.2548568	-3031.0143156076088	430.6608144	-3224.6584477055885	340.1371744	-1870.5758345266688	631.6284195999999	-2373.612390972735
2025-01-26 03:40:00	575.2491024	-2128.350031828424	406.2548568	-3025.338043808615	430.6608144	-3218.8307846422585	340.1371744	-1869.6094793167779	631.6284195999999	-2370.8983099383277
2025-01-26 03:50:00	575.2491024	-2127.267769956343	406.2548568	-3017.6040404577216	430.6608144	-3213.7904012331587	340.1371744	-1867.9776813907308	631.6284195999999	-2367.354897631306
2025-01-26 04:00:00	562.855944	-2148.641186073037	397.502508	-3044.690402117457	421.382664	-3242.91684002077	332.809264	-1887.8077881347313	618.0206259999999	-2390.9330460542956
2025-01-26 04:10:00	562.855944	-2147.4061768513893	397.502508	-3039.185385067785	421.382664	-3235.0551799009318	332.809264	-1886.759710737551	618.0206259999999	-2389.187070301967
2025-01-26 04:20:00	562.855944	-2149.548813007626	397.502508	-3034.6010396713355	421.382664	-3229.674877776527	332.809264	-1886.2901941234618	618.0206259999999	-2386.391702850274
2025-01-26 04:30:00	562.855944	-2146.148085217186	397.502508	-3029.520961498298	421.382664	-3221.6263155269244	332.809264	-1885.258188430715	618.0206259999999	-2383.626958330675
2025-01-26 04:40:00	562.855944	-2143.7322093129724	397.502508	-3023.138837054899	421.382664	-3214.7641406607327	332.809264	-1883.204141401195	618.0206259999999	-2380.642411682562
2025-01-26 04:50:00	562.855944	-2141.378905765122	397.502508	-3017.6952595465455	421.382664	-3208.830722675025	332.809264	-1883.3257664167704	618.0206259999999	-2378.0196853294865
2025-01-26 05:00:00	582.1341904000001	-2178.9306424462848	411.1172728	-3067.203272702076	435.8153424	-3263.8886280149495	344.20823573333337	-1916.8645080746946	639.1883049333333	-2421.4739938993453
2025-01-26 05:10:00	582.1341904000001	-2177.488074825369	411.1172728	-3059.7428069629514	435.8153424	-3260.4414789015304	344.20823573333337	-1915.5696106443415	639.1883049333333	-2419.936204926712
2025-01-26 05:20:00	582.1341904000001	-2176.1973440782585	411.1172728	-3055.9370036851456	435.8153424	-3258.5622251333084	344.20823573333337	-1913.0959363545699	639.1883049333333	-2419.1305261950383
2025-01-26 05:30:00	582.1341904000001	-2175.392468809085	411.1172728	-3053.81292710228	435.8153424	-3257.7611882911833	344.20823573333337	-1911.7994995214822	639.1883049333333	-2418.792544095223
2025-01-26 05:40:00	582.1341904000001	-2175.0870414332726	411.1172728	-3052.333963277548	435.8153424	-3257.1757950377537	344.20823573333337	-1911.8225955273333	639.1883049333333	-2418.880992455587
2025-01-26 05:50:00	582.1341904000001	-2175.09061547505	411.1172728	-3051.224532037699	435.8153424	-3256.751273885169	344.20823573333337	-1910.3222440044156	639.1883049333333	-2418.5077854117544
2025-01-26 06:00:00	606.5762528	-2213.9924356020474	428.3788496	-3106.4041810059643	454.11391679999997	-3315.7806727980305	358.6605034666667	-1943.376216437723	666.0258978666666	-2463.90729002662
2025-01-26 06:10:00	606.5762528	-2213.3698133228822	428.3788496	-3104.679075253271	454.11391679999997	-3314.869466121054	358.6605034666667	-1942.0118276887938	666.0258978666666	-2463.0465881657465
2025-01-26 06:20:00	606.5762528	-2230.2770450452513	428.3788496	-3128.354087365307	454.11391679999997	-3342.971618238039	358.6605034666667	-1953.6241205730644	666.0258978666666	-2474.4755059410954
2025-01-26 06:30:00	606.5762528	-2248.9401771204725	428.3788496	-3128.6418152560673	454.11391679999997	-3357.959095513482	358.6605034666667	-1963.963150867763	666.0258978666666	-2478.702002453354
2025-01-26 06:40:00	606.5762528	-2259.764328317662	428.3788496	-3130.579206158826	454.11391679999997	-3364.3609028616534	358.6605034666667	-1970.5659322737142	666.0258978666666	-2481.366981116117
2025-01-26 06:50:00	606.5762528	-2266.8121655650784	428.3788496	-3135.5098526372985	454.11391679999997	-3369.7709245375727	358.6605034666667	-1972.5749835036818	666.0258978666666	-2477.752372188341
2025-01-26 07:00:00	754.7777719999999	-2340.4168825166694	533.0423539999999	-3243.8719007840573	565.065132	-3484.2804061840807	446.29009866666667	-2032.6531637372714	828.7524296666666	-2553.60444527573
2025-01-26 07:10:00	754.7777719999999	-2360.5250067947945	533.0423539999999	-3262.5342474558443	565.065132	-3498.7330315498857	446.29009866666667	-2033.3209721923804	828.7524296666666	-2559.2972581301437
2025-01-26 07:20:00	754.7777719999999	-2381.014884965246	533.0423539999999	-3300.817335457982	565.065132	-3521.4087592289525	446.29009866666667	-2043.9515423541638	828.7524296666666	-2566.9739938322996
2025-01-26 07:30:00	754.7777719999999	-2400.405486741543	533.0423539999999	-3321.14809102541	565.065132	-3544.3571933273433	446.29009866666667	-2050.766002482467	828.7524296666666	-2576.013281445979
2025-01-26 07:40:00	754.7777719999999	-2413.0949349398766	533.0423539999999	-3340.964682330205	565.065132	-3571.043792421816	446.29009866666667	-2054.700628444666	828.7524296666666	-2585.904305487828
2025-01-26 07:50:00	754.7777719999999	-2413.8309307703958	533.0423539999999	-3374.4860738443103	565.065132	-3585.6496139080673	446.29009866666667	-2067.816008721829	828.7524296666666	-2609.780909694011
2025-01-26 08:00:00	2374.4947239999997	-2427.928812312335	1676.925718	-3424.3293570751616	1777.6678439999998	-3632.552389190015	1404.0072773333334	-2099.618130041098	2607.215454333333	-2662.5800179880316
2025-01-26 08:10:00	2374.4947239999997	-2425.579347306327	1676.925718	-3449.5988381160837	1777.6678439999998	-3637.6073299980458	1404.0072773333334	-2118.169932477327	2607.215454333333	-2687.7930064020547
2025-01-26 08:20:00	2374.4947239999997	-2425.9281595209222	1676.925718	-3477.2530128569265	1777.6678439999998	-3673.588219804695	1404.0072773333334	-2129.3142113470035	2607.215454333333	-2723.160319498911
2025-01-26 08:30:00	2374.4947239999997	-2422.514728143933	1676.925718	-3495.6954357082636	1777.6678439999998	-3690.5942792689116	1404.0072773333334	-2129.753158675684	2607.215454333333	-2729.9966248790424
2025-01-26 08:40:00	2374.4947239999997	-2418.208122993844	1676.925718	-3482.676046806611	1777.6678439999998	-3688.840529391205	1404.0072773333334	-2130.8308952686175	2607.215454333333	-2722.0028524924764
2025-01-26 08:50:00	2374.4947239999997	-2423.5340016639475	1676.925718	-3471.030367081569	1777.6678439999998	-3675.6617268200293	1404.0072773333334	-2129.0645798968235	2607.215454333333	-2726.190119349084
2025-01-26 09:00:00	6113.958144	-2262.6845297903037	4317.825408000001	-3225.189171500073	4577.220864	-3413.1604090001247	3615.1024640000005	-1982.1277790813206	6713.178176	-2536.6149281165954
2025-01-26 09:10:00	6113.958144	-2268.945516854368	4317.825408000001	-3228.2559084536824	4577.220864	-3413.767454137237	3615.1024640000005	-1984.592247678523	6713.178176	-2537.4932041435977
2025-01-26 09:20:00	6113.958144	-2271.0017096727697	4317.825408000001	-3233.5048489908586	4577.220864	-3418.642892231139	3615.1024640000005	-1989.899749747488	6713.178176	-2542.0101079398983
2025-01-26 09:30:00	6113.958144	-2272.772083611426	4317.825408000001	-3241.579366525818	4577.220864	-3423.441709919338	3615.1024640000005	-1992.686964493118	6713.178176	-2542.95412883265
2025-01-26 09:40:00	6113.958144	-2277.124815807678	4317.825408000001	-3244.4031513631517	4577.220864	-3423.857799963027	3615.1024640000005	-1995.2594534197701	6713.178176	-2547.2790506594765
2025-01-26 09:50:00	6113.958144	-2281.0659388739023	4317.825408000001	-3247.096583451581	4577.220864	-3424.2840430647857	3615.1024640000005	-1998.6884734043829	6713.178176	-2549.1800305355237
2025-01-26 10:00:00	30767.737	-2139.0964796098197	21728.9215	-3035.829504919322	23034.297	-3201.3045312722097	18192.555333333334	-1877.9453513541048	33783.23758333333	-2382.7117685201883
2025-01-26 10:10:00	30767.737	-2127.4683160039494	21728.9215	-3035.5916750224787	23034.297	-3192.015732787466	18192.555333333334	-1877.975158040561	33783.23758333333	-2379.2810223530323
2025-01-26 10:20:00	30767.737	-2152.061351467877	21728.9215	-3044.3036897974816	23034.297	-3203.8555653464828	18192.555333333334	-1885.8748780048008	33783.23758333333	-2407.2414424005765
2025-01-26 10:30:00	30767.737	-2173.2705591803897	21728.9215	-3057.156900376398	23034.297	-3216.892319952123	18192.555333333334	-1893.9020638464099	33783.23758333333	-2431.3768302619865
2025-01-26 10:40:00	30767.737	-2187.7097746740255	21728.9215	-3065.207191815771	23034.297	-3232.625459920877	18192.555333333334	-1903.2073068968857	33783.23758333333	-2455.525303035036
2025-01-26 10:50:00	30767.737	-2200.0250321022904	21728.9215	-3085.4325341129334	23034.297	-3248.2267114533934	18192.555333333334	-1916.388952387424	33783.23758333333	-2474.9575071178333
2025-01-26 11:00:00	37179.4752	-2136.5267608905633	26257.046400000003	-2994.7750551713143	27834.451200000003	-3152.118732252049	21983.731200000002	-1859.254237513269	40823.3808	-2396.881402674946
2025-01-26 11:10:00	37179.4752	-2135.6808545791937	26257.046400000003	-3006.8151614352064	27834.451200000003	-3169.189795077873	21983.731200000002	-1866.346323557067	40823.3808	-2407.375918465703
2025-01-26 11:20:00	37179.4752	-2142.4744610032067	26257.046400000003	-3011.5748243447597	27834.451200000003	-3186.2607938168694	21983.731200000002	-1877.2414813951982	40823.3808	-2411.767652458999
2025-01-26 11:30:00	37179.4752	-2145.2313651565782	26257.046400000003	-3015.5748175126246	27834.451200000003	-3208.9514338185945	21983.731200000002	-1888.3398628038776	40823.3808	-2416.315274884677
2025-01-26 11:40:00	37179.4752	-2148.3161823350456	26257.046400000003	-3018.5591974012495	27834.451200000003	-3226.377685675234	21983.731200000002	-1900.823794564083	40823.3808	-2416.7572782511925
2025-01-26 11:50:00	37179.4752	-2155.294449029381	26257.046400000003	-3031.339313903638	27834.451200000003	-3240.3460813597703	21983.731200000002	-1904.4459179153928	40823.3808	-2412.139553575573
2025-01-26 12:00:00	15887.34056	-2068.195205331989	11220.024920000002	-2902.575599274047	11894.07336	-3106.3385604143423	9393.974026666667	-1822.745473717303	17444.435406666667	-2304.8982420877837
2025-01-26 12:10:00	15887.34056	-2089.793097383381	11220.024920000002	-2908.599681779846	11894.07336	-3127.6811871783557	9393.974026666667	-1831.509710420838	17444.435406666667	-2322.425210174122
2025-01-26 12:20:00	15887.34056	-2072.9261423170483	11220.024920000002	-2893.954263589967	11894.07336	-3117.3334155537923	9393.974026666667	-1831.0548988391693	17444.435406666667	-2313.0874232711285
2025-01-26 12:30:00	15887.34056	-2058.743943677686	11220.024920000002	-2882.224073768277	11894.07336	-3106.3651051115976	9393.974026666667	-1829.1545311089376	17444.435406666667	-2301.800079767567
2025-01-26 12:40:00	15887.34056	-2053.787323219427	11220.024920000002	-2883.379879828466	11894.07336	-3094.5132375740122	9393.974026666667	-1827.0951318021907	17444.435406666667	-2296.000171570242
2025-01-26 12:50:00	15887.34056	-2042.1756178683736	11220.024920000002	-2882.2820833579917	11894.07336	-3093.12995585116	9393.974026666667	-1818.1634383580677	17444.435406666667	-2284.17642739218
2025-01-26 13:00:00	15224.650840000002	-2026.5634761255315	10752.017380000001	-2865.151074802012	11397.950040000002	-3084.715411237681	9002.134373333334	-1807.7797188952209	16716.796443333333	-2271.221597990472
2025-01-26 13:10:00	15224.650840000002	-2024.8937361408425	10752.017380000001	-2847.600394937377	11397.950040000002	-3087.7492074222246	9002.134373333334	-1802.1172442702718	16716.796443333333	-2267.005651863903
2025-01-26 13:20:00	15224.650840000002	-2030.1355793144176	10752.017380000001	-2845.441224630031	11397.950040000002	-3089.203862586264	9002.134373333334	-1797.2845109401496	16716.796443333333	-2269.7115608589156
2025-01-26 13:30:00	15224.650840000002	-2027.876122917307	10752.017380000001	-2859.8681706674415	11397.950040000002	-3089.0507275974414	9002.134373333334	-1793.241330053981	16716.796443333333	-2272.051258877509
2025-01-26 13:40:00	15224.650840000002	-2026.7897930040417	10752.017380000001	-2865.482468182956	11397.950040000002	-3079.800628609735	9002.134373333334	-1785.4431232364786	16716.796443333333	-2272.8836046549295
2025-01-26 13:50:00	15224.650840000002	-2026.197096553351	10752.017380000001	-2874.3454374078756	11397.950040000002	-3070.7499930051	9002.134373333334	-1781.0077875780844	16716.796443333333	-2276.7846821736675
2025-01-26 14:00:00	6792.139312	-1991.0082207685173	4796.773384	-2828.430592195361	5084.941872	-3011.2972947549342	4016.1020053333336	-1742.165329760428	7457.8268813333325	-2249.9163168123087
2025-01-26 14:10:00	6792.139312	-2002.0139086848558	4796.773384	-2817.901969853432	5084.941872	-3013.043413345038	4016.1020053333336	-1739.5138601719573	7457.8268813333325	-2234.5814073581187
2025-01-26 14:20:00	6792.139312	-1997.478355543266	4796.773384	-2812.2603285958858	5084.941872	-3006.8585431234396	4016.1020053333336	-1741.1721532715792	7457.8268813333325	-2221.416891254421
2025-01-26 14:30:00	6792.139312	-1988.2387641667028	4796.773384	-2804.9057510282873	5084.941872	-3002.580139650582	4016.1020053333336	-1736.5726635187993	7457.8268813333325	-2196.1848311700433
2025-01-26 14:40:00	6792.139312	-1988.3176444417713	4796.773384	-2811.393754983047	5084.941872	-2992.984629755989	4016.1020053333336	-1732.8687006496084	7457.8268813333325	-2184.5202854877352
2025-01-26 14:50:00	6792.139312	-1987.593878915728	4796.773384	-2813.0590136906667	5084.941872	-2992.4094261275213	4016.1020053333336	-1730.5367806550776	7457.8268813333325	-2169.7460017319736
2025-01-26 15:00:00	2641.291884	-2007.572009706817	1865.3443380000003	-2841.9024541312247	1977.4058040000002	-3011.1544028168746	1561.7609040000002	-1746.1334653597335	2900.161011	-2184.9108503519765
2025-01-26 15:10:00	2641.291884	-2012.62659910614	1865.3443380000003	-2844.9061057674344	1977.4058040000002	-3009.5887481653526	1561.7609040000002	-1743.3720396198203	2900.161011	-2204.3156308810157
2025-01-26 15:20:00	2641.291884	-2012.4412959044912	1865.3443380000003	-2847.790040683958	1977.4058040000002	-3015.362856761798	1561.7609040000002	-1746.0225703995022	2900.161011	-2204.458586278849
2025-01-26 15:30:00	2641.291884	-2006.4463311889958	1865.3443380000003	-2846.118280211992	1977.4058040000002	-3008.9262259608895	1561.7609040000002	-1747.6126533756421	2900.161011	-2212.3680709651417
2025-01-26 15:40:00	2641.291884	-2001.763773063295	1865.3443380000003	-2845.3455933589503	1977.4058040000002	-3004.894339919774	1561.7609040000002	-1747.064969633156	2900.161011	-2219.3514819867078
2025-01-26 15:50:00	2641.291884	-2001.0922848091932	1865.3443380000003	-2847.8737361357307	1977.4058040000002	-3006.4267146048824	1561.7609040000002	-1753.259774150866	2900.161011	-2222.6225361389816
2025-01-26 16:00:00	1093.868356	-1972.6240728627458	772.516342	-2818.734189752671	818.9256359999999	-2965.9970383193504	646.7898693333334	-1734.8955574795882	1201.0767823333333	-2200.390722484315
2025-01-26 16:10:00	1093.868356	-1976.0899087536723	772.516342	-2822.7368061672923	818.9256359999999	-2963.6901948898703	646.7898693333334	-1738.9903050144358	1201.0767823333333	-2210.7484939670812
2025-01-26 16:20:00	1093.868356	-1981.041242276709	772.516342	-2824.4140100742334	818.9256359999999	-2965.736369912499	646.7898693333334	-1736.7616848592993	1201.0767823333333	-2222.889492206342
2025-01-26 16:30:00	1093.868356	-1983.2550139666732	772.516342	-2827.7713827917887	818.9256359999999	-2971.1749244964485	646.7898693333334	-1735.1392789641163	1201.0767823333333	-2224.1270019329895
2025-01-26 16:40:00	1093.868356	-1983.0736767106373	772.516342	-2835.0505061577487	818.9256359999999	-2969.7872259730084	646.7898693333334	-1738.8704875097742	1201.0767823333333	-2227.7124316814115
2025-01-26 16:50:00	1093.868356	-1985.3104755951408	772.516342	-2835.4461659823	818.9256359999999	-2972.624701813856	646.7898693333334	-1745.1067862353593	1201.0767823333333	-2228.9920766278246
2025-01-26 17:00:00	642.2926468	-1991.4355325887077	453.60263260000005	-2845.4676637153348	480.85303080000006	-2984.0226326641064	379.77913413333334	-1752.4929576236252	705.2428030333333	-2241.9267822291395
2025-01-26 17:10:00	642.2926468	-1992.2400095918865	453.60263260000005	-2852.311317603122	480.85303080000006	-2984.3530343715647	379.77913413333334	-1755.9329741791673	705.2428030333333	-2246.279822330258
2025-01-26 17:20:00	642.2926468	-1995.6644978151985	453.60263260000005	-2851.7174625916336	480.85303080000006	-2983.8766773027446	379.77913413333334	-1756.2883458782533	705.2428030333333	-2251.2544256368765
2025-01-26 17:30:00	642.2926468	-1996.7533761784016	453.60263260000005	-2855.5472612286653	480.85303080000006	-2995.8868529842584	379.77913413333334	-1759.6239546162053	705.2428030333333	-2246.5018798641704
2025-01-26 17:40:00	642.2926468	-2000.3632076185363	453.60263260000005	-2858.724686193388	480.85303080000006	-3001.258142344541	379.77913413333334	-1760.298217805365	705.2428030333333	-2246.4574468176015
2025-01-26 17:50:00	642.2926468	-2004.1599895197255	453.60263260000005	-2857.569781075191	480.85303080000006	-2997.309300809067	379.77913413333334	-1761.3816375470003	705.2428030333333	-2250.4135898868526
2025-01-26 18:00:00	599.863292	-1993.895051306174	423.63799400000005	-2843.7546106185046	449.088252	-2979.698786138858	354.6912186666667	-1755.2801217150638	658.6550096666666	-2239.3475133736565
2025-01-26 18:10:00	599.863292	-1996.8390473566337	423.63799400000005	-2846.1859206851755	449.088252	-2976.7973656808713	354.6912186666667	-1757.4829750191418	658.6550096666666	-2231.9474320878244
2025-01-26 18:20:00	599.863292	-2000.6224752064732	423.63799400000005	-2849.1069086305424	449.088252	-2973.6608696399917	354.6912186666667	-1761.5084119273445	658.6550096666666	-2235.733159162376
2025-01-26 18:30:00	599.863292	-2005.6501847009263	423.63799400000005	-2849.536100026308	449.088252	-2972.0831827251714	354.6912186666667	-1765.7793246133645	658.6550096666666	-2235.45964369703
2025-01-26 18:40:00	599.863292	-2007.3972014147344	423.63799400000005	-2854.9910474835688	449.088252	-2970.91190334257	354.6912186666667	-1765.2040223895385	658.6550096666666	-2243.048350342052
2025-01-26 18:50:00	599.863292	-2008.5679528056899	423.63799400000005	-2856.0378381185483	449.088252	-2965.4603974073752	354.6912186666667	-1764.0441146551814	658.6550096666666	-2248.251760664073
2025-01-26 19:00:00	588.2447060000001	-1968.7018633747412	415.43266700000004	-2799.0126597693393	440.389986	-2908.642404081883	347.8213026666667	-1724.469839715644	645.8977031666667	-2201.040208994657
2025-01-26 19:10:00	588.2447060000001	-1971.51254471938	415.43266700000004	-2806.037516702832	440.389986	-2917.922734680158	347.8213026666667	-1726.0758563079594	645.8977031666667	-2201.9446258636644
2025-01-26 19:20:00	588.2447060000001	-1968.701501668917	415.43266700000004	-2807.428846432928	440.389986	-2930.066100878605	347.8213026666667	-1718.3145681683932	645.8977031666667	-2203.7645674711807
2025-01-26 19:30:00	588.2447060000001	-1967.792256549044	415.43266700000004	-2813.5342522405535	440.389986	-2926.868351947864	347.8213026666667	-1710.836748436152	645.8977031666667	-2204.2570273649326
2025-01-26 19:40:00	588.2447060000001	-1962.204768111616	415.43266700000004	-2816.7532996592217	440.389986	-2935.3185725673798	347.8213026666667	-1709.2504803614943	645.8977031666667	-2204.6554895007075
2025-01-26 19:50:00	588.2447060000001	-1961.5867297190225	415.43266700000004	-2818.5221345124723	440.389986	-2944.287110135866	347.8213026666667	-1708.8747756680687	645.8977031666667	-2205.5164492618583
2025-01-26 20:00:00	570.8598588	-1965.718984898795	403.1550666	-2825.259923500899	427.3748028	-2951.8378786606404	337.5418728	-1713.3356974306653	626.8089927	-2208.672768567694
2025-01-26 20:10:00	570.8598588	-1963.2960125779186	403.1550666	-2821.687925407486	427.3748028	-2953.7594113197183	337.5418728	-1700.3845830915566	626.8089927	-2202.0403353821453
2025-01-26 20:20:00	570.8598588	-1966.7724059233592	403.1550666	-2823.4368103980783	427.3748028	-2951.5307765715743	337.5418728	-1696.4470319811735	626.8089927	-2200.6228480477653
2025-01-26 20:30:00	570.8598588	-1966.4666668987343	403.1550666	-2821.109988357783	427.3748028	-2951.8634157350198	337.5418728	-1694.4638087750727	626.8089927	-2188.5224919895727
2025-01-26 20:40:00	570.8598588	-1966.5500178283378	403.1550666	-2822.0102799942415	427.3748028	-2951.731942466274	337.5418728	-1692.136357991311	626.8089927	-2182.6619017821135
2025-01-26 20:50:00	570.8598588	-1966.8091377515889	403.1550666	-2822.0019145539345	427.3748028	-2954.4943604524847	337.5418728	-1691.039722712972	626.8089927	-2178.897207725503
2025-01-26 21:00:00	580.6711091999999	-1982.6655971473951	410.0840094	-2834.096174626666	434.72000519999995	-2976.66597235541	343.3431352	-1704.7357884228484	637.5818292999999	-2191.052115949181
2025-01-26 21:10:00	580.6711091999999	-1984.5714324908263	410.0840094	-2830.5397423171835	434.72000519999995	-2979.123306126619	343.3431352	-1703.5772124197797	637.5818292999999	-2182.7564647855907
2025-01-26 21:20:00	580.6711091999999	-1982.779876637337	410.0840094	-2829.38402678375	434.72000519999995	-2983.29050300097	343.3431352	-1706.3732320294432	637.5818292999999	-2184.452607265275
2025-01-26 21:30:00	580.6711091999999	-1981.0703234811058	410.0840094	-2828.207446187879	434.72000519999995	-2988.079221565499	343.3431352	-1705.6657670458515	637.5818292999999	-2183.7728209660445
2025-01-26 21:40:00	580.6711091999999	-1985.0139579939137	410.0840094	-2827.537793151334	434.72000519999995	-2991.816502122113	343.3431352	-1710.5325664201562	637.5818292999999	-2183.7988590237164
2025-01-26 21:50:00	580.6711091999999	-1986.8193202495627	410.0840094	-2821.7577129962538	434.72000519999995	-2991.189102435137	343.3431352	-1715.1467431109534	637.5818292999999	-2183.541715371348
2025-01-26 22:00:00	622.0677008	-1922.485846595073	439.3192856	-2727.302235494501	465.7116048	-2895.8168448804604	367.82039146666665	-1662.7197146340297	683.0356398666667	-2109.016684008357
2025-01-26 22:10:00	622.0677008	-1921.9839422027674	439.3192856	-2726.1002402137533	465.7116048	-2896.2351343378946	367.82039146666665	-1671.0743687523257	683.0356398666667	-2109.146515653453
2025-01-26 22:20:00	622.0677008	-1918.4900931769541	439.3192856	-2716.442954934189	465.7116048	-2895.4780749538213	367.82039146666665	-1673.006925707096	683.0356398666667	-2113.1426143529097
2025-01-26 22:30:00	622.0677008	-1916.461888957869	439.3192856	-2712.746373570913	465.7116048	-2895.2700073504925	367.82039146666665	-1670.1445982082882	683.0356398666667	-2114.8689550269405
2025-01-26 22:40:00	622.0677008	-1915.4971471420565	439.3192856	-2702.5535421845534	465.7116048	-2887.5888041262097	367.82039146666665	-1667.8474526360355	683.0356398666667	-2107.56026043585
2025-01-26 22:50:00	622.0677008	-1913.1686058220123	439.3192856	-2685.5212378685555	465.7116048	-2878.4997918681843	367.82039146666665	-1669.6855342247397	683.0356398666667	-2105.118718496402
2025-01-26 23:00:00	588.3307696	-1909.184469339044	415.49344720000005	-2663.9052676032607	440.4544176	-2867.6782096300026	347.87219093333334	-1664.4577674721268	645.9922017333333	-2083.6317117697085
2025-01-26 23:10:00	588.3307696	-1901.0807105596523	415.49344720000005	-2642.86873724814	440.4544176	-2853.744650458971	347.87219093333334	-1662.7496468078755	645.9922017333333	-2076.183621218533
2025-01-26 23:20:00	588.3307696	-1890.861716593237	415.49344720000005	-2617.265268116512	440.4544176	-2826.115573488785	347.87219093333334	-1660.797157447783	645.9922017333333	-2058.7442546687994
2025-01-26 23:30:00	588.3307696	-1880.8767231707607	415.49344720000005	-2596.661919425504	440.4544176	-2806.092770316284	347.87219093333334	-1649.71461748402	645.9922017333333	-2053.7471625400462
2025-01-26 23:40:00	588.3307696	-1867.0292523915018	415.49344720000005	-2578.3433043766813	440.4544176	-2782.0148336950447	347.87219093333334	-1634.745406564043	645.9922017333333	-2050.136113385474
2025-01-26 23:50:00	588.3307696	-1848.7259859645878	415.49344720000005	-2552.8397646893736	440.4544176	-2763.4348121810035	347.87219093333334	-1618.5427842253266	645.9922017333333	-2047.365732840411
2025-01-27 00:00:00	579.9826004	-1812.7644019916459	409.59776780000004	-2508.499735406675	434.2045524	-2716.677357179074	342.9360290666667	-1586.3413425454034	636.8258407666666	-2020.0674650744018
2025-01-27 00:10:00	579.9826004	-1784.3164390693648	409.59776780000004	-2500.057233223193	434.2045524	-2698.5942562423884	342.9360290666667	-1572.784500939892	636.8258407666666	-2014.9996141244178
2025-01-27 00:20:00	579.9826004	-1736.8928649724019	409.59776780000004	-2428.939885035433	434.2045524	-2617.969181404278	342.9360290666667	-1530.0178044000534	636.8258407666666	-1926.8164339348732
2025-01-27 00:30:00	579.9826004	-1710.2941419025203	409.59776780000004	-2391.0779184613893	434.2045524	-2568.3951723420273	342.9360290666667	-1503.1653073117684	636.8258407666666	-1891.6949356631194
2025-01-27 00:40:00	579.9826004	-1692.3456269602996	409.59776780000004	-2366.5217346557265	434.2045524	-2536.490288608742	342.9360290666667	-1484.8990479297854	636.8258407666666	-1868.3884196257281
2025-01-27 00:50:00	579.9826004	-1680.6906875061147	409.59776780000004	-2349.8417652785647	434.2045524	-2515.612126130759	342.9360290666667	-1473.0470397118643	636.8258407666666	-1852.8769250049386
2025-01-27 01:00:00	591.9454408	-1608.5497154888108	418.0462156	-2247.277201461068	443.16054479999997	-2404.1154366884007	350.00949813333335	-1409.0821464143198	649.9611415333333	-1768.1053369105935
2025-01-27 01:10:00	591.9454408	-1604.822394784971	418.0462156	-2242.255829300426	443.16054479999997	-2396.785365039785	350.00949813333335	-1405.2147603241215	649.9611415333333	-1762.6191163224062
2025-01-27 01:20:00	591.9454408	-1601.3288627428865	418.0462156	-2237.4410881052854	443.16054479999997	-2390.980944256059	350.00949813333335	-1401.552017962872	649.9611415333333	-1758.0032398670528
2025-01-27 01:30:00	591.9454408	-1598.974462142035	418.0462156	-2233.819600063736	443.16054479999997	-2386.6709323118944	350.00949813333335	-1399.032696660114	649.9611415333333	-1754.9020161514804
2025-01-27 01:40:00	591.9454408	-1597.3340286304906	418.0462156	-2232.071312850345	443.16054479999997	-2383.8329169047156	350.00949813333335	-1397.5815065045308	649.9611415333333	-1752.6628304177743
2025-01-27 01:50:00	591.9454408	-1596.2645055310086	418.0462156	-2231.1869373706754	443.16054479999997	-2382.6744480561138	350.00949813333335	-1397.9730045311471	649.9611415333333	-1751.9655961296044
2025-01-27 02:00:00	586.3513068	-1553.4491957420848	414.09550260000003	-2170.8488730717763	438.9724908	-2318.514175818134	346.70176080000005	-1359.537647200662	643.8187346999999	-1702.6969162487628
2025-01-27 02:10:00	586.3513068	-1553.8241382138142	414.09550260000003	-2171.0246955051543	438.9724908	-2318.6468674119815	346.70176080000005	-1359.4192109644491	643.8187346999999	-1702.7036766052008
2025-01-27 02:20:00	586.3513068	-1553.8631426686336	414.09550260000003	-2170.145214598352	438.9724908	-2317.5945676237366	346.70176080000005	-1358.8509520177686	643.8187346999999	-1702.0774329880398
2025-01-27 02:30:00	586.3513068	-1553.5049065441597	414.09550260000003	-2170.1143563252267	438.9724908	-2317.710631179223	346.70176080000005	-1358.7244647241719	643.8187346999999	-1701.8085429418882
2025-01-27 02:40:00	586.3513068	-1553.2975807643836	414.09550260000003	-2170.229705216735	438.9724908	-2317.1932949444094	346.70176080000005	-1358.8956324316528	643.8187346999999	-1701.8382212108188
2025-01-27 02:50:00	586.3513068	-1553.1725599795152	414.09550260000003	-2170.1479109487805	438.9724908	-2316.852348700016	346.70176080000005	-1358.8188290772491	643.8187346999999	-1701.4575465023956
2025-01-27 03:00:00	628.7806616	-1540.2811239433593	444.06014120000003	-2151.35100382379	470.73726960000005	-2297.1233662540053	371.7896762666667	-1347.2077634294847	690.4065280666666	-1686.1675221534385
2025-01-27 03:10:00	628.7806616	-1540.2052661676473	444.06014120000003	-2151.2384996322367	470.73726960000005	-2297.426509967466	371.7896762666667	-1347.2829934702656	690.4065280666666	-1686.028931765519
2025-01-27 03:20:00	628.7806616	-1540.0171791870937	444.06014120000003	-2158.609308727815	470.73726960000005	-2297.9059187744315	371.7896762666667	-1347.8291941245943	690.4065280666666	-1686.4996138237573
2025-01-27 03:30:00	628.7806616	-1540.3600065314401	444.06014120000003	-2165.6367197446125	470.73726960000005	-2297.8460906760047	371.7896762666667	-1347.6239254942861	690.4065280666666	-1686.9488835670943
2025-01-27 03:40:00	628.7806616	-1540.473232201093	444.06014120000003	-2171.9576966068503	470.73726960000005	-2297.5331840588087	371.7896762666667	-1347.4464169942426	690.4065280666666	-1686.0419687426886
2025-01-27 03:50:00	628.7806616	-1540.4282742312232	444.06014120000003	-2176.1230525395586	470.73726960000005	-2297.0718603521773	371.7896762666667	-1346.8979048451768	690.4065280666666	-1686.1195623421474
2025-01-27 04:00:00	590.4823596	-1515.4725513502053	417.01295220000003	-2147.1746805383937	442.0652076	-2259.8771549988924	349.14439760000005	-1325.5799406428378	648.3546659	-1657.8204456615722
2025-01-27 04:10:00	590.4823596	-1515.9016451627645	417.01295220000003	-2156.1376764023207	442.0652076	-2260.517706062693	349.14439760000005	-1326.1539811210446	648.3546659	-1658.3718056227026
2025-01-27 04:20:00	590.4823596	-1515.8714149505363	417.01295220000003	-2161.906782753462	442.0652076	-2260.2917211122412	349.14439760000005	-1326.2187695042458	648.3546659	-1658.1149427169357
2025-01-27 04:30:00	590.4823596	-1522.0509741566125	417.01295220000003	-2167.610402569935	442.0652076	-2260.1692283020384	349.14439760000005	-1326.0948341642613	648.3546659	-1658.1513271017975
2025-01-27 04:40:00	590.4823596	-1526.6416241533898	417.01295220000003	-2173.1911963012726	442.0652076	-2264.9041549478634	349.14439760000005	-1325.9482158914404	648.3546659	-1658.0923690034333
2025-01-27 04:50:00	590.4823596	-1531.2737241234126	417.01295220000003	-2179.127716164059	442.0652076	-2275.593708201847	349.14439760000005	-1330.695814218708	648.3546659	-1658.5436334201258
2025-01-27 05:00:00	586.0931159999999	-1499.0646814596348	413.913162	-2128.985568791749	438.77919599999996	-2223.3457409589582	346.54909599999996	-1300.5439626683865	643.5352389999999	-1613.136908606091
2025-01-27 05:10:00	586.0931159999999	-1504.747803984062	413.913162	-2137.206832693864	438.77919599999996	-2232.048994925827	346.54909599999996	-1306.5638820589431	643.5352389999999	-1625.6134766083521
2025-01-27 05:20:00	586.0931159999999	-1510.1771994391052	413.913162	-2143.2482456205557	438.77919599999996	-2239.5537187398677	346.54909599999996	-1310.0511271278813	643.5352389999999	-1633.4082513391338
2025-01-27 05:30:00	586.0931159999999	-1514.9896987007637	413.913162	-2148.5027324463185	438.77919599999996	-2245.597717578977	346.54909599999996	-1314.4424137401047	643.5352389999999	-1639.28471220686
2025-01-27 05:40:00	586.0931159999999	-1521.6732473767865	413.913162	-2158.9886173912264	438.77919599999996	-2253.0824499148857	346.54909599999996	-1320.2911401239276	643.5352389999999	-1646.8011228132948
2025-01-27 05:50:00	586.0931159999999	-1527.7181387253531	413.913162	-2166.6271874459503	438.77919599999996	-2261.3542705282857	346.54909599999996	-1325.7154570767884	643.5352389999999	-1655.4326770062505
2025-01-27 06:00:00	587.1258792000001	-1512.1548030979147	414.64252440000007	-2146.1447217048417	439.55237520000003	-2238.615438374491	347.1597552	-1315.6338778001486	644.6692218000001	-1640.5795141044355
2025-01-27 06:10:00	587.1258792000001	-1517.587114669207	414.64252440000007	-2152.3293793303224	439.55237520000003	-2246.2869050448508	347.1597552	-1318.0702528063105	644.6692218000001	-1648.1077190967148
2025-01-27 06:20:00	587.1258792000001	-1523.463177670958	414.64252440000007	-2159.8532995477917	439.55237520000003	-2253.678604737937	347.1597552	-1325.1076141424976	644.6692218000001	-1660.7147237751
2025-01-27 06:30:00	587.1258792000001	-1532.868547968235	414.64252440000007	-2169.4085191423114	439.55237520000003	-2259.8990269254496	347.1597552	-1328.9291314361562	644.6692218000001	-1671.1808723692602
2025-01-27 06:40:00	587.1258792000001	-1535.9925241730725	414.64252440000007	-2176.5129519482934	439.55237520000003	-2271.256685418991	347.1597552	-1333.857686697015	644.6692218000001	-1678.1620175161265
2025-01-27 06:50:00	587.1258792000001	-1540.890421755973	414.64252440000007	-2179.9555295203177	439.55237520000003	-2275.9109753609214	347.1597552	-1337.8009485141736	644.6692218000001	-1684.813488477963
2025-01-27 07:00:00	771.9904920000001	-1511.84833983821	545.1983940000001	-2141.4828630675124	577.951452	-2232.2621211460973	456.4677520000001	-1312.5113864603418	847.652143	-1653.801706284734
2025-01-27 07:10:00	771.9904920000001	-1522.2852954616028	545.1983940000001	-2151.6364392622504	577.951452	-2242.0152300897043	456.4677520000001	-1318.8118987244918	847.652143	-1664.3596149755283
2025-01-27 07:20:00	771.9904920000001	-1530.0665657132554	545.1983940000001	-2162.298159695435	577.951452	-2252.8500338146496	456.4677520000001	-1324.6806320316296	847.652143	-1675.0191580287603
2025-01-27 07:30:00	771.9904920000001	-1533.7591176067922	545.1983940000001	-2171.134454076322	577.951452	-2259.6843838675413	456.4677520000001	-1332.6796194380888	847.652143	-1689.1137873225177
2025-01-27 07:40:00	771.9904920000001	-1538.847900383536	545.1983940000001	-2179.6867033086896	577.951452	-2268.2502758676956	456.4677520000001	-1338.7009547154053	847.652143	-1699.8779861719306
2025-01-27 07:50:00	771.9904920000001	-1544.4365671722471	545.1983940000001	-2191.474526788951	577.951452	-2278.507826168282	456.4677520000001	-1346.6738310731614	847.652143	-1709.7890480721983
2025-01-27 08:00:00	4368.588336	-1488.462298855814	3085.202952	-2112.0785670304654	3270.5480159999997	-2196.4453207983265	2583.088416	-1300.4035234314392	4796.747243999999	-1644.0073505162509
2025-01-27 08:10:00	4368.588336	-1491.2736857742902	3085.202952	-2120.0111117740157	3270.5480159999997	-2208.634680129501	2583.088416	-1307.672751575442	4796.747243999999	-1652.0617110844842
2025-01-27 08:20:00	4368.588336	-1500.6144784930075	3085.202952	-2124.289743444249	3270.5480159999997	-2217.6559887575136	2583.088416	-1323.040666656479	4796.747243999999	-1660.4085632500228
2025-01-27 08:30:00	4368.588336	-1507.2108118040042	3085.202952	-2127.9937585920584	3270.5480159999997	-2226.54145245449	2583.088416	-1331.7429634069485	4796.747243999999	-1668.754594480848
2025-01-27 08:40:00	4368.588336	-1516.6396648805166	3085.202952	-2133.987014216323	3270.5480159999997	-2235.6880017018034	2583.088416	-1332.2727680245662	4796.747243999999	-1677.4375304403247
2025-01-27 08:50:00	4368.588336	-1526.0297630044624	3085.202952	-2110.71711630857	3270.5480159999997	-2242.794870022584	2583.088416	-1337.4671896358955	4796.747243999999	-1685.2131120666454
2025-01-27 09:00:00	3190.377652	-1451.5953104528007	2253.122014	-1992.8922252420402	2388.4794119999997	-2137.3771225917976	1886.4280453333333	-1272.5312656835051	3503.061866333333	-1597.268981215805
2025-01-27 09:10:00	3190.377652	-1454.6637870289542	2253.122014	-2003.0473180593804	2388.4794119999997	-2152.376909901392	1886.4280453333333	-1271.6766680349936	3503.061866333333	-1598.925577534078
2025-01-27 09:20:00	3190.377652	-1450.770170318464	2253.122014	-2012.8392927799791	2388.4794119999997	-2160.8458445377287	1886.4280453333333	-1266.4055835543124	3503.061866333333	-1605.607748540765
2025-01-27 09:30:00	3190.377652	-1448.1455001416016	2253.122014	-2021.4643718684588	2388.4794119999997	-2158.722588844517	1886.4280453333333	-1261.6107229541087	3503.061866333333	-1607.411020122464
2025-01-27 09:40:00	3190.377652	-1445.9506886280724	2253.122014	-2030.8319727193907	2388.4794119999997	-2157.8980941466157	1886.4280453333333	-1259.8768978331657	3503.061866333333	-1602.8144080858892
2025-01-27 09:50:00	3190.377652	-1449.1845135928834	2253.122014	-2038.6657495753702	2388.4794119999997	-2158.9687686796965	1886.4280453333333	-1256.1024731420355	3503.061866333333	-1608.6258798689032
2025-01-27 10:00:00	5496.882132000001	-1418.514867815169	3882.031374	-1992.2067754036066	4115.246292	-2108.7535787402985	3250.233592	-1225.13543632771	6035.623453	-1573.5529415850788
2025-01-27 10:10:00	5496.882132000001	-1408.7949663396412	3882.031374	-1987.7433127526924	4115.246292	-2106.126902242676	3250.233592	-1218.368321225274	6035.623453	-1572.7170141438055
2025-01-27 10:20:00	5496.882132000001	-1405.5790464799647	3882.031374	-1990.1967511214466	4115.246292	-2119.156583403068	3250.233592	-1214.018491226972	6035.623453	-1572.4711760986647
2025-01-27 10:30:00	5496.882132000001	-1407.1422771388088	3882.031374	-1970.6414625375742	4115.246292	-2126.084391184824	3250.233592	-1210.6977942481503	6035.623453	-1569.2783525493323
2025-01-27 10:40:00	5496.882132000001	-1403.977668464543	3882.031374	-1961.5816330894336	4115.246292	-2122.3060713020395	3250.233592	-1210.1250174517768	6035.623453	-1562.6212401819885
2025-01-27 10:50:00	5496.882132000001	-1398.5978201038206	3882.031374	-1949.8093193283398	4115.246292	-2121.545648340367	3250.233592	-1200.5721928727403	6035.623453	-1554.591089850347
2025-01-27 11:00:00	5998.632920000001	-1328.5450275878538	4236.379940000001	-1858.3403783845497	4490.88252	-2029.1321140803893	3546.912186666667	-1132.5125555153654	6586.550096666667	-1474.0610343383432
2025-01-27 11:10:00	5998.632920000001	-1327.1390423139092	4236.379940000001	-1859.9082095540725	4490.88252	-2035.9473997441937	3546.912186666667	-1129.6340487577845	6586.550096666667	-1470.899916861399
2025-01-27 11:20:00	5998.632920000001	-1324.9794583626117	4236.379940000001	-1861.8110787204114	4490.88252	-2025.6719914869864	3546.912186666667	-1130.8694637614863	6586.550096666667	-1473.8100546072192
2025-01-27 11:30:00	5998.632920000001	-1325.3860605064483	4236.379940000001	-1857.5084356651987	4490.88252	-2020.817324719087	3546.912186666667	-1133.3796434541364	6586.550096666667	-1474.866820642269
2025-01-27 11:40:00	5998.632920000001	-1333.169330229789	4236.379940000001	-1854.3109169592499	4490.88252	-2018.511819386571	3546.912186666667	-1135.5942576461348	6586.550096666667	-1476.1946262264564
2025-01-27 11:50:00	5998.632920000001	-1333.8313335307275	4236.379940000001	-1851.8435596506251	4490.88252	-2016.7600768658604	3546.912186666667	-1141.936663237614	6586.550096666667	-1476.9351547485285
2025-01-27 12:00:00	8382.594640000001	-1311.4577559075951	5919.9914800000015	-1817.1159989874486	6275.63784	-1984.0980195737184	4956.517173333334	-1119.4687491465884	9204.160393333334	-1451.188164549716
2025-01-27 12:10:00	8382.594640000001	-1310.0191817314917	5919.9914800000015	-1813.9125056701887	6275.63784	-1988.009556178894	4956.517173333334	-1118.7495466735409	9204.160393333334	-1445.1088941581547
2025-01-27 12:20:00	8382.594640000001	-1305.499487867597	5919.9914800000015	-1813.4701635891743	6275.63784	-1984.6021309974176	4956.517173333334	-1119.5766294353898	9204.160393333334	-1452.3323449216805
2025-01-27 12:30:00	8382.594640000001	-1312.059606504543	5919.9914800000015	-1812.486158383851	6275.63784	-1984.6217814327529	4956.517173333334	-1122.6191385166512	9204.160393333334	-1461.7437916588697
2025-01-27 12:40:00	8382.594640000001	-1307.9418974988548	5919.9914800000015	-1820.9166815339422	6275.63784	-1989.6001386247217	4956.517173333334	-1125.224478490566	9204.160393333334	-1470.8397985492738
2025-01-27 12:50:00	8382.594640000001	-1310.84638373479	5919.9914800000015	-1823.172559515786	6275.63784	-1996.4585414781495	4956.517173333334	-1126.4303124124426	9204.160393333334	-1469.5370630039743
2025-01-27 13:00:00	12143.573960000002	-1230.271439558168	8576.086220000001	-1697.1930706638777	9091.29876	-1880.2969575887564	7180.334426666667	-1063.0900999437144	13333.747756666666	-1383.5951566174954
2025-01-27 13:10:00	12143.573960000002	-1234.4191496703934	8576.086220000001	-1684.9410188545953	9091.29876	-1885.4545508592273	7180.334426666667	-1071.7660022473265	13333.747756666666	-1372.2668495203325
2025-01-27 13:20:00	12143.573960000002	-1234.405672075507	8576.086220000001	-1691.369640895793	9091.29876	-1895.6173536502247	7180.334426666667	-1079.7022465295759	13333.747756666666	-1381.75949077314
2025-01-27 13:30:00	12143.573960000002	-1236.5177300577234	8576.086220000001	-1700.7140136139678	9091.29876	-1891.1036108001917	7180.334426666667	-1080.4276612810118	13333.747756666666	-1392.4484106030868
2025-01-27 13:40:00	12143.573960000002	-1227.5921417438094	8576.086220000001	-1703.4187053290643	9091.29876	-1884.1241650089923	7180.334426666667	-1071.6853673247151	13333.747756666666	-1396.4150501534077
2025-01-27 13:50:00	12143.573960000002	-1227.3254989033358	8576.086220000001	-1712.802591558453	9091.29876	-1882.3117847960275	7180.334426666667	-1067.957745546657	13333.747756666666	-1399.9237099123347
2025-01-27 14:00:00	2578.4654560000004	-1481.300077171696	1820.9747920000002	-2065.605083499087	1930.370736	-2256.9940057800377	1524.6124693333334	-1283.6899642865872	2831.1770573333333	-1686.8879496813024
2025-01-27 14:10:00	2578.4654560000004	-1480.7043922325824	1820.9747920000002	-2060.6117550758004	1930.370736	-2247.451665007362	1524.6124693333334	-1272.0617640241228	2831.1770573333333	-1685.3771934280885
2025-01-27 14:20:00	2578.4654560000004	-1472.847407034902	1820.9747920000002	-2055.1642204012965	1930.370736	-2245.022629140999	1524.6124693333334	-1266.7835760119244	2831.1770573333333	-1684.5094550018957
2025-01-27 14:30:00	2578.4654560000004	-1469.0218075669936	1820.9747920000002	-2058.8699658963747	1930.370736	-2250.6513818651565	1524.6124693333334	-1267.3243600879753	2831.1770573333333	-1660.1480069294194
2025-01-27 14:40:00	2578.4654560000004	-1467.0648229507788	1820.9747920000002	-2062.166350130207	1930.370736	-2248.820030872427	1524.6124693333334	-1273.456466315194	2831.1770573333333	-1659.1528654685508
2025-01-27 14:50:00	2578.4654560000004	-1465.5790996302549	1820.9747920000002	-2063.520944632432	1930.370736	-2233.7202431288324	1524.6124693333334	-1278.63463344949	2831.1770573333333	-1659.862505224004
2025-01-27 15:00:00	8003.9148000000005	-1474.9400821052277	5652.5586	-2075.2022887819794	5992.138800000001	-2268.2223967915133	4732.6088	-1299.140559726021	8788.3667	-1682.4419139120637
2025-01-27 15:10:00	8003.9148000000005	-1470.0032984463141	5652.5586	-2077.4172204476263	5992.138800000001	-2267.522489136142	4732.6088	-1303.0739680965326	8788.3667	-1667.0973680734787
2025-01-27 15:20:00	8003.9148000000005	-1476.4042953659628	5652.5586	-2083.03973506257	5992.138800000001	-2276.272280290729	4732.6088	-1306.2404724954613	8788.3667	-1673.6236882260546
2025-01-27 15:30:00	8003.9148000000005	-1476.3045735211417	5652.5586	-2089.6092961057066	5992.138800000001	-2284.0350780843573	4732.6088	-1316.585560529158	8788.3667	-1676.2824082465468
2025-01-27 15:40:00	8003.9148000000005	-1487.7417891103105	5652.5586	-2096.262922751628	5992.138800000001	-2290.648638156529	4732.6088	-1323.3988647441201	8788.3667	-1676.8906706824018
2025-01-27 15:50:00	8003.9148000000005	-1494.4436682274172	5652.5586	-2105.020524884927	5992.138800000001	-2295.792490006331	4732.6088	-1326.135030897006	8788.3667	-1677.5282777522825
2025-01-27 16:00:00	2610.308988	-1504.8170749262595	1843.4634660000002	-2116.328137340619	1954.210428	-2310.798381370965	1543.4411280000002	-1335.6673965022724	2866.1415269999998	-1679.9640375939002
2025-01-27 16:10:00	2610.308988	-1513.9850176519817	1843.4634660000002	-2127.2192850739366	1954.210428	-2321.1290103121173	1543.4411280000002	-1345.3251291683505	2866.1415269999998	-1693.8396050929564
2025-01-27 16:20:00	2610.308988	-1521.757143187146	1843.4634660000002	-2133.146315826284	1954.210428	-2325.2893318897695	1543.4411280000002	-1347.101960866767	2866.1415269999998	-1708.243196763869
2025-01-27 16:30:00	2610.308988	-1525.8418803791296	1843.4634660000002	-2143.026120504304	1954.210428	-2327.996241630729	1543.4411280000002	-1351.3607998120915	2866.1415269999998	-1715.3599072567908
2025-01-27 16:40:00	2610.308988	-1529.8097931462266	1843.4634660000002	-2144.828560195751	1954.210428	-2331.3299565354637	1543.4411280000002	-1354.5262163702828	2866.1415269999998	-1720.2658573681933
2025-01-27 16:50:00	2610.308988	-1531.0283287604002	1843.4634660000002	-2151.604221444421	1954.210428	-2336.5484286683422	1543.4411280000002	-1359.8068314330403	2866.1415269999998	-1728.7290380462478
2025-01-27 17:00:00	672.156716	-1616.4028469904788	474.69336200000004	-2272.142174132442	503.21079599999996	-2459.024858416528	397.4373626666667	-1435.6542896294254	738.0338056666666	-1828.5366292822043
2025-01-27 17:10:00	672.156716	-1631.9774668437226	474.69336200000004	-2275.6599861890986	503.21079599999996	-2461.9977006936538	397.4373626666667	-1440.9163562492176	738.0338056666666	-1837.5186067220877
2025-01-27 17:20:00	672.156716	-1639.6474256134024	474.69336200000004	-2286.847860333848	503.21079599999996	-2470.070879430056	397.4373626666667	-1445.035069746355	738.0338056666666	-1842.7165811981151
2025-01-27 17:30:00	672.156716	-1644.7922113931522	474.69336200000004	-2291.689861064051	503.21079599999996	-2471.6875271621966	397.4373626666667	-1451.284071004644	738.0338056666666	-1845.7495545864706
2025-01-27 17:40:00	672.156716	-1652.8810716939024	474.69336200000004	-2299.98275235889	503.21079599999996	-2476.6998338611056	397.4373626666667	-1458.8627296305517	738.0338056666666	-1856.3294123194235
2025-01-27 17:50:00	672.156716	-1659.60704081135	474.69336200000004	-2312.6259573823163	503.21079599999996	-2491.0765599949877	397.4373626666667	-1461.1742987963835	738.0338056666666	-1858.8139473380631
2025-01-27 18:00:00	627.833962	-1800.737062697115	443.39155900000003	-2513.7505871518642	470.028522	-2710.4257965285296	371.22990533333336	-1584.7344811709759	689.3670438333334	-2022.4391423741235
2025-01-27 18:10:00	627.833962	-1801.6197143730687	443.39155900000003	-2516.1961653559224	470.028522	-2703.949299055745	371.22990533333336	-1587.3674347299093	689.3670438333334	-2016.7071245850766
2025-01-27 18:20:00	627.833962	-1810.2153228210118	443.39155900000003	-2529.242315692474	470.028522	-2707.1566588431324	371.22990533333336	-1592.0215775308907	689.3670438333334	-2020.4953045819789
2025-01-27 18:30:00	627.833962	-1813.3207093120186	443.39155900000003	-2530.984020389584	470.028522	-2708.973545026375	371.22990533333336	-1594.7837090217777	689.3670438333334	-2015.02274087867
2025-01-27 18:40:00	627.833962	-1819.5945168964045	443.39155900000003	-2535.532271664089	470.028522	-2713.57814661405	371.22990533333336	-1599.8302019523233	689.3670438333334	-2013.794725511776
2025-01-27 18:50:00	627.833962	-1822.175904687645	443.39155900000003	-2531.570037893811	470.028522	-2718.965918135664	371.22990533333336	-1602.1165194887078	689.3670438333334	-2013.4097462058685
2025-01-27 19:00:00	587.0398156	-1913.781604384055	414.5817442	-2667.8277230289805	439.48794359999994	-2861.206812276552	347.10886693333333	-1684.4694463377616	644.5747232333332	-2123.120061544894
2025-01-27 19:10:00	587.0398156	-1914.8956110132447	414.5817442	-2662.344030543615	439.48794359999994	-2869.1713379680054	347.10886693333333	-1691.1772001450847	644.5747232333332	-2123.07057896997
2025-01-27 19:20:00	587.0398156	-1910.1907522086087	414.5817442	-2661.800505703656	439.48794359999994	-2875.801203912021	347.10886693333333	-1689.1477962391587	644.5747232333332	-2124.4706778676054
2025-01-27 19:30:00	587.0398156	-1906.8583715527573	414.5817442	-2661.1363078619934	439.48794359999994	-2867.7419722545956	347.10886693333333	-1691.5344695845881	644.5747232333332	-2125.190768763318
2025-01-27 19:40:00	587.0398156	-1903.2792952838015	414.5817442	-2660.1920041023777	439.48794359999994	-2867.084621053656	347.10886693333333	-1696.094460092724	644.5747232333332	-2125.6982997893224
2025-01-27 19:50:00	587.0398156	-1904.6828083852654	414.5817442	-2665.696181475615	439.48794359999994	-2868.8260760558765	347.10886693333333	-1698.548868383872	644.5747232333332	-2129.174487078055
2025-01-27 20:00:00	590.3102324	-1957.2075974536738	416.89139180000006	-2731.0792650165454	441.9363444	-2938.2867877945478	349.0426210666667	-1735.154766480913	648.1656687666666	-2184.468557657834
2025-01-27 20:10:00	590.3102324	-1954.6250338108139	416.89139180000006	-2726.956230339824	441.9363444	-2934.4134374363152	349.0426210666667	-1733.5187054092032	648.1656687666666	-2188.160213983646
2025-01-27 20:20:00	590.3102324	-1958.9640307679783	416.89139180000006	-2726.2256488527632	441.9363444	-2931.028514098022	349.0426210666667	-1733.8392217464032	648.1656687666666	-2183.5426502405217
2025-01-27 20:30:00	590.3102324	-1956.4015588020497	416.89139180000006	-2725.3322303597915	441.9363444	-2931.452430448284	349.0426210666667	-1731.9262706997795	648.1656687666666	-2182.9415987446464
2025-01-27 20:40:00	590.3102324	-1959.744335750121	416.89139180000006	-2725.874584163354	441.9363444	-2936.9313423127255	349.0426210666667	-1732.8996406115941	648.1656687666666	-2184.789779004511
2025-01-27 20:50:00	590.3102324	-1961.9417509819905	416.89139180000006	-2725.3048318096626	441.9363444	-2940.2740646721522	349.0426210666667	-1733.756206288206	648.1656687666666	-2185.5280285441286
2025-01-27 21:00:00	594.6134124	-2026.0626383832714	419.9304018	-2813.776383510861	445.1579244	-3033.2634238939854	351.58703440000005	-1789.0887891134494	652.8905971	-2250.120229149185
2025-01-27 21:10:00	594.6134124	-2024.3372295873082	419.9304018	-2809.328077917885	445.1579244	-3031.703304010394	351.58703440000005	-1788.6077685804312	652.8905971	-2245.9294725293926
2025-01-27 21:20:00	594.6134124	-2024.6313234254762	419.9304018	-2808.1411036556055	445.1579244	-3035.7348729605983	351.58703440000005	-1786.0701766895195	652.8905971	-2249.2130230612925
2025-01-27 21:30:00	594.6134124	-2025.3631978625494	419.9304018	-2808.0905993464557	445.1579244	-3036.1402151847046	351.58703440000005	-1788.8238081674258	652.8905971	-2249.3472395197514
2025-01-27 21:40:00	594.6134124	-2025.827450235135	419.9304018	-2806.7145118799053	445.1579244	-3034.6018498293997	351.58703440000005	-1787.8821818824572	652.8905971	-2250.4737727070374
2025-01-27 21:50:00	594.6134124	-2027.7277684423716	419.9304018	-2804.3673478754217	445.1579244	-3034.3195527417506	351.58703440000005	-1784.0046499879836	652.8905971	-2246.8645659768854
2025-01-27 22:00:00	794.3670280000001	-2165.4418963934777	561.001246	-2999.3456021678503	594.703668	-3240.7471984580743	469.69870133333336	-1903.173337736684	872.2217703333333	-2403.3014376655983
2025-01-27 22:10:00	794.3670280000001	-2160.4402529113745	561.001246	-2993.2852217838954	594.703668	-3234.220387351904	469.69870133333336	-1898.1855474397344	872.2217703333333	-2401.3030472165415
2025-01-27 22:20:00	794.3670280000001	-2149.4900345039246	561.001246	-2990.7311670024555	594.703668	-3227.6255204456356	469.69870133333336	-1898.502984838423	872.2217703333333	-2399.713509824732
2025-01-27 22:30:00	794.3670280000001	-2135.602707088507	561.001246	-2988.581730231169	594.703668	-3223.2643263994546	469.69870133333336	-1894.569822284237	872.2217703333333	-2395.990081376684
2025-01-27 22:40:00	794.3670280000001	-2125.012266363004	561.001246	-2983.820745563259	594.703668	-3215.273544494664	469.69870133333336	-1886.3003220141845	872.2217703333333	-2384.980994853337
2025-01-27 22:50:00	794.3670280000001	-2111.294231677549	561.001246	-2981.6542006833033	594.703668	-3207.3349310698136	469.69870133333336	-1878.9383830233592	872.2217703333333	-2375.797235872711
2025-01-27 23:00:00	796.948936	-2078.4852791770654	562.824652	-2944.8463405688535	596.636616	-3147.7170669548914	471.2253493333333	-1839.3130862078438	875.0567273333332	-2341.0852904328303
2025-01-27 23:10:00	796.948936	-2068.0617762049555	562.824652	-2942.5075106308877	596.636616	-3123.8289971765234	471.2253493333333	-1824.8484487167425	875.0567273333332	-2336.9236694918045
2025-01-27 23:20:00	796.948936	-2050.83427137151	562.824652	-2924.147842453067	596.636616	-3093.1114435826694	471.2253493333333	-1805.8516891380718	875.0567273333332	-2320.6951955276836
2025-01-27 23:30:00	796.948936	-2038.0239956983742	562.824652	-2913.9473444417918	596.636616	-3067.6965049200726	471.2253493333333	-1791.6383381279143	875.0567273333332	-2289.8337975262402
2025-01-27 23:40:00	796.948936	-2022.1498373130858	562.824652	-2886.0646110276684	596.636616	-3050.619705735664	471.2253493333333	-1779.174854806267	875.0567273333332	-2268.889675966945
2025-01-27 23:50:00	796.948936	-2008.9222883532216	562.824652	-2858.619450918376	596.636616	-3040.04375673316	471.2253493333333	-1763.7812993088019	875.0567273333332	-2264.012716016213
2025-01-28 00:00:00	792.6457560000001	-2021.0913636932235	559.7856420000002	-2874.4634743184997	593.4150360000001	-3064.032390161825	468.6809360000001	-1777.7176583286944	870.331799	-2284.5906148837776
2025-01-28 00:10:00	792.6457560000001	-2012.735166011542	559.7856420000002	-2854.597235445252	593.4150360000001	-3053.9751359242837	468.6809360000001	-1763.9914696482567	870.331799	-2278.284300927431
2025-01-28 00:20:00	792.6457560000001	-1973.9220750090133	559.7856420000002	-2843.1535940676577	593.4150360000001	-3039.128678000803	468.6809360000001	-1733.0731685821763	870.331799	-2204.2885731238625
2025-01-28 00:30:00	792.6457560000001	-1952.9332197182914	559.7856420000002	-2835.887557112993	593.4150360000001	-3030.34366626759	468.6809360000001	-1713.2545294160948	870.331799	-2174.3332341197124
2025-01-28 00:40:00	792.6457560000001	-1954.8580913613694	559.7856420000002	-2830.284040261792	593.4150360000001	-3024.080470373972	468.6809360000001	-1700.4576520588105	870.331799	-2158.426891257933
2025-01-28 00:50:00	792.6457560000001	-1954.1587168791682	559.7856420000002	-2824.93082480819	593.4150360000001	-3019.6011978436745	468.6809360000001	-1700.7663459361072	870.331799	-2165.692112230056
2025-01-28 01:00:00	802.973388	-2070.8295781636753	567.0792660000001	-2987.1164749256914	601.146828	-3192.5636542645548	474.787528	-1803.2278395293813	881.671627	-2300.9440731051095
2025-01-28 01:10:00	802.973388	-2068.580613093759	567.0792660000001	-2980.7058510598054	601.146828	-3185.4761026356987	474.787528	-1803.038903397429	881.671627	-2298.2352836832574
2025-01-28 01:20:00	802.973388	-2068.045842558313	567.0792660000001	-2976.1064965191654	601.146828	-3180.071546349145	474.787528	-1802.7144868353341	881.671627	-2298.297689909754
2025-01-28 01:30:00	802.973388	-2067.511026919734	567.0792660000001	-2970.4027715175725	601.146828	-3174.1493754623766	474.787528	-1801.856447950521	881.671627	-2297.3350294925817
2025-01-28 01:40:00	802.973388	-2067.406268423677	567.0792660000001	-2964.5207485220617	601.146828	-3168.172526116771	474.787528	-1801.5308197953816	881.671627	-2294.221818490167
2025-01-28 01:50:00	802.973388	-2066.8219285315517	567.0792660000001	-2961.530000474483	601.146828	-3163.5236254322162	474.787528	-1802.03909588104	881.671627	-2292.750519507292
2025-01-28 02:00:00	795.2276640000001	-2081.9569954704702	561.609048	-2979.6638613031	595.347984	-3183.8179899009738	470.20758400000005	-1816.3029831925921	873.166756	-2310.8376330032966
2025-01-28 02:10:00	795.2276640000001	-2080.3393461690957	561.609048	-2974.1673351503887	595.347984	-3177.485574741948	470.20758400000005	-1816.1688193950256	873.166756	-2310.4689523478614
2025-01-28 02:20:00	795.2276640000001	-2080.092714593138	561.609048	-2968.655455670236	595.347984	-3170.6278278587233	470.20758400000005	-1814.7482459183059	873.166756	-2308.2052708017645
2025-01-28 02:30:00	795.2276640000001	-2078.1326093577372	561.609048	-2963.594578466781	595.347984	-3165.5025015628826	470.20758400000005	-1814.1803294760814	873.166756	-2304.5688139377658
2025-01-28 02:40:00	795.2276640000001	-2077.2788881764677	561.609048	-2958.8527137716355	595.347984	-3161.731833190185	470.20758400000005	-1814.9240107008716	873.166756	-2304.8696849970406
2025-01-28 02:50:00	795.2276640000001	-2076.9752412236917	561.609048	-2954.081614683296	595.347984	-3156.9766996555454	470.20758400000005	-1815.3688881361024	873.166756	-2303.4862620023973
2025-01-28 03:00:00	795.2276640000001	-2138.8495129939297	561.609048	-3037.494354132148	595.347984	-3244.8791692228133	470.20758400000005	-1868.5174719474915	873.166756	-2373.287410572717
2025-01-28 03:10:00	795.2276640000001	-2135.883955452193	561.609048	-3029.117155374476	595.347984	-3235.077288373748	470.20758400000005	-1865.8169010683112	873.166756	-2367.0967883328267
2025-01-28 03:20:00	795.2276640000001	-2133.423271165445	561.609048	-3023.2140638856617	595.347984	-3228.7971520926963	470.20758400000005	-1865.947205355789	873.166756	-2365.220449343743
2025-01-28 03:30:00	795.2276640000001	-2131.267231215509	561.609048	-3018.038807768945	595.347984	-3223.4250228722326	470.20758400000005	-1865.318957547018	873.166756	-2364.270489165303
2025-01-28 03:40:00	795.2276640000001	-2130.2246972771068	561.609048	-3011.6151034973336	595.347984	-3218.216354240769	470.20758400000005	-1864.5449375614	873.166756	-2362.3867216803783
2025-01-28 03:50:00	795.2276640000001	-2128.416975564734	561.609048	-3004.2533389628206	595.347984	-3210.9994875156144	470.20758400000005	-1862.6132895211415	873.166756	-2359.527220964177
2025-01-28 04:00:00	784.900032	-2193.9268925669635	554.315424	-3094.7179618729638	587.616192	-3308.861535532305	464.10099199999996	-1921.8768987219566	861.8269279999998	-2434.244223498388
2025-01-28 04:10:00	784.900032	-2190.4922117494643	554.315424	-3088.2188875161946	587.616192	-3300.840875768292	464.10099199999996	-1920.867447126216	861.8269279999998	-2431.2690261658945
2025-01-28 04:20:00	784.900032	-2188.1146579908345	554.315424	-3082.281051573376	587.616192	-3293.5937037540475	464.10099199999996	-1919.8472809762677	861.8269279999998	-2428.07859777142
2025-01-28 04:30:00	784.900032	-2186.446503607319	554.315424	-3074.9084738889314	587.616192	-3286.331535934809	464.10099199999996	-1917.7977776021223	861.8269279999998	-2426.3354964037053
2025-01-28 04:40:00	784.900032	-2183.7025805271464	554.315424	-3067.474582075736	587.616192	-3278.5435804999224	464.10099199999996	-1916.0952355308589	861.8269279999998	-2423.828993892819
2025-01-28 04:50:00	784.900032	-2180.354073258855	554.315424	-3061.09651041725	587.616192	-3272.2785312702035	464.10099199999996	-1915.73188696785	861.8269279999998	-2421.258807598868
2025-01-28 05:00:00	790.924484	-2187.205615442305	558.5700380000001	-3069.0234950131585	592.126404	-3279.5294449343496	467.66317066666664	-1922.445980785219	868.4418276666665	-2430.023002374659
2025-01-28 05:10:00	790.924484	-2186.035315780676	558.5700380000001	-3066.4594934108204	592.126404	-3275.281830750466	467.66317066666664	-1921.6007841047008	868.4418276666665	-2428.9393569672784
2025-01-28 05:20:00	790.924484	-2184.671781429839	558.5700380000001	-3063.0396879022755	592.126404	-3272.6498250749128	467.66317066666664	-1919.3110220959907	868.4418276666665	-2427.986533946755
2025-01-28 05:30:00	790.924484	-2183.676840021968	558.5700380000001	-3062.0739098758077	592.126404	-3271.1847730481923	467.66317066666664	-1918.5208015475132	868.4418276666665	-2427.3012761474074
2025-01-28 05:40:00	790.924484	-2183.3935458640553	558.5700380000001	-3061.421998412754	592.126404	-3270.0879176803705	467.66317066666664	-1918.2918941402554	868.4418276666665	-2427.637079745562
2025-01-28 05:50:00	790.924484	-2183.029628021642	558.5700380000001	-3061.083057971588	592.126404	-3269.1511534243455	467.66317066666664	-1916.954156230806	868.4418276666665	-2427.817153930977
2025-01-28 06:00:00	786.6213040000001	-2170.632821957016	555.5310280000001	-3043.357640259642	588.9048240000001	-3250.4596234556075	465.1187573333334	-1904.7817765831946	863.7168993333333	-2413.4438024578512
2025-01-28 06:10:00	786.6213040000001	-2170.838669121369	555.5310280000001	-3043.0436501510303	588.9048240000001	-3249.2822008223825	465.1187573333334	-1906.6813728159705	863.7168993333333	-2413.8196346701957
2025-01-28 06:20:00	786.6213040000001	-2188.4713703907755	555.5310280000001	-3072.9181969286797	588.9048240000001	-3278.5081276315896	465.1187573333334	-1920.5706295426348	863.7168993333333	-2439.5162010507793
2025-01-28 06:30:00	786.6213040000001	-2213.0874847653304	555.5310280000001	-3117.1707380023986	588.9048240000001	-3305.390006531201	465.1187573333334	-1939.8703175633295	863.7168993333333	-2460.0995149941355
2025-01-28 06:40:00	786.6213040000001	-2229.6047720211945	555.5310280000001	-3154.25389624207	588.9048240000001	-3331.4582296069157	465.1187573333334	-1958.06595718289	863.7168993333333	-2483.449932668441
2025-01-28 06:50:00	786.6213040000001	-2243.39978699747	555.5310280000001	-3186.9638154671356	588.9048240000001	-3363.1877665708425	465.1187573333334	-1971.8058571668334	863.7168993333333	-2513.762939908033
2025-01-28 07:00:00	829.6531040000001	-2227.7770258404403	585.9211280000001	-3173.977966185411	621.120624	-3344.9370762815183	490.5628906666667	-1963.3360336204664	910.9661826666667	-2496.989494636051
2025-01-28 07:10:00	829.6531040000001	-2247.071613336414	585.9211280000001	-3208.9014064518497	621.120624	-3367.3317791764093	490.5628906666667	-1973.0501621990352	910.9661826666667	-2522.4507575975613
2025-01-28 07:20:00	829.6531040000001	-2248.579721724483	585.9211280000001	-3213.6200628650045	621.120624	-3394.753824892268	490.5628906666667	-1971.98370116245	910.9661826666667	-2538.2787549301356
2025-01-28 07:30:00	829.6531040000001	-2246.42829931577	585.9211280000001	-3205.902963030694	621.120624	-3416.132374070992	490.5628906666667	-1973.7659939927812	910.9661826666667	-2526.570709347513
2025-01-28 07:40:00	829.6531040000001	-2248.1278057336826	585.9211280000001	-3195.58790084061	621.120624	-3444.689561522577	490.5628906666667	-1970.3845728193942	910.9661826666667	-2522.6057252506853
2025-01-28 07:50:00	829.6531040000001	-2250.686768269705	585.9211280000001	-3196.5541718857635	621.120624	-3441.6467684818094	490.5628906666667	-1975.1219443803384	910.9661826666667	-2532.0394293642757
2025-01-28 08:00:00	4597.517512	-2265.2475998013233	3246.878284	-3212.5826547370034	3441.936072	-3451.356999341328	2718.4512053333333	-1989.9275452339757	5048.113431333333	-2542.064200044503
2025-01-28 08:10:00	4597.517512	-2258.195973347463	3246.878284	-3203.251940721718	3441.936072	-3437.4412154149036	2718.4512053333333	-1998.9211386098045	5048.113431333333	-2544.296447445181
2025-01-28 08:20:00	4597.517512	-2258.4459591054874	3246.878284	-3210.1078491365997	3441.936072	-3432.8298715810747	2718.4512053333333	-2002.3899962827386	5048.113431333333	-2546.276862094007
2025-01-28 08:30:00	4597.517512	-2263.3438972015992	3246.878284	-3212.3957520653894	3441.936072	-3426.729468130558	2718.4512053333333	-2000.630034868624	5048.113431333333	-2548.647108242226
2025-01-28 08:40:00	4597.517512	-2260.7923716108917	3246.878284	-3204.4512536755083	3441.936072	-3419.2252796847265	2718.4512053333333	-1998.954647640891	5048.113431333333	-2545.792399575854
2025-01-28 08:50:00	4597.517512	-2258.484299303381	3246.878284	-3197.170393667171	3441.936072	-3411.298173052744	2718.4512053333333	-1998.0803261054593	5048.113431333333	-2544.3593252587707
2025-01-28 09:00:00	9243.23064	-2202.734062658774	6527.79348	-3104.320617681864	6919.95384	-3313.2077839563663	5465.39984	-1945.6501933358468	10149.14606	-2476.1842022937526
2025-01-28 09:10:00	9243.23064	-2200.8150299346853	6527.79348	-3097.938099598754	6919.95384	-3311.241176197478	5465.39984	-1946.6950780839925	10149.14606	-2472.7952299985373
2025-01-28 09:20:00	9243.23064	-2205.6553510554913	6527.79348	-3093.5776759623513	6919.95384	-3314.713951052412	5465.39984	-1950.109784944104	10149.14606	-2477.7291652529875
2025-01-28 09:30:00	9243.23064	-2207.401321200581	6527.79348	-3090.892142994395	6919.95384	-3318.09780016733	5465.39984	-1945.9217316964468	10149.14606	-2485.9924932155845
2025-01-28 09:40:00	9243.23064	-2212.82555647735	6527.79348	-3089.2016393630875	6919.95384	-3316.8607080434613	5465.39984	-1946.203411782828	10149.14606	-2491.1096673786396
2025-01-28 09:50:00	9243.23064	-2216.6427508015113	6527.79348	-3085.388167250252	6919.95384	-3313.1828592525817	5465.39984	-1944.8692643487975	10149.14606	-2491.015207594919
2025-01-28 10:00:00	23977.318960000004	-2028.2244828627045	16933.363720000005	-2814.6955622729474	17950.643760000003	-3028.74203010742	14177.471093333335	-1779.511902098322	26327.300673333335	-2276.4212055413227
2025-01-28 10:10:00	23977.318960000004	-2023.6252779477254	16933.363720000005	-2812.9124962529495	17950.643760000003	-3030.6186458094853	14177.471093333335	-1778.455425543536	26327.300673333335	-2276.813146850771
2025-01-28 10:20:00	23977.318960000004	-2042.5001711161713	16933.363720000005	-2830.4348203602895	17950.643760000003	-3036.857314334873	14177.471093333335	-1783.3066391161537	26327.300673333335	-2296.314220829281
2025-01-28 10:30:00	23977.318960000004	-2049.3756636515536	16933.363720000005	-2840.2121041883765	17950.643760000003	-3048.3122448222857	14177.471093333335	-1788.0250635852608	26327.300673333335	-2300.2995522935707
2025-01-28 10:40:00	23977.318960000004	-2049.970848496574	16933.363720000005	-2841.906458569374	17950.643760000003	-3062.627542010421	14177.471093333335	-1792.6305647251356	26327.300673333335	-2310.764758417674
2025-01-28 10:50:00	23977.318960000004	-2054.6837383808634	16933.363720000005	-2848.8001294522983	17950.643760000003	-3069.1093723452504	14177.471093333335	-1798.805865824992	26327.300673333335	-2320.8710679049836
2025-01-28 11:00:00	18202.4514	-2015.4933511712297	12855.012300000002	-2794.2063051545283	13627.2834	-3013.133954453584	10762.868400000001	-1766.4760596916694	19986.44685	-2281.964083388142
2025-01-28 11:10:00	18202.4514	-2017.4659661907062	12855.012300000002	-2813.5582693176348	13627.2834	-3035.014824491336	10762.868400000001	-1767.83563155519	19986.44685	-2287.6197670692454
2025-01-28 11:20:00	18202.4514	-2017.48937671549	12855.012300000002	-2818.1101887361638	13627.2834	-3047.150232903041	10762.868400000001	-1762.6370139322808	19986.44685	-2278.3010051833844
2025-01-28 11:30:00	18202.4514	-2024.0267999171738	12855.012300000002	-2820.1794642758414	13627.2834	-3050.6858961750404	10762.868400000001	-1760.5275463924409	19986.44685	-2280.4489459145007
2025-01-28 11:40:00	18202.4514	-2023.6316219507462	12855.012300000002	-2826.400643411176	13627.2834	-3055.3534090811518	10762.868400000001	-1760.0584792464579	19986.44685	-2273.6674730908962
2025-01-28 11:50:00	18202.4514	-2022.718279085184	12855.012300000002	-2831.594640664074	13627.2834	-3061.6075277628297	10762.868400000001	-1759.3736087745528	19986.44685	-2270.9580187596403
2025-01-28 12:00:00	22755.21584	-1880.8970101861523	16070.284880000001	-2629.9608138182684	17035.71504	-2845.514925065945	13454.857706666668	-1636.7303485610119	24985.421026666663	-2095.30853192987
2025-01-28 12:10:00	22755.21584	-1879.1826567575336	16070.284880000001	-2643.0656421073163	17035.71504	-2851.335535870141	13454.857706666668	-1640.183950249204	24985.421026666663	-2076.6080816309295
2025-01-28 12:20:00	22755.21584	-1881.7272029517226	16070.284880000001	-2652.957762223001	17035.71504	-2837.3587566363167	13454.857706666668	-1639.465055873019	24985.421026666663	-2077.0676670901485
2025-01-28 12:30:00	22755.21584	-1885.2384030927824	16070.284880000001	-2667.224428924843	17035.71504	-2829.5488404620846	13454.857706666668	-1639.6784295662983	24985.421026666663	-2070.027417632082
2025-01-28 12:40:00	22755.21584	-1887.357264670958	16070.284880000001	-2683.973339757491	17035.71504	-2846.1550058964785	13454.857706666668	-1640.9138672508016	24985.421026666663	-2064.33909167787
2025-01-28 12:50:00	22755.21584	-1888.7295204992479	16070.284880000001	-2694.9777912786867	17035.71504	-2853.5362836881504	13454.857706666668	-1644.378295693763	24985.421026666663	-2085.151351384269
2025-01-28 13:00:00	7160.4915200000005	-1970.4776424140864	5056.9126400000005	-2821.9138525687695	5360.70912	-2993.3259518323075	4233.903786666667	-1724.5475928690985	7862.280746666667	-2198.2168432196986
2025-01-28 13:10:00	7160.4915200000005	-1978.2168575087971	5056.9126400000005	-2843.157678251754	5360.70912	-3013.0734931320376	4233.903786666667	-1735.8891267897461	7862.280746666667	-2224.7399993238587
2025-01-28 13:20:00	7160.4915200000005	-1976.8156935299585	5056.9126400000005	-2843.1673640363133	5360.70912	-3015.286575198844	4233.903786666667	-1738.0412163122237	7862.280746666667	-2226.604018825278
2025-01-28 13:30:00	7160.4915200000005	-1984.1916821937475	5056.9126400000005	-2847.413833522335	5360.70912	-3015.8973086637534	4233.903786666667	-1739.0797994583427	7862.280746666667	-2229.322310828965
2025-01-28 13:40:00	7160.4915200000005	-1989.421575971527	5056.9126400000005	-2845.686848593803	5360.70912	-3018.6473088497414	4233.903786666667	-1739.862530161845	7862.280746666667	-2230.2691611809923
2025-01-28 13:50:00	7160.4915200000005	-1991.285395664133	5056.9126400000005	-2849.5083642575637	5360.70912	-3021.7291682351815	4233.903786666667	-1742.7612194681697	7862.280746666667	-2234.0523823126287
2025-01-28 14:00:00	9837.06948	-2073.561692238747	6947.17686	-2960.0107784480115	7364.53188	-3149.146803123782	5816.52888	-1819.5627496601528	10801.186169999999	-2325.7740465257993
2025-01-28 14:10:00	9837.06948	-2073.5348885436197	6947.17686	-2956.2570876983755	7364.53188	-3145.9084890513477	5816.52888	-1821.0863896125575	10801.186169999999	-2324.4563075831975
2025-01-28 14:20:00	9837.06948	-2078.157389422622	6947.17686	-2954.383261371644	7364.53188	-3144.547234010164	5816.52888	-1818.1530162484705	10801.186169999999	-2327.5037692605965
2025-01-28 14:30:00	9837.06948	-2081.3382247524496	6947.17686	-2954.1868349124907	7364.53188	-3148.453012425218	5816.52888	-1824.9045793868927	10801.186169999999	-2336.920389192899
2025-01-28 14:40:00	9837.06948	-2088.2084166127006	6947.17686	-2954.6109372141545	7364.53188	-3154.246786872094	5816.52888	-1824.7829385615623	10801.186169999999	-2341.0910031663752
2025-01-28 14:50:00	9837.06948	-2092.950888550349	6947.17686	-2953.8209930757403	7364.53188	-3159.1985695618587	5816.52888	-1825.441091740422	10801.186169999999	-2341.935905670227
2025-01-28 15:00:00	1965.6926240000003	-2220.1192641081157	1388.2197680000002	-3130.2879497091035	1471.6177440000001	-3350.243968773113	1162.2880106666669	-1936.074551918227	2158.3472626666667	-2490.0410743464895
2025-01-28 15:10:00	1965.6926240000003	-2225.8157172790648	1388.2197680000002	-3124.990809824899	1471.6177440000001	-3350.406085764129	1162.2880106666669	-1940.3334807618317	2158.3472626666667	-2489.1360568168525
2025-01-28 15:20:00	1965.6926240000003	-2222.3245379331906	1388.2197680000002	-3121.8465996726163	1471.6177440000001	-3347.1075867992913	1162.2880106666669	-1942.3290047343066	2158.3472626666667	-2483.85834884518
2025-01-28 15:30:00	1965.6926240000003	-2220.5188720454385	1388.2197680000002	-3122.8821859235895	1471.6177440000001	-3343.1672267475715	1162.2880106666669	-1937.8176343230803	2158.3472626666667	-2479.624389537487
2025-01-28 15:40:00	1965.6926240000003	-2217.064409650938	1388.2197680000002	-3121.50302573911	1471.6177440000001	-3339.8652227524826	1162.2880106666669	-1936.041101607591	2158.3472626666667	-2473.990956963969
2025-01-28 15:50:00	1965.6926240000003	-2213.246886456365	1388.2197680000002	-3113.6971600967145	1471.6177440000001	-3332.761651188185	1162.2880106666669	-1936.2668594727934	2158.3472626666667	-2467.3970299215766
2025-01-28 16:00:00	1218.660576	-2271.364520838976	860.647632	-3196.610883866716	912.351456	-3422.320588770793	720.577856	-1985.9636612954469	1338.099704	-2532.9372309937926
2025-01-28 16:10:00	1218.660576	-2268.300359550308	860.647632	-3188.4873575991087	912.351456	-3416.6325439730113	720.577856	-1985.3376736685618	1338.099704	-2528.9545895070214
2025-01-28 16:20:00	1218.660576	-2268.062278742304	860.647632	-3186.220576671302	912.351456	-3409.0137260971974	720.577856	-1983.8192387946906	1338.099704	-2527.708023078752
2025-01-28 16:30:00	1218.660576	-2270.3124532632587	860.647632	-3186.5098531689146	912.351456	-3401.4791591997323	720.577856	-1981.5629660003506	1338.099704	-2526.622248355485
2025-01-28 16:40:00	1218.660576	-2270.783241212628	860.647632	-3182.9245774342553	912.351456	-3395.250861005968	720.577856	-1984.4613881438377	1338.099704	-2539.0270387757946
2025-01-28 16:50:00	1218.660576	-2267.7305582013414	860.647632	-3187.463488132063	912.351456	-3388.397078626555	720.577856	-1986.7478392049152	1338.099704	-2540.301212393523
2025-01-28 17:00:00	791.78512	-2301.1761076114335	559.1778400000001	-3246.1426349251947	592.77072	-3432.89382434493	468.17205333333334	-2012.6737664457028	869.3868133333333	-2572.5274532272138
2025-01-28 17:10:00	791.78512	-2305.796580119499	559.1778400000001	-3251.743522869129	592.77072	-3424.1050936385686	468.17205333333334	-2014.3470309286272	869.3868133333333	-2571.32796858022
2025-01-28 17:20:00	791.78512	-2305.827978067649	559.1778400000001	-3258.6760274238404	592.77072	-3419.556175101069	468.17205333333334	-2011.1067718521022	869.3868133333333	-2570.1542816483447
2025-01-28 17:30:00	791.78512	-2307.4130834893926	559.1778400000001	-3262.8858607868597	592.77072	-3438.996297766511	468.17205333333334	-2011.163915081093	869.3868133333333	-2567.3568376954368
2025-01-28 17:40:00	791.78512	-2308.0114344337253	559.1778400000001	-3268.798502736723	592.77072	-3458.7081979389077	468.17205333333334	-2016.7565971855142	869.3868133333333	-2564.5827036542637
2025-01-28 17:50:00	791.78512	-2307.313450072061	559.1778400000001	-3274.9333706855755	592.77072	-3463.9145409504986	468.17205333333334	-2025.3033779007792	869.3868133333333	-2565.7804708918525
2025-01-28 18:00:00	785.7606680000001	-2345.1830395058983	554.9232260000001	-3330.1789616238793	588.2605080000001	-3527.804176091259	464.6098746666667	-2060.4810169125603	862.7719136666667	-2619.517789861002
2025-01-28 18:10:00	785.7606680000001	-2343.6071775803375	554.9232260000001	-3321.219509297991	588.2605080000001	-3530.00405649551	464.6098746666667	-2057.357071683593	862.7719136666667	-2629.1719479593066
2025-01-28 18:20:00	785.7606680000001	-2339.359698190924	554.9232260000001	-3314.926207860037	588.2605080000001	-3523.1328166844582	464.6098746666667	-2059.8687973702185	862.7719136666667	-2625.956247900894
2025-01-28 18:30:00	785.7606680000001	-2347.4383043388475	554.9232260000001	-3310.7950779073035	588.2605080000001	-3516.195032606511	464.6098746666667	-2059.757655244048	862.7719136666667	-2628.0153556796504
2025-01-28 18:40:00	785.7606680000001	-2350.023705103115	554.9232260000001	-3311.3561926289985	588.2605080000001	-3522.1180650885467	464.6098746666667	-2063.2965810700625	862.7719136666667	-2629.931911927944
2025-01-28 18:50:00	785.7606680000001	-2346.8615364843304	554.9232260000001	-3302.907987920964	588.2605080000001	-3510.625092741419	464.6098746666667	-2066.543623456577	862.7719136666667	-2625.982695597233
2025-01-28 19:00:00	787.48194	-2406.330505839115	556.13883	-3385.7297450843375	589.54914	-3597.943083872694	465.62764000000004	-2118.496087402056	864.661885	-2691.6935683917995
2025-01-28 19:10:00	787.48194	-2405.400683293852	556.13883	-3378.6521103215205	589.54914	-3589.5366133300377	465.62764000000004	-2116.9232808455863	864.661885	-2688.392429111179
2025-01-28 19:20:00	787.48194	-2401.1506892917046	556.13883	-3367.7781098390105	589.54914	-3586.802906793777	465.62764000000004	-2117.444188755619	864.661885	-2687.333148517676
2025-01-28 19:30:00	787.48194	-2399.4620277169715	556.13883	-3366.7117955836015	589.54914	-3583.4903623258897	465.62764000000004	-2119.86915298054	864.661885	-2685.380674044122
2025-01-28 19:40:00	787.48194	-2396.3964472982225	556.13883	-3362.787979067974	589.54914	-3575.8696371301176	465.62764000000004	-2120.7723847762427	864.661885	-2681.9776380877993
2025-01-28 19:50:00	787.48194	-2397.900980552519	556.13883	-3359.4190443119073	589.54914	-3570.6652954374867	465.62764000000004	-2120.736927282333	864.661885	-2684.892264024035
2025-01-28 20:00:00	795.2276640000001	-2362.8687454413075	561.609048	-3302.643387216929	595.347984	-3513.09444513588	470.20758400000005	-2089.6112415135917	873.166756	-2647.750987562263
2025-01-28 20:10:00	795.2276640000001	-2358.712328257196	561.609048	-3302.931629371754	595.347984	-3510.5268854299948	470.20758400000005	-2089.9927750416687	873.166756	-2647.022114474229
2025-01-28 20:20:00	795.2276640000001	-2354.7351549828763	561.609048	-3303.9558826488646	595.347984	-3504.690424562161	470.20758400000005	-2088.8747483858033	873.166756	-2649.026743956454
2025-01-28 20:30:00	795.2276640000001	-2351.7342329276275	561.609048	-3299.9802801736596	595.347984	-3499.5735258192935	470.20758400000005	-2088.715599817966	873.166756	-2643.6402219750316
2025-01-28 20:40:00	795.2276640000001	-2349.3677962561146	561.609048	-3291.3120956117555	595.347984	-3500.4167780435573	470.20758400000005	-2089.345576102773	873.166756	-2643.871327849381
2025-01-28 20:50:00	795.2276640000001	-2346.158507234643	561.609048	-3286.283284200399	595.347984	-3492.3196383422946	470.20758400000005	-2089.0538313865677	873.166756	-2646.119623084864
2025-01-28 21:00:00	784.900032	-2312.3453330187695	554.315424	-3234.9720619866034	587.616192	-3438.8551586076082	464.10099199999996	-2057.353557306935	861.8269279999998	-2608.2744226959185
2025-01-28 21:10:00	784.900032	-2316.4698695732986	554.315424	-3230.954480875794	587.616192	-3431.244242850312	464.10099199999996	-2057.7285862477947	861.8269279999998	-2607.181441961564
2025-01-28 21:20:00	784.900032	-2314.5777201356755	554.315424	-3223.0327400194647	587.616192	-3432.7406875512875	464.10099199999996	-2058.119777339807	861.8269279999998	-2608.4270335059023
2025-01-28 21:30:00	784.900032	-2314.379571905411	554.315424	-3218.4277581280294	587.616192	-3427.296039102047	464.10099199999996	-2059.140111720667	861.8269279999998	-2610.89412757173
2025-01-28 21:40:00	784.900032	-2311.334303539152	554.315424	-3217.4354585160495	587.616192	-3423.1587385024195	464.10099199999996	-2059.250622959319	861.8269279999998	-2605.985783555565
2025-01-28 21:50:00	784.900032	-2309.8174422914904	554.315424	-3221.1813620296316	587.616192	-3421.8943662485176	464.10099199999996	-2059.7133013174152	861.8269279999998	-2603.178102147764
2025-01-28 22:00:00	778.0149439999999	-2311.771740136892	549.453008	-3227.495998895117	582.4616639999999	-3429.555122744756	460.02993066666664	-2067.8668902557224	854.2670426666665	-2608.300136529926
2025-01-28 22:10:00	778.0149439999999	-2313.456536207205	549.453008	-3223.0089624657826	582.4616639999999	-3427.027221047127	460.02993066666664	-2077.9969821865966	854.2670426666665	-2606.983691621367
2025-01-28 22:20:00	778.0149439999999	-2312.635825398372	549.453008	-3219.8941301307946	582.4616639999999	-3420.5991562610493	460.02993066666664	-2078.519598903626	854.2670426666665	-2605.455146272506
2025-01-28 22:30:00	778.0149439999999	-2308.6923671556765	549.453008	-3214.1031322934714	582.4616639999999	-3412.8254871064405	460.02993066666664	-2078.3087305025156	854.2670426666665	-2604.618984673606
2025-01-28 22:40:00	778.0149439999999	-2305.7045145987927	549.453008	-3213.6170893083004	582.4616639999999	-3405.1196477252597	460.02993066666664	-2079.952345311193	854.2670426666665	-2604.770546538574
2025-01-28 22:50:00	778.0149439999999	-2306.6065007433117	549.453008	-3209.143277483652	582.4616639999999	-3404.3095691620497	460.02993066666664	-2081.920833330901	854.2670426666665	-2598.663913281294
2025-01-28 23:00:00	782.318124	-2316.6659250200155	552.492018	-3223.8782696033295	585.683244	-3414.4592834552636	462.574344	-2092.7630059685926	858.9919709999999	-2604.6283911373334
2025-01-28 23:10:00	782.318124	-2309.792805893878	552.492018	-3216.206682722141	585.683244	-3407.2920985733545	462.574344	-2084.973650659966	858.9919709999999	-2600.384328564135
2025-01-28 23:20:00	782.318124	-2298.2710256104574	552.492018	-3208.999140777799	585.683244	-3398.9755917845823	462.574344	-2070.4723128271394	858.9919709999999	-2579.9734562474396
2025-01-28 23:30:00	782.318124	-2294.572495170384	552.492018	-3202.0758579170706	585.683244	-3392.015144639462	462.574344	-2047.6991617467447	858.9919709999999	-2566.315900423153
2025-01-28 23:40:00	782.318124	-2289.265102144189	552.492018	-3196.6827222033307	585.683244	-3385.0182532020085	462.574344	-2029.7758296103657	858.9919709999999	-2549.0896206375924
2025-01-28 23:50:00	782.318124	-2283.173548152992	552.492018	-3190.7662799379655	585.683244	-3378.9946904821663	462.574344	-2007.1980592965983	858.9919709999999	-2531.6004365621748
2025-01-29 00:00:00	788.342576	-2266.009906117647	556.7466320000001	-3178.2477490809815	590.193456	-3365.3011110318357	466.1365226666667	-1991.2215239377674	865.6068706666666	-2510.5376206947676
2025-01-29 00:10:00	788.342576	-2253.2690828311747	556.7466320000001	-3169.7181201652265	590.193456	-3355.520843919861	466.1365226666667	-1982.5643212655123	865.6068706666666	-2494.6161270220146
2025-01-29 00:20:00	788.342576	-2211.9758326048373	556.7466320000001	-3158.4993254495994	590.193456	-3347.441246518865	466.1365226666667	-1944.085427837484	865.6068706666666	-2454.597605468058
2025-01-29 00:30:00	788.342576	-2215.501019306412	556.7466320000001	-3152.1345779212043	590.193456	-3339.7509238313505	466.1365226666667	-1919.7036112750325	865.6068706666666	-2462.3263916572687
2025-01-29 00:40:00	788.342576	-2212.1815095648503	556.7466320000001	-3145.9424722369513	590.193456	-3332.770895681497	466.1365226666667	-1907.1576879559748	865.6068706666666	-2459.6329849152717
2025-01-29 00:50:00	788.342576	-2209.7141443873506	556.7466320000001	-3137.8849448947085	590.193456	-3324.5262318241093	466.1365226666667	-1906.12729289977	865.6068706666666	-2455.7234000118488
2025-01-29 01:00:00	785.7606680000001	-2251.4270659632466	554.9232260000001	-3194.490642122858	588.2605080000001	-3386.195123893517	464.6098746666667	-1945.4530263441507	862.7719136666667	-2502.820164987387
2025-01-29 01:10:00	785.7606680000001	-2247.869989459752	554.9232260000001	-3187.3398886156756	588.2605080000001	-3377.059852075451	464.6098746666667	-1944.0680288336825	862.7719136666667	-2498.75805597645
2025-01-29 01:20:00	785.7606680000001	-2245.270322904458	554.9232260000001	-3179.356363902373	588.2605080000001	-3368.4972947362935	464.6098746666667	-1942.0661395948873	862.7719136666667	-2496.3913864289316
2025-01-29 01:30:00	785.7606680000001	-2243.075783610354	554.9232260000001	-3172.563779689546	588.2605080000001	-3360.3039498328403	464.6098746666667	-1940.2734085613456	862.7719136666667	-2494.539571730621
2025-01-29 01:40:00	785.7606680000001	-2240.7458403862	554.9232260000001	-3164.45811334041	588.2605080000001	-3350.9750117850485	464.6098746666667	-1937.8991417027855	862.7719136666667	-2490.157188846243
2025-01-29 01:50:00	785.7606680000001	-2236.9700914292343	554.9232260000001	-3157.2359579384383	588.2605080000001	-3343.0009618506483	464.6098746666667	-1938.0552950060382	862.7719136666667	-2486.147702589021
2025-01-29 02:00:00	782.318124	-2220.283335475973	552.492018	-3132.549713066207	585.683244	-3316.8701502515964	462.574344	-1925.9958515061535	858.9919709999999	-2467.772500577261
2025-01-29 02:10:00	782.318124	-2217.1319676185863	552.492018	-3127.1129639964497	585.683244	-3310.557168885025	462.574344	-1925.246599116795	858.9919709999999	-2465.3043367245173
2025-01-29 02:20:00	782.318124	-2214.752466187716	552.492018	-3119.467410169212	585.683244	-3301.5863633951417	462.574344	-1923.1150693654386	858.9919709999999	-2461.2609951922886
2025-01-29 02:30:00	782.318124	-2212.2529269384745	552.492018	-3112.621095118162	585.683244	-3293.429293288764	462.574344	-1922.0434851198338	858.9919709999999	-2456.688579736086
2025-01-29 02:40:00	782.318124	-2209.329829114983	552.492018	-3107.6049761005797	585.683244	-3286.8127597103335	462.574344	-1922.6212840982857	858.9919709999999	-2456.2671502474172
2025-01-29 02:50:00	782.318124	-2207.5745180645945	552.492018	-3100.4109073091595	585.683244	-3280.614468644418	462.574344	-1922.050650655698	858.9919709999999	-2454.1119535095218
2025-01-29 03:00:00	785.7606680000001	-2233.3251117426817	554.9232260000001	-3137.603095579777	588.2605080000001	-3316.087694401179	464.6098746666667	-1948.0268679595492	862.7719136666667	-2482.79989528923
2025-01-29 03:10:00	785.7606680000001	-2228.8367593555276	554.9232260000001	-3126.720070821305	588.2605080000001	-3305.760529118139	464.6098746666667	-1944.8755492703026	862.7719136666667	-2476.9868712622433
2025-01-29 03:20:00	785.7606680000001	-2225.670173181883	554.9232260000001	-3120.15977850106	588.2605080000001	-3300.031540175715	464.6098746666667	-1946.142994547757	862.7719136666667	-2473.627533940215
2025-01-29 03:30:00	785.7606680000001	-2222.770200885243	554.9232260000001	-3115.0192963434006	588.2605080000001	-3296.188251585186	464.6098746666667	-1945.0080801533227	862.7719136666667	-2469.6310413045467
2025-01-29 03:40:00	785.7606680000001	-2220.23414592921	554.9232260000001	-3108.3127778696953	588.2605080000001	-3293.5428838319485	464.6098746666667	-1943.3367740755511	862.7719136666667	-2465.8773551224485
2025-01-29 03:50:00	785.7606680000001	-2217.5404754193632	554.9232260000001	-3100.537569614886	588.2605080000001	-3291.9181950926054	464.6098746666667	-1941.2631116211815	862.7719136666667	-2462.388628222598
2025-01-29 04:00:00	781.457488	-2219.028198220635	551.884216	-3100.520643942953	585.0389279999999	-3298.1814938736798	462.06546133333336	-1943.4727915365013	858.0469853333333	-2464.3445454262637
2025-01-29 04:10:00	781.457488	-2216.7131309015763	551.884216	-3095.0057522855795	585.0389279999999	-3295.798806118879	462.06546133333336	-1942.21465916576	858.0469853333333	-2461.989878439635
2025-01-29 04:20:00	781.457488	-2214.3892835786305	551.884216	-3091.993612713527	585.0389279999999	-3295.3461798852995	462.06546133333336	-1941.4302937080372	858.0469853333333	-2458.4177985282777
2025-01-29 04:30:00	781.457488	-2211.2981773488823	551.884216	-3089.860682168265	585.0389279999999	-3295.0854981493067	462.06546133333336	-1940.2744776027337	858.0469853333333	-2454.104671181464
2025-01-29 04:40:00	781.457488	-2208.1037702659096	551.884216	-3088.045404785068	585.0389279999999	-3294.9483522774353	462.06546133333336	-1938.0259772160678	858.0469853333333	-2452.0576111919054
2025-01-29 04:50:00	781.457488	-2205.5253035090223	551.884216	-3087.664787969673	585.0389279999999	-3295.2991419955843	462.06546133333336	-1937.5637020489446	858.0469853333333	-2451.143169514379
2025-01-29 05:00:00	783.17876	-2200.959275714911	553.09982	-3082.855773303145	586.32756	-3290.8044581468694	463.0832266666667	-1934.5833853014833	859.9369566666667	-2446.5951247350386
2025-01-29 05:10:00	783.17876	-2200.0573261387335	553.09982	-3082.1262350117754	586.32756	-3290.783475690235	463.0832266666667	-1933.2198122752152	859.9369566666667	-2445.953892195066
2025-01-29 05:20:00	783.17876	-2199.150915492608	553.09982	-3081.496391790466	586.32756	-3290.1020773152113	463.0832266666667	-1930.8100885633162	859.9369566666667	-2445.569500649385
2025-01-29 05:30:00	783.17876	-2198.092895925739	553.09982	-3081.7020803006917	586.32756	-3290.2091861750314	463.0832266666667	-1929.5430744548598	859.9369566666667	-2445.1697430858167
2025-01-29 05:40:00	783.17876	-2197.7679584738344	553.09982	-3081.8757731516134	586.32756	-3290.6208005076496	463.0832266666667	-1929.1357710017824	859.9369566666667	-2445.117086905081
2025-01-29 05:50:00	783.17876	-2197.2733665358755	553.09982	-3081.9676733594224	586.32756	-3290.417234308804	463.0832266666667	-1929.4837963730506	859.9369566666667	-2444.922709388632
2025-01-29 06:00:00	780.5968520000001	-2233.194284877978	551.276414	-3132.716380431262	584.394612	-3345.175487636994	461.5565786666667	-1959.700084231969	857.1019996666666	-2486.8719002323055
2025-01-29 06:10:00	780.5968520000001	-2232.2564643578116	551.276414	-3132.255239297166	584.394612	-3344.4821025933607	461.5565786666667	-1967.0800022697572	857.1019996666666	-2485.984972401753
2025-01-29 06:20:00	780.5968520000001	-2248.2864824827525	551.276414	-3160.0855633158885	584.394612	-3380.2921458485025	461.5565786666667	-1986.8994486753932	857.1019996666666	-2512.8173217075578
2025-01-29 06:30:00	780.5968520000001	-2275.205071525987	551.276414	-3203.0896105338106	584.394612	-3405.117997464363	461.5565786666667	-2005.7556352690249	857.1019996666666	-2553.820779585933
2025-01-29 06:40:00	780.5968520000001	-2298.112351498429	551.276414	-3242.976932280515	584.394612	-3430.6302869374495	461.5565786666667	-2024.3439692640413	857.1019996666666	-2580.0715097269776
2025-01-29 06:50:00	780.5968520000001	-2315.6140563056365	551.276414	-3277.7190663350834	584.394612	-3444.094975044309	461.5565786666667	-2041.7524750223279	857.1019996666666	-2595.368124257552
2025-01-29 07:00:00	992.313308	-2338.723280004896	700.795706	-3329.271463387302	742.896348	-3487.3400548864097	586.7417146666667	-2070.7565310327077	1089.5684736666665	-2625.2190173543104
2025-01-29 07:10:00	992.313308	-2343.6109140280623	700.795706	-3339.9823550105793	742.896348	-3509.6221746386186	586.7417146666667	-2088.2667616998274	1089.5684736666665	-2639.34059885571
2025-01-29 07:20:00	992.313308	-2336.608226024503	700.795706	-3330.4150947429416	742.896348	-3542.0045666326664	586.7417146666667	-2092.597158098272	1089.5684736666665	-2670.07783278551
2025-01-29 07:30:00	992.313308	-2336.3450627366446	700.795706	-3338.0642968503234	742.896348	-3562.921693335636	586.7417146666667	-2090.976456978683	1089.5684736666665	-2680.6965091633824
2025-01-29 07:40:00	992.313308	-2342.4653055879826	700.795706	-3347.5446031784713	742.896348	-3551.6798798070636	586.7417146666667	-2091.35748627917	1089.5684736666665	-2665.0250938581785
2025-01-29 07:50:00	992.313308	-2362.6778362864907	700.795706	-3359.547639402912	742.896348	-3554.0225084371327	586.7417146666667	-2090.613677391322	1089.5684736666665	-2663.959158755907
2025-01-29 08:00:00	3131.854404	-2366.2467125469752	2211.791478	-3328.112555544172	2344.665924	-3536.6337796869548	1851.824024	-2076.7730030868233	3438.8028409999997	-2640.8303692333693
2025-01-29 08:10:00	3131.854404	-2370.693688640094	2211.791478	-3324.8574015373915	2344.665924	-3538.3245591214945	1851.824024	-2078.2931658575253	3438.8028409999997	-2634.0559121033575
2025-01-29 08:20:00	3131.854404	-2369.9189644111234	2211.791478	-3315.6576045250804	2344.665924	-3533.6935933878713	1851.824024	-2075.000447394139	3438.8028409999997	-2634.8482404061624
2025-01-29 08:30:00	3131.854404	-2363.8666165892696	2211.791478	-3302.323520458027	2344.665924	-3530.6899030082805	1851.824024	-2071.672393811694	3438.8028409999997	-2628.2181529400796
2025-01-29 08:40:00	3131.854404	-2358.889495270419	2211.791478	-3296.9355290843987	2344.665924	-3530.429518216981	1851.824024	-2069.9336600007464	3438.8028409999997	-2626.370439379072
2025-01-29 08:50:00	3131.854404	-2354.9431978593316	2211.791478	-3288.5995522263165	2344.665924	-3521.6693340980437	1851.824024	-2065.845749148384	3438.8028409999997	-2619.476339370777
2025-01-29 09:00:00	14871.790080000002	-2163.423744688118	10502.818560000002	-3012.2863838926387	11133.780480000001	-3225.681613183533	8793.49248	-1895.2236866968433	16329.35232	-2396.7233195965
2025-01-29 09:10:00	14871.790080000002	-2158.934050388396	10502.818560000002	-3007.7294796300466	11133.780480000001	-3219.0155524031834	8793.49248	-1891.5221313283782	16329.35232	-2389.420327564856
2025-01-29 09:20:00	14871.790080000002	-2166.068781840202	10502.818560000002	-3009.810663586217	11133.780480000001	-3218.047373465135	8793.49248	-1898.4179390854915	16329.35232	-2400.271728703674
2025-01-29 09:30:00	14871.790080000002	-2176.4578810357143	10502.818560000002	-3010.0248855401533	11133.780480000001	-3218.499132238625	8793.49248	-1899.8233161289645	16329.35232	-2412.9975026909287
2025-01-29 09:40:00	14871.790080000002	-2184.4058959698286	10502.818560000002	-3010.2183171019915	11133.780480000001	-3219.0066590420665	8793.49248	-1902.8832486374395	16329.35232	-2423.5501375488257
2025-01-29 09:50:00	14871.790080000002	-2189.1440686477854	10502.818560000002	-3010.411308499135	11133.780480000001	-3219.196024577157	8793.49248	-1904.3373021583411	16329.35232	-2432.998169608838
2025-01-29 10:00:00	32179.18004	-2155.6567007918275	22725.716780000002	-2956.857405189923	24090.97524	-3166.438387144004	19027.122906666667	-1875.1166550401467	35333.01407666667	-2401.079499050589
2025-01-29 10:10:00	32179.18004	-2137.7648602425397	22725.716780000002	-2949.0097213831723	24090.97524	-3159.880610278371	19027.122906666667	-1875.0444341924667	35333.01407666667	-2402.119801917812
2025-01-29 10:20:00	32179.18004	-2135.569548233223	22725.716780000002	-2958.124247090447	24090.97524	-3173.087565500693	19027.122906666667	-1878.902674112178	35333.01407666667	-2424.0871798395383
2025-01-29 10:30:00	32179.18004	-2138.3641719808074	22725.716780000002	-2966.3949478918585	24090.97524	-3181.4898458002026	19027.122906666667	-1884.0806213502074	35333.01407666667	-2445.591143104495
2025-01-29 10:40:00	32179.18004	-2139.1169350174023	22725.716780000002	-2973.3219180000524	24090.97524	-3191.607389729932	19027.122906666667	-1891.3083103859608	35333.01407666667	-2457.9004268337085
2025-01-29 10:50:00	32179.18004	-2136.151105689387	22725.716780000002	-2985.617055752773	24090.97524	-3200.92437052523	19027.122906666667	-1891.9025580743473	35333.01407666667	-2467.1767280745626
2025-01-29 11:00:00	40484.31744	-2004.1017674686373	28591.00608	-2810.976927350992	30308.624639999998	-3020.4303318871316	23937.84064	-1782.147886187311	44452.125759999995	-2321.2480533710623
2025-01-29 11:10:00	40484.31744	-1993.089897466787	28591.00608	-2813.6973312977498	30308.624639999998	-3021.895397035172	23937.84064	-1784.266801439986	44452.125759999995	-2324.9085434499357
2025-01-29 11:20:00	40484.31744	-1995.3567047883698	28591.00608	-2822.506813221011	30308.624639999998	-3032.6080612073783	23937.84064	-1778.921613362636	44452.125759999995	-2338.9398405935062
2025-01-29 11:30:00	40484.31744	-1997.171261802243	28591.00608	-2828.115332431091	30308.624639999998	-3042.1601653254693	23937.84064	-1776.7128669944432	44452.125759999995	-2347.0000007345807
2025-01-29 11:40:00	40484.31744	-2004.9310219708786	28591.00608	-2838.0742850614006	30308.624639999998	-3047.9629716962954	23937.84064	-1771.8121123787569	44452.125759999995	-2351.396236873872
2025-01-29 11:50:00	40484.31744	-2009.186515756075	28591.00608	-2833.9083418617593	30308.624639999998	-3052.6864446304244	23937.84064	-1770.8298045965385	44452.125759999995	-2354.8771435014787
2025-01-29 12:00:00	42308.86576000001	-1945.9483133698523	29879.546320000005	-2743.579238210379	31674.574560000005	-2954.941482127513	25016.671893333336	-1713.6357471111696	46455.49537333334	-2274.0136740307935
2025-01-29 12:10:00	42308.86576000001	-1948.4700712370905	29879.546320000005	-2740.2664410431025	31674.574560000005	-2970.0811450588735	25016.671893333336	-1724.95143974858	46455.49537333334	-2272.8248654624185
2025-01-29 12:20:00	42308.86576000001	-1950.4523289328135	29879.546320000005	-2745.733339839073	31674.574560000005	-2974.1422319480916	25016.671893333336	-1731.3231588786402	46455.49537333334	-2273.860615671474
2025-01-29 12:30:00	42308.86576000001	-1952.141242282436	29879.546320000005	-2742.435006208285	31674.574560000005	-2971.1527866551187	25016.671893333336	-1737.1945241016256	46455.49537333334	-2268.181846761385
2025-01-29 12:40:00	42308.86576000001	-1961.2978559838302	29879.546320000005	-2737.2780087603387	31674.574560000005	-2974.820674217459	25016.671893333336	-1743.7910243680417	46455.49537333334	-2269.3665597832223
2025-01-29 12:50:00	42308.86576000001	-1968.169958701059	29879.546320000005	-2733.651594377836	31674.574560000005	-2961.573629111488	25016.671893333336	-1744.9386365323262	46455.49537333334	-2268.7588398130465
2025-01-29 13:00:00	36138.105639999994	-1933.7705775464929	25521.605979999997	-2678.7363889835324	27054.828839999995	-2903.8386733805273	21367.98317333333	-1707.3890013522832	39679.94814333333	-2232.303284930502
2025-01-29 13:10:00	36138.105639999994	-1936.371620921287	25521.605979999997	-2690.3304726950373	27054.828839999995	-2890.122292367032	21367.98317333333	-1707.4985502776653	39679.94814333333	-2244.391518038312
2025-01-29 13:20:00	36138.105639999994	-1934.5047142888725	25521.605979999997	-2690.111298919921	27054.828839999995	-2878.0303444564124	21367.98317333333	-1709.3624406847375	39679.94814333333	-2238.690374172591
2025-01-29 13:30:00	36138.105639999994	-1937.3626627881604	25521.605979999997	-2680.257586066382	27054.828839999995	-2868.3047713386513	21367.98317333333	-1712.4092412832943	39679.94814333333	-2240.669431317816
2025-01-29 13:40:00	36138.105639999994	-1942.5530010481016	25521.605979999997	-2669.8496686691506	27054.828839999995	-2862.735515317225	21367.98317333333	-1712.0025497252172	39679.94814333333	-2237.420854019161
2025-01-29 13:50:00	36138.105639999994	-1940.5849692396441	25521.605979999997	-2664.2157522438392	27054.828839999995	-2865.7046979742227	21367.98317333333	-1712.430276999523	39679.94814333333	-2236.922829742958
2025-01-29 14:00:00	27204.703960000006	-1844.9799729754668	19212.621220000005	-2525.0081033293463	20366.828760000004	-2720.866083049026	16085.781093333337	-1622.6264160902865	29870.996923333336	-2118.930928959471
2025-01-29 14:10:00	27204.703960000006	-1843.6725074303686	19212.621220000005	-2523.082647605712	20366.828760000004	-2726.4429349052334	16085.781093333337	-1618.269010961012	29870.996923333336	-2121.6847182274396
2025-01-29 14:20:00	27204.703960000006	-1841.472444893785	19212.621220000005	-2538.9571590621927	20366.828760000004	-2733.6424021103667	16085.781093333337	-1615.0178226319767	29870.996923333336	-2113.3579706568235
2025-01-29 14:30:00	27204.703960000006	-1837.1796839711496	19212.621220000005	-2551.540673057403	20366.828760000004	-2736.5813635452287	16085.781093333337	-1612.3113992360413	29870.996923333336	-2119.410278325464
2025-01-29 14:40:00	27204.703960000006	-1834.0822053803786	19212.621220000005	-2564.976060740679	20366.828760000004	-2744.261447073215	16085.781093333337	-1613.2763042433726	29870.996923333336	-2110.252588622843
2025-01-29 14:50:00	27204.703960000006	-1831.5130891838708	19212.621220000005	-2577.449604166337	20366.828760000004	-2740.979962914429	16085.781093333337	-1610.0613719293506	29870.996923333336	-2099.4250709617627
2025-01-29 15:00:00	21455.65548	-1842.1292772227862	15152.50386	-2601.803490231494	16062.79788	-2749.122895701783	12686.444880000001	-1612.9966177590995	23558.49267	-2099.603498244014
2025-01-29 15:10:00	21455.65548	-1843.254730366636	15152.50386	-2621.0219660396288	16062.79788	-2753.8014923365245	12686.444880000001	-1616.0346538299582	23558.49267	-2085.2879594935002
2025-01-29 15:20:00	21455.65548	-1843.259546124158	15152.50386	-2636.6669782119498	16062.79788	-2771.3650891310735	12686.444880000001	-1613.6505865034069	23558.49267	-2073.887687136885
2025-01-29 15:30:00	21455.65548	-1840.3598552411604	15152.50386	-2646.8007606366264	16062.79788	-2785.2764289921597	12686.444880000001	-1608.646961210021	23558.49267	-2065.353290319592
2025-01-29 15:40:00	21455.65548	-1844.381431530248	15152.50386	-2655.355408120744	16062.79788	-2797.87637621282	12686.444880000001	-1614.856526977388	23558.49267	-2071.3394490751634
2025-01-29 15:50:00	21455.65548	-1844.672863787695	15152.50386	-2663.997206471031	16062.79788	-2808.3601562612002	12686.444880000001	-1620.4405422370855	23558.49267	-2091.951478598865
2025-01-29 16:00:00	2716.1672160000003	-1935.9659584156216	1918.2231120000001	-2780.869479718628	2033.461296	-2934.6435467574743	1606.0336960000002	-1694.5380749477522	2982.3747639999997	-2192.7431790881337
2025-01-29 16:10:00	2716.1672160000003	-1961.3212638252953	1918.2231120000001	-2800.247066448138	2033.461296	-2957.9763086196094	1606.0336960000002	-1708.1699699720607	2982.3747639999997	-2210.096301133597
2025-01-29 16:20:00	2716.1672160000003	-1964.3689720102839	1918.2231120000001	-2800.6857376829066	2033.461296	-2963.5420928030567	1606.0336960000002	-1707.398174452604	2982.3747639999997	-2212.9299839035375
2025-01-29 16:30:00	2716.1672160000003	-1967.9698456447531	1918.2231120000001	-2799.6878780822326	2033.461296	-2968.7948308662812	1606.0336960000002	-1711.6144689712587	2982.3747639999997	-2211.1045365067203
2025-01-29 16:40:00	2716.1672160000003	-1969.3842318365532	1918.2231120000001	-2803.7684857147233	2033.461296	-2964.444035092572	1606.0336960000002	-1714.788217646449	2982.3747639999997	-2209.25327582703
2025-01-29 16:50:00	2716.1672160000003	-1974.7059589645178	1918.2231120000001	-2803.4750972260945	2033.461296	-2969.78403296672	1606.0336960000002	-1718.009761007837	2982.3747639999997	-2216.788655692444
2025-01-29 17:00:00	862.3572720000001	-2054.406011514379	609.017604	-2913.155367259946	645.604632	-3092.443995779	509.900432	-1787.682185558308	946.875638	-2311.743646660967
2025-01-29 17:10:00	862.3572720000001	-2057.1188288086832	609.017604	-2913.163562273751	645.604632	-3092.5363048242584	509.900432	-1791.7261490955561	946.875638	-2314.5243612961235
2025-01-29 17:20:00	862.3572720000001	-2059.6047056712855	609.017604	-2919.9905332886015	645.604632	-3092.3155142285423	509.900432	-1796.2411416245063	946.875638	-2316.086754267465
2025-01-29 17:30:00	862.3572720000001	-2068.9804827954376	609.017604	-2920.6078331060803	645.604632	-3097.251045922652	509.900432	-1804.3405797716982	946.875638	-2319.8959985889514
2025-01-29 17:40:00	862.3572720000001	-2067.679834228955	609.017604	-2920.2145176067806	645.604632	-3099.9830365068815	509.900432	-1809.5664084215778	946.875638	-2323.3404068546706
2025-01-29 17:50:00	862.3572720000001	-2075.6564551405204	609.017604	-2921.0509015247726	645.604632	-3106.3300419104653	509.900432	-1814.4632479399515	946.875638	-2321.2075547116497
2025-01-29 18:00:00	814.1616560000001	-2115.9591136238955	574.9806920000001	-2965.231575988547	609.5229360000001	-3148.20133911409	481.40300266666674	-1851.4728509275621	893.9564406666667	-2365.13067120751
2025-01-29 18:10:00	814.1616560000001	-2115.8808116309933	574.9806920000001	-2961.754950646624	609.5229360000001	-3148.7599787152585	481.40300266666674	-1847.4906164605407	893.9564406666667	-2369.5604986071353
2025-01-29 18:20:00	814.1616560000001	-2111.826482842624	574.9806920000001	-2964.203100631481	609.5229360000001	-3152.840084903146	481.40300266666674	-1849.557697494144	893.9564406666667	-2369.992954791901
2025-01-29 18:30:00	814.1616560000001	-2118.461268053193	574.9806920000001	-2969.8785179720853	609.5229360000001	-3156.1951221380114	481.40300266666674	-1853.390151098855	893.9564406666667	-2374.637847813511
2025-01-29 18:40:00	814.1616560000001	-2120.384080431533	574.9806920000001	-2969.2885341222345	609.5229360000001	-3158.2591751846057	481.40300266666674	-1860.420767223094	893.9564406666667	-2379.7944815993737
2025-01-29 18:50:00	814.1616560000001	-2122.9156163870207	574.9806920000001	-2969.89233564974	609.5229360000001	-3158.001561186392	481.40300266666674	-1861.669938022704	893.9564406666667	-2386.0479394308
2025-01-29 19:00:00	795.2276640000001	-2220.5992744215346	561.609048	-3108.7749575162725	595.347984	-3303.5102089426637	470.20758400000005	-1954.5918508479078	873.166756	-2497.707996391252
2025-01-29 19:10:00	795.2276640000001	-2221.236091465146	561.609048	-3099.246205831596	595.347984	-3300.777299759297	470.20758400000005	-1954.425531533426	873.166756	-2498.68911622777
2025-01-29 19:20:00	795.2276640000001	-2220.4701582462567	561.609048	-3096.111714461651	595.347984	-3309.8565970841887	470.20758400000005	-1954.7151821750274	873.166756	-2497.7556650624847
2025-01-29 19:30:00	795.2276640000001	-2225.7041775518737	561.609048	-3092.2518081100015	595.347984	-3312.5425804784236	470.20758400000005	-1957.034825232601	873.166756	-2499.8671334086457
2025-01-29 19:40:00	795.2276640000001	-2227.107935721992	561.609048	-3088.6318639557167	595.347984	-3306.289715572859	470.20758400000005	-1955.8861937148783	873.166756	-2504.2921294967014
2025-01-29 19:50:00	795.2276640000001	-2229.245597036491	561.609048	-3087.1709428537324	595.347984	-3308.131188386139	470.20758400000005	-1958.5944868834997	873.166756	-2501.175268590076
2025-01-29 20:00:00	796.0883	-2328.9384823452706	562.21685	-3229.8134543793813	595.9923	-3468.7047190343483	470.7164666666667	-2050.1000416891534	874.1117416666666	-2618.709701346198
2025-01-29 20:10:00	796.0883	-2325.048271972271	562.21685	-3219.212097650343	595.9923	-3462.241752922504	470.7164666666667	-2048.341034060345	874.1117416666666	-2613.2072693099853
2025-01-29 20:20:00	796.0883	-2325.5334551060423	562.21685	-3217.678076775135	595.9923	-3457.3328833678374	470.7164666666667	-2047.7948019183505	874.1117416666666	-2610.6255249827536
2025-01-29 20:30:00	796.0883	-2325.886201391888	562.21685	-3214.5176802834003	595.9923	-3463.1179838098387	470.7164666666667	-2049.6840754832	874.1117416666666	-2608.9858805659187
2025-01-29 20:40:00	796.0883	-2325.7644271674358	562.21685	-3210.2717183930354	595.9923	-3461.4327576060973	470.7164666666667	-2050.8516878670926	874.1117416666666	-2609.5016881813845
2025-01-29 20:50:00	796.0883	-2326.2038159549616	562.21685	-3203.735722011168	595.9923	-3462.5046492409283	470.7164666666667	-2052.6718770630114	874.1117416666666	-2608.2339956155392
2025-01-29 21:00:00	799.530844	-2337.3073918365017	564.648058	-3216.0571166497502	598.5695639999999	-3477.317463295217	472.7519973333333	-2064.302602121085	877.8916843333332	-2619.914432123402
2025-01-29 21:10:00	799.530844	-2337.2165932108846	564.648058	-3209.8413035405993	598.5695639999999	-3468.7483569479664	472.7519973333333	-2063.2629887971348	877.8916843333332	-2615.8206810490883
2025-01-29 21:20:00	799.530844	-2335.8261309075488	564.648058	-3205.1433786194193	598.5695639999999	-3468.8957551170097	472.7519973333333	-2063.293396067507	877.8916843333332	-2613.873759055855
2025-01-29 21:30:00	799.530844	-2336.4408220118976	564.648058	-3205.29314420245	598.5695639999999	-3463.012238622283	472.7519973333333	-2063.1640628344585	877.8916843333332	-2612.7472816318705
2025-01-29 21:40:00	799.530844	-2336.088493519559	564.648058	-3200.5951375136874	598.5695639999999	-3458.984520014309	472.7519973333333	-2063.640709191347	877.8916843333332	-2611.3847181193255
2025-01-29 21:50:00	799.530844	-2336.550071132511	564.648058	-3196.0075807711783	598.5695639999999	-3459.6215181808284	472.7519973333333	-2061.9374324288633	877.8916843333332	-2616.157054258012
2025-01-29 22:00:00	791.78512	-2355.648311680026	559.1778400000001	-3221.992450589333	592.77072	-3488.912208786232	468.17205333333334	-2077.211576567969	869.3868133333333	-2634.9430765376223
2025-01-29 22:10:00	791.78512	-2354.398601384907	559.1778400000001	-3221.1094278056003	592.77072	-3479.972550526149	468.17205333333334	-2073.530666557045	869.3868133333333	-2630.08950321761
2025-01-29 22:20:00	791.78512	-2353.775983879051	559.1778400000001	-3219.5716482303087	592.77072	-3475.6085996108905	468.17205333333334	-2065.7000431149036	869.3868133333333	-2628.193658033169
2025-01-29 22:30:00	791.78512	-2356.1342151555355	559.1778400000001	-3215.2217363114223	592.77072	-3470.305392131528	468.17205333333334	-2055.9178506920025	869.3868133333333	-2626.696489844712
2025-01-29 22:40:00	791.78512	-2357.7584973614457	559.1778400000001	-3207.65809582557	592.77072	-3469.103873356647	468.17205333333334	-2050.705757091138	869.3868133333333	-2626.895325293219
2025-01-29 22:50:00	791.78512	-2356.3066877406277	559.1778400000001	-3202.962640501119	592.77072	-3466.4270884937164	468.17205333333334	-2047.3238150118177	869.3868133333333	-2623.1811146581163
2025-01-29 23:00:00	791.78512	-2373.139770549223	559.1778400000001	-3242.663014543389	592.77072	-3501.1082743005827	468.17205333333334	-2068.776022460944	869.3868133333333	-2652.3215185172703
2025-01-29 23:10:00	791.78512	-2362.807948850946	559.1778400000001	-3232.5959009583307	592.77072	-3491.1944349065047	468.17205333333334	-2058.266590653735	869.3868133333333	-2647.95597191703
2025-01-29 23:20:00	791.78512	-2326.228112340073	559.1778400000001	-3225.618528703311	592.77072	-3449.1342739980596	468.17205333333334	-2041.8204991366601	869.3868133333333	-2621.0044027646854
2025-01-29 23:30:00	791.78512	-2302.6437648617584	559.1778400000001	-3216.9869040663507	592.77072	-3410.2552875525585	468.17205333333334	-2021.1690869055597	869.3868133333333	-2617.3619767156115
2025-01-29 23:40:00	791.78512	-2285.5420713540943	559.1778400000001	-3194.9820144195583	592.77072	-3368.143430145901	468.17205333333334	-1996.5682605271663	869.3868133333333	-2602.9450003572692
2025-01-29 23:50:00	791.78512	-2274.296768342308	559.1778400000001	-3175.6267843131195	592.77072	-3338.942866673749	468.17205333333334	-1981.1997109126278	869.3868133333333	-2570.38721592837
2025-01-30 00:00:00	787.48194	-2263.6118811211495	556.13883	-3150.283229027743	589.54914	-3313.8499502998975	465.62764000000004	-1969.441115649916	864.661885	-2529.2997679205055
2025-01-30 00:10:00	787.48194	-2247.085083328917	556.13883	-3129.5409069795714	589.54914	-3298.9911043617913	465.62764000000004	-1956.6058210133974	864.661885	-2490.162138322188
2025-01-30 00:20:00	787.48194	-2202.273356853094	556.13883	-3074.8826467405406	589.54914	-3288.95135805724	465.62764000000004	-1925.1514949748685	864.661885	-2441.1252608538007
2025-01-30 00:30:00	787.48194	-2177.8668959793667	556.13883	-3065.726458967386	589.54914	-3282.292337005724	465.62764000000004	-1904.9964881252927	864.661885	-2416.2603691353747
2025-01-30 00:40:00	787.48194	-2161.846436700697	556.13883	-3064.820286339167	589.54914	-3277.501748087393	465.62764000000004	-1891.975012069281	864.661885	-2399.720426919326
2025-01-30 00:50:00	787.48194	-2151.2186179208247	556.13883	-3058.588300981248	589.54914	-3271.573697517675	465.62764000000004	-1883.1260196599737	864.661885	-2388.885065854893
2025-01-30 01:00:00	796.0883	-2141.18925556015	562.21685	-3048.254978190488	595.9923	-3261.374822694648	470.7164666666667	-1875.7380225683828	874.1117416666666	-2378.4413439199247
2025-01-30 01:10:00	796.0883	-2136.8213449186233	562.21685	-3044.1960453013908	595.9923	-3256.271851783012	470.7164666666667	-1875.1133247449893	874.1117416666666	-2374.213746328036
2025-01-30 01:20:00	796.0883	-2133.6534456988893	562.21685	-3039.411928634938	595.9923	-3251.947502086338	470.7164666666667	-1873.521583472093	874.1117416666666	-2374.0009886529274
2025-01-30 01:30:00	796.0883	-2133.692370653881	562.21685	-3035.054639856816	595.9923	-3246.2795167148697	470.7164666666667	-1873.1133341720165	874.1117416666666	-2372.3831928515256
2025-01-30 01:40:00	796.0883	-2131.827214303201	562.21685	-3030.7012314745243	595.9923	-3238.9225612610135	470.7164666666667	-1872.236212310872	874.1117416666666	-2368.663334986136
2025-01-30 01:50:00	796.0883	-2130.1608894888996	562.21685	-3027.462914821632	595.9923	-3235.4123685323916	470.7164666666667	-1873.2278812150926	874.1117416666666	-2366.8925100380748
2025-01-30 02:00:00	786.6213040000001	-1998.3236680869384	555.5310280000001	-2835.6528822558785	588.9048240000001	-3030.9641814684537	465.1187573333334	-1756.7449002271267	863.7168993333333	-2213.015425053234
2025-01-30 02:10:00	786.6213040000001	-2003.813198596313	555.5310280000001	-2838.6211116397794	588.9048240000001	-3034.2218721830795	465.1187573333334	-1760.329211371549	863.7168993333333	-2215.813489372388
2025-01-30 02:20:00	786.6213040000001	-2005.9635692595837	555.5310280000001	-2836.118545891856	588.9048240000001	-3031.3223304572957	465.1187573333334	-1760.9809704644965	863.7168993333333	-2216.4070654611314
2025-01-30 02:30:00	786.6213040000001	-2006.1137877545486	555.5310280000001	-2834.1714648199218	588.9048240000001	-3029.530685921428	465.1187573333334	-1762.4931496266802	863.7168993333333	-2217.197480874596
2025-01-30 02:40:00	786.6213040000001	-2007.146629086116	555.5310280000001	-2833.4704563174096	588.9048240000001	-3029.1892841891213	465.1187573333334	-1764.2118408741487	863.7168993333333	-2218.863315099091
2025-01-30 02:50:00	786.6213040000001	-2007.8229533743486	555.5310280000001	-2832.1570299125656	588.9048240000001	-3027.046048428906	465.1187573333334	-1765.341258610292	863.7168993333333	-2219.651164708027
2025-01-30 03:00:00	785.7606680000001	-2028.5799712389064	554.9232260000001	-2857.6456568032722	588.2605080000001	-3053.3289709129504	464.6098746666667	-1783.021544713638	862.7719136666667	-2244.3491289704625
2025-01-30 03:10:00	785.7606680000001	-2028.0509455766498	554.9232260000001	-2854.2590516796645	588.2605080000001	-3050.694671100855	464.6098746666667	-1782.38932134967	862.7719136666667	-2241.8249881822967
2025-01-30 03:20:00	785.7606680000001	-2029.1063796540286	554.9232260000001	-2854.3843689997575	588.2605080000001	-3049.2653447826588	464.6098746666667	-1783.981091297494	862.7719136666667	-2243.005404230279
2025-01-30 03:30:00	785.7606680000001	-2030.8843174903707	554.9232260000001	-2853.3740592314807	588.2605080000001	-3047.0071764143768	464.6098746666667	-1785.2932279526735	862.7719136666667	-2243.6715768548684
2025-01-30 03:40:00	785.7606680000001	-2031.4212737623063	554.9232260000001	-2850.6173625692027	588.2605080000001	-3045.0532915231406	464.6098746666667	-1786.4415022739513	862.7719136666667	-2244.294739515325
2025-01-30 03:50:00	785.7606680000001	-2032.001906315709	554.9232260000001	-2846.8823801218477	588.2605080000001	-3041.961301659592	464.6098746666667	-1786.1269111244328	862.7719136666667	-2243.337779760106
2025-01-30 04:00:00	799.530844	-2091.964481528599	564.648058	-2928.635835748568	598.5695639999999	-3129.3768590184736	472.7519973333333	-1838.355340578713	877.8916843333332	-2312.7643970838744
2025-01-30 04:10:00	799.530844	-2090.4028521898763	564.648058	-2924.7261164555757	598.5695639999999	-3124.0401616747645	472.7519973333333	-1838.3307522483733	877.8916843333332	-2311.444066342578
2025-01-30 04:20:00	799.530844	-2090.3582639695733	564.648058	-2924.121291584099	598.5695639999999	-3121.951089277883	472.7519973333333	-1838.5415104105791	877.8916843333332	-2310.5513769254044
2025-01-30 04:30:00	799.530844	-2089.95445402556	564.648058	-2919.830501350055	598.5695639999999	-3117.9661942368416	472.7519973333333	-1837.5850038322596	877.8916843333332	-2309.2655486182066
2025-01-30 04:40:00	799.530844	-2089.0502028239944	564.648058	-2916.702020543892	598.5695639999999	-3113.417008080389	472.7519973333333	-1837.7330079885419	877.8916843333332	-2307.5540936987068
2025-01-30 04:50:00	799.530844	-2089.6661655316475	564.648058	-2913.9540556222355	598.5695639999999	-3113.603296474793	472.7519973333333	-1840.7462316691258	877.8916843333332	-2307.7148834158443
2025-01-30 05:00:00	784.900032	-1969.1240766837918	554.315424	-2739.2533785337628	587.616192	-2925.407414209157	464.10099199999996	-1735.3612023677565	861.8269279999998	-2168.449426485934
2025-01-30 05:10:00	784.900032	-1972.853904446989	554.315424	-2742.661890276806	587.616192	-2929.0141557128463	464.10099199999996	-1739.237172190934	861.8269279999998	-2173.961822343572
2025-01-30 05:20:00	784.900032	-1976.2389159369795	554.315424	-2741.406566055421	587.616192	-2929.0161948152245	464.10099199999996	-1739.7840304748302	861.8269279999998	-2174.226052611236
2025-01-30 05:30:00	784.900032	-1978.1682832082975	554.315424	-2739.6268067087185	587.616192	-2928.144074958368	464.10099199999996	-1740.1705351081664	861.8269279999998	-2174.971644144571
2025-01-30 05:40:00	784.900032	-1979.9329183786722	554.315424	-2744.861918425432	587.616192	-2929.519124763959	464.10099199999996	-1741.9796792924458	861.8269279999998	-2177.5006396951558
2025-01-30 05:50:00	784.900032	-1981.4036742782346	554.315424	-2746.2671168134348	587.616192	-2929.5084730295684	464.10099199999996	-1744.3715741570413	861.8269279999998	-2178.840914167458
2025-01-30 06:00:00	780.5968520000001	-1976.5932324324463	551.276414	-2736.6904310667096	584.394612	-2916.5185399775664	461.5565786666667	-1739.5452394900708	857.1019996666666	-2172.556908131345
2025-01-30 06:10:00	780.5968520000001	-1978.0211629657488	551.276414	-2733.0551266197253	584.394612	-2915.9429040404293	461.5565786666667	-1739.2156251204424	857.1019996666666	-2172.7719560577307
2025-01-30 06:20:00	780.5968520000001	-1994.638603982784	551.276414	-2760.6536414110806	584.394612	-2944.99701229847	461.5565786666667	-1751.6874997628165	857.1019996666666	-2198.304487062034
2025-01-30 06:30:00	780.5968520000001	-2027.0702136655896	551.276414	-2806.945594830906	584.394612	-2977.919754212321	461.5565786666667	-1762.5104331481161	857.1019996666666	-2201.152706874902
2025-01-30 06:40:00	780.5968520000001	-2047.2333750088533	551.276414	-2825.8378798436597	584.394612	-3007.0873961687553	461.5565786666667	-1777.0141814847589	857.1019996666666	-2205.008036792724
2025-01-30 06:50:00	780.5968520000001	-2052.482875590522	551.276414	-2845.4626714562446	584.394612	-3021.349983146261	461.5565786666667	-1778.5796370341704	857.1019996666666	-2224.1805268445423
2025-01-30 07:00:00	839.980736	-1963.0462613101763	593.214752	-2732.1847132308585	628.852416	-2897.885864432639	496.6694826666667	-1700.6596714794473	922.3060106666666	-2149.60791630109
2025-01-30 07:10:00	839.980736	-1966.9539756723043	593.214752	-2754.6553461217345	628.852416	-2915.4162608711276	496.6694826666667	-1707.8350747482204	922.3060106666666	-2164.053975919566
2025-01-30 07:20:00	839.980736	-1970.517748893023	593.214752	-2771.857714966217	628.852416	-2942.711435526752	496.6694826666667	-1713.894478420632	922.3060106666666	-2163.662440188109
2025-01-30 07:30:00	839.980736	-1978.8361008904808	593.214752	-2768.9185280131755	628.852416	-2965.9993979405517	496.6694826666667	-1717.8284682123012	922.3060106666666	-2176.5071194138127
2025-01-30 07:40:00	839.980736	-1986.675347857598	593.214752	-2774.322009875576	628.852416	-2985.398674573453	496.6694826666667	-1720.7645985327795	922.3060106666666	-2177.9229986849978
2025-01-30 07:50:00	839.980736	-1996.3302150273175	593.214752	-2782.6728116027734	628.852416	-2987.5499256574367	496.6694826666667	-1723.2723265431055	922.3060106666666	-2199.3532213479616
2025-01-30 08:00:00	1962.25008	-2244.869998170932	1385.7885600000002	-3126.576336790741	1469.04048	-3358.992894968431	1160.25248	-1940.008077653677	2154.56732	-2484.8503856935486
2025-01-30 08:10:00	1962.25008	-2240.229254963798	1385.7885600000002	-3115.3674311865407	1469.04048	-3343.0195252617177	1160.25248	-1936.8511581765938	2154.56732	-2476.0796238986886
2025-01-30 08:20:00	1962.25008	-2235.310733584012	1385.7885600000002	-3109.1680556879255	1469.04048	-3342.1716638411	1160.25248	-1935.1121524279497	2154.56732	-2481.5102854367788
2025-01-30 08:30:00	1962.25008	-2233.3219823364393	1385.7885600000002	-3107.5268271028217	1469.04048	-3342.587571720045	1160.25248	-1935.5441034570222	2154.56732	-2480.440868259723
2025-01-30 08:40:00	1962.25008	-2234.6282686026157	1385.7885600000002	-3104.379075313218	1469.04048	-3343.730314709289	1160.25248	-1936.749171888162	2154.56732	-2482.0319696350125
2025-01-30 08:50:00	1962.25008	-2235.897850140232	1385.7885600000002	-3096.151001366824	1469.04048	-3335.700311368071	1160.25248	-1936.8560399550215	2154.56732	-2488.6356597018375
2025-01-30 09:00:00	3909.0087120000007	-2206.5306473280298	2760.6366840000005	-3048.8727128294413	2926.4832720000004	-3288.146833100918	2311.345072	-1910.1030656473476	4292.124898	-2463.9596761032444
2025-01-30 09:10:00	3909.0087120000007	-2201.9312441751617	2760.6366840000005	-3043.313228647451	2926.4832720000004	-3286.4922691231645	2311.345072	-1906.1372034406959	4292.124898	-2461.8875666294753
2025-01-30 09:20:00	3909.0087120000007	-2205.7080296616496	2760.6366840000005	-3045.8371381862607	2926.4832720000004	-3291.1528186561877	2311.345072	-1905.1949340502033	4292.124898	-2458.581163980418
2025-01-30 09:30:00	3909.0087120000007	-2204.0278366605835	2760.6366840000005	-3045.718509692706	2926.4832720000004	-3290.087145289385	2311.345072	-1903.6180528208133	4292.124898	-2467.471809911148
2025-01-30 09:40:00	3909.0087120000007	-2204.355707349784	2760.6366840000005	-3045.179640808593	2926.4832720000004	-3292.112906560568	2311.345072	-1902.2154474058234	4292.124898	-2458.0159219624293
2025-01-30 09:50:00	3909.0087120000007	-2204.9848449411556	2760.6366840000005	-3038.002695720171	2926.4832720000004	-3290.239568162067	2311.345072	-1902.8128422815416	4292.124898	-2461.427471231522
2025-01-30 10:00:00	7521.958640000001	-2172.6382050473776	5312.189480000001	-2984.5649766744873	5631.3218400000005	-3229.172577203127	4447.634506666667	-1869.1322824890349	8259.174726666666	-2419.55600244965
2025-01-30 10:10:00	7521.958640000001	-2170.78817053114	5312.189480000001	-2984.286302233061	5631.3218400000005	-3231.2705767411962	4447.634506666667	-1870.2033262077248	8259.174726666666	-2416.799339371253
2025-01-30 10:20:00	7521.958640000001	-2177.3168117486266	5312.189480000001	-2985.7349765000663	5631.3218400000005	-3226.396802997161	4447.634506666667	-1870.6120913093228	8259.174726666666	-2424.9585451140338
2025-01-30 10:30:00	7521.958640000001	-2177.195293378517	5312.189480000001	-2988.0993694099225	5631.3218400000005	-3220.2424507383375	4447.634506666667	-1869.9586616139077	8259.174726666666	-2428.266616549661
2025-01-30 10:40:00	7521.958640000001	-2173.511728980465	5312.189480000001	-2980.3652341817915	5631.3218400000005	-3219.0904783523265	4447.634506666667	-1871.9252090029886	8259.174726666666	-2422.7307510267256
2025-01-30 10:50:00	7521.958640000001	-2169.1110799612297	5312.189480000001	-2982.6495210747753	5631.3218400000005	-3216.8608881641712	4447.634506666667	-1874.7410734463247	8259.174726666666	-2424.965077530138
2025-01-30 11:00:00	14897.60916	-2029.7237924000347	10521.05262	-2794.237618858564	11153.10996	-3001.972834200007	8808.758960000001	-1756.4491588415058	16357.701889999998	-2265.997725263307
2025-01-30 11:10:00	14897.60916	-2022.4012621165803	10521.05262	-2796.9778402948996	11153.10996	-3002.1670270033246	8808.758960000001	-1756.7632266142919	16357.701889999998	-2267.659396365194
2025-01-30 11:20:00	14897.60916	-2016.8985820565304	10521.05262	-2794.7248839279964	11153.10996	-3007.3473288729856	8808.758960000001	-1759.0927456135396	16357.701889999998	-2276.216666984794
2025-01-30 11:30:00	14897.60916	-2018.4483141866021	10521.05262	-2798.3584921366946	11153.10996	-3009.2337278688465	8808.758960000001	-1764.3370552783545	16357.701889999998	-2278.635537872804
2025-01-30 11:40:00	14897.60916	-2018.2000647254154	10521.05262	-2806.6116331959456	11153.10996	-3012.147985185122	8808.758960000001	-1769.436199331465	16357.701889999998	-2281.4843844647403
2025-01-30 11:50:00	14897.60916	-2026.2195948737553	10521.05262	-2815.4264384832823	11153.10996	-3015.830921514802	8808.758960000001	-1775.9574665327473	16357.701889999998	-2275.5592734764396
2025-01-30 12:00:00	20457.31772	-2005.4622137348779	14447.453539999999	-2790.0785443904515	15315.391319999999	-2983.2162000993612	12096.140986666665	-1762.1288440175213	22462.309296666663	-2247.0839803439085
2025-01-30 12:10:00	20457.31772	-2000.5017806421347	14447.453539999999	-2792.66464988615	15315.391319999999	-2987.488748817288	12096.140986666665	-1761.657852566861	22462.309296666663	-2249.738857133012
2025-01-30 12:20:00	20457.31772	-2002.322006656148	14447.453539999999	-2801.9710680668013	15315.391319999999	-3000.4057681392933	12096.140986666665	-1763.551371094416	22462.309296666663	-2261.1417291275357
2025-01-30 12:30:00	20457.31772	-2008.7257797605853	14447.453539999999	-2815.2772560068643	15315.391319999999	-3015.818447856929	12096.140986666665	-1768.0784123965586	22462.309296666663	-2260.6081834978722
2025-01-30 12:40:00	20457.31772	-2015.5469001980382	14447.453539999999	-2822.8337692255864	15315.391319999999	-3022.1607352189003	12096.140986666665	-1768.1565129095543	22462.309296666663	-2262.3449150511733
2025-01-30 12:50:00	20457.31772	-2014.6233106629588	14447.453539999999	-2836.728478304709	15315.391319999999	-3031.3179806745848	12096.140986666665	-1770.6944445957415	22462.309296666663	-2272.098860541115
2025-01-30 13:00:00	13012.81632	-1954.5084575739475	9189.96624	-2766.9021609936153	9742.05792	-2953.700598588197	7694.30592	-1723.565024826219	14288.183279999997	-2221.84887521979
2025-01-30 13:10:00	13012.81632	-1959.7483361191953	9189.96624	-2779.5576184637557	9742.05792	-2968.4758961343923	7694.30592	-1733.7132662118293	14288.183279999997	-2238.0193710936564
2025-01-30 13:20:00	13012.81632	-1957.7134181162692	9189.96624	-2781.067993277089	9742.05792	-2975.9036070432758	7694.30592	-1736.0556312939625	14288.183279999997	-2245.8552276291066
2025-01-30 13:30:00	13012.81632	-1957.7313480839475	9189.96624	-2787.6095561579223	9742.05792	-2981.887605550839	7694.30592	-1737.521414568595	14288.183279999997	-2243.4295030249214
2025-01-30 13:40:00	13012.81632	-1954.6853642357146	9189.96624	-2791.286947612387	9742.05792	-2987.9344957260346	7694.30592	-1738.0177122894074	14288.183279999997	-2230.112785853702
2025-01-30 13:50:00	13012.81632	-1956.309788525432	9189.96624	-2796.1478408572766	9742.05792	-2991.1890062183575	7694.30592	-1743.3471377887327	14288.183279999997	-2223.6946610347204
2025-01-30 14:00:00	15216.044480000002	-1943.8398665133955	10745.939360000002	-2776.7355203027855	11391.50688	-2970.2458365767434	8997.045546666668	-1731.1731570485026	16707.346586666667	-2197.407355881078
2025-01-30 14:10:00	15216.044480000002	-1948.411081953278	10745.939360000002	-2781.1359397267934	11391.50688	-2970.215302606337	8997.045546666668	-1733.3508951675885	16707.346586666667	-2194.2888255837206
2025-01-30 14:20:00	15216.044480000002	-1955.3384270619845	10745.939360000002	-2787.092990515337	11391.50688	-2968.773123787414	8997.045546666668	-1738.9257324555801	16707.346586666667	-2193.253270416739
2025-01-30 14:30:00	15216.044480000002	-1961.0182603216144	10745.939360000002	-2791.393794468422	11391.50688	-2956.145181422178	8997.045546666668	-1739.6936399448005	16707.346586666667	-2192.7899719015513
2025-01-30 14:40:00	15216.044480000002	-1967.349280076056	10745.939360000002	-2801.828409816735	11391.50688	-2967.196804590363	8997.045546666668	-1742.7160279584514	16707.346586666667	-2196.011384426951
2025-01-30 14:50:00	15216.044480000002	-1976.3180459791238	10745.939360000002	-2808.2726052386733	11391.50688	-2974.513847604314	8997.045546666668	-1746.065655940225	16707.346586666667	-2191.766335657063
2025-01-30 15:00:00	5771.425016	-2019.0787760703397	4075.9202120000004	-2863.6708185279513	4320.783096	-3031.2420247346427	3412.5671626666667	-1779.125035384961	6337.073880666666	-2243.966134156585
2025-01-30 15:10:00	5771.425016	-2033.3767881143503	4075.9202120000004	-2880.6440777836015	4320.783096	-3042.741589064254	3412.5671626666667	-1786.3544620723187	6337.073880666666	-2262.5199663958256
2025-01-30 15:20:00	5771.425016	-2034.6389847569098	4075.9202120000004	-2881.3460181319433	4320.783096	-3045.3818705260037	3412.5671626666667	-1785.4994681634025	6337.073880666666	-2268.7482224404675
2025-01-30 15:30:00	5771.425016	-2039.382997615383	4075.9202120000004	-2879.9489875742483	4320.783096	-3042.494356140417	3412.5671626666667	-1785.8925262789835	6337.073880666666	-2274.0925396152043
2025-01-30 15:40:00	5771.425016	-2044.7498899872617	4075.9202120000004	-2882.2246461813475	4320.783096	-3042.8903711843795	3412.5671626666667	-1788.9121837847242	6337.073880666666	-2275.8429188592627
2025-01-30 15:50:00	5771.425016	-2041.7194678726291	4075.9202120000004	-2882.5220480663256	4320.783096	-3042.082683201359	3412.5671626666667	-1788.0740314765726	6337.073880666666	-2279.997493011945
2025-01-30 16:00:00	4487.356104	-2067.584712246741	3169.0796280000004	-2916.961797506639	3359.463624	-3079.49754456323	2653.314224	-1809.298262015494	4927.155266	-2312.781548913098
2025-01-30 16:10:00	4487.356104	-2074.135013260393	3169.0796280000004	-2924.1707092672227	3359.463624	-3079.438859460458	2653.314224	-1811.32312885916	4927.155266	-2320.943499732013
2025-01-30 16:20:00	4487.356104	-2075.592618127239	3169.0796280000004	-2927.3554124642337	3359.463624	-3082.6635370094527	2653.314224	-1812.1968084248188	4927.155266	-2319.7475094049805
2025-01-30 16:30:00	4487.356104	-2077.108023920343	3169.0796280000004	-2925.7776243432922	3359.463624	-3085.811114841028	2653.314224	-1812.3754780485374	4927.155266	-2322.975363886866
2025-01-30 16:40:00	4487.356104	-2079.035800618779	3169.0796280000004	-2926.7597253684994	3359.463624	-3085.7196575991084	2653.314224	-1814.4856729586222	4927.155266	-2324.168921414409
2025-01-30 16:50:00	4487.356104	-2083.7724476496905	3169.0796280000004	-2924.906907137731	3359.463624	-3088.722536368363	2653.314224	-1817.715853307956	4927.155266	-2330.229063512592
2025-01-30 17:00:00	847.7264600000001	-2125.9495019858305	598.68497	-2981.814486747521	634.65126	-3155.7054861511733	501.2494266666667	-1852.7493129417626	930.8108816666667	-2376.4727596998973
2025-01-30 17:10:00	847.7264600000001	-2134.4415075083552	598.68497	-2983.007077878997	634.65126	-3160.0755645025756	501.2494266666667	-1853.281743908196	930.8108816666667	-2386.6837488066717
2025-01-30 17:20:00	847.7264600000001	-2133.8508729047044	598.68497	-2978.4505383578426	634.65126	-3160.3559061418673	501.2494266666667	-1855.909526925102	930.8108816666667	-2384.325579061223
2025-01-30 17:30:00	847.7264600000001	-2133.334927881093	598.68497	-2977.142420297254	634.65126	-3170.2173548335236	501.2494266666667	-1854.725467869499	930.8108816666667	-2384.0162622985317
2025-01-30 17:40:00	847.7264600000001	-2134.730957227828	598.68497	-2980.94279114461	634.65126	-3162.3535498889064	501.2494266666667	-1861.1428697967426	930.8108816666667	-2385.239429145465
2025-01-30 17:50:00	847.7264600000001	-2133.8747928632793	598.68497	-2980.531477381246	634.65126	-3163.192577011296	501.2494266666667	-1861.521583906846	930.8108816666667	-2384.9897302732907
2025-01-30 18:00:00	793.506392	-2161.7634443561674	560.393444	-3021.3925017623797	594.059352	-3197.351622749543	469.1898186666667	-1887.6541574888224	871.2767846666667	-2415.8694141860387
2025-01-30 18:10:00	793.506392	-2161.714872302612	560.393444	-3019.999523227266	594.059352	-3198.2411525594043	469.1898186666667	-1886.456450297875	871.2767846666667	-2415.993704793842
2025-01-30 18:20:00	793.506392	-2161.859519500589	560.393444	-3019.6912146964487	594.059352	-3198.6290184006184	469.1898186666667	-1894.4912646665916	871.2767846666667	-2417.986573764584
2025-01-30 18:30:00	793.506392	-2165.104294585636	560.393444	-3018.8453610362103	594.059352	-3196.6832528472787	469.1898186666667	-1897.048226374393	871.2767846666667	-2426.124578741237
2025-01-30 18:40:00	793.506392	-2163.9774858431338	560.393444	-3029.778956784514	594.059352	-3196.6757479162643	469.1898186666667	-1899.7936866267523	871.2767846666667	-2432.414109529206
2025-01-30 18:50:00	793.506392	-2162.104898083503	560.393444	-3030.4718969001306	594.059352	-3193.9154785589744	469.1898186666667	-1902.2364465707565	871.2767846666667	-2437.3579355811307
2025-01-30 19:00:00	796.948936	-2265.2746042626736	562.824652	-3170.0197991029227	596.636616	-3348.944600736845	471.2253493333333	-1994.6375412307725	875.0567273333332	-2562.775426570798
2025-01-30 19:10:00	796.948936	-2262.2546473444263	562.824652	-3165.2367554948114	596.636616	-3341.3461742374866	471.2253493333333	-1994.784816437213	875.0567273333332	-2565.0675955556253
2025-01-30 19:20:00	796.948936	-2262.412860160702	562.824652	-3163.5435397211004	596.636616	-3341.976171369818	471.2253493333333	-1993.8984701827712	875.0567273333332	-2569.6335994208684
2025-01-30 19:30:00	796.948936	-2262.1458013499914	562.824652	-3170.216748354638	596.636616	-3340.27010587964	471.2253493333333	-1995.0239396914062	875.0567273333332	-2566.230548700297
2025-01-30 19:40:00	796.948936	-2262.6415073727408	562.824652	-3165.23949936805	596.636616	-3338.833115425391	471.2253493333333	-1993.7041319795212	875.0567273333332	-2565.7606505339118
2025-01-30 19:50:00	796.948936	-2259.28405179623	562.824652	-3158.6629216540596	596.636616	-3334.0468458151654	471.2253493333333	-1998.3852330749455	875.0567273333332	-2570.728532642106
2025-01-30 20:00:00	789.2032120000001	-2306.2768700348124	557.3544340000001	-3224.0606540317785	590.837772	-3408.912091456303	466.6454053333334	-2044.242627430744	866.5518563333334	-2625.966917231517
2025-01-30 20:10:00	789.2032120000001	-2303.2327966171797	557.3544340000001	-3222.374538512725	590.837772	-3410.4869926531933	466.6454053333334	-2044.4563608676112	866.5518563333334	-2620.7607221427857
2025-01-30 20:20:00	789.2032120000001	-2302.7541942390217	557.3544340000001	-3222.932312922416	590.837772	-3412.8109856030937	466.6454053333334	-2045.1177407075588	866.5518563333334	-2623.0003812245723
2025-01-30 20:30:00	789.2032120000001	-2301.835577692502	557.3544340000001	-3215.2801196480104	590.837772	-3408.5423800117806	466.6454053333334	-2042.0320074328079	866.5518563333334	-2618.277447687559
2025-01-30 20:40:00	789.2032120000001	-2304.0534730227982	557.3544340000001	-3213.231544141303	590.837772	-3410.1880275944504	466.6454053333334	-2042.9376150540734	866.5518563333334	-2624.4721924588634
2025-01-30 20:50:00	789.2032120000001	-2305.0238894943204	557.3544340000001	-3206.633091778379	590.837772	-3408.2886708348	466.6454053333334	-2045.0494881556701	866.5518563333334	-2622.4635199131803
2025-01-30 21:00:00	788.342576	-2207.140421136003	556.7466320000001	-3061.5622558951713	590.193456	-3258.356850522483	466.1365226666667	-1958.540381943907	865.6068706666666	-2505.522154413825
2025-01-30 21:10:00	788.342576	-2205.476372632289	556.7466320000001	-3060.4467005596853	590.193456	-3257.648527399377	466.1365226666667	-1960.2485690188128	865.6068706666666	-2506.248927941927
2025-01-30 21:20:00	788.342576	-2205.475403140492	556.7466320000001	-3068.8094187171864	590.193456	-3256.015373486389	466.1365226666667	-1962.7064197694208	865.6068706666666	-2514.465635961188
2025-01-30 21:30:00	788.342576	-2206.0715025139416	556.7466320000001	-3068.8230271302323	590.193456	-3255.5928556522204	466.1365226666667	-1967.4068366509691	865.6068706666666	-2518.0616811509944
2025-01-30 21:40:00	788.342576	-2209.687644231549	556.7466320000001	-3064.174886023131	590.193456	-3255.421292559052	466.1365226666667	-1970.9427391886406	865.6068706666666	-2515.1894374123976
2025-01-30 21:50:00	788.342576	-2211.622416586518	556.7466320000001	-3061.877993407925	590.193456	-3253.1177549091162	466.1365226666667	-1970.789366043125	865.6068706666666	-2510.6828182216923
2025-01-30 22:00:00	796.948936	-2187.2284613156253	562.824652	-3029.001156524403	596.636616	-3220.3669456033786	471.2253493333333	-1955.898157516378	875.0567273333332	-2484.3765184521444
2025-01-30 22:10:00	796.948936	-2188.203230159405	562.824652	-3026.372070431467	596.636616	-3219.569646991812	471.2253493333333	-1958.4229195188477	875.0567273333332	-2486.53953042145
2025-01-30 22:20:00	796.948936	-2192.177765368467	562.824652	-3030.8653462414236	596.636616	-3218.8378456385944	471.2253493333333	-1956.0163223817835	875.0567273333332	-2458.705841977685
2025-01-30 22:30:00	796.948936	-2193.2011632791023	562.824652	-3027.8468441084833	596.636616	-3215.3681547529113	471.2253493333333	-1954.6427461482594	875.0567273333332	-2445.5844027154308
2025-01-30 22:40:00	796.948936	-2190.591838779185	562.824652	-3023.7574910728595	596.636616	-3202.4479660151947	471.2253493333333	-1952.9558588784353	875.0567273333332	-2437.577710698357
2025-01-30 22:50:00	796.948936	-2190.5293668346235	562.824652	-3018.594163535962	596.636616	-3190.3667425575577	471.2253493333333	-1944.9186106540778	875.0567273333332	-2432.291812391887
2025-01-30 23:00:00	795.2276640000001	-2259.438723889884	561.609048	-3123.7351722339445	595.347984	-3298.2880565018695	470.20758400000005	-2006.6836555932848	873.166756	-2510.656732645269
2025-01-30 23:10:00	795.2276640000001	-2251.7240331615326	561.609048	-3117.9906211574935	595.347984	-3281.9344135270935	470.20758400000005	-1989.4926130818133	873.166756	-2504.6584654700173
2025-01-30 23:20:00	795.2276640000001	-2232.0804845242137	561.609048	-3106.9704339710806	595.347984	-3274.5325337133127	470.20758400000005	-1973.288579363559	873.166756	-2496.341247310977
2025-01-30 23:30:00	795.2276640000001	-2211.368474434301	561.609048	-3101.0924967428055	595.347984	-3266.0881087269668	470.20758400000005	-1960.827149011788	873.166756	-2481.0848331293278
2025-01-30 23:40:00	795.2276640000001	-2196.216725424915	561.609048	-3091.9956320690926	595.347984	-3255.053489291031	470.20758400000005	-1946.0281461685383	873.166756	-2450.3562853187627
2025-01-30 23:50:00	795.2276640000001	-2189.657801572328	561.609048	-3076.3707988666074	595.347984	-3230.7478271327145	470.20758400000005	-1932.9021868248935	873.166756	-2429.556866141092
2025-01-31 00:00:00	797.809572	-2181.9585371483718	563.432454	-3073.4038941984863	597.280932	-3222.004546832914	471.734232	-1921.565746199679	876.001713	-2411.136452437932
2025-01-31 00:10:00	797.809572	-2163.6983847034467	563.432454	-3067.488292940807	597.280932	-3206.5454706031787	471.734232	-1902.1187941828396	876.001713	-2398.709653901503
2025-01-31 00:20:00	797.809572	-2116.290026878511	563.432454	-2984.9279026474023	597.280932	-3198.854023567044	471.734232	-1862.0844442786167	876.001713	-2338.6912801692915
2025-01-31 00:30:00	797.809572	-2090.2204189697495	563.432454	-2992.595229108597	597.280932	-3196.3475947487946	471.734232	-1836.3742836325812	876.001713	-2312.951390721761
2025-01-31 00:40:00	797.809572	-2073.1022949539843	563.432454	-2988.5997017132204	597.280932	-3192.6480114795404	471.734232	-1819.4634716698386	876.001713	-2295.9338650488544
2025-01-31 00:50:00	797.809572	-2066.187221198485	563.432454	-2983.4097511450145	597.280932	-3186.2367860992913	471.734232	-1807.873209447792	876.001713	-2284.455088473573
2025-01-31 01:00:00	796.948936	-2080.0367327845343	562.824652	-2997.3444622990846	596.636616	-3200.357845269489	471.2253493333333	-1812.5593692305602	875.0567273333332	-2299.5693293831746
2025-01-31 01:10:00	796.948936	-2078.1958767116735	562.824652	-2992.774219080684	596.636616	-3195.163314096073	471.2253493333333	-1813.2422609775872	875.0567273333332	-2299.9594992827488
2025-01-31 01:20:00	796.948936	-2076.8613708100816	562.824652	-2988.052093561896	596.636616	-3191.2846516267546	471.2253493333333	-1812.7468079156583	875.0567273333332	-2299.727763261242
2025-01-31 01:30:00	796.948936	-2075.8223763352203	562.824652	-2982.5975146679975	596.636616	-3184.7618727817935	471.2253493333333	-1811.7494158219752	875.0567273333332	-2299.101125976118
2025-01-31 01:40:00	796.948936	-2074.59216384463	562.824652	-2977.7911153116147	596.636616	-3179.018631887385	471.2253493333333	-1811.1481101618187	875.0567273333332	-2295.6791362419817
2025-01-31 01:50:00	796.948936	-2074.0808429875037	562.824652	-2975.8934086927684	596.636616	-3175.7495137851865	471.2253493333333	-1812.4478806073944	875.0567273333332	-2294.845263623858
2025-01-31 02:00:00	789.2032120000001	-2108.0991367065017	557.3544340000001	-3020.582073036699	590.837772	-3224.1355838212653	466.6454053333334	-1843.385985662038	866.5518563333334	-2335.4403536635127
2025-01-31 02:10:00	789.2032120000001	-2106.1133534718074	557.3544340000001	-3013.742935556992	590.837772	-3217.5723442061626	466.6454053333334	-1842.9901888047625	866.5518563333334	-2331.995894502147
2025-01-31 02:20:00	789.2032120000001	-2104.6361730216327	557.3544340000001	-3007.775309465696	590.837772	-3210.8399296765297	466.6454053333334	-1841.8966477656581	866.5518563333334	-2329.7568981156282
2025-01-31 02:30:00	789.2032120000001	-2102.204554620863	557.3544340000001	-3002.3723348513804	590.837772	-3204.603553617726	466.6454053333334	-1841.2497512081318	866.5518563333334	-2327.5969948674838
2025-01-31 02:40:00	789.2032120000001	-2100.6311896892594	557.3544340000001	-2997.6662276636102	590.837772	-3199.41486261986	466.6454053333334	-1841.2675755506225	866.5518563333334	-2326.779095097655
2025-01-31 02:50:00	789.2032120000001	-2099.0985439811047	557.3544340000001	-2992.520278894225	590.837772	-3194.4026395030837	466.6454053333334	-1840.3122434308243	866.5518563333334	-2325.046298150676
2025-01-31 03:00:00	781.457488	-2033.6247124045544	551.884216	-2895.6780882585153	585.0389279999999	-3091.3082826011114	462.06546133333336	-1782.8849585393398	858.0469853333333	-2249.060525503286
2025-01-31 03:10:00	781.457488	-2034.7750052543024	551.884216	-2893.0241207455774	585.0389279999999	-3088.7491121824523	462.06546133333336	-1783.9156662768562	858.0469853333333	-2249.505030845662
2025-01-31 03:20:00	781.457488	-2033.7057603053718	551.884216	-2889.304869573552	585.0389279999999	-3084.607196591357	462.06546133333336	-1785.0915215546136	858.0469853333333	-2250.037303736709
2025-01-31 03:30:00	781.457488	-2033.2212857488116	551.884216	-2886.2558506398523	585.0389279999999	-3081.168649257841	462.06546133333336	-1785.750193306377	858.0469853333333	-2249.4835136931506
2025-01-31 03:40:00	781.457488	-2032.024699214956	551.884216	-2882.947528697031	585.0389279999999	-3077.458792810895	462.06546133333336	-1786.1988380149903	858.0469853333333	-2250.508534184928
2025-01-31 03:50:00	781.457488	-2031.5916076499261	551.884216	-2878.2468897978024	585.0389279999999	-3072.671303136517	462.06546133333336	-1784.8550317087568	858.0469853333333	-2248.6235279736775
2025-01-31 04:00:00	796.0883	-2025.3745043044098	562.21685	-2867.8417195942247	595.9923	-3061.9069734786694	470.7164666666667	-1780.1609186594337	874.1117416666666	-2240.6017497281637
2025-01-31 04:10:00	796.0883	-2025.6036169285678	562.21685	-2865.381839910475	595.9923	-3058.77185120352	470.7164666666667	-1780.938930044701	874.1117416666666	-2241.300449336098
2025-01-31 04:20:00	796.0883	-2026.1631997536153	562.21685	-2861.4292169219034	595.9923	-3055.873697185826	470.7164666666667	-1781.2558495044877	874.1117416666666	-2240.8380072143905
2025-01-31 04:30:00	796.0883	-2025.766902487365	562.21685	-2856.9834146872017	595.9923	-3050.5424240139614	470.7164666666667	-1781.6367121482172	874.1117416666666	-2241.217677031197
2025-01-31 04:40:00	796.0883	-2023.9541273314196	562.21685	-2852.08305561398	595.9923	-3045.6660697791563	470.7164666666667	-1781.5210667736196	874.1117416666666	-2239.7566211026347
2025-01-31 04:50:00	796.0883	-2022.4198482153759	562.21685	-2848.774034319711	595.9923	-3042.38907594534	470.7164666666667	-1782.759941767887	874.1117416666666	-2240.751358603498
2025-01-31 05:00:00	797.809572	-2037.691685735424	563.432454	-2869.193734243694	597.280932	-3063.670140319913	471.734232	-1797.618104309575	876.001713	-2259.826446240645
2025-01-31 05:10:00	797.809572	-2037.5673060084864	563.432454	-2865.9031273302144	597.280932	-3059.221417480836	471.734232	-1797.4717972617775	876.001713	-2258.062959420221
2025-01-31 05:20:00	797.809572	-2038.058617554475	563.432454	-2860.73710994227	597.280932	-3054.3493445561508	471.734232	-1795.6423635391527	876.001713	-2255.940055944652
2025-01-31 05:30:00	797.809572	-2036.3182629801154	563.432454	-2857.316346017037	597.280932	-3051.155617738592	471.734232	-1795.1960799733977	876.001713	-2256.149260049492
2025-01-31 05:40:00	797.809572	-2036.2144942862583	563.432454	-2855.4370084656584	597.280932	-3049.2237809020153	471.734232	-1798.7307909622057	876.001713	-2257.4052529202636
2025-01-31 05:50:00	797.809572	-2035.6973958806066	563.432454	-2853.862437899752	597.280932	-3047.1316275071404	471.734232	-1801.094922385778	876.001713	-2257.6917427366207
2025-01-31 06:00:00	788.342576	-2047.657720892736	556.7466320000001	-2870.4895811585584	590.193456	-3064.6517971769995	466.1365226666667	-1812.291295177643	865.6068706666666	-2272.7196315547685
2025-01-31 06:10:00	788.342576	-2051.813938001012	556.7466320000001	-2869.6869829778434	590.193456	-3064.0860643425644	466.1365226666667	-1810.0727146031513	865.6068706666666	-2271.248657179734
2025-01-31 06:20:00	788.342576	-2072.8387591564774	556.7466320000001	-2897.0930063421974	590.193456	-3093.887127110619	466.1365226666667	-1819.1919798140102	865.6068706666666	-2297.988409267069
2025-01-31 06:30:00	788.342576	-2101.8364440049672	556.7466320000001	-2932.338448997797	590.193456	-3119.3302186599144	466.1365226666667	-1834.5721979278615	865.6068706666666	-2340.858718612117
2025-01-31 06:40:00	788.342576	-2125.511653152317	556.7466320000001	-2959.647441389622	590.193456	-3129.7145668319436	466.1365226666667	-1847.332991037204	865.6068706666666	-2367.4776778824257
2025-01-31 06:50:00	788.342576	-2146.8722521928867	556.7466320000001	-2995.21461789203	590.193456	-3154.1837086070955	466.1365226666667	-1860.236118005505	865.6068706666666	-2404.1908543041945
2025-01-31 07:00:00	823.6286520000001	-2208.156091114125	581.6665140000001	-3087.223294806297	616.610412	-3253.7793912386223	487.000712	-1914.0038835566183	904.351283	-2466.9712009325617
2025-01-31 07:10:00	823.6286520000001	-2218.860985724077	581.6665140000001	-3103.872902537085	616.610412	-3276.665006474762	487.000712	-1933.4001195583696	904.351283	-2456.902631626594
2025-01-31 07:20:00	823.6286520000001	-2240.71810419794	581.6665140000001	-3149.8412903161893	616.610412	-3322.0367323331743	487.000712	-1946.9523180837027	904.351283	-2463.3439743997374
2025-01-31 07:30:00	823.6286520000001	-2260.80807340682	581.6665140000001	-3183.1250584241134	616.610412	-3364.7026107442907	487.000712	-1955.0594230314123	904.351283	-2479.18306037538
2025-01-31 07:40:00	823.6286520000001	-2272.8905826697282	581.6665140000001	-3190.5392709353996	616.610412	-3399.522950292491	487.000712	-1960.008379692572	904.351283	-2489.639147122659
2025-01-31 07:50:00	823.6286520000001	-2269.639137352505	581.6665140000001	-3182.487315791471	616.610412	-3411.290896706667	487.000712	-1961.0692710223157	904.351283	-2511.060372601702
2025-01-31 08:00:00	2909.810316	-2259.671017333565	2054.9785620000002	-3164.088140025287	2178.432396	-3414.438796792866	1720.532296	-1954.05886204789	3194.9965389999998	-2502.8720069235073
2025-01-31 08:10:00	2909.810316	-2255.001742906249	2054.9785620000002	-3160.4712354268263	2178.432396	-3404.1668185722174	1720.532296	-1957.0812969837582	3194.9965389999998	-2502.3557759673035
2025-01-31 08:20:00	2909.810316	-2252.5819949834868	2054.9785620000002	-3152.1600397818515	2178.432396	-3397.2214656130327	1720.532296	-1957.9195724122594	3194.9965389999998	-2499.4279807333355
2025-01-31 08:30:00	2909.810316	-2249.782170998913	2054.9785620000002	-3145.899495893101	2178.432396	-3392.929499311803	1720.532296	-1958.8353184038317	3194.9965389999998	-2495.4812765908096
2025-01-31 08:40:00	2909.810316	-2247.5229863373406	2054.9785620000002	-3141.9901572130816	2178.432396	-3390.694292991443	1720.532296	-1960.1703885714007	3194.9965389999998	-2497.4348453598036
2025-01-31 08:50:00	2909.810316	-2243.974399337547	2054.9785620000002	-3136.8011605875568	2178.432396	-3385.342228584639	1720.532296	-1956.1853901914594	3194.9965389999998	-2494.2825754842147
2025-01-31 09:00:00	4489.077375999999	-2226.2639710043077	3170.295232	-3103.227744585534	3360.7522559999993	-3346.1964457160507	2654.3319893333332	-1939.5781651671728	4929.045237333332	-2474.858640209588
2025-01-31 09:10:00	4489.077375999999	-2222.9325321954884	3170.295232	-3098.346247625707	3360.7522559999993	-3339.0664088080016	2654.3319893333332	-1936.382246323245	4929.045237333332	-2475.6332563686237
2025-01-31 09:20:00	4489.077375999999	-2222.887092761731	3170.295232	-3094.208133080851	3360.7522559999993	-3336.5380332613045	2654.3319893333332	-1937.0778831298635	4929.045237333332	-2483.739890776068
2025-01-31 09:30:00	4489.077375999999	-2228.0761736019067	3170.295232	-3090.9972627902757	3360.7522559999993	-3334.1902153383776	2654.3319893333332	-1938.489787079971	4929.045237333332	-2487.8778465006208
2025-01-31 09:40:00	4489.077375999999	-2225.4917567250222	3170.295232	-3086.2079429437567	3360.7522559999993	-3326.6473545004214	2654.3319893333332	-1939.2427984231977	4929.045237333332	-2488.6614038565676
2025-01-31 09:50:00	4489.077375999999	-2230.476692131814	3170.295232	-3080.724624256615	3360.7522559999993	-3322.8257318177843	2654.3319893333332	-1938.1697624771482	4929.045237333332	-2484.8500855332286
2025-01-31 10:00:00	6393.664844000001	-2272.33896252213	4515.361058000001	-3135.090313533009	4786.623564	-3379.9411902977454	3780.4893306666672	-1975.786324317903	7020.298517666667	-2529.104356891199
2025-01-31 10:10:00	6393.664844000001	-2271.615360974909	4515.361058000001	-3128.0401388618448	4786.623564	-3378.2209441638906	3780.4893306666672	-1974.931195849735	7020.298517666667	-2525.3951934898796
2025-01-31 10:20:00	6393.664844000001	-2268.3283983558304	4515.361058000001	-3120.744001577006	4786.623564	-3375.318469196648	3780.4893306666672	-1972.3565290437923	7020.298517666667	-2524.0948858245374
2025-01-31 10:30:00	6393.664844000001	-2268.6723829450784	4515.361058000001	-3120.115653183906	4786.623564	-3368.2522226892115	3780.4893306666672	-1971.1669552692279	7020.298517666667	-2525.8555343222943
2025-01-31 10:40:00	6393.664844000001	-2271.8763109464016	4515.361058000001	-3127.670165714647	4786.623564	-3367.931019597263	3780.4893306666672	-1968.429379159868	7020.298517666667	-2525.47547092722
2025-01-31 10:50:00	6393.664844000001	-2275.9017585656766	4515.361058000001	-3126.316683142848	4786.623564	-3361.720247324006	3780.4893306666672	-1968.2315483321304	7020.298517666667	-2529.4762452500236
2025-01-31 11:00:00	7719.90492	-2314.305880049863	5451.98394	-3177.852053249828	5779.51452	-3418.8068925592515	4564.67752	-1999.6731590376576	8476.521429999999	-2573.7909967521373
2025-01-31 11:10:00	7719.90492	-2313.040043700342	5451.98394	-3170.6586117204424	5779.51452	-3414.063964566184	4564.67752	-1998.532118052075	8476.521429999999	-2567.457619967796
2025-01-31 11:20:00	7719.90492	-2312.336788202304	5451.98394	-3170.8114881243546	5779.51452	-3411.536322347706	4564.67752	-1996.474327075537	8476.521429999999	-2565.636630913252
2025-01-31 11:30:00	7719.90492	-2315.195788817854	5451.98394	-3173.8017072064304	5779.51452	-3410.102692983429	4564.67752	-1995.7141806160153	8476.521429999999	-2563.319175828645
2025-01-31 11:40:00	7719.90492	-2318.4560352798917	5451.98394	-3165.2934300641828	5779.51452	-3410.259578733446	4564.67752	-1995.945743043816	8476.521429999999	-2565.0137699282695
2025-01-31 11:50:00	7719.90492	-2317.4788481772584	5451.98394	-3177.073588754087	5779.51452	-3408.5577410052256	4564.67752	-1995.5964670708736	8476.521429999999	-2572.762750397802
2025-01-31 12:00:00	9751.00588	-2252.9309425279607	6886.39666	-3094.1389084532093	7300.100280000001	-3306.8021244966885	5765.640613333334	-1939.5767896607076	10706.687603333334	-2503.977275536854
2025-01-31 12:10:00	9751.00588	-2253.782109079466	6886.39666	-3098.2316221427845	7300.100280000001	-3307.3645014672975	5765.640613333334	-1937.3573730687422	10706.687603333334	-2498.868225930295
2025-01-31 12:20:00	9751.00588	-2258.1252423736732	6886.39666	-3104.7466324244288	7300.100280000001	-3301.944588486728	5765.640613333334	-1938.1710529372567	10706.687603333334	-2502.8032309282335
2025-01-31 12:30:00	9751.00588	-2261.1146409692356	6886.39666	-3111.985277197662	7300.100280000001	-3299.670933404691	5765.640613333334	-1938.4233074613358	10706.687603333334	-2505.4342397530418
2025-01-31 12:40:00	9751.00588	-2260.408395359349	6886.39666	-3126.5872886702346	7300.100280000001	-3307.7773710801366	5765.640613333334	-1944.6254409715984	10706.687603333334	-2507.5070042193165
2025-01-31 12:50:00	9751.00588	-2261.6367275141947	6886.39666	-3141.1578488680116	7300.100280000001	-3330.48006830139	5765.640613333334	-1953.3265667255646	10706.687603333334	-2508.1525969935683
2025-01-31 13:00:00	6745.664968	-2333.637728853656	4763.9520760000005	-3233.3551926811697	5050.148808	-3440.6650355190686	3988.6223413333337	-2015.126003780349	7406.797655333333	-2587.478619641194
2025-01-31 13:10:00	6745.664968	-2336.603470326202	4763.9520760000005	-3229.3447020322556	5050.148808	-3448.8945204332213	3988.6223413333337	-2019.1680986263532	7406.797655333333	-2590.7964029527984
2025-01-31 13:20:00	6745.664968	-2334.6953113162244	4763.9520760000005	-3231.263461246872	5050.148808	-3441.2140967175437	3988.6223413333337	-2028.2023702188258	7406.797655333333	-2591.642384614878
2025-01-31 13:30:00	6745.664968	-2331.8692866334686	4763.9520760000005	-3220.888784983388	5050.148808	-3434.4835157846082	3988.6223413333337	-2032.0644577898188	7406.797655333333	-2591.544967520377
2025-01-31 13:40:00	6745.664968	-2331.770213057206	4763.9520760000005	-3217.3821505566975	5050.148808	-3434.7545705282464	3988.6223413333337	-2028.121161908964	7406.797655333333	-2587.8546634172117
2025-01-31 13:50:00	6745.664968	-2329.3253882647414	4763.9520760000005	-3222.3477474832844	5050.148808	-3425.588267829711	3988.6223413333337	-2029.5585575040109	7406.797655333333	-2592.729901802445
2025-01-31 14:00:00	5171.561724000001	-2341.5417755387953	3652.2822180000007	-3245.8860404543157	3871.6948440000006	-3442.176649024927	3057.8759440000003	-2041.9000764882544	5678.418871000001	-2611.9583389195905
2025-01-31 14:10:00	5171.561724000001	-2340.7074939591994	3652.2822180000007	-3239.374873145971	3871.6948440000006	-3437.531172234339	3057.8759440000003	-2041.6991964650038	5678.418871000001	-2608.808761331784
2025-01-31 14:20:00	5171.561724000001	-2341.015837044005	3652.2822180000007	-3233.0537124773437	3871.6948440000006	-3433.477379189005	3057.8759440000003	-2043.0845512871615	5678.418871000001	-2605.3082050493394
2025-01-31 14:30:00	5171.561724000001	-2339.9795603413286	3652.2822180000007	-3224.478204002313	3871.6948440000006	-3430.173781063097	3057.8759440000003	-2047.0327231822844	5678.418871000001	-2603.6200732676843
2025-01-31 14:40:00	5171.561724000001	-2335.826206884798	3652.2822180000007	-3226.580681654411	3871.6948440000006	-3427.4225730504663	3057.8759440000003	-2049.902679956211	5678.418871000001	-2600.603854632094
2025-01-31 14:50:00	5171.561724000001	-2333.5393605238387	3652.2822180000007	-3223.2694544616315	3871.6948440000006	-3425.393146081716	3057.8759440000003	-2052.568941658306	5678.418871000001	-2599.012727348936
2025-01-31 15:00:00	3516.558696	-2347.214454172752	2483.4789720000003	-3256.7465928414495	2632.675176	-3448.865437079827	2079.2945760000002	-2070.025912185038	3861.211434	-2623.217773230633
2025-01-31 15:10:00	3516.558696	-2345.6546649281536	2483.4789720000003	-3262.1604218697503	2632.675176	-3452.249825205867	2079.2945760000002	-2066.0358727305716	3861.211434	-2625.6352795842336
2025-01-31 15:20:00	3516.558696	-2342.1277855591134	2483.4789720000003	-3264.1220305080697	2632.675176	-3446.602249895275	2079.2945760000002	-2071.090981993619	3861.211434	-2623.6741579540862
2025-01-31 15:30:00	3516.558696	-2342.397502359964	2483.4789720000003	-3271.0252679801197	2632.675176	-3457.2599239706165	2079.2945760000002	-2073.20201794995	3861.211434	-2621.11949338941
2025-01-31 15:40:00	3516.558696	-2343.6363296564414	2483.4789720000003	-3290.1621687424195	2632.675176	-3460.1128446152193	2079.2945760000002	-2074.214544108789	3861.211434	-2623.967134522369
2025-01-31 15:50:00	3516.558696	-2343.5163409901916	2483.4789720000003	-3301.3514911135444	2632.675176	-3465.8280681128213	2079.2945760000002	-2084.070438567202	3861.211434	-2620.271927260945
2025-01-31 16:00:00	2570.7197320000005	-2370.4640531898917	1815.5045740000003	-3357.5226843967307	1924.5718920000002	-3519.4244535157413	1520.0325253333335	-2116.665767580843	2822.6721863333332	-2663.2943298882583
2025-01-31 16:10:00	2570.7197320000005	-2375.466849611125	1815.5045740000003	-3379.3792891775515	1924.5718920000002	-3529.5632136788636	1520.0325253333335	-2118.7222159861603	2822.6721863333332	-2677.5982733745523
2025-01-31 16:20:00	2570.7197320000005	-2378.527693867763	1815.5045740000003	-3403.236690549256	1924.5718920000002	-3548.9471255219078	1520.0325253333335	-2124.8996467045718	2822.6721863333332	-2682.9221923794275
2025-01-31 16:30:00	2570.7197320000005	-2378.4732719401522	1815.5045740000003	-3416.5101426675187	1924.5718920000002	-3565.349389356671	1520.0325253333335	-2120.399062053315	2822.6721863333332	-2705.4324798915804
2025-01-31 16:40:00	2570.7197320000005	-2383.3828639196404	1815.5045740000003	-3422.256248498387	1924.5718920000002	-3585.5088637219806	1520.0325253333335	-2119.439184537212	2822.6721863333332	-2714.1493769283406
2025-01-31 16:50:00	2570.7197320000005	-2386.2648305120606	1815.5045740000003	-3441.2165317812573	1924.5718920000002	-3601.353198900715	1520.0325253333335	-2118.9067964288042	2822.6721863333332	-2716.4495120391784
2025-01-31 17:00:00	826.21056	-2431.3598181133725	583.48992	-3498.107905031369	618.54336	-3655.764908765287	488.52736	-2151.391196123312	907.1862399999999	-2762.0199813793884
2025-01-31 17:10:00	826.21056	-2444.7673242250503	583.48992	-3508.2394673613526	618.54336	-3659.0276973768687	488.52736	-2157.812030837457	907.1862399999999	-2770.7309416956236
2025-01-31 17:20:00	826.21056	-2446.366834111761	583.48992	-3514.1289505284913	618.54336	-3669.242463058117	488.52736	-2157.299810504907	907.1862399999999	-2779.3075979549917
2025-01-31 17:30:00	826.21056	-2447.8277786305644	583.48992	-3510.4117900732144	618.54336	-3664.4285641121096	488.52736	-2149.391538701813	907.1862399999999	-2781.246688585672
2025-01-31 17:40:00	826.21056	-2453.186826019084	583.48992	-3507.328588106255	618.54336	-3660.835846558314	488.52736	-2146.6801222789063	907.1862399999999	-2797.8227538788387
2025-01-31 17:50:00	826.21056	-2460.515779086064	583.48992	-3506.9789913906375	618.54336	-3655.2752236431115	488.52736	-2143.954161457671	907.1862399999999	-2798.7555736042077
2025-01-31 18:00:00	784.900032	-2486.2178293937077	554.315424	-3535.454178382723	587.616192	-3706.537219975464	464.10099199999996	-2162.5458621459256	861.8269279999998	-2827.68832355798
2025-01-31 18:10:00	784.900032	-2492.704364079613	554.315424	-3531.750049784854	587.616192	-3703.075438756535	464.10099199999996	-2160.130284490832	861.8269279999998	-2827.8339085204393
2025-01-31 18:20:00	784.900032	-2496.900201501687	554.315424	-3531.555966763413	587.616192	-3708.6448889913854	464.10099199999996	-2161.08403368351	861.8269279999998	-2832.7092882861434
2025-01-31 18:30:00	784.900032	-2496.264913119615	554.315424	-3545.244911949106	587.616192	-3716.230406716024	464.10099199999996	-2159.0581137349336	861.8269279999998	-2833.8387856949116
2025-01-31 18:40:00	784.900032	-2496.4761759963417	554.315424	-3546.0110600149533	587.616192	-3720.4651296719167	464.10099199999996	-2159.4916879093576	861.8269279999998	-2830.6236984938528
2025-01-31 18:50:00	784.900032	-2495.8142332458347	554.315424	-3547.3843853915	587.616192	-3732.4198326054575	464.10099199999996	-2156.6777380714157	861.8269279999998	-2832.877441326172
2025-01-31 19:00:00	779.7362160000001	-2509.148389775151	550.668612	-3571.8645406679493	583.750296	-3769.246475538598	461.04769600000003	-2171.3690534458337	856.157014	-2853.470190481952
2025-01-31 19:10:00	779.7362160000001	-2502.937782540492	550.668612	-3571.56806742038	583.750296	-3768.8063988512313	461.04769600000003	-2170.246587954872	856.157014	-2850.2110068357915
2025-01-31 19:20:00	779.7362160000001	-2499.4173965087234	550.668612	-3567.438099000054	583.750296	-3757.8199373358857	461.04769600000003	-2168.381898838733	856.157014	-2844.960865865043
2025-01-31 19:30:00	779.7362160000001	-2495.02801712473	550.668612	-3566.9862516942353	583.750296	-3751.9984210293615	461.04769600000003	-2167.962162391555	856.157014	-2839.0086384865062
2025-01-31 19:40:00	779.7362160000001	-2493.0491425865766	550.668612	-3567.941986991071	583.750296	-3743.227109076691	461.04769600000003	-2165.2970384487253	856.157014	-2838.195181014172
2025-01-31 19:50:00	779.7362160000001	-2489.600793281827	550.668612	-3568.899584553528	583.750296	-3731.7039684149768	461.04769600000003	-2165.601407437924	856.157014	-2831.4507805420517
2025-01-31 20:00:00	783.17876	-2505.579466897042	553.09982	-3595.132066135469	586.32756	-3752.5632537894967	463.0832266666667	-2183.4519662011508	859.9369566666667	-2846.6370684349376
2025-01-31 20:10:00	783.17876	-2499.3312274586215	553.09982	-3595.0307673708107	586.32756	-3742.385593981057	463.0832266666667	-2184.330849809085	859.9369566666667	-2840.2397321809913
2025-01-31 20:20:00	783.17876	-2494.2037550096393	553.09982	-3584.07927919473	586.32756	-3732.9000416566455	463.0832266666667	-2180.1621416434714	859.9369566666667	-2833.624210695916
2025-01-31 20:30:00	783.17876	-2489.3021605228196	553.09982	-3570.3771597011287	586.32756	-3727.3928907913137	463.0832266666667	-2180.651669757315	859.9369566666667	-2825.6429047755137
2025-01-31 20:40:00	783.17876	-2485.0011587777162	553.09982	-3562.870232710284	586.32756	-3717.336714998462	463.0832266666667	-2181.0548145176526	859.9369566666667	-2820.3133523394545
2025-01-31 20:50:00	783.17876	-2483.0000403741615	553.09982	-3551.470142157999	586.32756	-3708.194615855186	463.0832266666667	-2182.3184031003216	859.9369566666667	-2815.2686687303258
2025-01-31 21:00:00	784.900032	-2486.1587073714936	554.315424	-3551.962108894391	587.616192	-3708.821177236074	464.10099199999996	-2185.8280242137816	861.8269279999998	-2824.7339894408274
2025-01-31 21:10:00	784.900032	-2479.4367619708173	554.315424	-3541.7485672982625	587.616192	-3699.002302716937	464.10099199999996	-2184.3946349046746	861.8269279999998	-2819.659175408041
2025-01-31 21:20:00	784.900032	-2477.398410938573	554.315424	-3533.3106840535183	587.616192	-3692.929108978227	464.10099199999996	-2184.4888686151953	861.8269279999998	-2814.031485704667
2025-01-31 21:30:00	784.900032	-2474.8921703804594	554.315424	-3526.7647117570136	587.616192	-3686.3437545685197	464.10099199999996	-2182.4096806649877	861.8269279999998	-2812.7530827034147
2025-01-31 21:40:00	784.900032	-2473.266833270026	554.315424	-3518.9913644627973	587.616192	-3687.9043446101628	464.10099199999996	-2180.8344298893576	861.8269279999998	-2809.196694519419
2025-01-31 21:50:00	784.900032	-2472.337448929578	554.315424	-3510.20791981705	587.616192	-3683.038333162826	464.10099199999996	-2177.0435022725837	861.8269279999998	-2806.251137508299
2025-01-31 22:00:00	779.7362160000001	-2468.0746425453435	550.668612	-3504.26597901785	583.750296	-3676.580308444702	461.04769600000003	-2174.4238571290025	856.157014	-2797.9042752079004
2025-01-31 22:10:00	779.7362160000001	-2463.7491727051793	550.668612	-3498.4719021866363	583.750296	-3670.4271900348963	461.04769600000003	-2174.6454450038887	856.157014	-2794.37042967844
2025-01-31 22:20:00	779.7362160000001	-2460.1550450422956	550.668612	-3493.31078401512	583.750296	-3663.3799335271165	461.04769600000003	-2174.4502508978812	856.157014	-2790.970648983738
2025-01-31 22:30:00	779.7362160000001	-2457.35453709166	550.668612	-3491.5596408648203	583.750296	-3657.851074011111	461.04769600000003	-2170.7461390955027	856.157014	-2787.2948939524013
2025-01-31 22:40:00	779.7362160000001	-2454.978659112694	550.668612	-3485.1241199601222	583.750296	-3649.8476314587174	461.04769600000003	-2168.317134108857	856.157014	-2786.193161777255
2025-01-31 22:50:00	779.7362160000001	-2451.7147037409686	550.668612	-3476.4220356847313	583.750296	-3643.8877737117004	461.04769600000003	-2166.867103360435	856.157014	-2789.2575587038973
2025-01-31 23:00:00	790.924484	-2459.62744950657	558.5700380000001	-3483.440404420827	592.126404	-3654.150146920437	467.66317066666664	-2173.782211178878	868.4418276666665	-2797.549979543279
2025-01-31 23:10:00	790.924484	-2460.0657422845684	558.5700380000001	-3474.1698761455873	592.126404	-3647.444428285903	467.66317066666664	-2171.228846468678	868.4418276666665	-2789.1779182474556
2025-01-31 23:20:00	790.924484	-2455.868413194429	558.5700380000001	-3464.1349604142215	592.126404	-3635.6542040887853	467.66317066666664	-2166.366727357256	868.4418276666665	-2777.631765817746
2025-01-31 23:30:00	790.924484	-2448.8393522119654	558.5700380000001	-3453.711852252426	592.126404	-3624.388368122206	467.66317066666664	-2162.8386895466006	868.4418276666665	-2754.7830318812166
2025-01-31 23:40:00	790.924484	-2444.494816889279	558.5700380000001	-3444.829933818466	592.126404	-3615.45194375143	467.66317066666664	-2161.2837638011897	868.4418276666665	-2746.4164983628507
2025-01-31 23:50:00	790.924484	-2440.928720689908	558.5700380000001	-3423.598686585712	592.126404	-3605.6145072727995	467.66317066666664	-2157.3268615127454	868.4418276666665	-2718.030510432095
