date	HL_CI4I_sol	HL_CI4	HL_CE2I_sol	HL_CE2	HL_CK3I_sol	HL_CK3	HL_CJ1I_sol	HL_CJ1	HL_CL1I_sol	HL_CL1	HL_CL21I_sol	HL_CL21	HL_CL3I_sol	HL_CL3
2018-01-01 00:00:00	0.0	0.0	0.0	0.0	0.0	0.0	0.0	0.0	0.0	0.0	0.0	0.0	0.0	0.0
2018-01-01 00:10:00	0.0	0.0	0.0	0.0	0.0	0.0	0.0	0.0	0.0	0.0	0.0	0.0	0.0	0.0
2018-01-01 00:20:00	0.0	0.0	0.0	0.0	0.0	0.0	0.0	0.0	0.0	0.0	0.0	0.0	0.0	0.0
2018-01-01 00:30:00	0.0	0.0	0.0	0.0	0.0	0.0	0.0	0.0	0.0	0.0	0.0	0.0	0.0	0.0
2018-01-01 00:40:00	0.0	0.0	0.0	0.0	0.0	0.0	0.0	0.0	0.0	0.0	0.0	0.0	0.0	0.0
2018-01-01 00:50:00	0.0	0.0	0.0	0.0	0.0	0.0	0.0	0.0	0.0	0.0	0.0	0.0	0.0	0.0
2018-01-01 01:00:00	0.0	0.0	0.0	0.0	0.0	0.0	0.0	0.0	0.0	0.0	0.0	0.0	0.0	0.0
2018-01-01 01:10:00	0.0	0.0	0.0	0.0	0.0	0.0	0.0	0.0	0.0	0.0	0.0	0.0	0.0	0.0
2018-01-01 01:20:00	0.0	0.0	0.0	0.0	0.0	0.0	0.0	0.0	0.0	0.0	0.0	0.0	0.0	0.0
2018-01-01 01:30:00	0.0	0.0	0.0	0.0	0.0	0.0	0.0	0.0	0.0	0.0	0.0	0.0	0.0	0.0
2018-01-01 01:40:00	0.0	0.0	0.0	0.0	0.0	0.0	0.0	0.0	0.0	0.0	0.0	0.0	0.0	0.0
2018-01-01 01:50:00	0.0	0.0	0.0	0.0	0.0	0.0	0.0	0.0	0.0	0.0	0.0	0.0	0.0	0.0
2018-01-01 02:00:00	0.0	0.0	0.0	0.0	0.0	0.0	0.0	0.0	0.0	0.0	0.0	0.0	0.0	0.0
2018-01-01 02:10:00	0.0	0.0	0.0	0.0	0.0	0.0	0.0	0.0	0.0	0.0	0.0	0.0	0.0	0.0
2018-01-01 02:20:00	0.0	0.0	0.0	0.0	0.0	0.0	0.0	0.0	0.0	0.0	0.0	0.0	0.0	0.0
2018-01-01 02:30:00	0.0	0.0	0.0	0.0	0.0	0.0	0.0	0.0	0.0	0.0	0.0	0.0	0.0	0.0
2018-01-01 02:40:00	0.0	0.0	0.0	0.0	0.0	0.0	0.0	0.0	0.0	0.0	0.0	0.0	0.0	0.0
2018-01-01 02:50:00	0.0	0.0	0.0	0.0	0.0	0.0	0.0	0.0	0.0	0.0	0.0	0.0	0.0	0.0
2018-01-01 03:00:00	0.0	0.0	0.0	0.0	0.0	0.0	0.0	0.0	0.0	0.0	0.0	0.0	0.0	0.0
2018-01-01 03:10:00	0.0	0.0	0.0	0.0	0.0	0.0	0.0	0.0	0.0	0.0	0.0	0.0	0.0	0.0
2018-01-01 03:20:00	0.0	0.0	0.0	0.0	0.0	0.0	0.0	0.0	0.0	0.0	0.0	0.0	0.0	0.0
2018-01-01 03:30:00	0.0	0.0	0.0	0.0	0.0	0.0	0.0	0.0	0.0	0.0	0.0	0.0	0.0	0.0
2018-01-01 03:40:00	0.0	0.0	0.0	0.0	0.0	0.0	0.0	0.0	0.0	0.0	0.0	0.0	0.0	0.0
2018-01-01 03:50:00	0.0	0.0	0.0	0.0	0.0	0.0	0.0	0.0	0.0	0.0	0.0	0.0	0.0	0.0
2018-01-01 04:00:00	0.0	0.0	0.0	0.0	0.0	0.0	0.0	0.0	0.0	0.0	0.0	0.0	0.0	0.0
2018-01-01 04:10:00	0.0	0.0	0.0	0.0	0.0	0.0	0.0	0.0	0.0	0.0	0.0	0.0	0.0	0.0
2018-01-01 04:20:00	0.0	0.0	0.0	0.0	0.0	0.0	0.0	0.0	0.0	0.0	0.0	0.0	0.0	0.0
2018-01-01 04:30:00	0.0	0.0	0.0	0.0	0.0	0.0	0.0	0.0	0.0	0.0	0.0	0.0	0.0	0.0
2018-01-01 04:40:00	0.0	0.0	0.0	0.0	0.0	0.0	0.0	0.0	0.0	0.0	0.0	0.0	0.0	0.0
2018-01-01 04:50:00	0.0	0.0	0.0	0.0	0.0	0.0	0.0	0.0	0.0	0.0	0.0	0.0	0.0	0.0
2018-01-01 05:00:00	0.0	0.0	0.0	0.0	0.0	0.0	0.0	0.0	0.0	0.0	0.0	0.0	0.0	0.0
2018-01-01 05:10:00	0.0	0.0	0.0	0.0	0.0	0.0	0.0	0.0	0.0	0.0	0.0	0.0	0.0	0.0
2018-01-01 05:20:00	0.0	0.0	0.0	0.0	0.0	0.0	0.0	0.0	0.0	0.0	0.0	0.0	0.0	0.0
2018-01-01 05:30:00	0.0	0.0	0.0	0.0	0.0	0.0	0.0	0.0	0.0	0.0	0.0	0.0	0.0	0.0
2018-01-01 05:40:00	0.0	0.0	0.0	0.0	0.0	0.0	0.0	0.0	0.0	0.0	0.0	0.0	0.0	0.0
2018-01-01 05:50:00	0.0	0.0	0.0	0.0	0.0	0.0	0.0	0.0	0.0	0.0	0.0	0.0	0.0	0.0
2018-01-01 06:00:00	0.0	0.0	0.0	0.0	0.0	0.0	0.0	0.0	0.0	0.0	0.0	0.0	0.0	0.0
2018-01-01 06:10:00	0.0	0.0	0.0	0.0	0.0	0.0	0.0	0.0	0.0	0.0	0.0	0.0	0.0	0.0
2018-01-01 06:20:00	0.0	0.0	0.0	0.0	0.0	0.0	0.0	0.0	0.0	0.0	0.0	0.0	0.0	0.0
2018-01-01 06:30:00	0.0	0.0	0.0	0.0	0.0	0.0	0.0	0.0	0.0	0.0	0.0	0.0	0.0	0.0
2018-01-01 06:40:00	0.0	0.0	0.0	0.0	0.0	0.0	0.0	0.0	0.0	0.0	0.0	0.0	0.0	0.0
2018-01-01 06:50:00	0.0	0.0	0.0	0.0	0.0	0.0	0.0	0.0	0.0	0.0	0.0	0.0	0.0	0.0
2018-01-01 07:00:00	0.0	0.0	0.0	0.0	0.0	0.0	0.0	0.0	0.0	0.0	0.0	0.0	0.0	0.0
2018-01-01 07:10:00	0.0	0.0	0.0	0.0	0.0	0.0	0.0	0.0	0.0	0.0	0.0	0.0	0.0	0.0
2018-01-01 07:20:00	0.0	0.0	0.0	0.0	0.0	0.0	0.0	0.0	0.0	0.0	0.0	0.0	0.0	0.0
2018-01-01 07:30:00	0.0	0.0	0.0	0.0	0.0	0.0	0.0	0.0	0.0	0.0	0.0	0.0	0.0	0.0
2018-01-01 07:40:00	0.0	0.0	0.0	0.0	0.0	0.0	0.0	0.0	0.0	0.0	0.0	0.0	0.0	0.0
2018-01-01 07:50:00	0.0	0.0	0.0	0.0	0.0	0.0	0.0	0.0	0.0	0.0	0.0	0.0	0.0	0.0
2018-01-01 08:00:00	0.0	0.0	0.0	0.0	0.0	0.0	0.0	0.0	0.0	0.0	0.0	0.0	0.0	0.0
2018-01-01 08:10:00	0.0	0.0	0.0	0.0	0.0	0.0	0.0	0.0	0.0	0.0	0.0	0.0	0.0	0.0
2018-01-01 08:20:00	0.0	0.0	0.0	0.0	0.0	0.0	0.0	0.0	0.0	0.0	0.0	0.0	0.0	0.0
2018-01-01 08:30:00	0.0	0.0	0.0	0.0	0.0	0.0	0.0	0.0	0.0	0.0	0.0	0.0	0.0	0.0
2018-01-01 08:40:00	0.0	0.0	0.0	0.0	0.0	0.0	0.0	0.0	0.0	0.0	0.0	0.0	0.0	0.0
2018-01-01 08:50:00	0.0	0.0	0.0	0.0	0.0	0.0	0.0	0.0	0.0	0.0	0.0	0.0	0.0	0.0
2018-01-01 09:00:00	172.12720000000002	172.1272	121.56040000000002	121.5604	154.27346666666665	154.273466667	128.8632	128.8632	101.77653333333333	101.776533333	132.54613333333333	132.546133333	459.5954666666667	459.595466667
2018-01-01 09:10:00	172.12720000000002	172.1272	121.56040000000002	121.5604	154.27346666666665	154.273466667	128.8632	128.8632	101.77653333333333	101.776533333	132.54613333333333	132.546133333	459.5954666666667	459.595466667
2018-01-01 09:20:00	172.12720000000002	172.1272	121.56040000000002	121.5604	154.27346666666665	154.273466667	128.8632	128.8632	101.77653333333333	101.776533333	132.54613333333333	132.546133333	459.5954666666667	459.595466667
2018-01-01 09:30:00	172.12720000000002	172.1272	121.56040000000002	121.5604	154.27346666666665	154.273466667	128.8632	128.8632	101.77653333333333	101.776533333	132.54613333333333	132.546133333	459.5954666666667	459.595466667
2018-01-01 09:40:00	172.12720000000002	172.1272	121.56040000000002	121.5604	154.27346666666665	154.273466667	128.8632	128.8632	101.77653333333333	101.776533333	132.54613333333333	132.546133333	459.5954666666667	459.595466667
2018-01-01 09:50:00	172.12720000000002	172.1272	121.56040000000002	121.5604	154.27346666666665	154.273466667	128.8632	128.8632	101.77653333333333	101.776533333	132.54613333333333	132.546133333	459.5954666666667	459.595466667
2018-01-01 10:00:00	1377.0176000000001	1377.0176	972.4832000000001	972.4832	1234.1877333333332	1234.18773333	1030.9056	1030.9056	814.2122666666667	814.212266667	1060.3690666666666	1060.36906667	3676.7637333333337	3676.76373333
2018-01-01 10:10:00	1377.0176000000001	1377.0176	972.4832000000001	972.4832	1234.1877333333332	1234.18773333	1030.9056	1030.9056	814.2122666666667	814.212266667	1060.3690666666666	1060.36906667	3676.7637333333337	3676.76373333
2018-01-01 10:20:00	1377.0176000000001	1377.0176	972.4832000000001	972.4832	1234.1877333333332	1234.18773333	1030.9056	1030.9056	814.2122666666667	814.212266667	1060.3690666666666	1060.36906667	3676.7637333333337	3676.76373333
2018-01-01 10:30:00	1377.0176000000001	1377.0176	972.4832000000001	972.4832	1234.1877333333332	1234.18773333	1030.9056	1030.9056	814.2122666666667	814.212266667	1060.3690666666666	1060.36906667	3676.7637333333337	3676.76373333
2018-01-01 10:40:00	1377.0176000000001	1377.0176	972.4832000000001	972.4832	1234.1877333333332	1234.18773333	1030.9056	1030.9056	814.2122666666667	814.212266667	1060.3690666666666	1060.36906667	3676.7637333333337	3676.76373333
2018-01-01 10:50:00	1377.0176000000001	1377.0176	972.4832000000001	972.4832	1234.1877333333332	1234.18773333	1030.9056	1030.9056	814.2122666666667	814.212266667	1060.3690666666666	1060.36906667	3676.7637333333337	3676.76373333
2018-01-01 11:00:00	3528.6076000000003	3528.6076	2491.9882000000002	2491.9882	3162.6060666666667	3162.60606667	2641.6956	2641.6956	2086.4189333333334	2086.41893333	2717.1957333333335	2717.19573333	9421.707066666668	9421.70706667
2018-01-01 11:10:00	3528.6076000000003	3528.6076	2491.9882000000002	2491.9882	3162.6060666666667	3162.60606667	2641.6956	2641.6956	2086.4189333333334	2086.41893333	2717.1957333333335	2717.19573333	9421.707066666668	9421.70706667
2018-01-01 11:20:00	3528.6076000000003	3528.6076	2491.9882000000002	2491.9882	3162.6060666666667	3162.60606667	2641.6956	2641.6956	2086.4189333333334	2086.41893333	2717.1957333333335	2717.19573333	9421.707066666668	9421.70706667
2018-01-01 11:30:00	3528.6076000000003	3528.6076	2491.9882000000002	2491.9882	3162.6060666666667	3162.60606667	2641.6956	2641.6956	2086.4189333333334	2086.41893333	2717.1957333333335	2717.19573333	9421.707066666668	9421.70706667
2018-01-01 11:40:00	3528.6076000000003	3528.6076	2491.9882000000002	2491.9882	3162.6060666666667	3162.60606667	2641.6956	2641.6956	2086.4189333333334	2086.41893333	2717.1957333333335	2717.19573333	9421.707066666668	9421.70706667
2018-01-01 11:50:00	3528.6076000000003	3528.6076	2491.9882000000002	2491.9882	3162.6060666666667	3162.60606667	2641.6956	2641.6956	2086.4189333333334	2086.41893333	2717.1957333333335	2717.19573333	9421.707066666668	9421.70706667
2018-01-01 12:00:00	5249.8796	4185.869639378001	3707.5922	5942.66280224	4705.340733333333	7463.1124125100005	3930.3276	6344.140463670001	3104.1842666666666	3676.834391544	4042.657066666667	15941.320251819998	14017.661733333334	20201.46265329
2018-01-01 12:10:00	5249.8796	-5946.094328959096	3707.5922	-8453.875161839132	4705.340733333333	-7589.0282143130025	3930.3276	-9030.045126260957	3104.1842666666666	-5257.373848141871	4042.657066666667	-22565.49420199496	14017.661733333334	-28719.494947026524
2018-01-01 12:20:00	5249.8796	-5842.226119592018	3707.5922	-8302.4135823422	4705.340733333333	-7540.436369814082	3930.3276	-8873.096787907505	3104.1842666666666	-5227.80030993256	4042.657066666667	-21989.25673699513	14017.661733333334	-28250.311939623894
2018-01-01 12:30:00	5249.8796	-5753.745707587057	3707.5922	-8174.563325005728	4705.340733333333	-7506.028709710557	3930.3276	-8741.47118313393	3104.1842666666666	-5156.789331289301	4042.657066666667	-21477.27271617748	14017.661733333334	-27856.312025153962
2018-01-01 12:40:00	5249.8796	-5666.077834649845	3707.5922	-8048.075386888183	4705.340733333333	-7472.056822019958	3930.3276	-8611.239735669675	3104.1842666666666	-5088.085479741003	4042.657066666667	-20975.932720578025	14017.661733333334	-27469.23684225442
2018-01-01 12:50:00	5249.8796	-5579.236324348452	3707.5922	-7922.969458269449	4705.340733333333	-7438.5376298150095	3930.3276	-8482.424723028946	3104.1842666666666	-5019.958149340002	4042.657066666667	-20485.0917580141	14017.661733333334	-27089.06526192353
2018-01-01 13:00:00	6024.452	-5453.41576489208	4254.6140000000005	-7742.730056043889	5399.571333333333	-7333.67379594055	4510.2119999999995	-8294.703364779158	3562.1786666666667	-4917.490869729498	4639.114666666667	-19852.648666856323	16085.841333333336	-26523.68463160156
2018-01-01 13:10:00	6024.452	-5368.874629158007	4254.6140000000005	-7621.789393184721	5399.571333333333	-7302.857000341609	4510.2119999999995	-8170.221128650756	3562.1786666666667	-4900.646829472278	4639.114666666667	-19387.66535113591	16085.841333333336	-26165.06236115781
2018-01-01 13:20:00	6024.452	-5284.71345654597	4254.6140000000005	-7500.95451106136	5399.571333333333	-7270.960299707075	4510.2119999999995	-8045.789441178417	3562.1786666666667	-4832.1275862588955	4639.114666666667	-18928.990698507267	16085.841333333336	-25806.591944207375
2018-01-01 13:30:00	6024.452	-5201.0157283788	4254.6140000000005	-7380.9809165218085	5399.571333333333	-7238.914642512468	4510.2119999999995	-7922.221190688623	3562.1786666666667	-4765.612686684795	4639.114666666667	-18478.623496950917	16085.841333333336	-25451.72323402858
2018-01-01 13:40:00	6024.452	-5117.777425891468	4254.6140000000005	-7261.858674180834	5399.571333333333	-7206.720067097021	4510.2119999999995	-7799.506388684448	3562.1786666666667	-4699.362387165353	4639.114666666667	-18036.394277410218	16085.841333333336	-25100.39255833092
2018-01-01 13:50:00	6024.452	-5034.994884470764	4254.6140000000005	-7143.579106006346	5399.571333333333	-7174.37805104298	4510.2119999999995	-7677.63640345463	3562.1786666666667	-4633.376796682232	4639.114666666667	-17602.13896858717	16085.841333333336	-24752.542021338388
2018-01-01 14:00:00	5680.1976	-4887.30332413966	4011.4932000000003	-6933.337494938696	5091.0244	-7024.419058397201	4252.4856	-7457.5683300820465	3358.6256000000003	-4510.361987107815	4374.022400000001	-16925.842591066255	15166.650400000002	-24092.954206372517
2018-01-01 14:10:00	5680.1976	-4808.288205178585	4011.4932000000003	-6820.624944231089	5091.0244	-6996.752548800683	4252.4856	-7341.534212105381	3358.6256000000003	-4446.8489583155315	4374.022400000001	-16517.45583997133	15166.650400000002	-23768.832271657062
2018-01-01 14:20:00	5680.1976	-5016.804836082042	4011.4932000000003	-7108.690561725794	5091.0244	-6966.415207992024	4252.4856	-7639.616761468506	3358.6256000000003	-4382.6186643534	4374.022400000001	-16115.578002531001	15166.650400000002	-23441.264537893258
2018-01-01 14:30:00	5680.1976	-4964.997516728333	4011.4932000000003	-7023.563352799862	5091.0244	-6936.267521109898	4252.4856	-7549.3009128601125	3358.6256000000003	-4318.81381210524	4374.022400000001	-15721.633333205384	15166.650400000002	-23118.508597851614
2018-01-01 14:40:00	5680.1976	-4873.453369241032	4011.4932000000003	-6895.176370244866	5091.0244	-6906.303174915018	4252.4856	-7417.077366035876	3358.6256000000003	-4255.43007668507	4374.022400000001	-15335.458487294236	15166.650400000002	-22800.474358381078
2018-01-01 14:50:00	5680.1976	-4862.911626851795	4011.4932000000003	-6780.295067314793	5091.0244	-6876.520357999052	4252.4856	-7298.711877904146	3358.6256000000003	-4192.4643815334675	4374.022400000001	-14956.895324856392	15166.650400000002	-22633.30793314551
2018-01-01 15:00:00	4303.179999999999	-4772.060603705169	3039.0099999999998	-6666.474199915607	3856.836666666666	-6846.917269702676	3221.5799999999995	-7181.426413108118	2544.4133333333334	-4129.91368065639	3313.653333333333	-14585.788969685353	11489.886666666667	-22297.77396147195
2018-01-01 15:10:00	4303.179999999999	-4692.853111156985	3039.0099999999998	-6554.458562898728	3856.836666666666	-6818.480589690375	3221.5799999999995	-7066.014373688289	2544.4133333333334	-4068.2416050738548	3313.653333333333	-14221.455344330872	11489.886666666667	-21992.03988831781
2018-01-01 15:20:00	4303.179999999999	-4612.383785827564	3039.0099999999998	-6442.128906335332	3856.836666666666	-6788.430319581571	3221.5799999999995	-6950.215280796705	2544.4133333333334	-4006.179091535145	3313.653333333333	-13863.324806346107	11489.886666666667	-21686.40470106622
2018-01-01 15:30:00	4303.179999999999	-4532.613370061561	3039.0099999999998	-6330.946859556878	3856.836666666666	-6758.68111647167	3221.5799999999995	-6835.590473859422	2544.4133333333334	-3944.5850096361864	3313.653333333333	-13512.50206689016	11489.886666666667	-21385.781827490657
2018-01-01 15:40:00	4303.179999999999	-4453.533012228476	3039.0099999999998	-6220.898492807695	3856.836666666666	-6729.227029377315	3221.5799999999995	-6722.125670543994	2544.4133333333334	-3883.4549308616915	3313.653333333333	-13168.83557149884	11489.886666666667	-21090.082390079464
2018-01-01 15:50:00	4303.179999999999	-4375.136720966873	3039.0099999999998	-6111.97224886523	3856.836666666666	-6700.065138017705	3221.5799999999995	-6609.809136900931	2544.4133333333334	-3822.785342599813	3313.653333333333	-12832.179208029369	11489.886666666667	-20799.225750569465
2018-01-01 16:00:00	2323.7172	-4318.766470005458	1641.0654000000002	-6034.481502383532	2082.6918	-6709.430640615316	1739.6532000000002	-6530.986968659575	1373.9832000000001	-3781.326770106078	1789.3728	-12584.377684853996	6204.538800000001	-20616.200409491255
2018-01-01 16:10:00	2323.7172	-4242.535840177076	1641.0654000000002	-5927.705225164125	2082.6918	-6680.846973869632	1739.6532000000002	-6420.8654067117095	1373.9832000000001	-3721.6879899754035	1789.3728	-12257.382327985666	6204.538800000001	-20330.487200469128
2018-01-01 16:20:00	2323.7172	-4165.252180311496	1641.0654000000002	-5821.381204826229	2082.6918	-6651.657769444956	1739.6532000000002	-6311.181389186308	1373.9832000000001	-3662.099825106837	1789.3728	-11938.271028190979	6204.538800000001	-20048.943148597376
2018-01-01 16:30:00	2323.7172	-4159.408540103192	1641.0654000000002	-5804.62186908866	2082.6918	-6623.227262479272	1739.6532000000002	-6203.00631724123	1373.9832000000001	-3652.700846184451	1789.3728	-11626.710033590454	6204.538800000001	-19774.28894676834
2018-01-01 16:40:00	2323.7172	-4144.078284884407	1641.0654000000002	-5776.051714927289	2082.6918	-6595.545810729002	1739.6532000000002	-6096.323264966987	1373.9832000000001	-3641.8838337961784	1789.3728	-11322.545318399418	6204.538800000001	-19506.407898411846
2018-01-01 16:50:00	2323.7172	-4129.157179719484	1641.0654000000002	-5748.163914744522	2082.6918	-6568.6059863320415	1739.6532000000002	-6080.314596408986	1373.9832000000001	-3631.382604255014	1789.3728	-11025.626332820477	6204.538800000001	-19391.386515696024
2018-01-01 17:00:00	430.318	-4088.565293179632	303.901	-5695.963299610023	385.6836666666666	-6621.8919830273135	322.15799999999996	-6030.402069741273	254.44133333333335	-3610.7174567976995	331.36533333333335	-10906.820122564111	1148.9886666666666	-19324.656880567512
2018-01-01 17:10:00	430.318	-4014.037095037609	303.901	-5592.929415154221	385.6836666666666	-6594.469529447675	322.15799999999996	-5925.650321840064	254.44133333333335	-3552.781322923136	331.36533333333335	-10615.796590530497	1148.9886666666666	-19063.42802719515
2018-01-01 17:20:00	430.318	-3938.447609100648	303.901	-5490.16135100092	385.6836666666666	-6566.296382490997	322.15799999999996	-5821.1271990375835	254.44133333333335	-3494.73186952644	331.36533333333335	-10329.484473059143	1148.9886666666666	-18950.64418853196
2018-01-01 17:30:00	430.318	-3934.0614186481444	303.901	-5476.608357403063	385.6836666666666	-6538.520172488555	322.15799999999996	-5806.925583566956	254.44133333333335	-3486.6689322330976	331.36533333333335	-10049.283860764646	1148.9886666666666	-18669.8285258986
2018-01-01 17:40:00	430.318	-3919.9845896732195	303.901	-5362.862890634164	385.6836666666666	-6511.1351860506	322.15799999999996	-5691.119387501835	254.44133333333335	-3477.0062375199423	331.36533333333335	-9775.068307143327	1148.9886666666666	-18418.513592850155
2018-01-01 17:50:00	430.318	-3835.631282803294	303.901	-5262.737466656724	385.6836666666666	-6484.137545093146	322.15799999999996	-5589.285879561897	254.44133333333335	-3417.9897038030253	331.36533333333335	-9506.716398293274	1148.9886666666666	-18171.845137387052
2018-01-01 18:00:00	0.0	-3761.8712946610485	0.0	-5163.706299447197	0.0	-6457.523402407531	0.0	-5488.561815365199	0.0	-3361.1987091658793	0.0	-9566.1015371407	0.0	-17929.780642950143
2018-01-01 18:10:00	0.0	-3689.1495549748743	0.0	-5066.0072643010435	0.0	-6431.597683498094	0.0	-5389.200671178164	0.0	-3305.0400163236886	0.0	-9489.539998957136	0.0	-17692.406359061515
2018-01-01 18:20:00	0.0	-3616.049486027117	0.0	-4968.264601482771	0.0	-6404.714325858277	0.0	-5289.726620627372	0.0	-3248.8963174404635	0.0	-9086.28477214829	0.0	-17449.13304974042
2018-01-01 18:30:00	0.0	-3542.209927117686	0.0	-4869.565523844072	0.0	-6375.64543747871	0.0	-5189.174171307979	0.0	-3191.959680644914	0.0	-8820.784575082576	0.0	-17344.027812870805
2018-01-01 18:40:00	0.0	-3467.637740082682	0.0	-4769.921176092187	0.0	-6344.414635915545	0.0	-5087.55572594258	0.0	-3134.23693372476	0.0	-8555.202631098486	0.0	-17058.24185472528
2018-01-01 18:50:00	0.0	-3392.3392973000714	0.0	-4669.341196777212	0.0	-6311.04337333877	0.0	-4984.882066151671	0.0	-3125.222724578092	0.0	-8289.725014906535	0.0	-16789.518399258923
2018-01-01 19:00:00	0.0	-3327.557015127695	0.0	-4583.800378312514	0.0	-6295.551101634438	0.0	-4898.207259516331	0.0	-3073.707422683488	0.0	-8389.544547716643	0.0	-16567.38444739347
2018-01-01 19:10:00	0.0	-3250.5654988317187	0.0	-4481.003904637649	0.0	-6257.486019727348	0.0	-4793.05578095814	0.0	-3013.123666283704	0.0	-8303.795148717836	0.0	-16281.96815656995
2018-01-01 19:20:00	0.0	-3173.4376340716235	0.0	-4378.1048211567095	0.0	-6218.250096408262	0.0	-4687.748792557943	0.0	-2952.0397601621266	0.0	-8220.751496421075	0.0	-15998.279524229885
2018-01-01 19:30:00	0.0	-3096.9780739046787	0.0	-4276.256769992054	0.0	-6179.405855077528	0.0	-4583.509446772622	0.0	-2940.9009927053867	0.0	-8139.39832568466	0.0	-15865.369623104767
2018-01-01 19:40:00	0.0	-3021.1800090149345	0.0	-4175.447275906962	0.0	-6140.946976433224	0.0	-4480.325059137084	0.0	-2878.641815329377	0.0	-7737.743575695091	0.0	-19330.132912694404
2018-01-01 19:50:00	0.0	-2946.0377183442843	0.0	-4075.6657500612446	0.0	-6102.869643824316	0.0	-4378.184953638227	0.0	-2818.5738585969984	0.0	-7479.109970200042	0.0	-18370.27001355575
2018-01-01 20:00:00	0.0	-2946.3494694283268	0.0	-4071.1197084726864	0.0	-6072.861501551298	0.0	-4372.801379557462	0.0	-2762.7543854922105	0.0	-7242.209995721731	0.0	-18220.127287814277
2018-01-01 20:10:00	0.0	-2862.3548090846516	0.0	-3960.487744393911	0.0	-6035.995135525803	0.0	-4259.530002744525	0.0	-2703.769519085603	0.0	-6994.946768650709	0.0	-17882.43981437032
2018-01-01 20:20:00	0.0	-2858.7238682586426	0.0	-3950.5197365650633	0.0	-5998.37597680127	0.0	-4159.151685056148	0.0	-2644.7028102599697	0.0	-6750.4918209815405	0.0	-17570.445262492667
2018-01-01 20:30:00	0.0	-2845.1209108644284	0.0	-3928.008084782329	0.0	-5960.780096997574	0.0	-4148.624031253667	0.0	-3040.716613318776	0.0	-6832.201805725488	0.0	-17261.820597631093
2018-01-01 20:40:00	0.0	-2760.9837053384867	0.0	-3817.4030986400217	0.0	-5923.206074914926	0.0	-4036.071144658712	0.0	-2962.9543092243475	0.0	-6776.648874193606	0.0	-16956.540786581732
2018-01-01 20:50:00	0.0	-2687.1733812174157	0.0	-3719.9936123115185	0.0	-5885.653693202308	0.0	-3937.059238150137	0.0	-2901.4339308856333	0.0	-6399.690039898787	0.0	-16654.550996560916
2018-01-01 21:00:00	0.0	-2679.434218018338	0.0	-3716.5206393452663	0.0	-5964.479497589405	0.0	-3938.2890917462496	0.0	-2897.5360541301143	0.0	-6416.623586564396	0.0	-16670.45627460379
2018-01-01 21:10:00	0.0	-2674.3327281159472	0.0	-3704.7952424376535	0.0	-5922.261047037271	0.0	-3925.7767742175847	0.0	-2834.7480842642217	0.0	-11460.49785138944	0.0	-16504.11751826947
2018-01-01 21:20:00	0.0	-2591.143834993658	0.0	-3595.607095035448	0.0	-5883.961522673361	0.0	-3814.5838250106563	0.0	-2823.3639535600596	0.0	-8906.265782253977	0.0	-16181.134321289186
2018-01-01 21:30:00	0.0	-2588.974660044593	0.0	-3587.9912285293303	0.0	-5846.152270274072	0.0	-3717.3034087088886	0.0	-2810.4069730231136	0.0	-8620.987653415888	0.0	-16034.373206750586
2018-01-01 21:40:00	0.0	-2506.6614215133154	0.0	-3480.1767707432673	0.0	-5808.833737898219	0.0	-3621.0896662721584	0.0	-2748.158006424408	0.0	-8660.551794522076	0.0	-15720.244232509947
2018-01-01 21:50:00	0.0	-2434.933518488112	0.0	-3385.917325839825	0.0	-5772.00490952773	0.0	-3525.9524961994925	0.0	-2688.159918997724	0.0	-8243.08187622345	0.0	-15582.209941398698
2018-01-01 22:00:00	0.0	-2347.328231743813	0.0	-3269.185089245903	0.0	-5706.368410853659	0.0	-3406.769040618552	0.0	-2614.213912401293	0.0	-8227.953948372757	0.0	-15197.338090012332
2018-01-01 22:10:00	0.0	-2348.179998457926	0.0	-3266.154735162181	0.0	-5671.917106979373	0.0	-3404.0614729105946	0.0	-2605.2503976423022	0.0	-7821.753971556355	0.0	-14926.766558800406
2018-01-01 22:20:00	0.0	-2268.272508555748	0.0	-3162.1052650970887	0.0	-5636.944393573142	0.0	-3298.8587927965436	0.0	-2544.825286829562	0.0	-7557.868749105525	0.0	-14657.922121225381
2018-01-01 22:30:00	0.0	-2269.3017005413994	0.0	-3159.50265964537	0.0	-5602.319172812669	0.0	-3296.5304135988818	0.0	-2536.0381822734385	0.0	-12244.083939440412	0.0	-14393.4804830834
2018-01-01 22:40:00	0.0	-2260.5176924736365	0.0	-3144.56490660625	0.0	-5568.036673039351	0.0	-3281.5297763986573	0.0	-2525.5957902074642	0.0	-9819.030339036606	0.0	-14133.366418982414
2018-01-01 22:50:00	0.0	-2251.8236535952165	0.0	-3129.7976785620376	0.0	-5534.093456613596	0.0	-3266.699772698843	0.0	-2515.2337779813097	0.0	-9838.85312602182	0.0	-13877.50900737064
2018-01-01 23:00:00	0.0	-2189.344503801477	0.0	-3050.7028621949557	0.0	-5529.810189361481	0.0	-3188.052834868764	0.0	-2469.9727420908625	0.0	-10395.032201259854	0.0	-13705.398255065575
2018-01-01 23:10:00	0.0	-2119.9830126023094	0.0	-2960.3309545961583	0.0	-5495.126098071634	0.0	-3096.789299457999	0.0	-2411.8478094017646	0.0	-10007.726890743124	0.0	-13837.759075838856
2018-01-01 23:20:00	0.0	-2806.0687225855677	0.0	-3941.86448937516	0.0	-5460.945979797376	0.0	-4158.3819238413835	0.0	-2851.032398088121	0.0	-9562.04175422816	0.0	-13518.825599316426
2018-01-01 23:30:00	0.0	-2626.4258051055617	0.0	-3692.1279913245635	0.0	-5426.824703069551	0.0	-3893.3320705743986	0.0	-2772.6352784380574	0.0	-13665.359654929642	0.0	-13267.862692203142
2018-01-01 23:40:00	0.0	-2553.2300683151084	0.0	-3595.096610188777	0.0	-5392.762438577431	0.0	-3794.8145936851774	0.0	-2711.9831990441203	0.0	-11754.655833914177	0.0	-13019.561502400413
2018-01-01 23:50:00	0.0	-3144.679450440453	0.0	-4441.456385675119	0.0	-5358.758691092953	0.0	-4731.690921191475	0.0	-3087.9300273002946	0.0	-11273.46765930314	0.0	-12773.967273891902
2018-01-02 00:00:00	0.0	-3514.1899341890007	0.0	-4965.5556628889035	0.0	-6148.877988044177	0.0	-5290.003762004025	0.0	-3001.6381037066017	0.0	-14618.491276332194	0.0	-16850.544568612488
2018-01-02 00:10:00	0.0	-3350.7005395199467	0.0	-4737.79361547194	0.0	-5915.840721697137	0.0	-5049.792948417949	0.0	-2938.5236909901187	0.0	-12567.84477376121	0.0	-15780.069563810543
2018-01-02 00:20:00	0.0	-3302.33186614866	0.0	-4672.380133599666	0.0	-5845.786980609846	0.0	-4982.939119515236	0.0	-2898.462387906691	0.0	-12411.992456987913	0.0	-15638.113603871378
2018-01-02 00:30:00	0.0	-3270.4246316094277	0.0	-4629.290106518381	0.0	-5799.68426868038	0.0	-4938.884099543437	0.0	-2872.239703424282	0.0	-12288.660140242646	0.0	-15473.129176236087
2018-01-02 00:40:00	0.0	-3249.4282329813627	0.0	-4600.934792425786	0.0	-5763.700397378706	0.0	-4908.698955602234	0.0	-2855.076133402278	0.0	-12118.84726566381	0.0	-15310.883562299045
2018-01-02 00:50:00	0.0	-3232.213120021445	0.0	-4570.326238508585	0.0	-5726.565176522206	0.0	-4876.341776102449	0.0	-2841.704041054054	0.0	-11952.567066894464	0.0	-15151.296899152638
2018-01-02 01:00:00	0.0	-3198.82179493691	0.0	-4517.928385554542	0.0	-5662.038111260019	0.0	-4820.716855391988	0.0	-2814.6203200783384	0.0	-11730.330172381891	0.0	-14919.121662447335
2018-01-02 01:10:00	0.0	-3181.1647588469004	0.0	-4487.957733969261	0.0	-5625.65605589414	0.0	-4789.029088822042	0.0	-2801.3186480403956	0.0	-11570.716583920757	0.0	-14764.711963945474
2018-01-02 01:20:00	0.0	-3163.638918862308	0.0	-4458.259262351479	0.0	-5589.591938305442	0.0	-4757.626052742428	0.0	-2788.1030589322945	0.0	-11446.439883557372	0.0	-14612.729388736676
2018-01-02 01:30:00	0.0	-3146.265061212122	0.0	-4428.863555412141	0.0	-5553.8855019590355	0.0	-4726.540752870887	0.0	-2774.9872387863966	0.0	-11387.80778555974	0.0	-14517.211956284471
2018-01-02 01:40:00	0.0	-3129.041794840669	0.0	-4399.767406448109	0.0	-5518.53304307897	0.0	-4695.769851577432	0.0	-2761.970376379649	0.0	-11348.996596983761	0.0	-14468.291532560195
2018-01-02 01:50:00	0.0	-3111.967779644126	0.0	-4370.967727344619	0.0	-5483.531007172268	0.0	-4665.310125827951	0.0	-2749.0516998929797	0.0	-11323.322207859526	0.0	-14441.157764000922
2018-01-02 02:00:00	0.0	-3095.041691756632	0.0	-4342.461487589521	0.0	-5448.875904308484	0.0	-4635.158416311811	0.0	-2736.2304606607986	0.0	-11306.338060935841	0.0	-14426.110696737502
2018-01-02 02:10:00	0.0	-3078.2622395838957	0.0	-4314.24572913667	0.0	-5414.564325597751	0.0	-4605.31163959878	0.0	-2723.5059378679252	0.0	-11295.1026915231	0.0	-14417.766322414842
2018-01-02 02:20:00	0.0	-3061.62816653548	0.0	-4286.317562596616	0.0	-5380.592972474701	0.0	-4575.766799416002	0.0	-2710.877440585725	0.0	-11287.67025900775	0.0	-14413.138936788215
2018-01-02 02:30:00	0.0	-3045.138236757051	0.0	-4268.222538307732	0.0	-5359.299619770545	0.0	-4556.666723956366	0.0	-2698.3442811283285	0.0	-11282.753549012206	0.0	-14410.572812965185
2018-01-02 02:40:00	0.0	-3028.7911972164984	0.0	-4256.512948399692	0.0	-5345.380291616148	0.0	-4544.304721838349	0.0	-2685.905751774627	0.0	-11279.50104222787	0.0	-14409.149765048625
2018-01-02 02:50:00	0.0	-3014.2671989902146	0.0	-4248.820631180634	0.0	-5336.244114574026	0.0	-4536.182264499502	0.0	-2673.5610358691824	0.0	-11277.349440772485	0.0	-14408.360611635751
2018-01-02 03:00:00	0.0	-3005.3548159269335	0.0	-4243.767524840021	0.0	-5330.247491509039	0.0	-4530.845577841625	0.0	-2661.3087689561203	0.0	-11275.926111282404	0.0	-14407.922985395753
2018-01-02 03:10:00	0.0	-2999.4891830604583	0.0	-4240.448123835661	0.0	-5326.3115466647605	0.0	-4527.3392219019115	0.0	-2649.761613722231	0.0	-11274.984548972037	0.0	-14407.680299090645
2018-01-02 03:20:00	0.0	-2995.629313734027	0.0	-4238.267599167601	0.0	-5323.728149034343	0.0	-4525.035445652293	0.0	-2642.331283673811	0.0	-11274.361685755552	0.0	-14407.545717026529
2018-01-02 03:30:00	0.0	-2993.089332811071	0.0	-4236.835205846702	0.0	-5322.032509593037	0.0	-4523.521798692446	0.0	-2637.467765370839	0.0	-11273.949648674015	0.0	-14407.471084335697
2018-01-02 03:40:00	0.0	-2991.4179023714446	0.0	-4235.8942622949935	0.0	-5320.919559313483	0.0	-4522.527289299683	0.0	-2634.284439488579	0.0	-11273.67707750258	0.0	-14407.429696662084
2018-01-02 03:50:00	0.0	-2990.318020207265	0.0	-4235.276153599161	0.0	-5320.189063021324	0.0	-4521.873868152927	0.0	-2632.2008523642085	0.0	-11273.49676595581	0.0	-14407.406745063983
2018-01-02 04:00:00	0.0	-2989.5942444841467	0.0	-4234.870116107145	0.0	-5319.709594313072	0.0	-4521.444551750156	0.0	-2630.8370789193636	0.0	-11273.377486085801	0.0	-14407.394017219905
2018-01-02 04:10:00	0.0	-2989.1179650112763	0.0	-4234.603388837273	0.0	-5319.394890125446	0.0	-4521.162478580945	0.0	-2629.9444462153647	0.0	-11273.29857995003	0.0	-14407.38695897439
2018-01-02 04:20:00	0.0	-2988.804550055467	0.0	-4234.428174878238	0.0	-5319.188330815096	0.0	-4520.977148432207	0.0	-2629.3601899759774	0.0	-11273.246381886254	0.0	-14407.383044813478
2018-01-02 04:30:00	0.0	-2988.5983078381964	0.0	-4234.31307629287	0.0	-5319.052753500376	0.0	-4520.855381217924	0.0	-2628.9777758523023	0.0	-11273.21185177227	0.0	-14407.380874209515
2018-01-02 04:40:00	0.0	-2988.4625904724603	0.0	-4234.237467680258	0.0	-5318.963765944045	0.0	-4520.775376671592	0.0	-2628.7274737551575	0.0	-11273.189009377644	0.0	-14407.379670497738
2018-01-02 04:50:00	0.0	-2988.373281874025	0.0	-4234.187800151476	0.0	-5318.905358051833	0.0	-4520.722811393901	0.0	-2628.563643143382	0.0	-11273.173898654502	0.0	-14407.37900297752
2018-01-02 05:00:00	0.0	-2988.3145124917082	0.0	-4234.155173399973	0.0	-5318.867021434754	0.0	-4520.688274501346	0.0	-2628.456410844255	0.0	-11273.163902594217	0.0	-14407.378632803167
2018-01-02 05:10:00	0.0	-2988.2758393923814	0.0	-4234.133740787161	0.0	-5318.841858804285	0.0	-4520.665582774055	0.0	-2628.3862239246473	0.0	-11273.15728999068	0.0	-14407.378427522402
2018-01-02 05:20:00	0.0	-2988.2503906203756	0.0	-4234.119661638278	0.0	-5318.825343054568	0.0	-4520.650673659489	0.0	-2628.3402843735666	0.0	-11273.15291561475	0.0	-14407.37831368363
2018-01-02 05:30:00	0.0	-2988.2336440960994	0.0	-4234.110413002335	0.0	-5318.8145027734245	0.0	-4520.640877944334	0.0	-2628.310215489435	0.0	-11273.150021873329	0.0	-14407.378250554168
2018-01-02 05:40:00	0.0	-2988.2226240722175	0.0	-4234.104337545111	0.0	-5318.80738764408	0.0	-4520.634441878989	0.0	-2628.2905344570318	0.0	-11273.14810760268	0.0	-14407.378215545623
2018-01-02 05:50:00	0.0	-2988.215372362886	0.0	-4234.100346558685	0.0	-5318.8027175562165	0.0	-4520.630213199779	0.0	-2628.277652601001	0.0	-11273.146841272499	0.0	-14407.378196131587
2018-01-02 06:00:00	0.0	-2988.210600387	0.0	-4234.097724867499	0.0	-5318.799652296305	0.0	-4520.627434836452	0.0	-2628.2692210202126	0.0	-11273.146003568525	0.0	-14407.378185365502
2018-01-02 06:10:00	0.0	-2988.2074601957934	0.0	-4234.0960026705425	0.0	-5318.797640381632	0.0	-4520.625609372204	0.0	-2628.2637022848357	0.0	-11273.145449409778	0.0	-14407.378179395166
2018-01-02 06:20:00	0.0	-2987.920304246424	0.0	-4233.69240877353	0.0	-5318.251690231119	0.0	-4520.19760614851	0.0	-2627.9301832546853	0.0	-11273.24950533342	0.0	-14407.185376682251
2018-01-02 06:30:00	0.0	-2988.0097469289426	0.0	-4233.82111374226	0.0	-5318.395953088228	0.0	-4520.336308796894	0.0	-2627.9742524840117	0.0	-11274.075601871598	0.0	-14408.963611655907
2018-01-02 06:40:00	0.0	-2988.3462644756996	0.0	-4234.29835519748	0.0	-5318.9917000165115	0.0	-4520.846141965348	0.0	-2628.2648475600377	0.0	-11275.378656074148	0.0	-14411.832388111294
2018-01-02 06:50:00	0.0	-2988.845370082157	0.0	-4235.004552781102	0.0	-5319.883785589947	0.0	-4521.599820061486	0.0	-2628.7168023651448	0.0	-11276.997228500939	0.0	-14415.305928757169
2018-01-02 07:00:00	0.0	-2989.4514668461625	0.0	-4235.861152758058	0.0	-5320.970375766271	0.0	-4522.513711578186	0.0	-2629.274371862457	0.0	-11278.824522858307	0.0	-14419.114842987854
2018-01-02 07:10:00	0.0	-2990.1279684494657	0.0	-4236.81655188001	0.0	-5322.184631434842	0.0	-4523.532867429118	0.0	-2629.9010700088843	0.0	-11280.7898911294	0.0	-14423.109737867713
2018-01-02 07:20:00	0.0	-2991.2096198527074	0.0	-4238.343400686813	0.0	-5324.1681634545	0.0	-4525.1583694505825	0.0	-2630.988242237583	0.0	-11282.715169879988	0.0	-14427.450431130457
2018-01-02 07:30:00	0.0	-2991.848653174484	0.0	-4239.2434098206595	0.0	-5325.33854953863	0.0	-4526.116562829277	0.0	-2631.6313600678222	0.0	-11283.792252070283	0.0	-14429.367531905467
2018-01-02 07:40:00	0.0	-2992.1973604593395	0.0	-4239.733071226998	0.0	-5325.97716253176	0.0	-4526.637840206959	0.0	-2631.9846075056776	0.0	-11284.309099558039	0.0	-14429.943773031755
2018-01-02 07:50:00	0.0	-2992.3550178853825	0.0	-4239.953171895984	0.0	-5326.2667380087105	0.0	-4526.872049045684	0.0	-2632.148124850676	0.0	-11284.455339128994	0.0	-14429.776434493395
2018-01-02 08:00:00	0.0	-2992.3869552410097	0.0	-4239.996197278187	0.0	-5326.327219076305	0.0	-4526.917645637887	0.0	-2632.1874578849906	0.0	-11284.35641379087	0.0	-14429.196742702872
2018-01-02 08:10:00	0.0	-2992.3361627439526	0.0	-4239.9229014144685	0.0	-5326.237331794015	0.0	-4526.83931856631	0.0	-2632.145508333835	0.0	-11284.095306723331	0.0	-14428.388379886512
2018-01-02 08:20:00	0.0	-2992.083469853628	0.0	-4239.565023429451	0.0	-5325.767043632267	0.0	-4526.45880955975	0.0	-2631.8797153272712	0.0	-11283.780924684468	0.0	-14427.353483273444
2018-01-02 08:30:00	0.0	-2991.989379552242	0.0	-4239.432076540655	0.0	-5325.588747514306	0.0	-4526.3177152821745	0.0	-2631.773758732957	0.0	-11283.768975405052	0.0	-14427.26776552223
2018-01-02 08:40:00	0.0	-2991.9992718921612	0.0	-4239.446301860176	0.0	-5325.601304507976	0.0	-4526.333296727509	0.0	-2631.772100731514	0.0	-11283.9567362137	0.0	-14427.707122898517
2018-01-02 08:50:00	0.0	-2992.0775903825506	0.0	-4239.5572059202095	0.0	-5325.739131159174	0.0	-4526.451819505438	0.0	-2631.838709753801	0.0	-11284.27660980858	0.0	-14428.43766314747
2018-01-02 09:00:00	172.12720000000002	-2992.200936606507	121.56040000000002	-4239.731618556455	154.27346666666665	-5325.95917977505	128.8632	-4526.63797770242	101.77653333333333	-2631.9500016801694	132.54613333333333	-11284.683878782103	459.5954666666667	-14429.329679313334
2018-01-02 09:10:00	172.12720000000002	-2992.2547670840854	121.56040000000002	-4239.878717855949	154.27346666666665	-5326.140689518107	128.8632	-4526.795035829147	101.77653333333333	-2632.0462886887867	132.54613333333333	-11285.14078480763	459.5954666666667	-14430.216629080696
2018-01-02 09:20:00	172.12720000000002	-2992.585673183241	121.56040000000002	-4240.294638289526	154.27346666666665	-5326.679714251168	128.8632	-4527.2381424762425	101.77653333333333	-2632.331830225046	132.54613333333333	-11285.70402350033	459.5954666666667	-14431.55205573704
2018-01-02 09:30:00	172.12720000000002	-2992.803034601694	121.56040000000002	-4240.567403678073	154.27346666666665	-5327.032889480773	128.8632	-4527.528789869082	101.77653333333333	-2632.5184941499188	132.54613333333333	-11286.07634292679	459.5954666666667	-14432.291603536643
2018-01-02 09:40:00	172.12720000000002	-2992.9460694571276	121.56040000000002	-4240.746584741319	154.27346666666665	-5327.264700565766	128.8632	-4527.719754224175	101.77653333333333	-2632.6406718140547	132.54613333333333	-11286.322640325678	459.5954666666667	-14432.701722129063
2018-01-02 09:50:00	172.12720000000002	-2993.0401933174444	121.56040000000002	-4240.864289328676	154.27346666666665	-5327.416852139553	128.8632	-4527.845223272341	101.77653333333333	-2632.7206409458518	132.54613333333333	-11286.485571220543	459.5954666666667	-14432.929154024401
2018-01-02 10:00:00	1377.0176000000001	-2953.328264542889	972.4832000000001	-4184.472012745568	1234.1877333333332	-5256.599698255507	1030.9056	-4467.643217612204	814.2122666666667	-2597.837159492866	1060.3690666666666	-11135.082413413009	3676.7637333333337	-14241.098258111157
2018-01-02 10:10:00	1377.0176000000001	-2953.418979418251	972.4832000000001	-4185.112508707498	1234.1877333333332	-5257.389676637549	1030.9056	-4468.325210348717	814.2122666666667	-2598.1026682676465	1060.3690666666666	-11137.025375344809	3676.7637333333337	-14243.822930889924
2018-01-02 10:20:00	1377.0176000000001	-2953.9301650025564	972.4832000000001	-4185.549064803674	1234.1877333333332	-5257.937455606442	1030.9056	-4468.787881204103	814.2122666666667	-2598.315482721401	1060.3690666666666	-11138.678307817896	3676.7637333333337	-14245.277996779783
2018-01-02 10:30:00	1377.0176000000001	-2954.2659526374127	972.4832000000001	-4185.835817470661	1234.1877333333332	-5258.296952918607	1030.9056	-4469.091848465242	814.2122666666667	-2598.454735823163	1060.3690666666666	-11139.771370679922	3676.7637333333337	-14246.084973590943
2018-01-02 10:40:00	1377.0176000000001	-2954.4869180348733	972.4832000000001	-4186.024186288019	1234.1877333333332	-5258.532912822725	1030.9056	-4469.29156377641	814.2122666666667	-2598.5458814380727	1060.3690666666666	-11140.494455458353	3676.7637333333337	-14246.532484011586
2018-01-02 10:50:00	1377.0176000000001	-2954.6323240201345	972.4832000000001	-4186.14792639366	1234.1877333333332	-5258.687787586491	1030.9056	-4469.422782511537	814.2122666666667	-2598.6055391342734	1060.3690666666666	-11140.97279144396	3676.7637333333337	-14246.780651753204
2018-01-02 11:00:00	3528.6076000000003	-2928.0541572094517	2491.9882000000002	-4148.358559696671	3162.6060666666667	-5211.22978985183	2641.6956	-4429.079960982189	2086.4189333333334	-2575.2152017082344	2717.1957333333335	-11039.680939691518	9421.707066666668	-14118.184520679039
2018-01-02 11:10:00	3528.6076000000003	-2927.373454225778	2491.9882000000002	-4148.264253965829	3162.6060666666667	-5211.054706699224	2641.6956	-4428.979018111764	2086.4189333333334	-2575.0481905140477	2717.1957333333335	-11041.074293571035	9421.707066666668	-14119.289661452225
2018-01-02 11:20:00	3528.6076000000003	-2928.475426041844	2491.9882000000002	-4149.207501236482	3162.6060666666667	-5212.271318313016	2641.6956	-4429.982948728863	2086.4189333333334	-2575.594923251656	2717.1957333333335	-11042.937341478486	9421.707066666668	-14122.319309810453
2018-01-02 11:30:00	3528.6076000000003	-2929.1265824887714	2491.9882000000002	-4149.723933332088	3162.6060666666667	-5212.938042089452	2641.6956	-4430.53252775422	2086.4189333333334	-2575.884290452029	2717.1957333333335	-11043.972815633691	9421.707066666668	-14123.508747605098
2018-01-02 11:40:00	3528.6076000000003	-2929.4832294786656	2491.9882000000002	-4149.961566030962	3162.6060666666667	-5213.246000065661	2641.6956	-4430.7852743372405	2086.4189333333334	-2576.005959528059	2717.1957333333335	-11044.462031062516	9421.707066666668	-14123.681193509237
2018-01-02 11:50:00	3528.6076000000003	-2929.646071991754	2491.9882000000002	-4150.016052144264	3162.6060666666667	-5213.31847513639	2641.6956	-4430.842990911826	2086.4189333333334	-2576.017864076817	2717.1957333333335	-11044.58988332373	9421.707066666668	-14123.289660123603
2018-01-02 12:00:00	5249.8796	-2846.4100767547443	3707.5922	-4031.7240815666205	4705.340733333333	-5064.76270158823	3930.3276	-4304.559538350116	3104.1842666666666	-2502.814774694047	4042.657066666667	-10727.27598904787	14017.661733333334	-13720.698076917268
2018-01-02 12:10:00	5249.8796	-2846.619982128239	3707.5922	-4032.6917151823095	4705.340733333333	-5065.960004857754	3930.3276	-4305.589519340628	3104.1842666666666	-2503.1738126513605	4042.657066666667	-10730.146277496631	14017.661733333334	-13724.422972273607
2018-01-02 12:20:00	5249.8796	-2847.1005218602313	3707.5922	-4032.9356287131873	4705.340733333333	-5066.245164621001	3930.3276	-4305.845061509598	3104.1842666666666	-2503.1945408915403	4042.657066666667	-10732.290239002563	14017.661733333334	-13725.291191150629
2018-01-02 12:30:00	5249.8796	-2847.4162872698334	3707.5922	-4033.096414210421	4705.340733333333	-5066.433071683008	3930.3276	-4306.013563681215	3104.1842666666666	-2503.2083318798145	4042.657066666667	-10733.708258617891	14017.661733333334	-13725.774107009458
2018-01-02 12:40:00	5249.8796	-2847.62407708731	3707.5922	-4033.20203406846	4705.340733333333	-5066.556405512811	3930.3276	-4306.124273744875	3104.1842666666666	-2503.217358293025	4042.657066666667	-10734.646310320772	14017.661733333334	-13726.041907591154
2018-01-02 12:50:00	5249.8796	-2847.760813037198	3707.5922	-4033.2714161871586	4705.340733333333	-5066.637357065769	3930.3276	-4306.197013543912	3104.1842666666666	-2503.223266371911	4042.657066666667	-10735.266852330005	14017.661733333334	-13726.19041714367
2018-01-02 13:00:00	6024.452	-2779.5656934539275	4254.6140000000005	-3936.3677964211	5399.571333333333	-4944.93727724668	4510.2119999999995	-4202.746093375312	3562.1786666666667	-2443.2469375157425	4639.114666666667	-10475.565225164733	16085.841333333336	-13396.712158532478
2018-01-02 13:10:00	6024.452	-2780.4212292090015	4254.6140000000005	-3937.879155580372	5399.571333333333	-4946.847474560866	4510.2119999999995	-4204.355012358874	3562.1786666666667	-2444.4953354068048	4639.114666666667	-10479.01989067965	16085.841333333336	-13401.86983462
2018-01-02 13:20:00	6024.452	-2780.585683558038	4254.6140000000005	-3937.975558293442	5399.571333333333	-4946.932608981041	4510.2119999999995	-4204.452561044538	3562.1786666666667	-2444.5765402732395	4639.114666666667	-10481.277724343166	16085.841333333336	-13402.377680599784
2018-01-02 13:30:00	6024.452	-2780.7664600359076	4254.6140000000005	-3938.1420438515515	5399.571333333333	-4947.120216519582	4510.2119999999995	-4204.626658274861	3562.1786666666667	-2444.4268636092447	4639.114666666667	-10482.967575243405	16085.841333333336	-13403.150474353362
2018-01-02 13:40:00	6024.452	-2780.9573530781636	4254.6140000000005	-3938.35314327383	5399.571333333333	-4947.37316252588	4510.2119999999995	-4204.84951720438	3562.1786666666667	-2444.33958447029	4639.114666666667	-10484.281456665216	16085.841333333336	-13404.066767935037
2018-01-02 13:50:00	6024.452	-2781.1549041773287	4254.6140000000005	-3938.593551808527	5399.571333333333	-4947.668997129557	4510.2119999999995	-4205.104416236783	3562.1786666666667	-2444.35258034261	4639.114666666667	-10485.346625991242	16085.841333333336	-13405.062644044516
2018-01-02 14:00:00	5766.2612	-2781.3568366218005	4072.2734000000005	-3938.8532136467225	5168.161133333333	-4947.992982109803	4316.9172	-4205.380366596306	3409.5138666666667	-2444.4288963692147	4440.295466666667	-10486.247266619735	15396.448133333335	-13406.102652909198
2018-01-02 14:10:00	5766.2612	-2781.7106308688435	4072.2734000000005	-3939.2292520924425	5168.161133333333	-4948.4744453251005	4316.9172	-4205.780648374297	3409.5138666666667	-2444.6131527669254	4440.295466666667	-10487.051354417406	15396.448133333335	-13407.309302788628
2018-01-02 14:20:00	5766.2612	-2781.8639287767655	4072.2734000000005	-3939.5115100333237	5168.161133333333	-4948.836798920225	4316.9172	-4206.08050083701	3409.5138666666667	-2444.782598860744	4440.295466666667	-10487.613500501266	15396.448133333335	-13408.055125350777
2018-01-02 14:30:00	5766.2612	-2781.964911777439	4072.2734000000005	-3939.696876365317	5168.161133333333	-4949.074565507328	4316.9172	-4206.277460114072	3409.5138666666667	-2444.8934558327396	4440.295466666667	-10487.985341019903	15396.448133333335	-13408.468631273201
2018-01-02 14:40:00	5766.2612	-2782.031363473443	4072.2734000000005	-3939.8186444226535	5168.161133333333	-4949.2306265004645	4316.9172	-4206.406868369322	3409.5138666666667	-2444.9660153856607	4440.295466666667	-10488.231321997591	15396.448133333335	-13408.697942448773
2018-01-02 14:50:00	5766.2612	-2782.0750919937345	4072.2734000000005	-3939.8986344127775	5168.161133333333	-4949.3330589661	4316.9172	-4206.491893492037	3409.5138666666667	-2445.0135079768047	4440.295466666667	-10488.394043998243	15396.448133333335	-13408.82510771215
2018-01-02 15:00:00	4389.243600000001	-2782.103867534388	3099.7902000000004	-3939.9511802007796	3933.9734	-4949.400291717965	3286.0116000000003	-4206.547757559503	2595.3016000000002	-2445.0445934249205	3379.9264000000003	-10488.501688295544	11719.684400000002	-13408.895627625621
2018-01-02 15:10:00	4389.243600000001	-2782.9173563425975	3099.7902000000004	-3940.538919508514	3933.9734	-4950.185761262849	3286.0116000000003	-4207.173795875931	2595.3016000000002	-2445.4195681902825	3379.9264000000003	-10488.638426175316	11719.684400000002	-13409.692959500015
2018-01-02 15:20:00	4389.243600000001	-2782.251024466819	3099.7902000000004	-3940.0142531678252	3933.9734	-4949.503611128496	3286.0116000000003	-4206.613433216769	2595.3016000000002	-2445.1080010533356	3379.9264000000003	-10487.988986760532	11719.684400000002	-13407.67634651683
2018-01-02 15:30:00	4389.243600000001	-2781.814137080234	3099.7902000000004	-3939.670894771449	3933.9734	-4949.057643072255	3286.0116000000003	-4206.246650813238	2595.3016000000002	-2444.904651984453	3379.9264000000003	-10487.560148209284	11719.684400000002	-13406.560991106868
2018-01-02 15:40:00	4389.243600000001	-2781.52664134715	3099.7902000000004	-3939.445339232618	3933.9734	-4948.7649240872715	3286.0116000000003	-4206.005661726487	2595.3016000000002	-2444.771552786599	3379.9264000000003	-10487.276460949735	11719.684400000002	-13405.942463537347
2018-01-02 15:50:00	4389.243600000001	-2781.3374548624906	3099.7902000000004	-3939.2971707768043	3933.9734	-4948.5727945473745	3286.0116000000003	-4205.847324638236	2595.3016000000002	-2444.6844350261713	3379.9264000000003	-10487.088795388558	11719.684400000002	-13405.59945705154
2018-01-02 16:00:00	2323.7172	-2772.712989899058	1641.0654000000002	-3927.131871911962	2082.6918	-4933.291181825178	1739.6532000000002	-4192.860058367759	1373.9832000000001	-2437.1612112005923	1789.3728	-10454.586975698843	6204.538800000001	-13364.386372432624
2018-01-02 16:10:00	2323.7172	-2773.9482623324993	1641.0654000000002	-3928.0784356639083	2082.6918	-4934.55152237463	1739.6532000000002	-4193.8681195996605	1373.9832000000001	-2437.7468950456323	1789.3728	-10454.925541738467	6204.538800000001	-13365.973838022697
2018-01-02 16:20:00	2323.7172	-2772.9308846938575	1641.0654000000002	-3927.3056158670947	2082.6918	-4933.550172401133	1739.6532000000002	-4193.041447206361	1373.9832000000001	-2437.3043213258306	1789.3728	-10453.961023002987	6204.538800000001	-13362.841759838944
2018-01-02 16:30:00	2323.7172	-2772.191790813771	1641.0654000000002	-3926.698045872569	2082.6918	-4932.765615323947	1739.6532000000002	-4192.391796436677	1373.9832000000001	-2436.94761773129	1789.3728	-10453.127999313427	6204.538800000001	-13360.621330930271
2018-01-02 16:40:00	2323.7172	-2771.6334886364	1641.0654000000002	-3926.197184927502	2082.6918	-4932.120839548304	1739.6532000000002	-4191.856472572577	1373.9832000000001	-2436.6463261945228	1789.3728	-10452.38091466641	6204.538800000001	-13358.902206113466
2018-01-02 16:50:00	2323.7172	-2771.194159461096	1641.0654000000002	-3925.7664242408823	2082.6918	-4931.567814645934	1739.6532000000002	-4191.396267742638	1373.9832000000001	-2436.3813045106526	1789.3728	-10451.690681757624	6204.538800000001	-13357.46108618834
2018-01-02 17:00:00	430.318	-2763.109447252394	303.901	-3914.4159625088514	385.6836666666666	-4917.303717369567	322.15799999999996	-4179.278861678605	254.44133333333335	-2429.3557402460124	331.36533333333335	-10421.617654001362	1148.9886666666666	-13318.897915704105
2018-01-02 17:10:00	430.318	-2763.7766118935097	303.901	-3914.6547266364323	385.6836666666666	-4917.656210876852	322.15799999999996	-4179.532538082407	254.44133333333335	-2429.532826961912	331.36533333333335	-10420.761389840305	1148.9886666666666	-13318.199645124761
2018-01-02 17:20:00	430.318	-2762.504734197755	303.901	-3913.464212874589	385.6836666666666	-4916.114555566399	322.15799999999996	-4178.262684717769	254.44133333333335	-2428.7955658402875	331.36533333333335	-10419.016896044337	1148.9886666666666	-13314.215052746726
2018-01-02 17:30:00	430.318	-2761.670042450503	303.901	-3912.6840783027965	385.6836666666666	-4915.105291180127	322.15799999999996	-4177.430411924812	254.44133333333335	-2428.313895585651	331.36533333333335	-10417.864116228993	1148.9886666666666	-13312.00972046782
2018-01-02 17:40:00	430.318	-2761.1207706979008	303.901	-3912.171601542179	385.6836666666666	-4914.442844669735	322.15799999999996	-4176.883580584252	254.44133333333335	-2427.998625745803	331.36533333333335	-10417.101524763046	1148.9886666666666	-13310.786740731974
2018-01-02 17:50:00	430.318	-2760.759322527652	303.901	-3911.8349531800823	385.6836666666666	-4914.0080400576935	322.15799999999996	-4176.524295864382	254.44133333333335	-2427.792271342586	331.36533333333335	-10416.597053106736	1148.9886666666666	-13310.108533171075
2018-01-02 18:00:00	0.0	-2776.7455492322465	0.0	-3934.647975144544	0.0	-4942.650026645924	0.0	-4200.8785077599205	0.0	-2441.9079614864418	0.0	-10478.06228719374	0.0	-13388.03315376348
2018-01-02 18:10:00	0.0	-2776.827986851681	0.0	-3934.6624992338207	0.0	-4942.6770238945965	0.0	-4200.8935368333005	0.0	-2441.9241817682246	0.0	-10477.858209568743	0.0	-13388.04540827364
2018-01-02 18:20:00	0.0	-2776.86555176349	0.0	-3934.895579596925	0.0	-4943.0069925692405	0.0	-4201.138943341949	0.0	-2442.1693429061365	0.0	-10477.408864922212	0.0	-13387.569293836928
2018-01-02 18:30:00	0.0	-2776.554156571163	0.0	-3934.5729265483915	0.0	-4942.616433286263	0.0	-4200.7929074444555	0.0	-2442.0127764400145	0.0	-10476.196280993998	0.0	-13385.026969472825
2018-01-02 18:40:00	0.0	-2776.0135519492155	0.0	-3933.88620635073	0.0	-4941.754304526078	0.0	-4200.059341298618	0.0	-2441.593841852915	0.0	-10474.479430816584	0.0	-13381.340986950652
2018-01-02 18:50:00	0.0	-2775.322115197401	0.0	-3932.960326915485	0.0	-4940.58265406819	0.0	-4199.071154120588	0.0	-2441.0031785306974	0.0	-10472.428996399674	0.0	-13377.020781400694
2018-01-02 19:00:00	0.0	-2768.432246787553	0.0	-3923.21804006632	0.0	-4928.333093105148	0.0	-4188.671379299985	0.0	-2434.9427900217643	0.0	-10446.925593413876	0.0	-13342.91275864028
2018-01-02 19:10:00	0.0	-2767.4593323674	0.0	-3921.862973508665	0.0	-4926.609474734343	0.0	-4187.2262167696335	0.0	-2434.0806730316763	0.0	-10444.189440230797	0.0	-13337.50457200291
2018-01-02 19:20:00	0.0	-2766.2274919970523	0.0	-3920.1246931486608	0.0	-4924.361622623546	0.0	-4185.375528920131	0.0	-2432.8681112985482	0.0	-10441.603639614013	0.0	-13332.322941619677
2018-01-02 19:30:00	0.0	-2765.417663634031	0.0	-3918.984016971713	0.0	-4922.887867774257	0.0	-4184.160862901745	0.0	-2432.075127248607	0.0	-10439.893891932103	0.0	-13329.452082291684
2018-01-02 19:40:00	0.0	-2764.884755237988	0.0	-3918.234699841954	0.0	-4921.920548974319	0.0	-4183.362788829783	0.0	-2431.5560926250055	0.0	-10438.762854087709	0.0	-13327.860034543188
2018-01-02 19:50:00	0.0	-2764.534074998916	0.0	-3917.742469987479	0.0	-4921.285637883782	0.0	-4182.838430089371	0.0	-2431.2163675412335	0.0	-10438.01464682807	0.0	-13326.977159179603
2018-01-02 20:00:00	0.0	-2754.1778286018466	0.0	-3903.0434827215836	0.0	-4902.815301309225	0.0	-4167.147105790768	0.0	-2422.1000801217892	0.0	-10398.951362654965	0.0	-13277.619798579339
2018-01-02 20:10:00	0.0	-2754.152202967174	0.0	-3903.013001743737	0.0	-4902.774544074078	0.0	-4167.11450925259	0.0	-2422.0461858914637	0.0	-10398.946711033617	0.0	-13277.905465112168
2018-01-02 20:20:00	0.0	-2753.9585228828805	0.0	-3902.7538543704563	0.0	-4902.430825817154	0.0	-4166.838222476946	0.0	-2421.8486049956527	0.0	-10398.914846377109	0.0	-13277.634693467982
2018-01-02 20:30:00	0.0	-2753.9033440850576	0.0	-3902.6858535667434	0.0	-4902.335708587542	0.0	-4166.765701686067	0.0	-2421.787342672437	0.0	-10399.090035012005	0.0	-13277.97344324555
2018-01-02 20:40:00	0.0	-2753.9389759212436	0.0	-3902.7429314812007	0.0	-4902.4031024416045	0.0	-4166.82653972323	0.0	-2421.8150647053726	0.0	-10399.40195673047	0.0	-13278.649098242126
2018-01-02 20:50:00	0.0	-2754.034366143099	0.0	-3902.882174913912	0.0	-4902.577163437221	0.0	-4166.974999290197	0.0	-2421.9010301304806	0.0	-10399.804330754496	0.0	-13279.511586602972
2018-01-02 21:00:00	0.0	-2754.169080372797	0.0	-3903.075393273698	0.0	-4902.821236619978	0.0	-4167.181028867704	0.0	-2422.0251177429404	0.0	-10400.26654104258	0.0	-13280.477684047784
2018-01-02 21:10:00	0.0	-2754.329671717074	0.0	-3903.304067962545	0.0	-4903.111263185311	0.0	-4167.4248836311135	0.0	-2422.174157611826	0.0	-10400.768334384842	0.0	-13281.501238158093
2018-01-02 21:20:00	0.0	-2754.5811591876873	0.0	-3903.660313530337	0.0	-4903.5725671342	0.0	-4167.804177038031	0.0	-2422.4250094978647	0.0	-10401.269256594907	0.0	-13282.60661012998
2018-01-02 21:30:00	0.0	-2754.7464572563913	0.0	-3903.8940393913404	0.0	-4903.874949175829	0.0	-4168.053070232322	0.0	-2422.5890401102283	0.0	-10401.600449829959	0.0	-13283.21894959605
2018-01-02 21:40:00	0.0	-2754.8552318756656	0.0	-3904.047575413897	0.0	-4904.0734218037205	0.0	-4168.216601036401	0.0	-2422.6964036691343	0.0	-10401.819541901057	0.0	-13283.558525308763
2018-01-02 21:50:00	0.0	-2754.9268109932264	0.0	-3904.1484339401313	0.0	-4904.203691664255	0.0	-4168.324045718357	0.0	-2422.76667662383	0.0	-10401.964476305748	0.0	-13283.7468381729
2018-01-02 22:00:00	0.0	-2754.973913618174	0.0	-3904.2146883747887	0.0	-4904.289195831067	0.0	-4168.394640122987	0.0	-2422.812672567191	0.0	-10402.060353721978	0.0	-13283.851267711467
2018-01-02 22:10:00	0.0	-2755.0049094917185	0.0	-3904.258211220855	0.0	-4904.345317504254	0.0	-4168.4410227812405	0.0	-2422.84277841396	0.0	-10402.123778820816	0.0	-13283.909179466827
2018-01-02 22:20:00	0.0	-2755.0253063205246	0.0	-3904.2868015807267	0.0	-4904.3821536295545	0.0	-4168.471497590078	0.0	-2422.8624836736594	0.0	-10402.165735971104	0.0	-13283.941294627513
2018-01-02 22:30:00	0.0	-2755.038728449904	0.0	-3904.3055827210205	0.0	-4904.406331456937	0.0	-4168.491520460888	0.0	-2422.875381409545	0.0	-10402.193491583515	0.0	-13283.959104198972
2018-01-02 22:40:00	0.0	-2755.0475608796373	0.0	-3904.3179201393573	0.0	-4904.4222008604775	0.0	-4168.5046760924015	0.0	-2422.883823398809	0.0	-10402.211852554537	0.0	-13283.968980557303
2018-01-02 22:50:00	0.0	-2755.0533730583825	0.0	-3904.326024646802	0.0	-4904.432616931553	0.0	-4168.513319740065	0.0	-2422.8893489564225	0.0	-10402.223998755879	0.0	-13283.974457525377
2018-01-02 23:00:00	0.0	-2755.0571977615105	0.0	-3904.3313485354192	0.0	-4904.43945364325	0.0	-4168.518998877913	0.0	-2422.8929656143005	0.0	-10402.232033745247	0.0	-13283.977494796642
2018-01-02 23:10:00	0.0	-2755.0597146066852	0.0	-3904.3348458225914	0.0	-4904.443941000006	0.0	-4168.522730243187	0.0	-2422.8953328349708	0.0	-10402.237349074085	0.0	-13283.979179125743
2018-01-02 23:20:00	0.0	-2755.002276695558	0.0	-3904.253719690316	0.0	-4904.333994047274	0.0	-4168.436712803085	0.0	-2422.828498262628	0.0	-10402.262510264447	0.0	-13283.940149202448
2018-01-02 23:30:00	0.0	-2755.0221883770387	0.0	-3904.2820612592222	0.0	-4904.366010173508	0.0	-4168.467237717555	0.0	-2422.839137362695	0.0	-10402.436122099816	0.0	-13284.309264844405
2018-01-02 23:40:00	0.0	-2755.0928452505364	0.0	-3904.382077632123	0.0	-4904.490884920159	0.0	-4168.574082812141	0.0	-2422.9003571864127	0.0	-10402.707794705126	0.0	-13284.904199922496
2018-01-02 23:50:00	0.0	-2755.1968951278404	0.0	-3904.529177775032	0.0	-4904.67670887219	0.0	-4168.731072992243	0.0	-2422.994683941339	0.0	-10403.044336874904	0.0	-13285.624364367943
2018-01-03 00:00:00	0.0	-2755.3229192817366	0.0	-3904.7072074687476	0.0	-4904.902537586829	0.0	-4168.92100999732	0.0	-2423.1106802482777	0.0	-10403.42379175421	0.0	-13286.413975251991
2018-01-03 00:10:00	0.0	-2755.463403612918	0.0	-3904.905554960227	0.0	-4905.154623910965	0.0	-4169.132594055546	0.0	-2423.2408599760265	0.0	-10403.831634370667	0.0	-13287.24209791934
2018-01-03 00:20:00	0.0	-2755.6724975905154	0.0	-3905.2006728263814	0.0	-4905.536837033752	0.0	-4169.446869922777	0.0	-2423.448707202073	0.0	-10404.236611144666	0.0	-13288.131541396286
2018-01-03 00:30:00	0.0	-2755.809937271937	0.0	-3905.394302317732	0.0	-4905.787386928768	0.0	-4169.653107436132	0.0	-2423.5846218878332	0.0	-10404.50436993188	0.0	-13288.62426664516
2018-01-03 00:40:00	0.0	-2755.9003796334564	0.0	-3905.5214987650675	0.0	-4905.951838794706	0.0	-4169.788612078091	0.0	-2423.6735826213	0.0	-10404.681498630505	0.0	-13288.89750973107
2018-01-03 00:50:00	0.0	-2755.9598952122938	0.0	-3905.6050547020363	0.0	-4906.0597787251345	0.0	-4169.87764272431	0.0	-2423.731810325909	0.0	-10404.798673306705	0.0	-13289.04903761187
2018-01-03 01:00:00	0.0	-2755.9990594278343	0.0	-3905.659942985388	0.0	-4906.13062637767	0.0	-4169.936138550714	0.0	-2423.769922259789	0.0	-10404.876187029035	0.0	-13289.133067912924
2018-01-03 01:10:00	0.0	-2756.024831432556	0.0	-3905.6959993538367	0.0	-4906.177128074023	0.0	-4169.974572077262	0.0	-2423.7948677649274	0.0	-10404.927464125289	0.0	-13289.179667201848
2018-01-03 01:20:00	0.0	-2756.041790695451	0.0	-3905.7196849498537	0.0	-4906.207650013522	0.0	-4169.999824066253	0.0	-2423.8111954125475	0.0	-10404.961385094644	0.0	-13289.205508995827
2018-01-03 01:30:00	0.0	-2756.0529507352308	0.0	-3905.735244127967	0.0	-4906.227683450227	0.0	-4170.0164153865	0.0	-2423.8218823910274	0.0	-10404.983824589977	0.0	-13289.219839650463
2018-01-03 01:40:00	0.0	-2756.060294597327	0.0	-3905.7454650243862	0.0	-4906.240832633826	0.0	-4170.027316385523	0.0	-2423.8288773673908	0.0	-10404.998668828226	0.0	-13289.227786763675
2018-01-03 01:50:00	0.0	-2756.0651272244068	0.0	-3905.752179178749	0.0	-4906.249463256312	0.0	-4170.034478671496	0.0	-2423.8334558078204	0.0	-10405.008488630583	0.0	-13289.232193862292
2018-01-03 02:00:00	0.0	-2756.068307333752	0.0	-3905.7565897379573	0.0	-4906.25512806766	0.0	-4170.0391845099075	0.0	-2423.8364525465745	0.0	-10405.014984653935	0.0	-13289.234637833813
2018-01-03 02:10:00	0.0	-2756.070400004114	0.0	-3905.7594870548005	0.0	-4906.258846233724	0.0	-4170.042276388035	0.0	-2423.838414009931	0.0	-10405.019281921628	0.0	-13289.235993146527
2018-01-03 02:20:00	0.0	-2756.071777085458	0.0	-3905.7613903157	0.0	-4906.261286696084	0.0	-4170.044307845458	0.0	-2423.8396978517444	0.0	-10405.022124662277	0.0	-13289.236744739788
2018-01-03 02:30:00	0.0	-2756.0726832735772	0.0	-3905.762640576631	0.0	-4906.262888522477	0.0	-4170.045642574398	0.0	-2423.8405381681328	0.0	-10405.024005200088	0.0	-13289.237161538395
2018-01-03 02:40:00	0.0	-2756.0732795905005	0.0	-3905.763461878849	0.0	-4906.263939900215	0.0	-4170.046519531653	0.0	-2423.84108818264	0.0	-10405.025249218768	0.0	-13289.237392675472
2018-01-03 02:50:00	0.0	-2756.0736719967394	0.0	-3905.7640013960895	0.0	-4906.264629984458	0.0	-4170.047095719099	0.0	-2423.841448185101	0.0	-10405.026072165514	0.0	-13289.237520853327
2018-01-03 03:00:00	0.0	-2756.0739302195916	0.0	-3905.764355807472	0.0	-4906.265082929426	0.0	-4170.047474291671	0.0	-2423.841683818466	0.0	-10405.026616563566	0.0	-13289.237591934783
2018-01-03 03:10:00	0.0	-2756.0741001430906	0.0	-3905.7645886219557	0.0	-4906.2653802252225	0.0	-4170.047723025294	0.0	-2423.8418380481885	0.0	-10405.026976695304	0.0	-13289.237631353253
2018-01-03 03:20:00	0.0	-2756.0742119612178	0.0	-3905.764741558872	0.0	-4906.265575358836	0.0	-4170.047886450798	0.0	-2423.8419389965834	0.0	-10405.027214930667	0.0	-13289.237653212893
2018-01-03 03:30:00	0.0	-2756.074285543116	0.0	-3905.764842023845	0.0	-4906.265703437097	0.0	-4170.047993826316	0.0	-2423.8420050706045	0.0	-10405.027372528792	0.0	-13289.237665335242
2018-01-03 03:40:00	0.0	-2756.0743339636706	0.0	-3905.7649080197557	0.0	-4906.265787502782	0.0	-4170.048064375266	0.0	-2423.842048318212	0.0	-10405.027476783553	0.0	-13289.237672057725
2018-01-03 03:50:00	0.0	-2756.0743658268084	0.0	-3905.764951372776	0.0	-4906.265842680289	0.0	-4170.0481107280475	0.0	-2423.842076625175	0.0	-10405.02754575046	0.0	-13289.237675785696
2018-01-03 04:00:00	0.0	-2757.6943178494093	0.0	-3908.064874364799	0.0	-4909.154194441798	0.0	-4172.503408209025	0.0	-2425.2649943268684	0.0	-10411.197979171651	0.0	-13297.055784799431
2018-01-03 04:10:00	0.0	-2757.69339682823	0.0	-3908.06358457617	0.0	-4909.152483096261	0.0	-4172.502024472142	0.0	-2425.264386645558	0.0	-10411.197627992513	0.0	-13297.054173514198
2018-01-03 04:20:00	0.0	-2757.694204530225	0.0	-3908.064891452543	0.0	-4909.154163071073	0.0	-4172.503429800672	0.0	-2425.2649624060477	0.0	-10411.2017016666	0.0	-13297.058508773782
2018-01-03 04:30:00	0.0	-2757.694734164977	0.0	-3908.065746876929	0.0	-4909.155261601152	0.0	-4172.50434982621	0.0	-2425.2653382431718	0.0	-10411.204391952915	0.0	-13297.06090660293
2018-01-03 04:40:00	0.0	-2757.6950826935026	0.0	-3908.0663088135484	0.0	-4909.155982640497	0.0	-4172.504954315562	0.0	-2425.2655842419	0.0	-10411.206171643467	0.0	-13297.062236334794
2018-01-03 04:50:00	0.0	-2757.6953120426265	0.0	-3908.066677952315	0.0	-4909.156455903193	0.0	-4172.505351483329	0.0	-2425.2657452560866	0.0	-10411.207348949356	0.0	-13297.062973742082
2018-01-03 05:00:00	0.0	-2772.300148727406	0.0	-3928.801902880357	0.0	-4935.196730803838	0.0	-4194.641374777243	0.0	-2438.094169907532	0.0	-10466.838055112761	0.0	-13367.54848337169
2018-01-03 05:10:00	0.0	-2772.291820980223	0.0	-3928.790266534266	0.0	-4935.181293221999	0.0	-4194.628891943059	0.0	-2438.0886515348852	0.0	-10466.835132439517	0.0	-13367.534174633929
2018-01-03 05:20:00	0.0	-2772.299085619152	0.0	-3928.802041397948	0.0	-4935.196430746691	0.0	-4194.64155459285	0.0	-2438.0938153975794	0.0	-10466.872015966637	0.0	-13367.573375442005
2018-01-03 05:30:00	0.0	-2772.303849226723	0.0	-3928.8097486986335	0.0	-4935.206329110781	0.0	-4194.6498444300105	0.0	-2438.0971861478292	0.0	-10466.896374317013	0.0	-13367.595057558838
2018-01-03 05:40:00	0.0	-2772.3069839397367	0.0	-3928.814811698883	0.0	-4935.21282607345	0.0	-4194.65529114566	0.0	-2438.0993924232516	0.0	-10466.912487961916	0.0	-13367.60708151626
2018-01-03 05:50:00	0.0	-2772.309046736739	0.0	-3928.8181376066964	0.0	-4935.217090431122	0.0	-4194.658869801891	0.0	-2438.1008365023845	0.0	-10466.923147503763	0.0	-13367.613749441158
2018-01-03 06:00:00	0.0	-2772.3104041597344	0.0	-3928.8203224106524	0.0	-4935.219889392373	0.0	-4194.661221086875	0.0	-2438.1017816992185	0.0	-10466.930199032671	0.0	-13367.617447160757
2018-01-03 06:10:00	0.0	-2772.3112974115584	0.0	-3928.8217576182988	0.0	-4935.221726523451	0.0	-4194.662765951941	0.0	-2438.1024003613434	0.0	-10466.934863779114	0.0	-13367.619497743282
2018-01-03 06:20:00	0.0	-2772.0262982119766	0.0	-3928.4195355759944	0.0	-4934.677352413149	0.0	-4194.236232404252	0.0	-2437.772322798144	0.0	-10467.04255433269	0.0	-13367.42749908319
2018-01-03 06:30:00	0.0	-2772.1176462167828	0.0	-3928.549829309182	0.0	-4934.82352728365	0.0	-4194.376633804514	0.0	-2437.8191026325267	0.0	-10467.872376592724	0.0	-13369.209469418465
2018-01-03 06:40:00	0.0	-2772.4559015210993	0.0	-3929.0287988557116	0.0	-4935.421402404376	0.0	-4194.888312853026	0.0	-2438.111928183902	0.0	-10469.179215624477	0.0	-13372.083601499035
2018-01-03 06:50:00	0.0	-2772.9566349453703	0.0	-3929.736816581505	0.0	-4936.315758761922	0.0	-4195.6439340614115	0.0	-2438.5657994685107	0.0	-10470.801612808731	0.0	-13375.563398201833
2018-01-03 07:00:00	0.0	-2855.414048763324	0.0	-4046.8015030640904	0.0	-5083.341929117259	0.0	-4320.616497073534	0.0	-2511.0194633728797	0.0	-10784.403235552321	0.0	-13774.398794944957
2018-01-03 07:10:00	0.0	-2854.6007477068565	0.0	-4045.6085409956204	0.0	-5081.808906786068	0.0	-4319.347780108462	0.0	-2510.5634175326627	0.0	-10782.509895792839	0.0	-13771.75630208203
2018-01-03 07:20:00	0.0	-2855.902627045971	0.0	-4047.289353427264	0.0	-5084.030613488958	0.0	-4321.144632942031	0.0	-2511.840052107704	0.0	-10782.447540477098	0.0	-13776.838063964533
2018-01-03 07:30:00	0.0	-2856.68491129028	0.0	-4048.2881603855035	0.0	-5085.354169972369	0.0	-4322.2128893640665	0.0	-2512.6061660508967	0.0	-10782.208946400668	0.0	-13779.160257946844
2018-01-03 07:40:00	0.0	-2857.127807440045	0.0	-4048.8426134671904	0.0	-5086.093179436427	0.0	-4322.806365247412	0.0	-2513.039844442932	0.0	-10781.855228939357	0.0	-13779.960611071145
2018-01-03 07:50:00	0.0	-2857.3473661287535	0.0	-4049.1051634649966	0.0	-5086.448507646268	0.0	-4323.087890606107	0.0	-2513.2559312977696	0.0	-10781.425353275929	0.0	-13779.917012999498
2018-01-03 08:00:00	0.0	-2843.8586463159627	0.0	-4029.922223593964	0.0	-5062.3722802401535	0.0	-4302.610009124732	0.0	-2501.417811003574	0.0	-10729.287915754227	0.0	-13713.955884085215
2018-01-03 08:10:00	0.0	-2844.082984701352	0.0	-4030.2253058975925	0.0	-5062.768594007344	0.0	-4302.933420058829	0.0	-2501.5788989150983	0.0	-10729.417883567594	0.0	-13714.291671585703
2018-01-03 08:20:00	0.0	-2843.8111423179994	0.0	-4029.8536684628407	0.0	-5062.277020290329	0.0	-4302.537633948687	0.0	-2501.2961754889525	0.0	-10729.268187639114	0.0	-13713.154150901302
2018-01-03 08:30:00	0.0	-2843.704803745527	0.0	-4029.7121788775657	0.0	-5062.085414440509	0.0	-4302.387034772045	0.0	-2501.1793766489363	0.0	-10729.365519964293	0.0	-13713.013005641102
2018-01-03 08:40:00	0.0	-2843.7067232504637	0.0	-4029.7209156328613	0.0	-5062.08939250856	0.0	-4302.396502531112	0.0	-2501.1707043803317	0.0	-10729.62581153417	0.0	-13713.422218191114
2018-01-03 08:50:00	0.0	-2843.779882801317	0.0	-4029.828338085894	0.0	-5062.221746302141	0.0	-4302.511140490825	0.0	-2501.2328049125044	0.0	-10729.99390473928	0.0	-13714.136635909214
2018-01-03 09:00:00	344.25440000000003	-2827.9233991979254	243.12080000000003	-4007.3178524877876	308.5469333333333	-5033.95234178159	257.7264	-4278.47978450753	203.55306666666667	-2487.307986582485	265.09226666666666	-10669.57643542701	919.1909333333334	-13637.914632231483
2018-01-03 09:10:00	344.25440000000003	-2827.884961812346	243.12080000000003	-4007.4073620037325	308.5469333333333	-5034.056138394918	257.7264	-4278.57551425452	203.55306666666667	-2487.364235375409	265.09226666666666	-10670.05046117369	919.1909333333334	-13638.71869683112
2018-01-03 09:20:00	344.25440000000003	-2828.2917585226933	243.12080000000003	-4007.8784456078947	308.5469333333333	-5034.666740448594	257.7264	-4279.0773813469	203.55306666666667	-2487.6838710212237	265.09226666666666	-10670.67537912072	919.1909333333334	-13640.26497654687
2018-01-03 09:30:00	344.25440000000003	-2828.5588785953223	243.12080000000003	-4008.187315371236	308.5469333333333	-5035.066715064105	257.7264	-4279.4064940393855	203.55306666666667	-2487.892787607497	265.09226666666666	-10671.088448043865	919.1909333333334	-13641.121144487495
2018-01-03 09:40:00	344.25440000000003	-2828.7346575634665	243.12080000000003	-4008.390214053088	308.5469333333333	-5035.329244143942	257.7264	-4279.622731782996	203.55306666666667	-2488.02953057687	265.09226666666666	-10671.361702696213	919.1909333333334	-13641.595936481179
2018-01-03 09:50:00	344.25440000000003	-2828.8503288114034	243.12080000000003	-4008.523499048966	308.5469333333333	-5035.501558095573	257.7264	-4279.76480642049	203.55306666666667	-2488.1190332716205	265.09226666666666	-10671.542466743434	919.1909333333334	-13641.85923374608
2018-01-03 10:00:00	2667.9716	-2753.4943839408106	1884.1862	-3901.516103792843	2391.238733333333	-4901.119908974898	1997.3795999999998	-4165.52827014951	1577.5362666666667	-2421.920565381967	2054.4650666666666	-10384.330957015007	7123.729733333334	-13277.955784125332
2018-01-03 10:10:00	2667.9716	-2753.5714349509753	1884.1862	-3902.6123759966704	2391.238733333333	-4902.465272436594	1997.3795999999998	-4166.6955042094705	1577.5362666666667	-2422.3549424358275	2054.4650666666666	-10387.842003255397	7123.729733333334	-13282.850774971417
2018-01-03 10:20:00	2667.9716	-2754.5491424132106	1884.1862	-3903.434122610387	2391.238733333333	-4903.497535462965	1997.3795999999998	-4167.5665832991635	1577.5362666666667	-2422.755838891853	2054.4650666666666	-10390.894670881557	7123.729733333334	-13285.659463652008
2018-01-03 10:30:00	2667.9716	-2755.19129422092	1884.1862	-3903.9737870688123	2391.238733333333	-4904.174853123729	1997.3795999999998	-4168.138759299593	1577.5362666666667	-2423.0181169362654	2054.4650666666666	-10392.913310242737	7123.729733333334	-13287.21691812685
2018-01-03 10:40:00	2667.9716	-2755.6138637505273	1884.1862	-3904.3282953896596	2391.238733333333	-4904.619418953331	1997.3795999999998	-4168.514696470823	1577.5362666666667	-2423.1897866154873	2054.4650666666666	-10394.24868716204	7123.729733333334	-13288.08061001326
2018-01-03 10:50:00	2667.9716	-2755.8919355645894	1884.1862	-3904.5611735685325	2391.238733333333	-4904.911215023574	1997.3795999999998	-4168.76169857498	1577.5362666666667	-2423.3021500310165	2054.4650666666666	-10395.132069535508	7123.729733333334	-13288.5595733268
2018-01-03 11:00:00	6799.0244	-2677.21606869698	4801.6358	-3792.753932774918	6093.801933333333	-4764.497907176432	5090.0964	-4049.400133240757	4020.1730666666667	-2354.1081179427615	5235.572266666667	-10095.335744482887	18154.020933333333	-12908.236752375127
2018-01-03 11:10:00	6799.0244	-2676.0809064446967	4801.6358	-3792.8221797102706	6093.801933333333	-4764.481274959378	5090.0964	-4049.4719739886605	4020.1730666666667	-2353.912357241817	5235.572266666667	-10098.42991185339	18154.020933333333	-12911.113440613732
2018-01-03 11:20:00	6799.0244	-2678.0990474553164	4801.6358	-3794.5076213400025	6093.801933333333	-4766.6449409729175	5090.0964	-4051.2652475234863	4020.1730666666667	-2354.857522702339	5235.572266666667	-10102.200763965382	18154.020933333333	-12916.764921860664
2018-01-03 11:30:00	6799.0244	-2679.3513364210194	4801.6358	-3795.5105008937935	6093.801933333333	-4767.9317764339285	5090.0964	-4052.332268532551	4020.1730666666667	-2355.407109288532	5235.572266666667	-10104.497091703783	18154.020933333333	-12919.405386474471
2018-01-03 11:40:00	6799.0244	-2680.1034230948444	4801.6358	-3796.0674892798143	6093.801933333333	-4768.646504901535	5090.0964	-4052.9247834144735	4020.1730666666667	-2356.076177596811	5235.572266666667	-10105.820015818075	18154.020933333333	-12920.381568427361
2018-01-03 11:50:00	6799.0244	-2681.109138171625	4801.6358	-3796.3315658682914	6093.801933333333	-4768.98571886287	5090.0964	-4053.205529314375	4020.1730666666667	-2356.9761373077276	5235.572266666667	-10106.499008478708	18154.020933333333	-12920.434809026508
2018-01-03 12:00:00	10069.441200000001	-2540.7675867271373	7111.283400000001	-3595.338784456293	9024.997800000001	-4516.5723276884055	7538.497200000001	-3838.633753135705	5953.9272	-2233.707338373808	7753.948800000001	-9567.31802799949	26886.334800000004	-12236.492579811635
2018-01-03 12:10:00	10069.441200000001	-2544.946491800938	7111.283400000001	-3597.563236902586	9024.997800000001	-4519.508303609764	7538.497200000001	-3841.0018602261234	5953.9272	-2237.695555031647	7753.948800000001	-9573.585168782005	26886.334800000004	-12260.721771057903
2018-01-03 12:20:00	10069.441200000001	-2550.027065296683	7111.283400000001	-3598.385590665508	9024.997800000001	-4521.36809664835	7538.497200000001	-3842.1198324169263	5953.9272	-2241.150557049148	7753.948800000001	-9578.36549859258	26886.334800000004	-12279.798632363865
2018-01-03 12:30:00	10069.441200000001	-2555.127285044251	7111.283400000001	-3599.3779143023694	9024.997800000001	-4523.327328306985	7538.497200000001	-3843.381902229804	5953.9272	-2244.6376884654037	7753.948800000001	-9581.527133064357	26886.334800000004	-12299.136370935263
2018-01-03 12:40:00	10069.441200000001	-2560.2483300378753	7111.283400000001	-3600.4524579737717	9024.997800000001	-4525.383188521922	7538.497200000001	-3844.729827896116	5953.9272	-2248.1561105845813	7753.948800000001	-9583.61863209924	26886.334800000004	-12318.723337564003
2018-01-03 12:50:00	10069.441200000001	-2565.390140162246	7111.283400000001	-3601.6085152461565	9024.997800000001	-4527.5347206431015	7538.497200000001	-3846.162827022771	5953.9272	-2251.7055886398703	7753.948800000001	-9585.00220972923	26886.334800000004	-12338.555458957391
2018-01-03 13:00:00	11618.586000000001	-2443.782436323874	8205.327000000001	-3422.832999052034	10413.459	-4303.716090049626	8698.266	-3655.5075564678664	6869.916000000001	-2143.9298196915506	8946.864000000001	-9102.968011898274	31022.694000000003	-11746.784309360428
2018-01-03 13:10:00	11618.586000000001	-2452.4846047608753	8205.327000000001	-3430.171835763429	10413.459	-4313.511710540781	8698.266	-3663.5366972183656	6869.916000000001	-2150.3947789746207	8946.864000000001	-9109.311186049186	31022.694000000003	-11797.242204662016
2018-01-03 13:20:00	11618.586000000001	-2459.613189723168	8205.327000000001	-3434.1881954967957	10413.459	-4319.1587189146485	8698.266	-3667.999008344308	6869.916000000001	-2155.175184893288	8946.864000000001	-9113.509139141866	31022.694000000003	-11832.685515556343
2018-01-03 13:30:00	11618.586000000001	-2466.4202145547315	8205.327000000001	-3437.794412524594	10413.459	-4324.286526874419	8698.266	-3672.0221325532766	6869.916000000001	-2159.6892530437062	8946.864000000001	-9116.482894216044	31022.694000000003	-11865.281230289485
2018-01-03 13:40:00	11618.586000000001	-2472.9067964446185	8205.327000000001	-3440.9902555648296	10413.459	-4328.894650849636	8698.266	-3675.605740012841	6869.916000000001	-2163.9374948945215	8946.864000000001	-9118.646605375021	31022.694000000003	-11895.059486584465
2018-01-03 13:50:00	11618.586000000001	-2479.0757538869548	8205.327000000001	-3443.7799146953585	10413.459	-4332.988253904405	8698.266	-3678.7542837411	6869.916000000001	-2167.921914186486	8946.864000000001	-9120.27445230165	31022.694000000003	-11922.06643573131
2018-01-03 14:00:00	15147.1936	-2375.5302768214733	10697.315200000001	-3290.801088851753	13576.065066666666	-4141.46054839357	11339.9616	-3515.610984553243	8956.334933333334	-2075.5416659997354	11664.059733333333	-8704.695388253713	40444.40106666667	-11418.343528575533
2018-01-03 14:10:00	15147.1936	-2381.4228035931646	10697.315200000001	-3295.494365618264	13576.065066666666	-4147.7510131775125	11339.9616	-3520.7917159627505	8956.334933333334	-2080.0717446968556	11664.059733333333	-8709.448906816222	40444.40106666667	-11459.13195063686
2018-01-03 14:20:00	15147.1936	-2390.3755485489582	10697.315200000001	-3301.46236313844	13576.065066666666	-4155.759485161459	11339.9616	-3527.3214215879416	8956.334933333334	-2085.5254879094573	11664.059733333333	-8714.024924502119	40444.40106666667	-11502.612465190949
2018-01-03 14:30:00	15147.1936	-2399.181641621495	10697.315200000001	-3307.274756561277	13576.065066666666	-4163.569334474712	11339.9616	-3533.6838973382582	8956.334933333334	-2090.8794462111073	11664.059733333333	-8717.05056387352	40444.40106666667	-11544.809001544527
2018-01-03 14:40:00	15147.1936	-2407.847025588131	10697.315200000001	-3312.935306475043	13576.065066666666	-4171.185509311708	11339.9616	-3539.8831572428935	8956.334933333334	-2096.1354528935954	11664.059733333333	-8719.052104042403	40444.40106666667	-11585.748035288241
2018-01-03 14:50:00	15147.1936	-2416.373035470575	10697.315200000001	-3318.44555679475	13576.065066666666	-4178.609926283611	11339.9616	-3545.920849011947	8956.334933333334	-2101.2942447775877	11664.059733333333	-8720.376174542405	40444.40106666667	-11625.450149281329
2018-01-03 15:00:00	13942.303200000002	-2274.4266126744733	9846.3924	-3110.2816144461685	12496.1508	-3917.6973259932165	10437.9192	-3323.850505459299	8243.8992	-1974.2849242500306	10736.2368	-8148.307339504803	37227.232800000005	-10938.374414220401
2018-01-03 15:10:00	13942.303200000002	-2288.971109723352	9846.3924	-3123.7840900289484	12496.1508	-3935.1685362444587	10437.9192	-3338.413917001828	8243.8992	-1983.4296281108855	10736.2368	-8155.413242258814	37227.232800000005	-11010.333502527079
2018-01-03 15:20:00	13942.303200000002	-2298.205782195566	9846.3924	-3131.2954591145462	12496.1508	-3944.9927528955195	10437.9192	-3346.5600020564107	8243.8992	-1989.386343943719	10736.2368	-8158.481825301582	37227.232800000005	-11059.387219663957
2018-01-03 15:30:00	13942.303200000002	-2307.3682508417187	9846.3924	-3138.739252920266	12496.1508	-3954.731285023481	10437.9192	-3354.6333776803567	8243.8992	-1995.301528454842	10736.2368	-8160.51350293496	37227.232800000005	-11107.667991767245
2018-01-03 15:40:00	13942.303200000002	-2316.451696150867	9846.3924	-3146.107160889429	12496.1508	-3964.3732278594725	10437.9192	-3362.625067545918	8243.8992	-2001.1721683420365	10736.2368	-8161.857509957406	37227.232800000005	-11155.158311265623
2018-01-03 15:50:00	13942.303200000002	-2325.456810536849	9846.3924	-3153.3999703472527	12496.1508	-3973.9195568813193	10437.9192	-3370.535912868474	8243.8992	-2006.998602456666	10736.2368	-8162.746606391849	37227.232800000005	-11201.871160044517
2018-01-03 16:00:00	8348.1692	-2409.9495275353675	5895.6794	-3267.959280279142	7482.263133333332	-4118.169941072214	6249.865199999999	-3492.957675109101	4936.161866666666	-2079.1721044091973	6428.4874666666665	-8451.404344534221	22290.380133333332	-11612.51266146099
2018-01-03 16:10:00	8348.1692	-2420.666255179771	5895.6794	-3274.291956819142	7482.263133333332	-4126.785424139287	6249.865199999999	-3499.836596625544	4936.161866666666	-2084.932265331554	6428.4874666666665	-8448.827404896238	22290.380133333332	-11642.717981495116
2018-01-03 16:20:00	8348.1692	-2425.6634589114183	5895.6794	-3277.64407311967	7482.263133333332	-4131.4181678664445	6249.865199999999	-3503.5409385171915	4936.161866666666	-2088.8174203425597	6428.4874666666665	-8444.571030769608	22290.380133333332	-11664.87939241231
2018-01-03 16:30:00	8348.1692	-2430.8877488489743	5895.6794	-3281.341069394418	7482.263133333332	-4136.481137796583	6249.865199999999	-3507.612450786086	4936.161866666666	-2092.907591688576	6428.4874666666665	-8441.561116008676	22290.380133333332	-11688.977778825996
2018-01-03 16:40:00	8348.1692	-2434.342279543429	5895.6794	-3285.3743742210127	7482.263133333332	-4141.96320351519	6249.865199999999	-3512.0419932385867	4936.161866666666	-2097.199035669957	6428.4874666666665	-8439.373271579067	22290.380133333332	-11714.967782733627
2018-01-03 16:50:00	8348.1692	-2436.4869018160716	5895.6794	-3289.740567857428	7482.263133333332	-4147.860218850665	6249.865199999999	-3516.825951541061	4936.161866666666	-2101.690239183413	6428.4874666666665	-8437.729250878274	22290.380133333332	-11736.467264926905
2018-01-03 17:00:00	1635.2084	-2512.535064402324	1154.8238000000001	-3400.5690946567456	1465.5979333333332	-4287.448387308864	1224.2004	-3635.261714139053	966.8770666666667	-2172.017933954523	1259.1882666666668	-8721.314137923018	4366.156933333334	-12106.778475851472
2018-01-03 17:10:00	1635.2084	-2515.978551851905	1154.8238000000001	-3405.3819788113224	1465.5979333333332	-4294.229636431257	1224.2004	-3640.5137623937135	966.8770666666667	-2177.3067789698534	1259.1882666666668	-8717.35725308863	4366.156933333334	-12109.841354672528
2018-01-03 17:20:00	1635.2084	-2513.23118708259	1154.8238000000001	-3404.9068213136206	1465.5979333333332	-4294.090133959515	1224.2004	-3640.1262013453534	966.8770666666667	-2179.353291744359	1259.1882666666668	-8711.441418840755	4366.156933333334	-12102.694133525987
2018-01-03 17:30:00	1635.2084	-2511.4299413169015	1154.8238000000001	-3404.53728613389	1465.5979333333332	-4294.079180149744	1224.2004	-3639.850200618497	966.8770666666667	-2181.4454990987906	1259.1882666666668	-8707.53143132431	4366.156933333334	-12098.741292797331
2018-01-03 17:40:00	1635.2084	-2510.244618952975	1154.8238000000001	-3404.2641058813924	1465.5979333333332	-4294.184547074414	1224.2004	-3639.675832548297	966.8770666666667	-2183.579583790992	1259.1882666666668	-8704.94486993388	4366.156933333334	-12096.549206683729
2018-01-03 17:50:00	1635.2084	-2509.464615127598	1154.8238000000001	-3404.0863105706476	1465.5979333333332	-4294.405099287942	1224.2004	-3639.6020815150623	966.8770666666667	-2185.7552340399516	1259.1882666666668	-8703.233792792731	4366.156933333334	-12095.333571285555
2018-01-03 18:00:00	0.0	-2655.854684132249	0.0	-3612.6983339731028	0.0	-4556.813278077128	0.0	-3862.417578156028	0.0	-2317.024660828111	0.0	-9262.304846110466	0.0	-12803.64301225181
2018-01-03 18:10:00	0.0	-2653.474148784716	0.0	-3605.966911325203	0.0	-4548.909645395031	0.0	-3855.34581034742	0.0	-2316.0809495792187	0.0	-9255.177914114167	0.0	-12774.463076395557
2018-01-03 18:20:00	0.0	-2651.5834555960023	0.0	-3601.5278470279554	0.0	-4543.975927870108	0.0	-3850.731142404427	0.0	-2316.340185265653	0.0	-9250.427727707907	0.0	-12748.220410647227
2018-01-03 18:30:00	0.0	-2648.3307526900476	0.0	-3595.1680709900415	0.0	-4536.622595784912	0.0	-3844.0642374988256	0.0	-2315.371941432425	0.0	-9246.367651594404	0.0	-12710.383681344723
2018-01-03 18:40:00	0.0	-2643.730399298607	0.0	-3586.9135830048776	0.0	-4526.8820646111535	0.0	-3835.372783458822	0.0	-2313.1880356061506	0.0	-9242.765033192833	0.0	-12661.162738338457
2018-01-03 18:50:00	0.0	-2637.7925373719286	0.0	-3576.78368760732	0.0	-4514.777992492658	0.0	-3824.6772533913104	0.0	-2309.797620612749	0.0	-9239.465033498143	0.0	-12600.743956153185
2018-01-03 19:00:00	0.0	-2728.4165960728947	0.0	-3703.8801923752444	0.0	-4674.9866365371345	0.0	-3960.47286609373	0.0	-2391.2006835226375	0.0	-9609.660967971316	0.0	-13001.851408681248
2018-01-03 19:10:00	0.0	-2716.9093082558948	0.0	-3685.8586959517743	0.0	-4652.974045499828	0.0	-3941.349658583204	0.0	-2383.35509413056	0.0	-9603.142389511899	0.0	-12900.866540693916
2018-01-03 19:20:00	0.0	-2706.4502475946742	0.0	-3669.1729120284595	0.0	-4632.55533494537	0.0	-3923.6692025374373	0.0	-2375.801202787078	0.0	-9598.620050334048	0.0	-12807.36042823541
2018-01-03 19:30:00	0.0	-2696.080281872173	0.0	-3652.6554651671477	0.0	-4612.336997845359	0.0	-3906.1657078227217	0.0	-2368.30395147619	0.0	-9595.628634911358	0.0	-12715.377298357043
2018-01-03 19:40:00	0.0	-2685.7999902503843	0.0	-3636.3064079744818	0.0	-4592.319191823041	0.0	-3888.839313762053	0.0	-2360.8631622054268	0.0	-9593.649740575049	0.0	-12624.900311555417
2018-01-03 19:50:00	0.0	-2675.608595350071	0.0	-3621.989981826755	0.0	-4572.49992529411	0.0	-3871.688224911485	0.0	-2353.4784105318167	0.0	-9592.340653813062	0.0	-12535.904790002833
2018-01-03 20:00:00	0.0	-2744.4833991319556	0.0	-3725.4263138113783	0.0	-4693.795339327552	0.0	-3980.413772901345	0.0	-2415.520440225153	0.0	-9892.548629153385	0.0	-12829.743517805899
2018-01-03 20:10:00	0.0	-2732.08022283801	0.0	-3718.032052338765	0.0	-4679.542002879043	0.0	-3971.5155136649137	0.0	-2406.555771877369	0.0	-9889.070826690115	0.0	-12728.336841214035
2018-01-03 20:20:00	0.0	-2720.876793186499	0.0	-3714.269058154247	0.0	-4671.626998617224	0.0	-3966.840783680701	0.0	-2398.3104022101566	0.0	-9887.26819673441	0.0	-12675.120396713559
2018-01-03 20:30:00	0.0	-2709.5713780880233	0.0	-3711.8975613439975	0.0	-4666.559902627946	0.0	-3963.876410432656	0.0	-2389.9522637746286	0.0	-9886.271621507518	0.0	-12647.664159928077
2018-01-03 20:40:00	0.0	-2698.1667013279007	0.0	-3710.441564086981	0.0	-4663.364008057567	0.0	-3962.0373224474206	0.0	-2381.483083054403	0.0	-9885.808589668177	0.0	-12632.924579906694
2018-01-03 20:50:00	0.0	-2686.6636186682135	0.0	-3709.586961534577	0.0	-4661.396297566435	0.0	-3960.937579675928	0.0	-2372.9036954083035	0.0	-9885.698509146545	0.0	-12625.238971037044
2018-01-03 21:00:00	0.0	-2675.0629813574997	0.0	-3709.1274184911913	0.0	-4660.234721272982	0.0	-3960.3236097186373	0.0	-2364.214931137845	0.0	-9885.8219143257	0.0	-12621.46517057509
2018-01-03 21:10:00	0.0	-2663.3656326718274	0.0	-3708.9273921605745	0.0	-4659.602261471018	0.0	-3960.028807552581	0.0	-2355.4176139758697	0.0	-9886.099775855217	0.0	-12619.8606805452
2018-01-03 21:20:00	0.0	-2652.1353227820987	0.0	-3709.0022272784536	0.0	-4659.458350139603	0.0	-3960.054405235449	0.0	-2346.9932727110513	0.0	-9886.45273071787	0.0	-12619.509196056528
2018-01-03 21:30:00	0.0	-2641.0667162739173	0.0	-3709.051092785344	0.0	-4659.363491035686	0.0	-3960.0709090407354	0.0	-2338.689633770805	0.0	-9886.68604016965	0.0	-12619.313629181084
2018-01-03 21:40:00	0.0	-2632.5870177664315	0.0	-3709.0831932249516	0.0	-4659.30122964897	0.0	-3960.0817530055033	0.0	-2330.5060515414975	0.0	-9886.840380115671	0.0	-12619.205177495312
2018-01-03 21:50:00	0.0	-2627.254749781102	0.0	-3709.1042801796607	0.0	-4659.260363594749	0.0	-3960.088877826869	0.0	-2322.4416231826744	0.0	-9886.942479664598	0.0	-12619.145035135674
2018-01-03 22:00:00	0.0	-2657.2655983483355	0.0	-3756.7101289512243	0.0	-4719.001843008145	0.0	-4010.9007105530363	0.0	-2344.4932276783084	0.0	-10014.69115427787	0.0	-12780.893309320483
2018-01-03 22:10:00	0.0	-2654.33507728978	0.0	-3755.822638910662	0.0	-4717.837737486965	0.0	-4009.948977418175	0.0	-2339.282057229276	0.0	-10013.124630160673	0.0	-12778.103740446488
2018-01-03 22:20:00	0.0	-2652.906846147606	0.0	-3755.891618497452	0.0	-4717.923969029655	0.0	-4010.021171096783	0.0	-2336.2452236623503	0.0	-10012.322263845104	0.0	-12778.399139371078
2018-01-03 22:30:00	0.0	-2651.9663347709493	0.0	-3755.9360020362456	0.0	-4717.979311032265	0.0	-4010.0676039263144	0.0	-2334.2571244913483	0.0	-10011.791232668307	0.0	-12778.560731231806
2018-01-03 22:40:00	0.0	-2651.347431777555	0.0	-3755.965159143361	0.0	-4718.01563730722	0.0	-4010.0981131652848	0.0	-2332.955848153491	0.0	-10011.43994328411	0.0	-12778.65034535231
2018-01-03 22:50:00	0.0	-2650.9401624236284	0.0	-3755.984312599704	0.0	-4718.039480509859	0.0	-4010.1181586757457	0.0	-2332.1041196959927	0.0	-10011.207557072976	0.0	-12778.700041232403
2018-01-03 23:00:00	0.0	-2617.150547528898	0.0	-3708.404732254794	0.0	-4658.286607961794	0.0	-3959.323998935961	0.0	-2302.1022678176055	0.0	-9883.37184966717	0.0	-12616.945470701883
2018-01-03 23:10:00	0.0	-2617.5960986868026	0.0	-3709.3097952463495	0.0	-4659.443652821215	0.0	-3960.287684466185	0.0	-2302.1894936173894	0.0	-9884.881699019159	0.0	-12619.732478750302
2018-01-03 23:20:00	0.0	-2617.3298230221635	0.0	-3709.1687009189254	0.0	-4659.23958406166	0.0	-3960.1346241942465	0.0	-2301.803913207849	0.0	-9885.668185262835	0.0	-12619.39522732147
2018-01-03 23:30:00	0.0	-2617.2130301508987	0.0	-3709.158660496939	0.0	-4659.211183890565	0.0	-3960.122187891362	0.0	-2301.6063681480005	0.0	-9886.34583541388	0.0	-12619.601576668765
2018-01-03 23:40:00	0.0	-2617.193784997763	0.0	-3709.2335433233775	0.0	-4659.296505269148	0.0	-3960.2008911862886	0.0	-2301.531378187936	0.0	-9886.95109757783	0.0	-12620.106635545597
2018-01-03 23:50:00	0.0	-2617.2387321966385	0.0	-3709.3642142857907	0.0	-4659.456471447174	0.0	-3960.339477890116	0.0	-2301.5366052227287	0.0	-9887.508473753642	0.0	-12620.777348224601
2018-01-04 00:00:00	0.0	-2687.4795635344008	0.0	-3809.1314685813286	0.0	-4784.747825030117	0.0	-4066.845988135154	0.0	-2363.215479008129	0.0	-10155.244018873444	0.0	-12960.113934845574
2018-01-04 00:10:00	0.0	-2686.3494043926466	0.0	-3807.5275429796184	0.0	-4782.693077480427	0.0	-4065.137852801513	0.0	-2362.4023797480954	0.0	-10152.526228223309	0.0	-12955.383238885306
2018-01-04 00:20:00	0.0	-2686.7252694760064	0.0	-3807.946574726982	0.0	-4783.266838938478	0.0	-4065.590010564812	0.0	-2362.742825011248	0.0	-10151.339597005408	0.0	-12956.884055921137
2018-01-04 00:30:00	0.0	-2686.9711232704954	0.0	-3808.219739796578	0.0	-4783.640592826453	0.0	-4065.884833960365	0.0	-2362.9647456299203	0.0	-10150.553967691947	0.0	-12957.711365190578
2018-01-04 00:40:00	0.0	-2687.1329093747477	0.0	-3808.3991863101946	0.0	-4783.885914985546	0.0	-4066.0785452121004	0.0	-2363.110000942323	0.0	-10150.03425625913	0.0	-12958.17015877429
2018-01-04 00:50:00	0.0	-2687.2393727489325	0.0	-3808.5170656322816	0.0	-4784.0469351943275	0.0	-4066.2058194409296	0.0	-2363.205075330764	0.0	-10149.690455024685	0.0	-12958.424584538941
2018-01-04 01:00:00	0.0	-2617.1557050533083	0.0	-3708.994301412021	0.0	-4659.069936900442	0.0	-3959.960590647478	0.0	-2301.6461880510496	0.0	-9882.250334174525	0.0	-12619.990906455852
2018-01-04 01:10:00	0.0	-2618.4475305728283	0.0	-3710.84130086828	0.0	-4661.4362162645575	0.0	-3961.9283187005108	0.0	-2302.5925359011385	0.0	-9885.32367796364	0.0	-12625.615730437732
2018-01-04 01:20:00	0.0	-2618.2942639852313	0.0	-3710.7462078589506	0.0	-4661.2829561456565	0.0	-3961.8213801985107	0.0	-2302.461639790154	0.0	-9886.880527878298	0.0	-12625.03936169702
2018-01-04 01:30:00	0.0	-2618.1947376971657	0.0	-3710.6856065418096	0.0	-4661.184885353764	0.0	-3961.7531268868875	0.0	-2302.3767484900623	0.0	-9887.910924015554	0.0	-12624.724193758522
2018-01-04 01:40:00	0.0	-2618.12924260245	0.0	-3710.6457945426114	0.0	-4661.120511610007	0.0	-3961.7082794567527	0.0	-2302.3211834904664	0.0	-9888.592555063122	0.0	-12624.549410611835
2018-01-04 01:50:00	0.0	-2618.0861435211623	0.0	-3710.619641825179	0.0	-4661.078259089738	0.0	-3961.678813304873	0.0	-2302.284814351102	0.0	-9889.043470231274	0.0	-12624.452483856669
2018-01-04 02:00:00	0.0	-2618.0577821466645	0.0	-3710.602461961259	0.0	-4661.050526110445	0.0	-3961.659453126886	0.0	-2302.261009539824	0.0	-9889.341761351292	0.0	-12624.39873269889
2018-01-04 02:10:00	0.0	-2618.039118928348	0.0	-3710.591176414166	0.0	-4661.032323216623	0.0	-3961.646732887991	0.0	-2302.2454284991377	0.0	-9889.539088029493	0.0	-12624.368924758257
2018-01-04 02:20:00	0.0	-2618.02683758712	0.0	-3710.583762876213	0.0	-4661.020375515672	0.0	-3961.6383752955235	0.0	-2302.2352301898236	0.0	-9889.669624325465	0.0	-12624.352394633866
2018-01-04 02:30:00	0.0	-2618.018755843671	0.0	-3710.5788928823617	0.0	-4661.012533490114	0.0	-3961.632884097417	0.0	-2302.2285550571883	0.0	-9889.755977193323	0.0	-12624.343227780779
2018-01-04 02:40:00	0.0	-2618.013437647884	0.0	-3710.5756937566175	0.0	-4661.007386276866	0.0	-3961.6292762095186	0.0	-2302.2241859608876	0.0	-9889.813101671469	0.0	-12624.338144262141
2018-01-04 02:50:00	0.0	-2618.0099380061793	0.0	-3710.573592233324	0.0	-4661.004007837965	0.0	-3961.6269057149907	0.0	-2302.2213262420482	0.0	-9889.850890873895	0.0	-12624.335325174552
2018-01-04 03:00:00	0.0	-2601.3386963892667	0.0	-3686.906678310062	0.0	-4631.281474763615	0.0	-3936.3610481321693	0.0	-2287.5778861372964	0.0	-9826.385324050969	0.0	-12543.886458391613
2018-01-04 03:10:00	0.0	-2601.346810771245	0.0	-3686.919250687355	0.0	-4631.297893265179	0.0	-3936.374485254366	0.0	-2287.5830458207156	0.0	-9826.40579143919	0.0	-12543.902201694307
2018-01-04 03:20:00	0.0	-2601.33758642196	0.0	-3686.90531883222	0.0	-4631.279792447703	0.0	-3936.359471396065	0.0	-2287.5763943903407	0.0	-9826.374974604529	0.0	-12543.857068024368
2018-01-04 03:30:00	0.0	-2601.3315356533026	0.0	-3686.896198566667	0.0	-4631.267954452923	0.0	-3936.3496410390135	0.0	-2287.572051295022	0.0	-9826.354635371417	0.0	-12543.832103954755
2018-01-04 03:40:00	0.0	-2601.327553915467	0.0	-3686.8902073680442	0.0	-4631.260184370093	0.0	-3936.3431821387053	0.0	-2287.569208583427	0.0	-9826.34118043268	0.0	-12543.818259939002
2018-01-04 03:50:00	0.0	-2601.3249337303596	0.0	-3686.886271716199	0.0	-4631.255084376673	0.0	-3936.3389384398174	0.0	-2287.5673479339557	0.0	-9826.33227966887	0.0	-12543.810582677774
2018-01-04 04:00:00	0.0	-2507.730123110434	0.0	-3554.00610545621	0.0	-4464.377655148533	0.0	-3794.481783333319	0.0	-2205.356312064034	0.0	-9469.839927153269	0.0	-12092.109422292207
2018-01-04 04:10:00	0.0	-2509.1097576594398	0.0	-3555.994860819909	0.0	-4466.921494195465	0.0	-3796.599783037869	0.0	-2206.3586960759953	0.0	-9473.388758413397	0.0	-12098.229104367325
2018-01-04 04:20:00	0.0	-2508.8987701201104	0.0	-3555.8391148278615	0.0	-4466.684290826384	0.0	-3796.4269622508227	0.0	-2206.178953526877	0.0	-9475.168418166391	0.0	-12097.501511605531
2018-01-04 04:30:00	0.0	-2508.7614147069166	0.0	-3555.738890947419	0.0	-4466.5314212103585	0.0	-3796.315659977047	0.0	-2206.0621805962382	0.0	-9476.346306915255	0.0	-12097.102998505838
2018-01-04 04:40:00	0.0	-2508.67102585396	0.0	-3555.6730502886307	0.0	-4466.431079018498	0.0	-3796.242527626375	0.0	-2205.9857478621893	0.0	-9477.125508590827	0.0	-12096.88199501368
2018-01-04 04:50:00	0.0	-2508.6115453719367	0.0	-3555.629799160771	0.0	-4466.365218085938	0.0	-3796.194477356586	0.0	-2205.9357200626096	0.0	-9477.64096961948	0.0	-12096.75943640202
2018-01-04 05:00:00	0.0	-2514.0788601692198	0.0	-3563.4190873727143	0.0	-4476.13983777143	0.0	-3804.508746977489	0.0	-2210.7397171782222	0.0	-9498.955235840665	0.0	-12123.266580091953
2018-01-04 05:10:00	0.0	-2513.929319429518	0.0	-3563.2219090487915	0.0	-4475.883236238928	0.0	-3804.297905437124	0.0	-2210.6282407881663	0.0	-9498.858545202453	0.0	-12122.675354253524
2018-01-04 05:20:00	0.0	-2513.9300002429595	0.0	-3563.221302564087	0.0	-4475.882955784967	0.0	-3804.297293790329	0.0	-2210.6294510272182	0.0	-9498.838221392934	0.0	-12122.712430322108
2018-01-04 05:30:00	0.0	-2513.930316730644	0.0	-3563.2207201880597	0.0	-4475.882522880029	0.0	-3804.2966938787026	0.0	-2210.6301655545954	0.0	-9498.824730585095	0.0	-12122.732550326265
2018-01-04 05:40:00	0.0	-2513.9305251702813	0.0	-3563.22033788423	0.0	-4475.882239105338	0.0	-3804.296300002139	0.0	-2210.630633318054	0.0	-9498.815806133876	0.0	-12122.743708509164
2018-01-04 05:50:00	0.0	-2513.930662333978	0.0	-3563.2200867461393	0.0	-4475.882052845481	0.0	-3804.2960412123457	0.0	-2210.6309394848963	0.0	-9498.809902390676	0.0	-12122.74989633563
2018-01-04 06:00:00	0.0	-2513.9307525946974	0.0	-3563.219921771997	0.0	-4475.88193059134	0.0	-3804.2958711792403	0.0	-2210.631139881419	0.0	-9498.805996919891	0.0	-12122.753327826284
2018-01-04 06:10:00	0.0	-2513.930811990861	0.0	-3563.219813399477	0.0	-4475.881850348205	0.0	-3804.2957594621	0.0	-2210.63127104769	0.0	-9498.803413355276	0.0	-12122.75523077689
2018-01-04 06:20:00	0.0	-2513.644745048181	0.0	-3562.815844661992	0.0	-4475.335226211852	0.0	-3803.867360464722	0.0	-2210.300273785133	0.0	-9498.906499090093	0.0	-12122.562799246196
2018-01-04 06:30:00	0.0	-2513.7358975815996	0.0	-3562.9457083910593	0.0	-4475.4808398727	0.0	-3804.007301135051	0.0	-2210.346929568068	0.0	-9499.734653788006	0.0	-12124.347961656436
2018-01-04 06:40:00	0.0	-2514.074529204153	0.0	-3563.425109569529	0.0	-4476.079257722223	0.0	-3804.519438863318	0.0	-2210.6401500085735	0.0	-9501.04176711861	0.0	-12127.227290499799
2018-01-04 06:50:00	0.0	-2514.5760155535104	0.0	-3564.1341254907834	0.0	-4476.974882124013	0.0	-3805.2761234220443	0.0	-2211.0947561220646	0.0	-9502.665724053699	0.0	-12130.7133976702
2018-01-04 07:00:00	0.0	-2546.0148188644685	0.0	-3608.764585746235	0.0	-4533.034850943246	0.0	-3852.921099629212	0.0	-2238.7354821005174	0.0	-9621.926653527784	0.0	-12283.326464603926
2018-01-04 07:10:00	0.0	-2546.0731513661026	0.0	-3608.828265438229	0.0	-4533.108893886951	0.0	-3852.9906541530504	0.0	-2238.913338160456	0.0	-9622.2867358827	0.0	-12284.564447611836
2018-01-04 07:20:00	0.0	-2547.248371927205	0.0	-3610.421232716127	0.0	-4535.194288383354	0.0	-3854.689624758773	0.0	-2240.0817927863436	0.0	-9623.379117871615	0.0	-12289.218447735082
2018-01-04 07:30:00	0.0	-2547.94807250408	0.0	-3611.363403340213	0.0	-4536.4298386384935	0.0	-3855.694723424131	0.0	-2240.777492182206	0.0	-9623.904321944732	0.0	-12291.305436214081
2018-01-04 07:40:00	0.0	-2548.3364631779828	0.0	-3611.880423639326	0.0	-4537.110793029129	0.0	-3856.2464595209026	0.0	-2241.164930261685	0.0	-9624.055434963999	0.0	-12291.974262581683
2018-01-04 07:50:00	0.0	-2548.519993921516	0.0	-3612.1181567674207	0.0	-4537.4277264301645	0.0	-3856.5003184489333	0.0	-2241.4164521959497	0.0	-9623.959076486064	0.0	-12291.856633619347
2018-01-04 08:00:00	0.0	-2517.7390792478254	0.0	-3568.4025000893694	0.0	-4482.537358196956	0.0	-3809.831576666608	0.0	-2214.7119145874753	0.0	-9506.271992715912	0.0	-12142.514006369942
2018-01-04 08:10:00	0.0	-2518.3199128056376	0.0	-3569.2314781025034	0.0	-4483.603202826592	0.0	-3810.714475344747	0.0	-2216.134847515169	0.0	-9507.515612252788	0.0	-12144.489196032568
2018-01-04 08:20:00	0.0	-2517.9837665657556	0.0	-3568.8162072374657	0.0	-4483.043596031478	0.0	-3810.270040399743	0.0	-2216.23521530059	0.0	-9507.969161101328	0.0	-12143.160462383548
2018-01-04 08:30:00	0.0	-2517.8356789050927	0.0	-3568.6468494238975	0.0	-4482.808392598072	0.0	-3810.088330568115	0.0	-2216.1037336198538	0.0	-9508.46615507564	0.0	-12142.915751730778
2018-01-04 08:40:00	0.0	-2517.8102927839336	0.0	-3568.6375160416137	0.0	-4482.784056642944	0.0	-3810.077609968901	0.0	-2215.7411848398897	0.0	-9508.99129092194	0.0	-12143.268669699844
2018-01-04 08:50:00	0.0	-2517.865651965335	0.0	-3568.7333058831473	0.0	-4482.898129505176	0.0	-3810.179237054391	0.0	-2215.25125404878	0.0	-9509.53504393805	0.0	-12143.953010011272
2018-01-04 09:00:00	258.1908	-2445.67652703672	182.34060000000002	-3466.2548284565937	231.4102	-4354.198595333457	193.2948	-3700.777081499798	152.6648	-2151.505899264435	198.81920000000002	-9234.719174842254	689.3932000000001	-11795.901676255524
2018-01-04 09:10:00	258.1908	-2446.919112897994	182.34060000000002	-3468.1610840159697	231.4102	-4356.6257746500205	193.2948	-3702.8072025780175	152.6648	-2152.2567374960126	198.81920000000002	-9238.499430768221	689.3932000000001	-11802.28476714264
2018-01-04 09:20:00	258.1908	-2447.102355940472	182.34060000000002	-3468.478175385546	231.4102	-4357.003403349014	193.2948	-3703.13872321159	152.6648	-2152.2540217194464	198.81920000000002	-9240.826047736758	689.3932000000001	-11803.118680834395
2018-01-04 09:30:00	258.1908	-2447.223781797339	182.34060000000002	-3468.6878098315838	231.4102	-4357.253064673498	193.2948	-3703.3579828415764	152.6648	-2152.2527614669443	198.81920000000002	-9242.365346981283	689.3932000000001	-11803.584401481925
2018-01-04 09:40:00	258.1908	-2447.3036851361458	182.34060000000002	-3468.825518152942	231.4102	-4357.416930648548	193.2948	-3703.502041385168	152.6648	-2152.251936047351	198.81920000000002	-9243.38363165133	689.3932000000001	-11803.842665499438
2018-01-04 09:50:00	258.1908	-2447.356265643254	182.34060000000002	-3468.9159796451936	231.4102	-4357.524486335796	193.2948	-3703.5966924735826	152.6648	-2152.251395782747	198.81920000000002	-9244.057252372784	689.3932000000001	-11803.98588724708
2018-01-04 10:00:00	2667.9716	-2430.3313911058713	1884.1862	-3444.755549099711	2391.238733333333	-4327.178610262677	1997.3795999999998	-3677.8028018143327	1577.5362666666667	-2137.266396038579	2054.4650666666666	-9179.526180185589	7123.729733333334	-11721.733660057369
2018-01-04 10:10:00	2667.9716	-2428.9702521937224	1884.1862	-3443.837958311132	2391.238733333333	-4325.942831643423	1997.3795999999998	-3676.8246933536807	1577.5362666666667	-2136.6506299963316	2054.4650666666666	-9179.710074591323	7123.729733333334	-11720.464677325577
2018-01-04 10:20:00	2667.9716	-2430.167523621365	1884.1862	-3444.810068173477	2391.238733333333	-4327.203095740113	1997.3795999999998	-3677.862121587585	1577.5362666666667	-2137.2956409775534	2054.4650666666666	-9181.084176153845	7123.729733333334	-11724.018869488373
2018-01-04 10:30:00	2667.9716	-2430.952610211888	1884.1862	-3445.4464048937652	2391.238733333333	-4328.027220468748	1997.3795999999998	-3678.5413314950533	1577.5362666666667	-2137.94207531349	2054.4650666666666	-9181.991854677708	7123.729733333334	-11725.984721943038
2018-01-04 10:40:00	2667.9716	-2431.4692413114917	1884.1862	-3445.8644218806294	2391.238733333333	-4328.568150670288	1997.3795999999998	-3678.9875977271436	1577.5362666666667	-2138.583634545489	2054.4650666666666	-9182.59230816745	7123.729733333334	-11727.074902743949
2018-01-04 10:50:00	2667.9716	-2431.80921117626	1884.1862	-3446.1390199836496	2391.238733333333	-4328.923197680395	1997.3795999999998	-3679.2808089960777	1577.5362666666667	-2139.2203624371277	2054.4650666666666	-9182.98952319677	7123.729733333334	-11727.679468658323
2018-01-04 11:00:00	5766.2612	-2341.395039547864	4072.2734000000005	-3317.6376786506316	5168.161133333333	-4167.551458024603	4316.9172	-3542.0983569321434	3409.5138666666667	-2060.238627305627	4440.295466666667	-8838.027578095574	15396.448133333335	-11290.581424862867
2018-01-04 11:10:00	5766.2612	-2341.3900969447213	4072.2734000000005	-3318.3237854945774	5168.161133333333	-4168.354622857413	4316.9172	-3542.8291280669673	3409.5138666666667	-2061.699598890086	4440.295466666667	-8841.28813599341	15396.448133333335	-11294.633430299797
2018-01-04 11:20:00	5766.2612	-2344.630898204876	4072.2734000000005	-3319.596182830096	5168.161133333333	-4169.980989685127	4316.9172	-3544.181185780084	3409.5138666666667	-2064.3698979019723	4440.295466666667	-8844.555875400638	15396.448133333335	-11305.958456162094
2018-01-04 11:30:00	5766.2612	-2348.099550650105	4072.2734000000005	-3320.328676858957	5168.161133333333	-4171.003774838196	4316.9172	-3544.9593316513838	3409.5138666666667	-2067.2509629786305	4440.295466666667	-8846.51960689767	15396.448133333335	-11319.577816854038
2018-01-04 11:40:00	5766.2612	-2351.798112544794	4072.2734000000005	-3321.0579526250676	5168.161133333333	-4172.6321102365755	4316.9172	-3545.9411138556616	3409.5138666666667	-2070.342259474022	4440.295466666667	-8847.622088153512	15396.448133333335	-11335.258602599584
2018-01-04 11:50:00	5766.2612	-2355.724355836899	4072.2734000000005	-3322.226742818303	5168.161133333333	-4174.71308191843	4316.9172	-3547.3621036508584	3409.5138666666667	-2073.6422034763823	4440.295466666667	-8848.154828865823	15396.448133333335	-11352.967359334092
2018-01-04 12:00:00	7057.215200000001	-2285.408401778155	4983.9764000000005	-3218.0242996783745	6325.212133333333	-4044.4586415136127	5283.3912	-3436.291842487586	4172.837866666667	-2011.7390149641842	5434.391466666667	-8564.651168528362	18843.414133333335	-11013.27383456899
2018-01-04 12:10:00	7057.215200000001	-2291.395592501669	4983.9764000000005	-3223.0347430994516	6325.212133333333	-4051.2730821415207	5283.3912	-3441.8109715968967	4172.837866666667	-2016.8939941047192	5434.391466666667	-8567.728058598139	18843.414133333335	-11051.542439609904
2018-01-04 12:20:00	7057.215200000001	-2297.1925549901352	4983.9764000000005	-3226.7751259380257	6325.212133333333	-4056.521467422417	5283.3912	-3445.9628939617487	4172.837866666667	-2021.4445714413223	5434.391466666667	-8569.80113337712	18843.414133333335	-11084.04921787815
2018-01-04 12:30:00	7057.215200000001	-2303.002970380103	4983.9764000000005	-3230.5720138396846	6325.212133333333	-4061.8365900956214	5283.3912	-3450.1738664949444	4172.837866666667	-2026.0191926871694	5434.391466666667	-8571.172486451967	18843.414133333335	-11116.59850605133
2018-01-04 12:40:00	7057.215200000001	-2308.8265581431187	4983.9764000000005	-3234.422814536385	6325.212133333333	-4067.2152515048347	5283.3912	-3454.4411081358576	4172.837866666667	-2030.617012234714	5434.391466666667	-8572.079672229129	18843.414133333335	-11149.181685785854
2018-01-04 12:50:00	7057.215200000001	-2314.6633034445113	4983.9764000000005	-3238.3269815418535	6325.212133333333	-4072.656825246104	5283.3912	-3458.764052290784	4172.837866666667	-2035.2378556326203	5434.391466666667	-8572.679799221256	18843.414133333335	-11181.798204289964
2018-01-04 13:00:00	6110.5156	-2303.0644827483893	4315.3942	-3217.507182743205	5476.708066666666	-4047.0452840853377	4574.643599999999	-3436.691637520549	3613.0669333333335	-2024.5549430742258	4705.387733333333	-8506.600593979376	16315.639066666667	-11130.239885414017
2018-01-04 13:10:00	6110.5156	-2309.7075785204133	4315.3942	-3222.04460382914	5476.708066666666	-4053.3191006984016	4574.643599999999	-3441.6870669443097	3613.0669333333335	-2029.5528883547931	4705.387733333333	-8506.912572968755	16315.639066666667	-11163.29405075067
2018-01-04 13:20:00	6110.5156	-2314.354619335315	4315.3942	-3224.6649888514203	5476.708066666666	-4057.1484213987133	4574.643599999999	-3444.633114639063	3613.0669333333335	-2033.421322403563	4705.387733333333	-8506.589128923068	16315.639066666667	-11188.053780941698
2018-01-04 13:30:00	6110.5156	-2318.703047600872	4315.3942	-3226.887006617003	5476.708066666666	-4060.473517304079	4574.643599999999	-3447.1526523185266	3613.0669333333335	-2037.0294943427834	4705.387733333333	-8506.572611596053	16315.639066666667	-11210.129826946837
2018-01-04 13:40:00	6110.5156	-2322.753102796397	4315.3942	-3228.712417494089	5476.708066666666	-4063.2963781919243	4574.643599999999	-3449.247518402324	3613.0669333333335	-2040.3784483791633	4705.387733333333	-8506.75836461777	16315.639066666667	-11229.558560550382
2018-01-04 13:50:00	6110.5156	-2326.507464131123	4315.3942	-3230.1452684101105	5476.708066666666	-4065.621989606636	4574.643599999999	-3450.9220139867484	3613.0669333333335	-2043.470137999404	4705.387733333333	-8507.077925571175	16315.639066666667	-11246.383346219
2018-01-04 14:00:00	5766.2612	-2254.423442883899	4072.2734000000005	-3123.9071100115702	5168.161133333333	-3932.7281269223467	4316.9172	-3337.6511840216617	3409.5138666666667	-1979.9479028573755	4440.295466666667	-8219.633830412968	15396.448133333335	-10896.062977564081
2018-01-04 14:10:00	5766.2612	-2260.530137553529	4072.2734000000005	-3128.570145508356	5168.161133333333	-3939.097634317469	4316.9172	-3342.7696665748617	3409.5138666666667	-1984.53097304028	4440.295466666667	-8223.351027311652	15396.448133333335	-10925.032582953449
2018-01-04 14:20:00	5766.2612	-2264.5808027709754	4072.2734000000005	-3130.8485141925325	5168.161133333333	-3942.416927119847	4316.9172	-3345.3311703659556	3409.5138666666667	-1987.8703511919252	4440.295466666667	-8225.301966072653	15396.448133333335	-10944.661984758073
2018-01-04 14:30:00	5766.2612	-2268.5360231307404	4072.2734000000005	-3133.014441286469	5168.161133333333	-3945.591506314845	4316.9172	-3347.771561647154	3409.5138666666667	-1991.128134626258	4440.295466666667	-8226.593101720242	15396.448133333335	-10963.414468837298
2018-01-04 14:40:00	5766.2612	-2272.3940153200874	4072.2734000000005	-3135.0656227794784	5168.161133333333	-3948.6182895307547	4316.9172	-3350.0883389100845	3409.5138666666667	-1994.303710170419	4440.295466666667	-8227.4472216125	15396.448133333335	-10981.292881611149
2018-01-04 14:50:00	5766.2612	-2276.1557674751066	4072.2734000000005	-3137.0032334534394	5168.161133333333	-3951.4987483269406	4316.9172	-3352.2827580103085	3409.5138666666667	-1997.3976982164227	4440.295466666667	-8228.01224456649	15396.448133333335	-10998.31154822995
2018-01-04 15:00:00	4475.3072	-2221.4020838471533	3160.5704	-3055.8602828727103	4011.110133333333	-3850.042204374898	3350.4431999999997	-3265.7837409270446	2646.1898666666666	-1949.094262784046	3446.199466666667	-8005.7648574792265	11949.482133333335	-10732.546018003908
2018-01-04 15:10:00	4475.3072	-2228.66282480435	3160.5704	-3062.069740354926	4011.110133333333	-3858.318349138202	3350.4431999999997	-3272.5333005379366	2646.1898666666666	-1954.3413197918344	3446.199466666667	-8009.304731340296	11949.482133333335	-10765.46382381875
2018-01-04 15:20:00	4475.3072	-2232.3200908406106	3160.5704	-3064.592826729457	4011.110133333333	-3861.868467545663	3350.4431999999997	-3275.336258754362	2646.1898666666666	-1957.5749467798323	3446.199466666667	-8010.503479187629	11949.482133333335	-10784.636907800905
2018-01-04 15:30:00	4475.3072	-2235.950987823676	3160.5704	-3067.095759498978	4011.110133333333	-3865.3906760774594	3350.4431999999997	-3278.1168618976403	2646.1898666666666	-1960.7863279628846	3446.199466666667	-8011.297693507188	11949.482133333335	-10803.51442312386
2018-01-04 15:40:00	4475.3072	-2239.550664421072	3160.5704	-3069.5731724174716	4011.110133333333	-3868.877945519774	3350.4431999999997	-3280.8693275451556	2646.1898666666666	-1963.973525747384	3446.199466666667	-8011.823086290514	11949.482133333335	-10822.0828722232
2018-01-04 15:50:00	4475.3072	-2243.119408682004	3160.5704	-3072.0253342268284	4011.110133333333	-3872.330635365149	3350.4431999999997	-3283.593949595142	2646.1898666666666	-1967.1367242940005	3446.199466666667	-8012.170647703825	11949.482133333335	-10840.347342335284
2018-01-04 16:00:00	2409.7808	-2268.2682557545118	1701.8456	-3105.145797213179	2159.828533333333	-3914.2937540970843	1804.0847999999999	-3319.057446168386	1424.8714666666667	-1989.2591641107294	1855.6458666666667	-8094.761680865879	6434.336533333333	-10962.606941832502
2018-01-04 16:10:00	2409.7808	-2272.3915430104703	1701.8456	-3107.1408011562503	2159.828533333333	-3917.270481255957	1804.0847999999999	-3321.290308544911	1424.8714666666667	-1992.3296681139357	1855.6458666666667	-8093.720670057135	6434.336533333333	-10974.225345472085
2018-01-04 16:20:00	2409.7808	-2274.7955289520764	1701.8456	-3108.5961766902833	2159.828533333333	-3919.4737685024375	1804.0847999999999	-3322.9497193417424	1424.8714666666667	-1995.0329648621544	1855.6458666666667	-8092.064404105162	6434.336533333333	-10985.652271508556
2018-01-04 16:30:00	2409.7808	-2277.4418781445715	1701.8456	-3110.412265631349	2159.828533333333	-3922.126647598081	1804.0847999999999	-3324.9932290803395	1424.8714666666667	-1997.9487042786461	1855.6458666666667	-8090.77275908794	6434.336533333333	-10999.182544191
2018-01-04 16:40:00	2409.7808	-2280.3257814974017	1701.8456	-3112.5840179605234	2159.828533333333	-3925.222752227498	1804.0847999999999	-3327.4154803645856	1424.8714666666667	-2001.0746720796922	1855.6458666666667	-8089.7215034415	6434.336533333333	-11014.778554053708
2018-01-04 16:50:00	2409.7808	-2283.4452690354824	1701.8456	-3115.1078105598403	2159.828533333333	-3928.7576909017125	1804.0847999999999	-3330.21264407025	1424.8714666666667	-2004.409285893866	1855.6458666666667	-8088.829272647734	6434.336533333333	-11032.406487202159
2018-01-04 17:00:00	516.3816	-2265.1896626693942	364.68120000000005	-3087.2881649201477	462.8204	-3894.1844593122983	386.5896	-3300.6160580288943	305.3296	-1988.969959681362	397.63840000000005	-8005.680394003801	1378.7864000000002	-10947.748729751216
2018-01-04 17:10:00	516.3816	-2271.362916567349	364.68120000000005	-3093.042513608683	462.8204	-3901.8490391840282	386.5896	-3306.8573608993465	305.3296	-1994.1112258202452	397.63840000000005	-8006.3452758437	1378.7864000000002	-10976.891739765502
2018-01-04 17:20:00	516.3816	-2273.8837121845445	364.68120000000005	-3095.4872091162274	462.8204	-3905.2595208305734	386.5896	-3309.5595305955158	305.3296	-1997.373472132103	397.63840000000005	-8005.419993074525	1378.7864000000002	-10994.111930602496
2018-01-04 17:30:00	516.3816	-2276.452040491858	364.68120000000005	-3098.0048137219987	462.8204	-3908.7592717159064	386.5896	-3312.338847054123	305.3296	-2000.6708695832835	397.63840000000005	-8004.809339462683	1378.7864000000002	-11011.634124406839
2018-01-04 17:40:00	516.3816	-2279.0624054340833	364.68120000000005	-3100.5894421753896	462.8204	-3912.3406533973207	386.5896	-3315.18899198672	305.3296	-2004.0011292891231	397.63840000000005	-8004.405374195656	1378.7864000000002	-11029.436695137458
2018-01-04 17:50:00	516.3816	-2281.7146223385344	364.68120000000005	-3103.240418888045	462.8204	-3916.0028679734946	386.5896	-3318.109257244226	305.3296	-2007.3640058397013	397.63840000000005	-8004.138140342848	1378.7864000000002	-11047.515071562946
2018-01-04 18:00:00	0.0	-2360.5075403404935	0.0	-3214.048377646578	0.0	-4055.4844368811664	0.0	-3436.490652505817	0.0	-2077.602420328203	0.0	-8294.047121348043	0.0	-11433.110931609073
2018-01-04 18:10:00	0.0	-2361.0035467677408	0.0	-3213.2884056629136	0.0	-4054.9018095331867	0.0	-3435.768886945404	0.0	-2079.322381185728	0.0	-8290.721119901325	0.0	-11434.825798047335
2018-01-04 18:20:00	0.0	-2362.1051773655604	0.0	-3213.687034170477	0.0	-4055.8895875251583	0.0	-3436.2849355406893	0.0	-2081.747048065765	0.0	-8288.609181390166	0.0	-11435.090171912176
2018-01-04 18:30:00	0.0	-2361.8168932128697	0.0	-3212.1143860825932	0.0	-4054.3974731724575	0.0	-3434.6955321561713	0.0	-2082.9266336574397	0.0	-8286.29288559323	0.0	-11423.314142467436
2018-01-04 18:40:00	0.0	-2360.1535206831923	0.0	-3208.5953391285134	0.0	-4050.4564024915785	0.0	-3431.0271263287045	0.0	-2082.8725826141854	0.0	-8283.842468631645	0.0	-11399.70950891255
2018-01-04 18:50:00	0.0	-2357.126997493808	0.0	-3203.149723755444	0.0	-4044.090651822698	0.0	-3425.300741618779	0.0	-2081.5941825453456	0.0	-8281.30332584707	0.0	-11364.46990354888
2018-01-04 19:00:00	0.0	-2367.8675193727418	0.0	-3217.27222174019	0.0	-4062.292013834757	0.0	-3440.4625958876786	0.0	-2092.379493183636	0.0	-8336.336330164122	0.0	-11390.751577164236
2018-01-04 19:10:00	0.0	-2361.6195024162794	0.0	-3207.2694532878263	0.0	-4050.194887838671	0.0	-3429.8685191789705	0.0	-2088.3039764548676	0.0	-8333.053198869884	0.0	-11329.397444692495
2018-01-04 19:20:00	0.0	-2354.7888186631226	0.0	-3196.4322942165436	0.0	-4036.9410491744616	0.0	-3418.3919192759167	0.0	-2083.4130633395666	0.0	-8330.188403595519	0.0	-11266.933262739378
2018-01-04 19:30:00	0.0	-2348.018946514241	0.0	-3185.707033530208	0.0	-4023.82065922322	0.0	-3407.0329504771016	0.0	-2078.5598789023356	0.0	-8328.293999559366	0.0	-11205.494611648819
2018-01-04 19:40:00	0.0	-2341.3085710777696	0.0	-3175.091092489439	0.0	-4010.830376890003	0.0	-3395.7888900576354	0.0	-2073.743237882319	0.0	-8327.040800614323	0.0	-11145.061800350255
2018-01-04 19:50:00	0.0	-2334.657182572798	0.0	-3164.5833572092065	0.0	-3997.968912632413	0.0	-3384.658577042927	0.0	-2068.9628665117116	0.0	-8326.21177650369	0.0	-11085.618366201836
2018-01-04 20:00:00	0.0	-2312.942725287577	0.0	-3132.7026243513274	0.0	-3958.2610635545225	0.0	-3350.7101064307412	0.0	-2050.9373935500444	0.0	-8268.031657866743	0.0	-10954.153187328966
2018-01-04 20:10:00	0.0	-2306.938373193923	0.0	-3123.1707175671827	0.0	-3946.6072923402844	0.0	-3340.617810261229	0.0	-2046.6047021529985	0.0	-8268.31556303975	0.0	-10900.053397046662
2018-01-04 20:20:00	0.0	-2300.1502875077654	0.0	-3113.774792408556	0.0	-3933.6208057292324	0.0	-3329.3954338831168	0.0	-2041.645617947725	0.0	-8268.432093921205	0.0	-10841.69160337429
2018-01-04 20:30:00	0.0	-2293.2261046424273	0.0	-3108.1633019157684	0.0	-3920.4117123732667	0.0	-3321.5118490056348	0.0	-2036.549944325123	0.0	-8268.706207466206	0.0	-10782.570463101292
2018-01-04 20:40:00	0.0	-2286.16606412726	0.0	-3104.5785320586697	0.0	-3909.990788137491	0.0	-3316.6238199139725	0.0	-2031.3181927964529	0.0	-8269.08428206582	0.0	-10722.697637942469
2018-01-04 20:50:00	0.0	-2278.9713450976305	0.0	-3102.3257874206006	0.0	-3903.573336989983	0.0	-3313.5208390513844	0.0	-2025.9513884469063	0.0	-8269.531129950386	0.0	-10662.08543894545
2018-01-04 21:00:00	0.0	-2276.168354703614	0.0	-3107.3754900663203	0.0	-3907.5627963505754	0.0	-3318.4525888849817	0.0	-2024.4248826274859	0.0	-8287.266348872952	0.0	-10624.20321405831
2018-01-04 21:10:00	0.0	-2268.1854221572185	0.0	-3106.2201334688443	0.0	-3904.563302080904	0.0	-3316.918217249422	0.0	-2018.4201845548125	0.0	-8287.144567312427	0.0	-10595.800613927426
2018-01-04 21:20:00	0.0	-2260.9738306644194	0.0	-3105.917620618018	0.0	-3903.1921222622095	0.0	-3316.39700973157	0.0	-2012.9951678601267	0.0	-8287.303733443818	0.0	-10581.293263073178
2018-01-04 21:30:00	0.0	-2253.891198515417	0.0	-3105.7182449872594	0.0	-3902.291241802161	0.0	-3316.053858495377	0.0	-2007.668164317758	0.0	-8287.408772259836	0.0	-10573.246605641856
2018-01-04 21:40:00	0.0	-2246.937508810885	0.0	-3105.587274527921	0.0	-3901.6999367081607	0.0	-3315.8283977018373	0.0	-2002.4389436932279	0.0	-8287.4782584779	0.0	-10568.784277312909
2018-01-04 21:50:00	0.0	-2240.108841350679	0.0	-3105.501239019878	0.0	-3901.311824735259	0.0	-3315.6802624431407	0.0	-1997.3067681758268	0.0	-8287.524225445024	0.0	-10566.309661930507
2018-01-04 22:00:00	0.0	-2235.6864867794575	0.0	-3108.685419440141	0.0	-3905.1269095067846	0.0	-3319.042563174807	0.0	-1994.2751305744673	0.0	-8296.248392915588	0.0	-10575.953660690237
2018-01-04 22:10:00	0.0	-2228.843974741911	0.0	-3108.4720533200634	0.0	-3904.7345112911244	0.0	-3318.790959046592	0.0	-1989.1494286907741	0.0	-8295.946403676136	0.0	-10574.641277889272
2018-01-04 22:20:00	0.0	-2222.2169019024327	0.0	-3108.4567549807352	0.0	-3904.6398186292727	0.0	-3318.7592038654307	0.0	-1984.1737331873017	0.0	-8295.781752442315	0.0	-10574.268679621582
2018-01-04 22:30:00	0.0	-2215.6469058653347	0.0	-3108.4465268641884	0.0	-3904.577424212445	0.0	-3318.738147511765	0.0	-1979.2353861961535	0.0	-8295.672794125847	0.0	-10574.061622896648
2018-01-04 22:40:00	0.0	-2209.133714544882	0.0	-3108.439808190749	0.0	-3904.5364710593967	0.0	-3318.724313062133	0.0	-1974.3342253236394	0.0	-8295.600715364108	0.0	-10573.94679866433
2018-01-04 22:50:00	0.0	-2203.169509228303	0.0	-3108.4353946419365	0.0	-3904.5095908427984	0.0	-3318.7152233672887	0.0	-1969.4699706638994	0.0	-8295.553033361446	0.0	-10573.883122084084
2018-01-04 23:00:00	0.0	-2175.003430841748	0.0	-3073.615455792111	0.0	-3860.7669527798084	0.0	-3281.540058510836	0.0	-1943.1057396438418	0.0	-8202.118504868573	0.0	-10455.49182299167
2018-01-04 23:10:00	0.0	-2172.982151463142	0.0	-3074.156669487199	0.0	-3861.450048502498	0.0	-3282.1145485342254	0.0	-1938.8793330881904	0.0	-8203.068251401326	0.0	-10457.144205605748
2018-01-04 23:20:00	0.0	-2171.287857448576	0.0	-3074.0302314631317	0.0	-3861.2657400560392	0.0	-3281.977137532603	0.0	-1933.9900093098545	0.0	-8203.565722161684	0.0	-10456.897450269584
2018-01-04 23:30:00	0.0	-2170.2312522185357	0.0	-3074.0296808618114	0.0	-3861.2501061746734	0.0	-3281.974832484104	0.0	-1928.9985224888999	0.0	-8204.052525246025	0.0	-10457.154184163126
2018-01-04 23:40:00	0.0	-2169.5937178699396	0.0	-3074.111019657257	0.0	-3861.3440902132024	0.0	-3282.0604290898495	0.0	-1923.9050494864393	0.0	-8204.53196592718	0.0	-10457.6882481073
2018-01-04 23:50:00	0.0	-2169.2319548832043	0.0	-3074.246153315365	0.0	-3861.510025127372	0.0	-3282.2037813287793	0.0	-1918.7103595258216	0.0	-8205.00653648352	0.0	-10458.376109487406
2018-01-05 00:00:00	0.0	-2206.9474838645465	0.0	-3128.218168339924	0.0	-3929.289887641769	0.0	-3339.821325030727	0.0	-1947.7930474414443	0.0	-8349.810018320553	0.0	-10642.040399254265
2018-01-05 00:10:00	0.0	-2206.260569239329	0.0	-3127.509212373737	0.0	-3928.3796330203786	0.0	-3339.0662737160305	0.0	-1944.6742171352505	0.0	-8348.662476107056	0.0	-10640.077602217221
2018-01-05 00:20:00	0.0	-2206.431015244017	0.0	-3127.868509504085	0.0	-3928.85993990301	0.0	-3339.4517640786357	0.0	-1943.133675007826	0.0	-8348.285238454228	0.0	-10641.28245825328
2018-01-05 00:30:00	0.0	-2206.542349909558	0.0	-3128.1033550849443	0.0	-3929.173598671752	0.0	-3339.703775872484	0.0	-1942.124811565095	0.0	-8348.035281575025	0.0	-10641.94784493621
2018-01-05 00:40:00	0.0	-2206.6156150589118	0.0	-3128.2576286310264	0.0	-3929.379475656985	0.0	-3339.8693578282946	0.0	-1941.4644758905567	0.0	-8347.869928950162	0.0	-10642.316843075687
2018-01-05 00:50:00	0.0	-2206.6638273679637	0.0	-3128.358972102073	0.0	-3929.5146060868797	0.0	-3339.9781506785307	0.0	-1941.032263215771	0.0	-8347.7605438374	0.0	-10642.521473539577
2018-01-05 01:00:00	0.0	-2244.379633337871	0.0	-3181.9263848670485	0.0	-3996.792349479072	0.0	-3397.164854159566	0.0	-1973.8502691308863	0.0	-8491.2143685773	0.0	-10824.503874402402
2018-01-05 01:10:00	0.0	-2243.7747026345583	0.0	-3181.067860762439	0.0	-3995.696652205675	0.0	-3396.2509472186207	0.0	-1973.210291090897	0.0	-8489.550222757542	0.0	-10821.784488775898
2018-01-05 01:20:00	0.0	-2243.881751054729	0.0	-3181.163085716141	0.0	-3995.8371816454146	0.0	-3396.3557409957693	0.0	-1973.1690023555295	0.0	-8488.694968514306	0.0	-10822.136989075567
2018-01-05 01:30:00	0.0	-2243.951522950226	0.0	-3181.2246974961568	0.0	-3995.9281459309614	0.0	-3396.423579632639	0.0	-1973.1415816989304	0.0	-8488.128935555074	0.0	-10822.330219978488
2018-01-05 01:40:00	0.0	-2243.9974373987043	0.0	-3181.2651720820772	0.0	-3995.987853570582	0.0	-3396.468153320587	0.0	-1973.1236343433106	0.0	-8487.754490248173	0.0	-10822.437380193694
2018-01-05 01:50:00	0.0	-2244.027651505501	0.0	-3181.291760138434	0.0	-3996.0270435579278	0.0	-3396.4974397063347	0.0	-1973.1118871764104	0.0	-8487.506784900363	0.0	-10822.496806606363
2018-01-05 02:00:00	0.0	-2244.0475339676827	0.0	-3181.3092260315616	0.0	-3996.0527664843053	0.0	-3396.516681830804	0.0	-1973.1041982484157	0.0	-8487.34292134504	0.0	-10822.52976192203
2018-01-05 02:10:00	0.0	-2244.060617667459	0.0	-3181.3206995074197	0.0	-3996.0696501065268	0.0	-3396.5293245432626	0.0	-1973.0991655784658	0.0	-8487.234521324615	0.0	-10822.548037513337
2018-01-05 02:20:00	0.0	-2244.0692274260646	0.0	-3181.328236519543	0.0	-3996.08073192107	0.0	-3396.537631223673	0.0	-1973.0958715215088	0.0	-8487.162811880713	0.0	-10822.558172365047
2018-01-05 02:30:00	0.0	-2244.074893097434	0.0	-3181.3331876391912	0.0	-3996.0880056335245	0.0	-3396.54308898755	0.0	-1973.0937154470323	0.0	-8487.115374211196	0.0	-10822.563792715016
2018-01-05 02:40:00	0.0	-2244.078621405456	0.0	-3181.3364400667283	0.0	-3996.0927798420053	0.0	-3396.5466749190105	0.0	-1973.0923042215372	0.0	-8487.083992954183	0.0	-10822.566909517798
2018-01-05 02:50:00	0.0	-2244.0810748270883	0.0	-3181.3385766107094	0.0	-3996.0959134641917	0.0	-3396.5490309946417	0.0	-1973.0913805255295	0.0	-8487.063233433282	0.0	-10822.568637961664
2018-01-05 03:00:00	0.0	-2244.082689306814	0.0	-3181.3399801224327	0.0	-3996.0979702633213	0.0	-3396.550579014275	0.0	-1973.0907759344568	0.0	-8487.04950046816	0.0	-10822.569596481824
2018-01-05 03:10:00	0.0	-2244.083751718894	0.0	-3181.3409020997824	0.0	-3996.0993202738	0.0	-3396.551596114394	0.0	-1973.0903802086443	0.0	-8487.04041575316	0.0	-10822.570128035592
2018-01-05 03:20:00	0.0	-2244.084450841597	0.0	-3181.3415077536	0.0	-3996.1002063730803	0.0	-3396.552264382838	0.0	-1973.090121192385	0.0	-8487.034405976978	0.0	-10822.570422812303
2018-01-05 03:30:00	0.0	-2244.0849109008914	0.0	-3181.341905612124	0.0	-3996.100787977411	0.0	-3396.5527034573183	0.0	-1973.0899516572588	0.0	-8487.030430353112	0.0	-10822.570586282704
2018-01-05 03:40:00	0.0	-2244.0852136439644	0.0	-3181.3421669683653	0.0	-3996.101169722011	0.0	-3396.552991943762	0.0	-1973.0898406906385	0.0	-8487.027800374117	0.0	-10822.570676936311
2018-01-05 03:50:00	0.0	-2244.0854128647366	0.0	-3181.342338655236	0.0	-3996.1014202856954	0.0	-3396.5531814889227	0.0	-1973.089768059149	0.0	-8487.026060574346	0.0	-10822.570727208884
2018-01-05 04:00:00	0.0	-2238.861000327206	0.0	-3173.925056649402	0.0	-3986.78644827618	0.0	-3388.634810956366	0.0	-1968.5005774911745	0.0	-8467.126248757837	0.0	-10797.356321015992
2018-01-05 04:10:00	0.0	-2238.8641116696413	0.0	-3173.9293649481547	0.0	-3986.792170964025	0.0	-3388.639435221559	0.0	-1968.5025520977028	0.0	-8467.126721334107	0.0	-10797.361554250976
2018-01-05 04:20:00	0.0	-2238.8615840945386	0.0	-3173.925224409769	0.0	-3986.786855991565	0.0	-3388.6349839625245	0.0	-1968.5006942297168	0.0	-8467.113101085732	0.0	-10797.34753612603
2018-01-05 04:30:00	0.0	-2238.8599269005326	0.0	-3173.9225144226875	0.0	-3986.7833808767646	0.0	-3388.6320701100985	0.0	-1968.4994814925076	0.0	-8467.10410568125	0.0	-10797.339782747518
2018-01-05 04:40:00	0.0	-2238.8588363721	0.0	-3173.9207341975907	0.0	-3986.7810999138946	0.0	-3388.6301555970813	0.0	-1968.4986877104723	0.0	-8467.098154970448	0.0	-10797.335483034507
2018-01-05 04:50:00	0.0	-2238.858118747355	0.0	-3173.919564754381	0.0	-3986.779602770231	0.0	-3388.6288976986643	0.0	-1968.4981681526026	0.0	-8467.094218419723	0.0	-10797.333098599727
2018-01-05 05:00:00	0.0	-2244.082190243616	0.0	-3181.3361915051532	0.0	-3996.0937567918504	0.0	-3396.5465664799904	0.0	-1973.086971190516	0.0	-8486.990276169992	0.0	-10822.546211067369
2018-01-05 05:10:00	0.0	-2244.078854512786	0.0	-3181.3314527843154	0.0	-3996.087497240492	0.0	-3396.541481161958	0.0	-1973.0847429434398	0.0	-8486.98731958982	0.0	-10822.540260170108
2018-01-05 05:20:00	0.0	-2244.081234298111	0.0	-3181.3353103764557	0.0	-3996.0924595760143	0.0	-3396.5456292804747	0.0	-1973.0864347050542	0.0	-8486.999296207969	0.0	-10822.553879828409
2018-01-05 05:30:00	0.0	-2244.0827942390088	0.0	-3181.337834494496	0.0	-3996.0957032329766	0.0	-3396.5483439600434	0.0	-1973.0875387200365	0.0	-8487.00720430859	0.0	-10822.561412235314
2018-01-05 05:40:00	0.0	-2244.0838207697766	0.0	-3181.339492620761	0.0	-3996.097832275002	0.0	-3396.5501276098335	0.0	-1973.0882613395775	0.0	-8487.01243573924	0.0	-10822.565589406844
2018-01-05 05:50:00	0.0	-2244.084496280689	0.0	-3181.3405818562887	0.0	-3996.0992297031244	0.0	-3396.5512995267527	0.0	-1973.088734319117	0.0	-8487.015896467197	0.0	-10822.567905885293
2018-01-05 06:00:00	0.0	-2226.690794121338	0.0	-3156.6464621000646	0.0	-3965.0871336240352	0.0	-3370.1889139353148	0.0	-1957.8103446890568	0.0	-8420.769314645651	0.0	-10738.62242287672
2018-01-05 06:10:00	0.0	-2226.7011587439224	0.0	-3156.661030122017	0.0	-3965.106430174967	0.0	-3370.2045440910592	0.0	-1957.8172254664187	0.0	-8420.774937784174	0.0	-10738.640508094137
2018-01-05 06:20:00	0.0	-2226.4061500676653	0.0	-3156.242800835738	0.0	-3964.5413845834128	0.0	-3369.7608169948794	0.0	-1957.479589376045	0.0	-8420.837242168313	0.0	-10738.40038229549
2018-01-05 06:30:00	0.0	-2226.49191800152	0.0	-3156.3640078474987	0.0	-3964.6758171061188	0.0	-3369.8914453395155	0.0	-1957.5223624577488	0.0	-8421.639770866785	0.0	-10740.162407104483
2018-01-05 06:40:00	0.0	-2226.827483432659	0.0	-3156.838397154482	0.0	-3965.2677569729904	0.0	-3370.398184037669	0.0	-1957.8134914320992	0.0	-8422.931233568846	0.0	-10743.032142931908
2018-01-05 06:50:00	0.0	-2227.3274295736805	0.0	-3157.5447960990905	0.0	-3966.1599911367725	0.0	-3371.152041341286	0.0	-1958.2671787775978	0.0	-8424.54613971586	0.0	-10746.51617029982
2018-01-05 07:00:00	0.0	-2233.7391443932356	0.0	-3166.6430929798144	0.0	-3977.596892383849	0.0	-3380.864391560756	0.0	-1963.9250417925418	0.0	-8448.479067160415	0.0	-10778.349710356473
2018-01-05 07:10:00	0.0	-2234.2942574722297	0.0	-3167.4229330210705	0.0	-3978.5866298007395	0.0	-3381.696583497003	0.0	-1964.8026389279094	0.0	-8450.126553562355	0.0	-10781.808421086114
2018-01-05 07:20:00	0.0	-2235.3988873690228	0.0	-3168.9687169684103	0.0	-3980.597974903003	0.0	-3383.3428444307215	0.0	-1967.0685072914273	0.0	-8451.889341127997	0.0	-10786.325740006498
2018-01-05 07:30:00	0.0	-2236.650913526851	0.0	-3169.8804385725402	0.0	-3981.785674885557	0.0	-3384.313900936523	0.0	-1969.432703477092	0.0	-8452.857857954623	0.0	-10793.141869389405
2018-01-05 07:40:00	0.0	-2238.0387127772883	0.0	-3170.377265450828	0.0	-3982.4349780240827	0.0	-3384.843066307915	0.0	-1971.8958481461812	0.0	-8453.301865271565	0.0	-10800.997010774461
2018-01-05 07:50:00	0.0	-2239.5469122491445	0.0	-3170.601542499566	0.0	-3982.730893191964	0.0	-3385.0818920206343	0.0	-1974.4567817599336	0.0	-8453.398894844482	0.0	-10809.875920742998
2018-01-05 08:00:00	0.0	-2235.3725600683215	0.0	-3162.4074167878284	0.0	-3972.9560019257788	0.0	-3376.373059979017	0.0	-1972.0155922504512	0.0	-8431.162485157338	0.0	-10791.754256651344
2018-01-05 08:10:00	0.0	-2237.3865280564596	0.0	-3162.952704992285	0.0	-3974.2386537953644	0.0	-3377.127894839208	0.0	-1974.9538429204974	0.0	-8431.201006160152	0.0	-10804.338297490365
2018-01-05 08:20:00	0.0	-2238.370680709269	0.0	-3162.3699434347564	0.0	-3973.725527869394	0.0	-3376.4057817415955	0.0	-1977.0247984546552	0.0	-8431.039580380548	0.0	-10810.20490668738
2018-01-05 08:30:00	0.0	-2239.0894716936837	0.0	-3162.1515385218618	0.0	-3972.894022187488	0.0	-3376.1350149877394	0.0	-1978.8483751304746	0.0	-8431.129898082107	0.0	-10813.695230552345
2018-01-05 08:40:00	0.0	-2239.5439549704465	0.0	-3162.110073039112	0.0	-3972.5605245896595	0.0	-3376.065832738325	0.0	-1980.4258473894974	0.0	-8431.386344246102	0.0	-10814.842281886828
2018-01-05 08:50:00	0.0	-2239.736026657529	0.0	-3162.184929651666	0.0	-3972.4717756343857	0.0	-3376.129234791284	0.0	-1981.7590059464585	0.0	-8431.752689171528	0.0	-10813.684422722617
2018-01-05 09:00:00	172.12720000000002	-2239.667628815878	121.56040000000002	-3162.336199018027	154.27346666666665	-3972.543792769707	128.8632	-3376.2797489495906	101.77653333333333	-1982.8496282403842	132.54613333333333	-8432.19173500704	459.5954666666667	-10810.25941773578
2018-01-05 09:10:00	172.12720000000002	-2239.2036714573774	121.56040000000002	-3162.4682672852027	154.27346666666665	-3972.6283358520036	128.8632	-3376.4135714539325	101.77653333333333	-1983.6416114128244	132.54613333333333	-8432.670654353546	459.5954666666667	-10804.539606417775
2018-01-05 09:20:00	172.12720000000002	-2239.291678243861	121.56040000000002	-3162.8760018878716	154.27346666666665	-3973.1059351347044	128.8632	-3376.843208745732	101.77653333333333	-1984.7858632228151	132.54613333333333	-8433.249836333414	459.5954666666667	-10801.334836127626
2018-01-05 09:30:00	172.12720000000002	-2239.379754047132	121.56040000000002	-3163.1433870068	154.27346666666665	-3973.418788787831	128.8632	-3377.1250031841	101.77653333333333	-1985.9215807684807	132.54613333333333	-8433.63270269903	459.5954666666667	-10798.17933417156
2018-01-05 09:40:00	172.12720000000002	-2239.469635674798	121.56040000000002	-3163.3190349692636	154.27346666666665	-3973.6241358521615	128.8632	-3377.310152184151	101.77653333333333	-1987.0494993692935	132.54613333333333	-8433.885979126724	459.5954666666667	-10795.075391615612
2018-01-05 09:50:00	172.12720000000002	-2239.5605058101246	121.56040000000002	-3163.4344194431474	154.27346666666665	-3973.7589184430567	128.8632	-3377.4318012175345	101.77653333333333	-1988.1694442360192	132.54613333333333	-8434.053528120348	459.5954666666667	-10792.022249085023
2018-01-05 10:00:00	1377.0176000000001	-2197.8431375795617	972.4832000000001	-3104.1508507281305	1234.1877333333332	-3899.3009430318107	1030.9056	-3314.142192914057	814.2122666666667	-1952.5617159684346	1060.3690666666666	-8274.919982596979	3676.7637333333337	-10587.240913763977
2018-01-05 10:10:00	1377.0176000000001	-2197.7722135942604	972.4832000000001	-3104.27185072449	1234.1877333333332	-3899.4211121785465	1030.9056	-3314.2705130691047	814.2122666666667	-1953.8295494270208	1060.3690666666666	-8275.910384617335	3676.7637333333337	-10588.970816913821
2018-01-05 10:20:00	1377.0176000000001	-2198.8615971524996	972.4832000000001	-3104.729977119074	1234.1877333333332	-3900.0025852195176	1030.9056	-3314.757426687428	814.2122666666667	-1955.468452572017	1060.3690666666666	-8277.016764227492	3676.7637333333337	-10592.313551638323
2018-01-05 10:30:00	1377.0176000000001	-2199.9405186376353	972.4832000000001	-3105.030382527807	1234.1877333333332	-3900.383498586508	1030.9056	-3315.0767659512776	814.2122666666667	-1957.0947107233499	1060.3690666666666	-8277.748185909912	3676.7637333333337	-10595.59927522311
2018-01-05 10:40:00	1377.0176000000001	-2201.010509461924	972.4832000000001	-3105.227721943971	1234.1877333333332	-3900.633517905807	1030.9056	-3315.286583334894	814.2122666666667	-1958.7087481590754	1060.3690666666666	-8278.232041187694	3676.7637333333337	-10598.831193183567
2018-01-05 10:50:00	1377.0176000000001	-2202.0714636431812	972.4832000000001	-3105.357355735367	1234.1877333333332	-3900.7976218427284	1030.9056	-3315.424440354749	814.2122666666667	-1960.3105927029226	1060.3690666666666	-8278.552124240194	3676.7637333333337	-10602.01021133257
2018-01-05 11:00:00	3528.6076000000003	-2133.9794355740055	2491.9882000000002	-3007.2709837014127	3162.6060666666667	-3777.616629138353	2641.6956	-3210.71125915547	2086.4189333333334	-1901.1742691995892	2717.1957333333335	-8015.398222332506	9421.707066666668	-10271.430600670132
2018-01-05 11:10:00	3528.6076000000003	-2135.1544632749215	2491.9882000000002	-3007.7362679241423	3162.6060666666667	-3778.418272482019	2641.6956	-3211.2065419730575	2086.4189333333334	-1903.3454704710252	2717.1957333333335	-8017.703737633205	9421.707066666668	-10285.672041477736
2018-01-05 11:20:00	3528.6076000000003	-2138.6883690121035	2491.9882000000002	-3009.5491576123277	3162.6060666666667	-3781.2654067532926	2641.6956	-3213.3142128362356	2086.4189333333334	-1906.4838319053001	2717.1957333333335	-8019.974734138532	9421.707066666668	-10305.379213811657
2018-01-05 11:30:00	3528.6076000000003	-2142.447376352035	2491.9882000000002	-3011.75604035382	3162.6060666666667	-3784.5513923270532	2641.6956	-3215.8163550625063	2086.4189333333334	-1909.829579891718	2717.1957333333335	-8021.2792478483425	9421.707066666668	-10327.046440874006
2018-01-05 11:40:00	3528.6076000000003	-2146.432366275682	2491.9882000000002	-3014.314575780507	3162.6060666666667	-3788.274368480524	2641.6956	-3218.692607235044	2086.4189333333334	-1913.3818591090894	2717.1957333333335	-8021.945406658015	9421.707066666668	-10350.646364791502
2018-01-05 11:50:00	3528.6076000000003	-2150.6411688014273	2491.9882000000002	-3017.221239119047	3162.6060666666667	-3792.4299982251346	2641.6956	-3221.939211622012	2086.4189333333334	-1917.1390066212098	2717.1957333333335	-8022.1892755467525	9421.707066666668	-10376.147356252333
2018-01-05 12:00:00	5249.8796	-2155.0717852868074	3707.5922	-3020.472481866187	4705.340733333333	-3797.0139924112045	3930.3276	-3225.5524205396982	3104.1842666666666	-1921.0994189191438	4042.657066666667	-8022.153788344295	14017.661733333334	-10403.518289679065
2018-01-05 12:10:00	5249.8796	-2158.3292200773685	3707.5922	-3023.1388859417275	4705.340733333333	-3800.7799620945007	3930.3276	-3228.5422074684343	3104.1842666666666	-1924.6751200377962	4042.657066666667	-8021.851251480154	14017.661733333334	-10432.077950480856
2018-01-05 12:20:00	5249.8796	-2163.7703367626727	3707.5922	-3027.3064739581314	4705.340733333333	-3806.5119222657704	3930.3276	-3233.133897049083	3104.1842666666666	-1929.1100221605925	4042.657066666667	-8022.410142668387	14017.661733333334	-10465.321306111968
2018-01-05 12:30:00	5249.8796	-2169.222555117588	3707.5922	-3031.5220686808425	4705.340733333333	-3812.300417794677	3930.3276	-3237.775715151934	3104.1842666666666	-1933.5681804761984	4042.657066666667	-8022.779060323091	14017.661733333334	-10498.581319681049
2018-01-05 12:40:00	5249.8796	-2174.688885859843	3707.5922	-3035.7873884271103	4705.340733333333	-3818.1478592307267	3930.3276	-3242.4695287827813	3104.1842666666666	-1938.0503467177273	4042.657066666667	-8023.023110083191	14017.661733333334	-10531.864073020046
2018-01-05 12:50:00	5249.8796	-2180.1692530599903	3707.5922	-3040.1019234743508	4705.340733333333	-3824.0536572376477	3930.3276	-3247.2148085017084	3104.1842666666666	-1942.5563812846272	4042.657066666667	-8023.184555534631	14017.661733333334	-10565.169183593003
2018-01-05 13:00:00	6110.5156	-2090.756854961034	4315.3942	-2909.6992771403957	5476.708066666666	-3660.77411636123	4574.643599999999	-3108.1414174178126	3613.0669333333335	-1863.7334689389581	4705.387733333333	-7661.712302693467	16315.639066666667	-10140.48936355521
2018-01-05 13:10:00	6110.5156	-2098.2442486168793	4315.3942	-2917.4913155826416	5476.708066666666	-3670.982391261241	4574.643599999999	-3116.596857842963	3613.0669333333335	-1869.888627239793	4705.387733333333	-7664.982726365209	16315.639066666667	-10190.644599360858
2018-01-05 13:20:00	6110.5156	-2104.5472029170314	4315.3942	-2922.9795320532958	5476.708066666666	-3678.314806473014	4574.643599999999	-3122.5809605994436	3613.0669333333335	-1874.8491430025506	4705.387733333333	-7667.093883544022	16315.639066666667	-10230.052926318087
2018-01-05 13:30:00	6110.5156	-2110.5383618183687	4315.3942	-2928.0402745263873	5476.708066666666	-3685.1083490243127	4574.643599999999	-3128.1079729623434	3613.0669333333335	-1879.5414082568996	4705.387733333333	-7668.687639879269	16315.639066666667	-10266.53825327578
2018-01-05 13:40:00	6110.5156	-2116.2193185913466	4315.3942	-2932.675053849165	5476.708066666666	-3691.3647322838024	4574.643599999999	-3133.1794397630374	3613.0669333333335	-1883.9665830105541	4705.387733333333	-7669.93885712499	16315.639066666667	-10300.137821631426
2018-01-05 13:50:00	6110.5156	-2121.592839321961	4315.3942	-2936.8882159014975	5476.708066666666	-3697.0892873057983	4574.643599999999	-3137.7999734633468	3613.0669333333335	-1888.1267687809368	4705.387733333333	-7670.963475710953	16315.639066666667	-10330.898885351107
2018-01-05 14:00:00	5766.2612	-2126.661633454578	4072.2734000000005	-2940.6840575669885	5168.161133333333	-3702.2872893149533	4316.9172	-3141.974135020113	3409.5138666666667	-1892.0240211198357	4440.295466666667	-7671.8381931098165	15396.448133333335	-10358.867906818872
2018-01-05 14:10:00	5766.2612	-2131.7070936626906	4072.2734000000005	-2944.252099100633	5168.161133333333	-3707.2125018486577	4316.9172	-3145.9037951472583	3409.5138666666667	-1895.7776861149373	4440.295466666667	-7672.630204052474	15396.448133333335	-10384.22076946787
2018-01-05 14:20:00	5766.2612	-2136.4506561974513	4072.2734000000005	-2947.7344294233026	5168.161133333333	-3712.006623363576	4316.9172	-3149.7412176035414	3409.5138666666667	-1899.4783086420935	4440.295466666667	-7673.13804675978	15396.448133333335	-10409.02099928385
2018-01-05 14:30:00	5766.2612	-2141.092307409469	4072.2734000000005	-2951.0884681109837	5168.161133333333	-3716.6367609403087	4316.9172	-3153.440756238071	3409.5138666666667	-1903.093535607452	4440.295466666667	-7673.474015598263	15396.448133333335	-10432.84715439278
2018-01-05 14:40:00	5766.2612	-2145.632669047922	4072.2734000000005	-2954.315589776251	5168.161133333333	-3721.1045902550422	4316.9172	-3157.0038779599336	3409.5138666666667	-1906.6240389445206	4440.295466666667	-7673.696268119943	15396.448133333335	-10455.715780221391
2018-01-05 14:50:00	5766.2612	-2150.0726159046926	4072.2734000000005	-2957.417087249032	5168.161133333333	-3725.4117224655483	4316.9172	-3160.431962296102	3409.5138666666667	-1910.0704522889441	4440.295466666667	-7673.843294218054	15396.448133333335	-10477.642551050016
2018-01-05 15:00:00	4475.3072	-2154.413011603213	3160.5704	-2960.3942412077954	4011.110133333333	-3729.5597499252463	3350.4431999999997	-3163.726374710625	2646.1898666666666	-1913.4334023460115	3446.199466666667	-7673.940555987469	11949.482133333335	-10498.642884299748
2018-01-05 15:10:00	4475.3072	-2159.6999650944354	3160.5704	-2963.943071427077	4011.110133333333	-3734.4822890877003	3350.4431999999997	-3167.628550291764	2646.1898666666666	-1917.1535108002063	3446.199466666667	-7674.066612033713	11949.482133333335	-10519.220124873398
2018-01-05 15:20:00	4475.3072	-2163.1189425132397	3160.5704	-2966.08358753083	4011.110133333333	-3737.5694794708124	3350.4431999999997	-3170.0260026082938	2646.1898666666666	-1920.040053435685	3446.199466666667	-7673.453171029229	11949.482133333335	-10534.87105640263
2018-01-05 15:30:00	4475.3072	-2166.5114288174673	3160.5704	-2968.2043950786424	4011.110133333333	-3740.62886408704	3350.4431999999997	-3172.4014708083873	2646.1898666666666	-1922.906138295366	3446.199466666667	-7673.048101400204	11949.482133333335	-10550.272147772917
2018-01-05 15:40:00	4475.3072	-2169.875049937342	3160.5704	-2970.303583495161	4011.110133333333	-3743.657907260984	3350.4431999999997	-3174.752906555235	2646.1898666666666	-1925.7510885722513	3446.199466666667	-7672.780136022756	11949.482133333335	-10565.42110780297
2018-01-05 15:50:00	4475.3072	-2173.21004106321	3160.5704	-2972.3813763670637	4011.110133333333	-3746.6569147835007	3350.4431999999997	-3177.0805560422027	2646.1898666666666	-1928.5750542363203	3446.199466666667	-7672.6028696260155	11949.482133333335	-10580.322065252494
2018-01-05 16:00:00	2409.7808	-2176.516595431897	1701.8456	-2974.4379910151256	2159.828533333333	-3749.6261832726477	1804.0847999999999	-3179.3846592800023	1424.8714666666667	-1931.378147461022	1855.6458666666667	-7672.485603075122	6434.336533333333	-10594.979074486972
2018-01-05 16:10:00	2409.7808	-2181.4672762603336	1701.8456	-2977.5852468086487	2159.828533333333	-3754.057268230774	1804.0847999999999	-3182.8495856722807	1424.8714666666667	-1934.8644475586937	1855.6458666666667	-7672.50677163448	6434.336533333333	-10610.17720891938
2018-01-05 16:20:00	2409.7808	-2184.003871477675	1701.8456	-2979.2836350066846	2159.828533333333	-3756.561184636732	1804.0847999999999	-3184.766472865865	1424.8714666666667	-1937.5142820704061	1855.6458666666667	-7671.378669463835	6434.336533333333	-10621.68798284742
2018-01-05 16:30:00	2409.7808	-2186.7816691120465	1701.8456	-2981.341843707254	2159.828533333333	-3759.513761215393	1804.0847999999999	-3187.066562444678	1424.8714666666667	-1940.3775855370661	1855.6458666666667	-7670.436496317023	6434.336533333333	-10635.306748972882
2018-01-05 16:40:00	2409.7808	-2189.794862443548	1701.8456	-2983.7534502911694	2159.828533333333	-3762.906845336327	1804.0847999999999	-3189.7430140316196	1424.8714666666667	-1943.451638774345	1855.6458666666667	-7669.616317761178	6434.336533333333	-10650.991051133678
2018-01-05 16:50:00	2409.7808	-2193.0414712096995	1701.8456	-2986.5148568972827	2159.828533333333	-3766.7360738754733	1804.0847999999999	-3192.7920250134844	1424.8714666666667	-1946.734856146885	1855.6458666666667	-7668.876843013124	6434.336533333333	-10668.707082206161
2018-01-05 17:00:00	774.5724	-2244.1133275333423	547.0218000000001	-3057.220754778557	694.2306	-3855.8868371710905	579.8844	-3268.373865477428	457.99440000000004	-1992.0269008430946	596.4576000000001	-7849.605131955834	2068.1796000000004	-10918.094312325671
2018-01-05 17:10:00	774.5724	-2247.8072092720518	547.0218000000001	-3059.629558432698	694.2306	-3859.3519674167055	579.8844	-3271.043415889729	457.99440000000004	-1995.3337386502385	596.4576000000001	-7847.412557183143	2068.1796000000004	-10931.831455998657
2018-01-05 17:20:00	774.5724	-2249.8055628845077	547.0218000000001	-3061.1022539245596	694.2306	-3861.5831650252258	579.8844	-3272.716943014383	457.99440000000004	-1998.0038168047795	596.4576000000001	-7845.182370564999	2068.1796000000004	-10942.703453019336
2018-01-05 17:30:00	774.5724	-2251.8518484787464	547.0218000000001	-3062.654193385903	694.2306	-3863.9106734509323	579.8844	-3274.4741659258625	457.99440000000004	-2000.3997426482306	596.4576000000001	-7843.707867830048	2068.1796000000004	-10953.969291423176
2018-01-05 17:40:00	774.5724	-2253.9432943936263	547.0218000000001	-3064.283023699813	694.2306	-3866.3314665665957	579.8844	-3276.3125829112632	457.99440000000004	-2001.9442964881996	596.4576000000001	-7842.732443561625	2068.1796000000004	-10965.618063385598
2018-01-05 17:50:00	774.5724	-2256.0796491947103	547.0218000000001	-3065.9879639031547	694.2306	-3868.844624597966	579.8844	-3278.2313752851073	457.99440000000004	-2002.9552862055766	596.4576000000001	-7842.087174057509	2068.1796000000004	-10977.643503089941
2018-01-05 18:00:00	0.0	-2305.5211910106377	0.0	-3134.8963074301814	0.0	-3955.7478241754175	0.0	-3351.8916505423326	0.0	-2045.1255963481144	0.0	-8021.823847519577	0.0	-11214.90549508483
2018-01-05 18:10:00	0.0	-2307.0370164425526	0.0	-3135.2476092277607	0.0	-3956.5996490694533	0.0	-3352.3633167128996	0.0	-2045.3000859463177	0.0	-8019.958893517258	0.0	-11217.038122994541
2018-01-05 18:20:00	0.0	-2307.9245664716905	0.0	-3135.344342873293	0.0	-3957.219979601863	0.0	-3352.559017311979	0.0	-2045.8838218885492	0.0	-8018.4519636084815	0.0	-11215.371432809166
2018-01-05 18:30:00	0.0	-2307.4252270837874	0.0	-3133.4743130864586	0.0	-3955.3659711649607	0.0	-3350.6540658644376	0.0	-2045.947313530476	0.0	-8016.535945094634	0.0	-11201.208716411827
2018-01-05 18:40:00	0.0	-2305.5520438388826	0.0	-3129.6601990561494	0.0	-3951.065695911496	0.0	-3346.672541133832	0.0	-2045.6711131476854	0.0	-8014.349987574171	0.0	-11175.252773725344
2018-01-05 18:50:00	0.0	-2302.316942190652	0.0	-3123.9218114125897	0.0	-3944.3434071895767	0.0	-3340.6354422952986	0.0	-2044.178136875362	0.0	-8011.985457447041	0.0	-11137.695966241492
2018-01-05 19:00:00	0.0	-2299.4806001178954	0.0	-3118.7628819499128	0.0	-3938.3426177479582	0.0	-3335.215455494259	0.0	-2043.0058821471632	0.0	-8016.16958745593	0.0	-11097.168352506134
2018-01-05 19:10:00	0.0	-2293.555690844878	0.0	-3109.2327800905514	0.0	-3926.845702664915	0.0	-3325.127441580085	0.0	-2039.0920012975118	0.0	-8013.608389162582	0.0	-11036.975812077246
2018-01-05 19:20:00	0.0	-2286.6987272419537	0.0	-3098.409125935468	0.0	-3913.6092627096505	0.0	-3313.664709986236	0.0	-2034.1258884011215	0.0	-8011.12707201341	0.0	-10973.918569020603
2018-01-05 19:30:00	0.0	-2279.903183282927	0.0	-3087.6979272603935	0.0	-3900.5070033673396	0.0	-3302.320219184024	0.0	-2029.198320536892	0.0	-8009.486447755049	0.0	-10911.898933518887
2018-01-05 19:40:00	0.0	-2273.167234812807	0.0	-3077.09590063008	0.0	-3887.5346650422184	0.0	-3291.0904857205005	0.0	-2024.3078548979352	0.0	-8008.401130001382	0.0	-10850.894608961631
2018-01-05 19:50:00	0.0	-2266.490371589998	0.0	-3066.601935178244	0.0	-3874.690964508353	0.0	-3279.9743515130567	0.0	-2019.4542140205956	0.0	-8007.683163251279	0.0	-10790.888987252429
2018-01-05 20:00:00	0.0	-2351.681518303848	0.0	-3186.629068422249	0.0	-4025.744274872521	0.0	-3408.192396063328	0.0	-2095.2676744080613	0.0	-8357.138203393028	0.0	-11175.03140891514
2018-01-05 20:10:00	0.0	-2342.456044197767	0.0	-3172.5181121866667	0.0	-4008.3629607419252	0.0	-3393.2127535075538	0.0	-2088.5995015620488	0.0	-8353.587077748247	0.0	-11099.90405310373
2018-01-05 20:20:00	0.0	-2334.5888043007308	0.0	-3160.179172796946	0.0	-3993.236203612513	0.0	-3380.1331369552563	0.0	-2082.7582297329245	0.0	-8351.800435376676	0.0	-11031.43860053251
2018-01-05 20:30:00	0.0	-2326.5916830398437	0.0	-3148.833849746495	0.0	-3977.902564777613	0.0	-3366.8823166971215	0.0	-2076.7855042012156	0.0	-8350.81485464793	0.0	-10962.364771808063
2018-01-05 20:40:00	0.0	-2318.4678894919284	0.0	-3142.051087244105	0.0	-3962.3679318149066	0.0	-3357.728580801135	0.0	-2070.6833282010207	0.0	-8350.359584880904	0.0	-10892.70243905273
2018-01-05 20:50:00	0.0	-2310.218518681376	0.0	-3137.6967317519416	0.0	-3951.3009728479196	0.0	-3352.0128851854724	0.0	-2064.45267589767	0.0	-8350.255129350626	0.0	-10822.461222064474
2018-01-05 21:00:00	0.0	-2301.8446596729023	0.0	-3134.9384285144865	0.0	-3944.368741581703	0.0	-3348.3660772088224	0.0	-2058.094513920397	0.0	-8350.38274666393	0.0	-10751.65059797282
2018-01-05 21:10:00	0.0	-2293.347397619379	0.0	-3133.2285829860552	0.0	-3939.9486503546736	0.0	-3346.078870496693	0.0	-2051.609803179251	0.0	-8350.663886266211	0.0	-10702.904305457705
2018-01-05 21:20:00	0.0	-2285.2905701327063	0.0	-3132.31212247412	0.0	-3937.3193490082244	0.0	-3344.7959407806284	0.0	-2045.4814107936377	0.0	-8351.019433794616	0.0	-10679.127028829562
2018-01-05 21:30:00	0.0	-2277.3687740441833	0.0	-3131.7097969920214	0.0	-3935.5931647631555	0.0	-3343.952697053392	0.0	-2039.456564029296	0.0	-8351.254458345762	0.0	-10665.937237827875
2018-01-05 21:40:00	0.0	-2269.58142420076	0.0	-3131.3141252024343	0.0	-3934.4601585801115	0.0	-3343.3986583414858	0.0	-2033.5347486181759	0.0	-8351.409933456902	0.0	-10658.62275306215
2018-01-05 21:50:00	0.0	-2261.927514670662	0.0	-3131.054205379579	0.0	-3933.7164930686963	0.0	-3343.034636485172	0.0	-2027.7151882242904	0.0	-8351.51278433133	0.0	-10654.566455103519
2018-01-05 22:00:00	0.0	-2160.8000857290276	0.0	-2997.9575295056966	0.0	-3766.293543921039	0.0	-3200.889438402636	0.0	-1939.7946923038319	0.0	-7994.981254799277	0.0	-10200.453636027734
2018-01-05 22:10:00	0.0	-2156.077616460102	0.0	-2999.665833316285	0.0	-3768.302002151861	0.0	-3202.6711238535668	0.0	-1936.0660646952686	0.0	-7998.265355559689	0.0	-10204.792190780181
2018-01-05 22:20:00	0.0	-2149.6180051003926	0.0	-2999.444370464979	0.0	-3767.8679852213327	0.0	-3202.4040829476453	0.0	-1931.1623259479354	0.0	-7999.897571321804	0.0	-10203.415371716961
2018-01-05 22:30:00	0.0	-2143.2178301666095	0.0	-2999.300811554433	0.0	-3767.5857106146527	0.0	-3202.230697201864	0.0	-1926.2967926137248	0.0	-8000.977897961842	0.0	-10202.656425246545
2018-01-05 22:40:00	0.0	-2136.87406759566	0.0	-2999.206503800422	0.0	-3767.4004314900076	0.0	-3202.116773951057	0.0	-1921.4678949281915	0.0	-8001.692562361109	0.0	-10202.235540337637
2018-01-05 22:50:00	0.0	-2130.586229518492	0.0	-2999.144552280737	0.0	-3767.278820699135	0.0	-3202.041922543746	0.0	-1916.6753583574932	0.0	-8002.165332001711	0.0	-10202.002135511644
2018-01-05 23:00:00	0.0	-2218.784354880505	0.0	-3132.0292309202646	0.0	-3934.133392458203	0.0	-3343.898229725976	0.0	-1994.1348868801979	0.0	-8359.074004128424	0.0	-10653.735380124292
2018-01-05 23:10:00	0.0	-2214.1792291616143	0.0	-3130.182874766927	0.0	-3931.753162697168	0.0	-3341.9279683169534	0.0	-1987.5260009788474	0.0	-8356.043301705138	0.0	-10648.07974349294
2018-01-05 23:20:00	0.0	-2212.1156384761116	0.0	-3130.229279472038	0.0	-3931.8290204638215	0.0	-3341.9816290776726	0.0	-1981.8296806174912	0.0	-8354.600171191492	0.0	-10648.684221070103
2018-01-05 23:30:00	0.0	-2210.814234453827	0.0	-3130.339763515153	0.0	-3931.98076133816	0.0	-3342.102165524199	0.0	-1976.0356454732905	0.0	-8353.802448264261	0.0	-10649.40699431124
2018-01-05 23:40:00	0.0	-2210.0155997410543	0.0	-3130.4940277721785	0.0	-3932.184586828245	0.0	-3342.268458163118	0.0	-1970.1456997225705	0.0	-8353.432107951417	0.0	-10650.199426295472
2018-01-05 23:50:00	0.0	-2209.5478119194668	0.0	-3130.677049098951	0.0	-3932.422595331692	0.0	-3342.464811587637	0.0	-1964.1605647002866	0.0	-8353.3444920002	0.0	-10651.03048291307
2018-01-06 00:00:00	0.0	-2301.6234604500933	0.0	-3261.9563021273307	0.0	-4097.296559806005	0.0	-3482.6135069909265	0.0	-2039.1702596878572	0.0	-8705.08466455234	0.0	-11097.462247200836
2018-01-06 00:10:00	0.0	-2300.2556873712374	0.0	-3260.3528591571453	0.0	-4095.24631011608	0.0	-3480.9066242851172	0.0	-2032.714375930392	0.0	-8702.072148832194	0.0	-11092.746409613776
2018-01-06 00:20:00	0.0	-2300.4973875421583	0.0	-3260.8054480072165	0.0	-4095.866295260586	0.0	-3481.395299933568	0.0	-2029.4358430155314	0.0	-8700.751169357914	0.0	-11094.337518215241
2018-01-06 00:30:00	0.0	-2300.654921344249	0.0	-3261.1006051516097	0.0	-4096.270318795436	0.0	-3481.7140608053346	0.0	-2027.288937933648	0.0	-8699.876596532378	0.0	-11095.21479138371
2018-01-06 00:40:00	0.0	-2300.7585888025537	0.0	-3261.29449908129	0.0	-4096.535509805385	0.0	-3481.9235004856746	0.0	-2025.8837155860954	0.0	-8699.29804480363	0.0	-11095.70129497118
2018-01-06 00:50:00	0.0	-2300.826807383351	0.0	-3261.4218693965618	0.0	-4096.709571756185	0.0	-3482.061109222913	0.0	-2024.9639491157632	0.0	-8698.915317912448	0.0	-11095.971088634613
2018-01-06 01:00:00	0.0	-2300.8716987603125	0.0	-3261.505539874538	0.0	-4096.823819836597	0.0	-3482.1515226784395	0.0	-2024.3619302534664	0.0	-8698.662134202757	0.0	-11096.120704433371
2018-01-06 01:10:00	0.0	-2300.9012396229587	0.0	-3261.5605036144757	0.0	-4096.898808217557	0.0	-3482.2109272853218	0.0	-2023.9678881544644	0.0	-8698.494646648765	0.0	-11096.203674829914
2018-01-06 01:20:00	0.0	-2300.9206790481903	0.0	-3261.596609691325	0.0	-4096.948027926622	0.0	-3482.2499580611875	0.0	-2023.7099740167064	0.0	-8698.383849312018	0.0	-11096.249686593097
2018-01-06 01:30:00	0.0	-2300.9334712018194	0.0	-3261.620328033399	0.0	-4096.980333994966	0.0	-3482.2756025615968	0.0	-2023.5411603223688	0.0	-8698.310554016105	0.0	-11096.275202710163
2018-01-06 01:40:00	0.0	-2300.941889104742	0.0	-3261.6359087832284	0.0	-4097.001538550451	0.0	-3482.2924518397995	0.0	-2023.4306659398458	0.0	-8698.26206728745	0.0	-11096.289352835813
2018-01-06 01:50:00	0.0	-2300.9474285230194	0.0	-3261.6461438900706	0.0	-4097.015456467313	0.0	-3482.303522368429	0.0	-2023.358343557369	0.0	-8698.229992065888	0.0	-11096.297199878345
2018-01-06 02:00:00	0.0	-2481.733025597478	0.0	-3518.3137109491095	0.0	-4419.352008096194	0.0	-3756.310942505333	0.0	-2182.1060720680107	0.0	-9386.76246438683	0.0	-11968.783963516742
2018-01-06 02:10:00	0.0	-2479.218345882525	0.0	-3514.6898791867047	0.0	-4414.7166225612855	0.0	-3752.4515725807623	0.0	-2180.2467599724037	0.0	-9380.285279032845	0.0	-11957.642809697478
2018-01-06 02:20:00	0.0	-2479.6074887704112	0.0	-3514.9824693097366	0.0	-4415.160209762746	0.0	-3752.7759321576104	0.0	-2180.556143124005	0.0	-9377.061581023609	0.0	-11958.993347181502
2018-01-06 02:30:00	0.0	-2479.860851133512	0.0	-3515.1708582148067	0.0	-4415.446204269283	0.0	-3752.9849389775854	0.0	-2180.7570473717556	0.0	-9374.927903685897	0.0	-11959.733200768349
2018-01-06 02:40:00	0.0	-2480.0275801532825	0.0	-3515.294617515251	0.0	-4415.633928268446	0.0	-3753.1222690206964	0.0	-2180.8885476670284	0.0	-9373.516424578158	0.0	-11960.143501482686
2018-01-06 02:50:00	0.0	-2480.1372963866347	0.0	-3515.375915769046	0.0	-4415.7571434423935	0.0	-3753.2124992283193	0.0	-2180.9746190549627	0.0	-9372.582696262303	0.0	-11960.37103590613
2018-01-06 03:00:00	0.0	-2480.2094952900015	0.0	-3515.4293211024574	0.0	-4415.838017387971	0.0	-3753.271783351084	0.0	-2181.0309556887173	0.0	-9371.96501190419	0.0	-11960.497216327143
2018-01-06 03:10:00	0.0	-2480.2570058678607	0.0	-3515.4644034013168	0.0	-4415.891100095732	0.0	-3753.310734909585	0.0	-2181.0678299204205	0.0	-9371.556398435177	0.0	-11960.567190348665
2018-01-06 03:20:00	0.0	-2480.288270262514	0.0	-3515.4874491837236	0.0	-4415.925941648764	0.0	-3753.336327325202	0.0	-2181.091965351915	0.0	-9371.286090526513	0.0	-11960.605994813339
2018-01-06 03:30:00	0.0	-2480.3088438361697	0.0	-3515.502588102896	0.0	-4415.948810373224	0.0	-3753.3531423580926	0.0	-2181.1077628079174	0.0	-9371.107275164248	0.0	-11960.627514034983
2018-01-06 03:40:00	0.0	-2480.3223823018175	0.0	-3515.5125329539583	0.0	-4415.9638205697665	0.0	-3753.3641903707316	0.0	-2181.1181027770294	0.0	-9370.988984382675	0.0	-11960.639447633446
2018-01-06 03:50:00	0.0	-2480.331291305918	0.0	-3515.519065789067	0.0	-4415.973672715229	0.0	-3753.371449267216	0.0	-2181.1248706364413	0.0	-9370.91073210709	0.0	-11960.64606547375
2018-01-06 04:00:00	0.0	-2390.587414202271	0.0	-3388.102794898213	0.0	-4255.9591635965435	0.0	-3617.3475012747635	0.0	-2102.295185618624	0.0	-9029.017629202714	0.0	-11527.502342416574
2018-01-06 04:10:00	0.0	-2391.8501368716215	0.0	-3389.920221253393	0.0	-4258.284692540955	0.0	-3619.2832197749653	0.0	-2103.2125267818133	0.0	-9032.216583283882	0.0	-11533.078601205152
2018-01-06 04:20:00	0.0	-2391.659103300206	0.0	-3389.7776609923767	0.0	-4258.068189871485	0.0	-3619.1251310478856	0.0	-2103.0497390244896	0.0	-9033.803620804487	0.0	-11532.406476152717
2018-01-06 04:30:00	0.0	-2391.5347508966183	0.0	-3389.6859207765538	0.0	-4257.928666494995	0.0	-3619.0233164732003	0.0	-2102.9439881000285	0.0	-9034.854045754784	0.0	-11532.038294859243
2018-01-06 04:40:00	0.0	-2391.452918788547	0.0	-3389.625653283686	0.0	-4257.837084549939	0.0	-3618.9564180506745	0.0	-2102.8747696716678	0.0	-9035.548927805854	0.0	-11531.834112268918
2018-01-06 04:50:00	0.0	-2391.399069036954	0.0	-3389.586063164589	0.0	-4257.776973463234	0.0	-3618.912463626896	0.0	-2102.829463847381	0.0	-9036.008609838878	0.0	-11531.720881624688
2018-01-06 05:00:00	0.0	-2481.112943970512	0.0	-3516.979813414489	0.0	-4417.757511939398	0.0	-3754.911452836259	0.0	-2181.6336456621025	0.0	-9378.15000794057	0.0	-11964.80318602206
2018-01-06 05:10:00	0.0	-2479.83147125538	0.0	-3515.149135922311	0.0	-4415.4116304178515	0.0	-3752.9609735681015	0.0	-2180.700311898564	0.0	-9375.119629978562	0.0	-11959.197240755935
2018-01-06 05:20:00	0.0	-2480.009600938708	0.0	-3515.282251752062	0.0	-4415.613809761025	0.0	-3753.108572592631	0.0	-2180.8522098837007	0.0	-9373.643814580779	0.0	-11959.85082108193
2018-01-06 05:30:00	0.0	-2480.125463344246	0.0	-3515.367789904304	0.0	-4415.743934577347	0.0	-3753.2034972947467	0.0	-2180.950833912423	0.0	-9372.666967307438	0.0	-11960.208722955274
2018-01-06 05:40:00	0.0	-2480.2017085441776	0.0	-3515.4239831747664	0.0	-4415.829347576417	0.0	-3753.2658687979883	0.0	-2181.01538750954	0.0	-9372.02075928394	0.0	-11960.407204826226
2018-01-06 05:50:00	0.0	-2480.251881790116	0.0	-3515.4608968830944	0.0	-4415.885409547674	0.0	-3753.30684885965	0.0	-2181.0576400207515	0.0	-9371.593276704685	0.0	-11960.517273993551
2018-01-06 06:00:00	0.0	-2568.7597134565312	0.0	-3641.095807285297	0.0	-4573.67019662273	0.0	-3887.430309713614	0.0	-2258.7994735974685	0.0	-9708.297695010477	0.0	-12387.572887853677
2018-01-06 06:10:00	0.0	-2567.5247197557387	0.0	-3639.3001969345646	0.0	-4571.3770350796085	0.0	-3885.51869035929	0.0	-2257.9046433052968	0.0	-9704.88145499674	0.0	-12382.040045820404
2018-01-06 06:20:00	0.0	-2567.445731156556	0.0	-3639.0501320027497	0.0	-4571.064233923577	0.0	-3885.2610057320308	0.0	-2257.7495738182033	0.0	-9703.251446219185	0.0	-12382.534468104019
2018-01-06 06:30:00	0.0	-2567.6716980667607	0.0	-3639.2790517562576	0.0	-4571.360566477908	0.0	-3885.5109116659464	0.0	-2257.9104887243957	0.0	-9702.932288688122	0.0	-12384.695312855261
2018-01-06 06:40:00	0.0	-2568.0989459562547	0.0	-3639.8233843654684	0.0	-4572.057733579053	0.0	-3886.0951518169873	0.0	-2258.2784019092696	0.0	-9703.480154427658	0.0	-12387.782303372793
2018-01-06 06:50:00	0.0	-2568.658646003585	0.0	-3640.5749122481566	0.0	-4573.0179923254855	0.0	-3886.899058663208	0.0	-2258.781802359172	0.0	-9704.601577140738	0.0	-12391.382889684919
2018-01-06 07:00:00	0.0	-2569.3055066454763	0.0	-3641.462548322913	0.0	-4574.150934407171	0.0	-3887.8472937483125	0.0	-2259.3738834213095	0.0	-9706.102421648291	0.0	-12395.268293654017
2018-01-06 07:10:00	0.0	-2570.009722862391	0.0	-3642.4395940077907	0.0	-4575.397219853318	0.0	-3888.890356543857	0.0	-2260.024009417587	0.0	-9707.854262812729	0.0	-12399.311643308993
2018-01-06 07:20:00	0.0	-2571.1116516493544	0.0	-3643.9835446185284	0.0	-4577.405577817685	0.0	-3890.5346297815154	0.0	-2261.1286853811766	0.0	-9709.640294911344	0.0	-12403.686022523903
2018-01-06 07:30:00	0.0	-2571.7637953194626	0.0	-3644.8944581311393	0.0	-4578.591837253664	0.0	-3891.504804689277	0.0	-2261.783040455726	0.0	-9710.624636379793	0.0	-12405.620239539448
2018-01-06 07:40:00	0.0	-2572.1209016419944	0.0	-3645.3909602245712	0.0	-4579.24045764439	0.0	-3892.0336105076776	0.0	-2262.143427634311	0.0	-9711.079510799955	0.0	-12406.204420548389
2018-01-06 07:50:00	0.0	-2572.2838571187553	0.0	-3645.61523097798	0.0	-4579.536188808594	0.0	-3892.272420745667	0.0	-2262.311402195447	0.0	-9711.184129064317	0.0	-12406.03992878725
2018-01-06 08:00:00	0.0	-2572.3190514619328	0.0	-3645.660671374213	0.0	-4579.600296466768	0.0	-3892.3206947896015	0.0	-2262.353436274878	0.0	-9711.057044425823	0.0	-12405.460256996905
2018-01-06 08:10:00	0.0	-2572.2701725291604	0.0	-3645.588637125235	0.0	-4579.512375129047	0.0	-3892.243780557154	0.0	-2262.4842269100072	0.0	-9710.776682722779	0.0	-12404.650345263359
2018-01-06 08:20:00	0.0	-2572.018036493612	0.0	-3645.230595772318	0.0	-4579.042059904565	0.0	-3891.863145828625	0.0	-2262.153596313359	0.0	-9710.449109241466	0.0	-12403.612709431938
2018-01-06 08:30:00	0.0	-2571.9245442718884	0.0	-3645.097869278539	0.0	-4578.864164406902	0.0	-3891.7223183695373	0.0	-2262.011375239337	0.0	-9710.429061048735	0.0	-12403.527035773304
2018-01-06 08:40:00	0.0	-2571.935059724347	0.0	-3645.1125639452453	0.0	-4578.877398427414	0.0	-3891.7384211824096	0.0	-2261.986191153606	0.0	-9710.612090453988	0.0	-12403.96797547248
2018-01-06 08:50:00	0.0	-2572.0140180534213	0.0	-3645.2241013005373	0.0	-4579.016084073983	0.0	-3891.8576330140845	0.0	-2262.037618239753	0.0	-9710.929460971445	0.0	-12404.700952767065
2018-01-06 09:00:00	516.3816	-2572.138015286145	364.68120000000005	-3645.3992551945335	462.8204	-4579.23711147285	386.5896	-3892.0445907230196	305.3296	-2262.13918988032	397.63840000000005	-9711.335701377859	1378.7864000000002	-12405.595880897945
2018-01-06 09:10:00	516.3816	-2571.9932589516025	364.68120000000005	-3645.4084387688904	462.8204	-4579.233777360296	386.5896	-3892.054737406327	305.3296	-2262.1404035177097	397.63840000000005	-9711.776122292511	1378.7864000000002	-12406.295871050115
2018-01-06 09:20:00	516.3816	-2572.49528178858	364.68120000000005	-3645.9628055279295	462.8204	-4579.9526852270865	386.5896	-3892.6456843327196	305.3296	-2262.5038824769067	397.63840000000005	-9712.514535834516	1378.7864000000002	-12408.145912229673
2018-01-06 09:30:00	516.3816	-2572.824845807709	364.68120000000005	-3646.326190060646	462.8204	-4580.423483041763	386.5896	-3893.033116326137	305.3296	-2262.741412252956	397.63840000000005	-9713.002542018095	1378.7864000000002	-12409.170096557264
2018-01-06 09:40:00	516.3816	-2573.04171672901	364.68120000000005	-3646.5649005792184	462.8204	-4580.732498894633	386.5896	-3893.287672508428	305.3296	-2262.8968838367073	397.63840000000005	-9713.32537038998	1378.7864000000002	-12409.738064949532
2018-01-06 09:50:00	516.3816	-2573.1844288130437	364.68120000000005	-3646.721710898872	462.8204	-4580.935325470338	386.5896	-3893.454923907165	305.3296	-2262.998645190448	397.63840000000005	-9713.538929151984	1378.7864000000002	-12410.053034504614
2018-01-06 10:00:00	4475.3072	-2573.2783406155468	3160.5704	-3646.8247205054595	4011.110133333333	-4581.068453333846	3350.4431999999997	-3893.5648133249924	2646.1898666666666	-2263.065251401741	3446.199466666667	-9713.680203429314	11949.482133333335	-12410.227702360677
2018-01-06 10:10:00	4475.3072	-2571.0524718552933	3160.5704	-3645.2995588341073	4011.110133333333	-4579.021374917487	3350.4431999999997	-3891.9402110376577	2646.1898666666666	-2262.0878058490807	3446.199466666667	-9713.584990245676	11949.482133333335	-12408.141493591549
2018-01-06 10:20:00	4475.3072	-2573.047511653631	3160.5704	-3646.919909168816	4011.110133333333	-4581.126162753373	3350.4431999999997	-3893.6704741116637	2646.1898666666666	-2263.051745143638	3446.199466666667	-9715.652300284928	11949.482133333335	-12414.063858264308
2018-01-06 10:30:00	4475.3072	-2574.3557585224553	3160.5704	-3647.980586052925	4011.110133333333	-4582.502566386276	3350.4431999999997	-3894.803295431766	2646.1898666666666	-2263.680998197221	3446.199466666667	-9717.017625706729	11949.482133333335	-12417.339587483784
2018-01-06 10:40:00	4475.3072	-2575.2166575254114	3160.5704	-3648.677356173099	4011.110133333333	-4583.405994376175	3350.4431999999997	-3895.547600354671	2646.1898666666666	-2264.0928671322517	3446.199466666667	-9717.920823815031	11949.482133333335	-12419.15616892868
2018-01-06 10:50:00	4475.3072	-2575.783172803537	3160.5704	-3649.1350684902254	4011.110133333333	-4583.998971087727	3350.4431999999997	-3896.0366320392322	2646.1898666666666	-2264.362449130872	3446.199466666667	-9718.51831116845	11949.482133333335	-12420.163562746377
2018-01-06 11:00:00	9466.996000000001	-2489.35750888455	6685.822	-3526.203838216943	8485.040666666666	-4429.627686565613	7087.476	-3764.8008783629402	5597.709333333333	-2188.2967659267706	7290.037333333334	-9388.301415600195	25277.750666666667	-12001.81658166815
2018-01-06 11:10:00	9466.996000000001	-2487.9733359084457	6685.822	-3526.203177524303	8485.040666666666	-4429.507309294269	7087.476	-3764.8003869911727	5597.709333333333	-2188.2237758261235	7290.037333333334	-9391.55571178416	25277.750666666667	-12004.94058092359
2018-01-06 11:20:00	9466.996000000001	-2491.472366146034	6685.822	-3528.2836322970616	8485.040666666666	-4432.183339489122	7087.476	-3767.0154703654543	5597.709333333333	-2190.571263098269	7290.037333333334	-9395.847941541579	25277.750666666667	-12011.901343332625
2018-01-06 11:30:00	9466.996000000001	-2495.337728263801	6685.822	-3529.5452387623354	8485.040666666666	-4433.8054451983935	7087.476	-3768.358819827804	5597.709333333333	-2193.130424417961	7290.037333333334	-9398.488486233633	25277.750666666667	-12020.55411287229
2018-01-06 11:40:00	9466.996000000001	-2499.4271542767256	6685.822	-3530.272058706154	8485.040666666666	-4434.740069971751	7087.476	-3769.132755094105	5597.709333333333	-2195.9019346006344	7290.037333333334	-9400.038871629647	25277.750666666667	-12031.743681977248
2018-01-06 11:50:00	9466.996000000001	-2503.7387274632238	6685.822	-3530.6475695433455	8485.040666666666	-4435.477240040833	7087.476	-3769.532562251833	5597.709333333333	-2198.884119040531	7290.037333333334	-9400.868087107789	25277.750666666667	-12045.032149665261
2018-01-06 12:00:00	10241.5684	-2416.8633754394796	7232.843800000001	-3401.2510295017537	9179.271266666667	-4273.777955083051	7667.3604	-3631.6314902796985	6055.703733333334	-2121.7834202411086	7886.494933333333	-9053.023332973407	27345.93026666667	-11619.21970480599
2018-01-06 12:10:00	10241.5684	-2423.655485289084	7232.843800000001	-3405.4924606912164	9179.271266666667	-4279.761039097282	7667.3604	-3636.3612523390584	6055.703733333334	-2126.8080692125513	7886.494933333333	-9056.256558521618	27345.93026666667	-11653.402044764458
2018-01-06 12:20:00	10241.5684	-2429.492922891497	7232.843800000001	-3407.8821667740494	9179.271266666667	-4283.421172015218	7667.3604	-3639.1019583421603	6055.703733333334	-2130.891668766516	7886.494933333333	-9058.109697864485	27345.93026666667	-11679.904686232461
2018-01-06 12:30:00	10241.5684	-2435.3422891251103	7232.843800000001	-3410.3429765393967	9179.271266666667	-4287.164899137959	7667.3604	-3641.9168850099177	6055.703733333334	-2135.0035410458886	7886.494933333333	-9059.335898484915	27345.93026666667	-11706.55041009764
2018-01-06 12:40:00	10241.5684	-2441.2021526819644	7232.843800000001	-3412.8712455530213	9179.271266666667	-4290.987657350199	7667.3604	-3644.802125512504	6055.703733333334	-2139.1425105581784	7886.494933333333	-9060.1470608548	27345.93026666667	-11733.326223732372
2018-01-06 12:50:00	10241.5684	-2447.0724961696105	7232.843800000001	-3415.466290317302	9179.271266666667	-4294.888667922674	7667.3604	-3647.7569745701057	6055.703733333334	-2143.30844196028	7886.494933333333	-9060.683665256136	27345.93026666667	-11760.230012879336
2018-01-06 13:00:00	6196.5792	-2416.707816985825	4376.174400000001	-3366.656010369268	5553.8448	-4234.227938452605	4639.0752	-3595.8323442278133	3663.9552000000003	-2115.661691744486	4771.660800000001	-8922.942208483073	16545.436800000003	-11612.323999241573
2018-01-06 13:10:00	6196.5792	-2426.935803846469	4376.174400000001	-3373.0882887317766	5553.8448	-4243.11576931749	4639.0752	-3602.874854973964	3663.9552000000003	-2122.012376303495	4771.660800000001	-8924.663764544439	16545.436800000003	-11647.843526311593
2018-01-06 13:20:00	6196.5792	-2430.0711046731085	4376.174400000001	-3373.372392756003	5553.8448	-4244.0887832548415	4639.0752	-3603.345342740761	3663.9552000000003	-2124.8260702230805	4771.660800000001	-8923.43755852943	16545.436800000003	-11660.354574706405
2018-01-06 13:30:00	6196.5792	-2432.9313894133666	4376.174400000001	-3373.28863748437	5553.8448	-4244.594732883883	4639.0752	-3603.4215705250817	3663.9552000000003	-2127.3901414791876	4771.660800000001	-8922.825656770909	16545.436800000003	-11670.404238009527
2018-01-06 13:40:00	6196.5792	-2435.509376317481	4376.174400000001	-3372.832006291779	5553.8448	-4244.626688122853	4639.0752	-3603.0980874353763	3663.9552000000003	-2129.7030011004595	4771.660800000001	-8922.617420780087	16545.436800000003	-11678.004892352488
2018-01-06 13:50:00	6196.5792	-2437.8074850695575	4376.174400000001	-3372.006313044145	5553.8448	-4244.1893675013	4639.0752	-3602.37895178654	3663.9552000000003	-2131.76654436541	4771.660800000001	-8922.676222847573	16545.436800000003	-11683.196669877485
2018-01-06 14:00:00	9553.0596	-2385.080268519854	6746.602200000001	-3293.0606845271604	8562.1774	-4145.642183303327	7151.9076000000005	-3518.261401124011	5648.597600000001	-2085.489587729443	7356.310400000001	-8714.295507103005	25507.548400000003	-11421.772010139095
2018-01-06 14:10:00	9553.0596	-2385.712523300199	6746.602200000001	-3292.0031953116186	8562.1774	-4144.736322678635	7151.9076000000005	-3517.294877134653	5648.597600000001	-2087.051315619119	7356.310400000001	-8716.428886421949	25507.548400000003	-11431.249851000306
2018-01-06 14:20:00	9553.0596	-2390.268406773368	6746.602200000001	-3293.4861356448755	8562.1774	-4147.147398261457	7151.9076000000005	-3519.0344388380254	5648.597600000001	-2090.170037775132	7356.310400000001	-8719.498651066468	25507.548400000003	-11448.600808809475
2018-01-06 14:30:00	9553.0596	-2394.7181653888347	6746.602200000001	-3294.8573407486792	8562.1774	-4149.412965008931	7151.9076000000005	-3520.653232567949	5648.597600000001	-2093.205909711267	7356.310400000001	-8721.527624914885	25507.548400000003	-11465.089123320868
2018-01-06 14:40:00	9553.0596	-2399.068460319233	6746.602200000001	-3296.121977427337	8562.1774	-4151.539847367214	7151.9076000000005	-3522.156806615694	5648.597600000001	-2096.161288264072	7356.310400000001	-8722.86984530264	25507.548400000003	-11480.740845311717
2018-01-06 14:50:00	9553.0596	-2403.3201701274065	6746.602200000001	-3297.2811258975935	8562.1774	-4153.529411166433	7151.9076000000005	-3523.546318676117	5648.597600000001	-2099.0367777246975	7356.310400000001	-8723.757758705277	25507.548400000003	-11495.569659069217
2018-01-06 15:00:00	9811.2504	-2221.625917081634	6928.942800000001	-3034.3688007970504	8793.5876	-3823.892225130303	7345.2024	-3243.026271793411	5801.2624000000005	-1938.5725376830205	7555.129600000001	-8016.124889251179	26196.941600000002	-10612.556430499528
2018-01-06 15:10:00	9811.2504	-2230.819339550173	6928.942800000001	-3042.8578311802503	8793.5876	-3835.0286375282703	7345.2024	-3252.235814462374	5801.2624000000005	-1944.9870544742362	7555.129600000001	-8022.979334464751	26196.941600000002	-10659.909549896867
2018-01-06 15:20:00	9811.2504	-2236.773368666787	6928.942800000001	-3046.900712411063	8793.5876	-3840.522308422216	7345.2024	-3256.6771206844714	5801.2624000000005	-1949.115834378199	7555.129600000001	-8026.5759133394495	26196.941600000002	-10689.849990129027
2018-01-06 15:30:00	9811.2504	-2242.680686543088	6928.942800000001	-3050.9090803015497	8793.5876	-3845.970192583103	7345.2024	-3261.0807311023473	5801.2624000000005	-1953.2159088161388	7555.129600000001	-8028.956139768705	26196.941600000002	-10719.323350692648
2018-01-06 15:40:00	9811.2504	-2248.5371970452998	6928.942800000001	-3054.8765827318184	8793.5876	-3851.3640402652636	7345.2024	-3265.439784218359	5801.2624000000005	-1957.2851077372788	7555.129600000001	-8030.530722246067	26196.941600000002	-10748.314176261825
2018-01-06 15:50:00	9811.2504	-2254.3433542356706	6928.942800000001	-3058.80364557388	8793.5876	-3856.704401087185	7345.2024	-3269.754741051158	5801.2624000000005	-1961.3236658139003	7555.129600000001	-8031.572350725739	26196.941600000002	-10776.830390598763
2018-01-06 16:00:00	6540.8336	-2277.6183392044895	4619.2952000000005	-3087.574978879229	5862.391733333333	-3893.2414352084024	4896.8016	-3300.5910990623042	3867.5082666666667	-1980.721928555341	5036.753066666667	-8099.030384602564	17464.627733333335	-10889.436351183587
2018-01-06 16:10:00	6540.8336	-2285.956828609238	4619.2952000000005	-3093.162165788499	5862.391733333333	-3900.8106404100154	4896.8016	-3306.6723282288594	3867.5082666666667	-1985.804730657369	5036.753066666667	-8099.638293867902	17464.627733333335	-10918.248123511436
2018-01-06 16:20:00	6540.8336	-2290.1681261646117	4619.2952000000005	-3096.020197489691	5862.391733333333	-3904.790405005512	4896.8016	-3309.838489412833	3867.5082666666667	-1989.302151337144	5036.753066666667	-8098.295729541924	17464.627733333335	-10938.880233666525
2018-01-06 16:30:00	6540.8336	-2294.6077320026616	4619.2952000000005	-3099.22794797815	5862.391733333333	-3909.2064945473367	4896.8016	-3313.377065238482	3867.5082666666667	-1993.0073142528881	5036.753066666667	-8097.212431022148	17464.627733333335	-10961.475646746298
2018-01-06 16:40:00	6540.8336	-2299.2675090287794	4619.2952000000005	-3102.777168880506	5862.391733333333	-3914.048314036133	4896.8016	-3317.2792496413595	3867.5082666666667	-1996.9167576375512	5036.753066666667	-8096.29900287009	17464.627733333335	-10985.988349283085
2018-01-06 16:50:00	6540.8336	-2304.145569961189	4619.2952000000005	-3106.6643867154107	5862.391733333333	-3919.311650786939	4896.8016	-3321.541372378687	3867.5082666666667	-2001.0289453964078	5036.753066666667	-8095.497950238188	17464.627733333335	-11012.386974233406
2018-01-06 17:00:00	1549.1448	-2385.2663777772946	1094.0436000000002	-3218.8870460691096	1388.4612	-4060.6183704473888	1159.7688	-3441.4550346838887	915.9888000000001	-2072.1324537131986	1192.9152000000001	-8384.585399674488	4136.359200000001	-11407.593391334445
2018-01-06 17:10:00	1549.1448	-2391.955479308981	1094.0436000000002	-3222.3043036559175	1388.4612	-4065.5358427026813	1159.7688	-3445.208936399744	915.9888000000001	-2076.4618285527054	1192.9152000000001	-8380.913184602528	4136.359200000001	-11422.458301828483
2018-01-06 17:20:00	1549.1448	-2393.02173218863	1094.0436000000002	-3222.2959694730407	1388.4612	-4065.9516380319446	1159.7688	-3445.3124013017787	915.9888000000001	-2078.6319243061553	1192.9152000000001	-8376.115770748163	4136.359200000001	-11426.52846221389
2018-01-06 17:30:00	1549.1448	-2394.1485702948503	1094.0436000000002	-3222.3857114659213	1388.4612	-4066.4867667430353	1159.7688	-3445.5194582171607	915.9888000000001	-2080.8456684736275	1192.9152000000001	-8372.944662048827	4136.359200000001	-11431.114354263493
2018-01-06 17:40:00	1549.1448	-2395.327483582663	1094.0436000000002	-3222.5671744833207	1388.4612	-4067.1328625288043	1159.7688	-3445.823312452798	915.9888000000001	-2083.100403647672	1192.9152000000001	-8370.846887598524	4136.359200000001	-11436.192099104948
2018-01-06 17:50:00	1549.1448	-2396.558118195128	1094.0436000000002	-3222.8394325095032	1388.4612	-4067.888836076304	1159.7688	-3446.2229939421304	915.9888000000001	-2085.395823777702	1192.9152000000001	-8369.459154636183	4136.359200000001	-11441.753666185024
2018-01-06 18:00:00	0.0	-2581.002632355281	0.0	-3483.424672641614	0.0	-4395.533949065374	0.0	-3724.51495685436	0.0	-2248.639340837154	0.0	-9066.883708146708	0.0	-12331.882653250135
2018-01-06 18:10:00	0.0	-2578.255227925022	0.0	-3477.046296668527	0.0	-4388.038035905589	0.0	-3717.8131683294073	0.0	-2247.764559198736	0.0	-9059.883610740666	0.0	-12304.805762452834
2018-01-06 18:20:00	0.0	-2576.463029901105	0.0	-3473.1279262566113	0.0	-4383.729360562459	0.0	-3713.7482270870537	0.0	-2248.1799794050316	0.0	-9055.360319591882	0.0	-12281.921709392871
2018-01-06 18:30:00	0.0	-2573.3068496951546	0.0	-3467.2826630743516	0.0	-4376.993757177705	0.0	-3707.624552198957	0.0	-2247.3662708020593	0.0	-9051.449902868295	0.0	-12247.383082386958
2018-01-06 18:40:00	0.0	-2568.801737711042	0.0	-3459.5368348673182	0.0	-4367.8640616514795	0.0	-3699.470183474515	0.0	-2245.3353575081674	0.0	-9047.946002545805	0.0	-12201.40250896534
2018-01-06 18:50:00	0.0	-2562.959402680822	0.0	-3449.9098042582314	0.0	-4356.36400525798	0.0	-3689.305652533125	0.0	-2242.096403208812	0.0	-9044.71102194617	0.0	-12144.167294362453
2018-01-06 19:00:00	0.0	-2662.180160027382	0.0	-3589.5855574081966	0.0	-4532.341858729294	0.0	-3838.524342533522	0.0	-2331.1143078609643	0.0	-9447.2766776078	0.0	-12589.475542962198
2018-01-06 19:10:00	0.0	-2651.028118834756	0.0	-3572.4182477612085	0.0	-4511.372141947442	0.0	-3820.3071570819775	0.0	-2323.596400872309	0.0	-9441.104178004169	0.0	-12493.253985354471
2018-01-06 19:20:00	0.0	-2640.771969616266	0.0	-3559.530070500194	0.0	-4491.740898220736	0.0	-3804.057435453424	0.0	-2316.2644959625068	0.0	-9436.804338998165	0.0	-12403.669086059364
2018-01-06 19:30:00	0.0	-2630.6039323878576	0.0	-3551.500821219436	0.0	-4473.9018118223785	0.0	-3794.221166119913	0.0	-2308.9876682088716	0.0	-9433.960118543342	0.0	-12315.543982465948
2018-01-06 19:40:00	0.0	-2620.524513994298	0.0	-3546.2257339022412	0.0	-4462.870692753081	0.0	-3787.7572177503766	0.0	-2301.765641847528	0.0	-9432.078596476218	0.0	-12228.861820156186
2018-01-06 19:50:00	0.0	-2610.532947714995	0.0	-3542.7604972910617	0.0	-4455.6292664664525	0.0	-3783.510199941187	0.0	-2294.5980038459106	0.0	-9430.833923326041	0.0	-12143.598957160995
2018-01-06 20:00:00	0.0	-2494.1991883587752	0.0	-3389.2869806746153	0.0	-4260.997786863029	0.0	-3619.308620562061	0.0	-2193.999777593394	0.0	-9024.376418988773	0.0	-11576.776979183309
2018-01-06 20:10:00	0.0	-2487.051944963603	0.0	-3389.6188226439463	0.0	-4260.215293902726	0.0	-3619.4211444195753	0.0	-2188.830103231891	0.0	-9027.068542320741	0.0	-11555.17959848546
2018-01-06 20:20:00	0.0	-2477.6951955067234	0.0	-3388.373511932232	0.0	-4257.7882875657715	0.0	-3617.930314374343	0.0	-2182.0664366738824	0.0	-9028.302793891005	0.0	-11539.331342417217
2018-01-06 20:30:00	0.0	-2468.2265305782244	0.0	-3387.659693435173	0.0	-4256.328460145139	0.0	-3617.061949771202	0.0	-2175.1810110867536	0.0	-9029.31658161737	0.0	-11531.03687122876
2018-01-06 20:40:00	0.0	-2458.6439294331835	0.0	-3387.2927771005957	0.0	-4255.500423116991	0.0	-3616.6001567907615	0.0	-2168.1731897619234	0.0	-9030.18374026818	0.0	-11526.926119507736
2018-01-06 20:50:00	0.0	-2448.948386264948	0.0	-3387.153746370074	0.0	-4255.087075140326	0.0	-3616.405497981501	0.0	-2161.0438960496913	0.0	-9030.953900912882	0.0	-11525.135480384424
2018-01-06 21:00:00	0.0	-2456.07850338386	0.0	-3411.2184138191383	0.0	-4285.154087605821	0.0	-3642.0653669293806	0.0	-2168.6707664226783	0.0	-9096.19082058708	0.0	-11606.399480744543
2018-01-06 21:10:00	0.0	-2446.1473148912155	0.0	-3411.3136924854807	0.0	-4285.173386216632	0.0	-3642.146817337621	0.0	-2161.293459245626	0.0	-9096.850301252407	0.0	-11606.592057349382
2018-01-06 21:20:00	0.0	-2436.691175511719	0.0	-3411.6053792838707	0.0	-4285.487022274097	0.0	-3642.444187593242	0.0	-2154.29455514409	0.0	-9097.501077124136	0.0	-11607.292694113481
2018-01-06 21:30:00	0.0	-2427.3806732265293	0.0	-3411.7966631426484	0.0	-4285.6924359833765	0.0	-3642.639219055613	0.0	-2147.405673509059	0.0	-9097.93135493159	0.0	-11607.680518640715
2018-01-06 21:40:00	0.0	-2420.2917613816217	0.0	-3411.922319251479	0.0	-4285.827262790191	0.0	-3642.7673615227595	0.0	-2140.6262679383917	0.0	-9098.215994767994	0.0	-11607.895589830503
2018-01-06 21:50:00	0.0	-2415.829107936664	0.0	-3412.0048635861617	0.0	-4285.915758240251	0.0	-3642.8515552576	0.0	-2133.9555135881824	0.0	-9098.404291181843	0.0	-11608.014858794984
2018-01-06 22:00:00	0.0	-2502.444156448073	0.0	-3539.2032004903144	0.0	-4445.647674424454	0.0	-3778.6404717212577	0.0	-2206.5882104114235	0.0	-9439.625950032738	0.0	-12040.289066181149
2018-01-06 22:10:00	0.0	-2499.254666171535	0.0	-3537.4255481285677	0.0	-4443.3662343766155	0.0	-3776.745656346896	0.0	-2201.7938220289584	0.0	-9436.477264503636	0.0	-12034.75536899589
2018-01-06 22:20:00	0.0	-2498.1769399355553	0.0	-3537.593095600486	0.0	-4443.610188651986	0.0	-3776.9293982184745	0.0	-2199.4182616419753	0.0	-9434.922611839918	0.0	-12035.447986470923
2018-01-06 22:30:00	0.0	-2497.4663854021314	0.0	-3537.701252874466	0.0	-4443.767734034282	0.0	-3777.0480707425286	0.0	-2197.8625792241555	0.0	-9433.893612597274	0.0	-12035.82753825426
2018-01-06 22:40:00	0.0	-2496.998805966651	0.0	-3537.772304776783	0.0	-4443.8711448759805	0.0	-3777.126045309418	0.0	-2196.844333415145	0.0	-9433.212904865175	0.0	-12036.03802615457
2018-01-06 22:50:00	0.0	-2496.6911147743585	0.0	-3537.8189792072126	0.0	-4443.939019964967	0.0	-3777.177277074122	0.0	-2196.1778571682285	0.0	-9432.762599948002	0.0	-12036.154753306777
2018-01-06 23:00:00	0.0	-2496.4886382283617	0.0	-3537.8496399293945	0.0	-4443.983570691112	0.0	-3777.210937972001	0.0	-2195.741625972196	0.0	-9432.464712163579	0.0	-12036.219484955538
2018-01-06 23:10:00	0.0	-2496.3553983024085	0.0	-3537.8697811475145	0.0	-4444.012812158484	0.0	-3777.2330542518703	0.0	-2195.4560979323387	0.0	-9432.267652063361	0.0	-12036.255382227713
2018-01-06 23:20:00	0.0	-2496.2085188893407	0.0	-3537.799438027521	0.0	-4443.918909250371	0.0	-3777.1589566944144	0.0	-2195.200702835264	0.0	-9432.158975983688	0.0	-12036.235253178616
2018-01-06 23:30:00	0.0	-2496.1696776560357	0.0	-3537.835010379023	0.0	-4443.961644168892	0.0	-3777.197470466291	0.0	-2195.0880208725234	0.0	-9432.244334340623	0.0	-12036.615555338114
2018-01-06 23:40:00	0.0	-2496.201775820638	0.0	-3537.9399233727527	0.0	-4444.09374147349	0.0	-3777.3097208821096	0.0	-2195.068620684791	0.0	-9432.457908017937	0.0	-12037.217397758071
2018-01-06 23:50:00	0.0	-2496.280555878987	0.0	-3538.0903869232347	0.0	-4444.284493331942	0.0	-3777.4704190385037	0.0	-2195.110276763775	0.0	-9432.756299413073	0.0	-12037.942096915553
2018-01-07 00:00:00	0.0	-2496.3900550283715	0.0	-3538.2707729198087	0.0	-4444.513743923908	0.0	-3777.6629488880394	0.0	-2195.191896214385	0.0	-9433.110799828142	0.0	-12038.73492698287
2018-01-07 00:10:00	0.0	-2496.519768919936	0.0	-3538.4708151885047	0.0	-4444.768263686059	0.0	-3777.8763931647595	0.0	-2195.299673031901	0.0	-9433.502417741194	0.0	-12039.56553942511
2018-01-07 00:20:00	0.0	-2496.721985880112	0.0	-3538.767343797223	0.0	-4445.152465168323	0.0	-3778.192207521906	0.0	-2195.4930780783934	0.0	-9433.896905767087	0.0	-12040.457140343231
2018-01-07 00:30:00	0.0	-2496.85489985614	0.0	-3538.961899621561	0.0	-4445.404319597655	0.0	-3778.399455453189	0.0	-2195.6195396359167	0.0	-9434.157726199395	0.0	-12040.951061742073
2018-01-07 00:40:00	0.0	-2496.9423642581755	0.0	-3539.089704882818	0.0	-4445.569628110063	0.0	-3778.5356242937455	0.0	-2195.702313127735	0.0	-9434.330265485207	0.0	-12041.224969048904
2018-01-07 00:50:00	0.0	-2496.9999203091143	0.0	-3539.173660949329	0.0	-4445.67813057139	0.0	-3778.625091549739	0.0	-2195.75649117145	0.0	-9434.444404468692	0.0	-12041.376865768392
2018-01-07 01:00:00	0.0	-2497.0377951352007	0.0	-3539.2288122089485	0.0	-4445.749347618948	0.0	-3778.683874380725	0.0	-2195.791952529472	0.0	-9434.519910215151	0.0	-12041.461100883438
2018-01-07 01:10:00	0.0	-2497.0627187084415	0.0	-3539.265041412674	0.0	-4445.796091884457	0.0	-3778.7224965691626	0.0	-2195.815163185058	0.0	-9434.569859124584	0.0	-12041.507813904178
2018-01-07 01:20:00	0.0	-2497.0791196947207	0.0	-3539.288840600791	0.0	-4445.826773110859	0.0	-3778.747872574628	0.0	-2195.830355342467	0.0	-9434.602901557382	0.0	-12041.533718852563
2018-01-07 01:30:00	0.0	-2497.089912382768	0.0	-3539.3044744347367	0.0	-4445.8469111458135	0.0	-3778.7645454168087	0.0	-2195.8402991221974	0.0	-9434.62475993983	0.0	-12041.548084576289
2018-01-07 01:40:00	0.0	-2497.0970145236574	0.0	-3539.3147443969992	0.0	-4445.860129015489	0.0	-3778.775500004086	0.0	-2195.8468076616164	0.0	-9434.63921979774	0.0	-12041.556051163023
2018-01-07 01:50:00	0.0	-2497.101688095707	0.0	-3539.3214907987617	0.0	-4445.868804741749	0.0	-3778.7826975161292	0.0	-2195.8510677203153	0.0	-9434.648785349596	0.0	-12041.560469075084
2018-01-07 02:00:00	0.0	-2585.3855613009664	0.0	-3664.6611860988787	0.0	-4603.276618526493	0.0	-3912.589955819087	0.0	-2273.397603377896	0.0	-9770.90417389635	0.0	-12467.621296777668
2018-01-07 02:10:00	0.0	-2584.1311275454796	0.0	-3662.8529229542487	0.0	-4600.963519021829	0.0	-3910.6641434016165	0.0	-2272.4866814507272	0.0	-9767.679486500396	0.0	-12462.056792780972
2018-01-07 02:20:00	0.0	-2584.325066715509	0.0	-3662.997892223348	0.0	-4601.183476925448	0.0	-3910.824869058448	0.0	-2272.651842098574	0.0	-9766.070863436733	0.0	-12462.72603043175
2018-01-07 02:30:00	0.0	-2584.451336034516	0.0	-3663.0912222900165	0.0	-4601.3252781041	0.0	-3910.9284241086875	0.0	-2272.7591489376214	0.0	-9765.006166596197	0.0	-12463.092626652986
2018-01-07 02:40:00	0.0	-2584.5344294460874	0.0	-3663.152534053726	0.0	-4601.418354942948	0.0	-3910.996465954251	0.0	-2272.829385680228	0.0	-9764.301844631851	0.0	-12463.295929751526
2018-01-07 02:50:00	0.0	-2584.589109123612	0.0	-3663.1928100964883	0.0	-4601.479447123208	0.0	-3911.041171571428	0.0	-2272.8753579729973	0.0	-9763.835918723802	0.0	-12463.408672417036
2018-01-07 03:00:00	0.0	-2655.280457776478	0.0	-3763.531407511113	0.0	-4727.49636147421	0.0	-4018.1594474429617	0.0	-2334.9672991180137	0.0	-10032.647806905623	0.0	-12804.466643278338
2018-01-07 03:10:00	0.0	-2654.0584565397426	0.0	-3761.752732886658	0.0	-4725.225850053577	0.0	-4016.2660400066356	0.0	-2334.0814307254896	0.0	-10029.220858406725	0.0	-12798.955694849472
2018-01-07 03:20:00	0.0	-2654.2578488060844	0.0	-3761.8930366365635	0.0	-4725.442394285341	0.0	-4016.4221632134045	0.0	-2334.2520197559347	0.0	-10027.431299136495	0.0	-12799.595875402643
2018-01-07 03:30:00	0.0	-2654.387728193417	0.0	-3761.9833371231475	0.0	-4725.582002385697	0.0	-4016.5227323837557	0.0	-2334.362891456427	0.0	-10026.246959535549	0.0	-12799.946430654103
2018-01-07 03:40:00	0.0	-2654.4731971362767	0.0	-3762.042658649365	0.0	-4725.673639637686	0.0	-4016.5888123146624	0.0	-2334.4354614743297	0.0	-10025.46349152719	0.0	-12800.140837898072
2018-01-07 03:50:00	0.0	-2654.5294400029234	0.0	-3762.0816272692487	0.0	-4725.7337868876775	0.0	-4016.632228864981	0.0	-2334.4829609522762	0.0	-10024.945208986332	0.0	-12800.248647232247
2018-01-07 04:00:00	0.0	-2567.356755175902	0.0	-3638.292041816293	0.0	-4570.280230843205	0.0	-3884.481030122691	0.0	-2257.9114013321387	0.0	-9692.425302841491	0.0	-12379.418433924837
2018-01-07 04:10:00	0.0	-2568.637101333572	0.0	-3640.119375294397	0.0	-4572.622101883899	0.0	-3886.4279863156153	0.0	-2258.84419954842	0.0	-9695.427337151934	0.0	-12385.01701995174
2018-01-07 04:20:00	0.0	-2568.461036765636	0.0	-3639.988211197144	0.0	-4572.422690998917	0.0	-3886.2825263467835	0.0	-2258.693917926929	0.0	-9696.891457250518	0.0	-12384.369727451225
2018-01-07 04:30:00	0.0	-2568.3465288849548	0.0	-3639.903948202053	0.0	-4572.294373927841	0.0	-3886.188999572589	0.0	-2258.596349399632	0.0	-9697.860559185287	0.0	-12384.01529776948
2018-01-07 04:40:00	0.0	-2568.271175087983	0.0	-3639.848592643296	0.0	-4572.2101475475665	0.0	-3886.127546611395	0.0	-2258.532486701133	0.0	-9698.501642931535	0.0	-12383.818741645584
2018-01-07 04:50:00	0.0	-2568.2215884632296	0.0	-3639.812229260227	0.0	-4572.154864471979	0.0	-3886.0871700915286	0.0	-2258.4906864287786	0.0	-9698.925735308972	0.0	-12383.709740524257
2018-01-07 05:00:00	0.0	-2671.7588742080525	0.0	-3786.830601317097	0.0	-4756.781311185665	0.0	-4043.036596440359	0.0	-2349.4364720742074	0.0	-10093.696253910648	0.0	-12883.496605980807
2018-01-07 05:10:00	0.0	-2670.472886679511	0.0	-3784.9924781343407	0.0	-4754.425681253329	0.0	-4041.0781622104478	0.0	-2348.5005257723847	0.0	-10090.65117721813	0.0	-12877.885361634333
2018-01-07 05:20:00	0.0	-2670.6588010450987	0.0	-3785.1373753063253	0.0	-4754.643153343009	0.0	-4041.2384557009887	0.0	-2348.658043429779	0.0	-10089.20172483366	0.0	-12878.57580501023
2018-01-07 05:30:00	0.0	-2670.7797734731525	0.0	-3785.2306312207693	0.0	-4754.7832867637535	0.0	-4041.3416978265113	0.0	-2348.7603389653086	0.0	-10088.242281828636	0.0	-12878.954106421888
2018-01-07 05:40:00	0.0	-2670.8593812277186	0.0	-3785.2918942620336	0.0	-4754.8752689254425	0.0	-4041.4095340570516	0.0	-2348.8272956135493	0.0	-10087.607588422487	0.0	-12879.163900522999
2018-01-07 05:50:00	0.0	-2670.9117671303516	0.0	-3785.332138267242	0.0	-4754.935642551763	0.0	-4041.454104543592	0.0	-2348.8711209505254	0.0	-10087.187723857536	0.0	-12879.28024267809
2018-01-07 06:00:00	0.0	-2478.900134418742	0.0	-3512.7030078768325	0.0	-4412.5613308455295	0.0	-3750.4081118998765	0.0	-2180.211598984989	0.0	-9355.418834714672	0.0	-11952.49527524554
2018-01-07 06:10:00	0.0	-2481.446436895609	0.0	-3516.357757699861	0.0	-4417.240838966634	0.0	-3754.301302194028	0.0	-2182.0630778269187	0.0	-9361.700682686349	0.0	-11963.685898845253
2018-01-07 06:20:00	0.0	-2480.7820864055484	0.0	-3515.666483761968	0.0	-4416.25999117821	0.0	-3753.554619192542	0.0	-2181.410631763194	0.0	-9364.86995632414	0.0	-11962.132835731056
2018-01-07 06:30:00	0.0	-2480.6270955854557	0.0	-3515.6115364844563	0.0	-4416.125893334184	0.0	-3753.4896584410026	0.0	-2181.248549496142	0.0	-9367.727786170342	0.0	-11963.172996393718
2018-01-07 06:40:00	0.0	-2480.803808318123	0.0	-3515.9696130605766	0.0	-4416.5408187366	0.0	-3753.867253443128	0.0	-2181.4051984038433	0.0	-9370.377741325505	0.0	-11965.639574445195
2018-01-07 06:50:00	0.0	-2481.198803455433	0.0	-3516.5990145462915	0.0	-4417.316113149193	0.0	-3754.535629193026	0.0	-2181.7704701239522	0.0	-9372.890184188787	0.0	-11968.897193640427
2018-01-07 07:00:00	0.0	-2403.842046387557	0.0	-3406.8160214708346	0.0	-4279.4428103307455	0.0	-3637.333257379442	0.0	-2113.8507255891855	0.0	-9078.620939011596	0.0	-11596.659652190883
2018-01-07 07:10:00	0.0	-2405.7274261883026	0.0	-3409.5460650875793	0.0	-4282.918840371697	0.0	-3640.2408355032803	0.0	-2115.3520379726374	0.0	-9084.213563159743	0.0	-11606.163110847148
2018-01-07 07:20:00	0.0	-2406.595769380372	0.0	-3410.9219815874617	0.0	-4284.669770659159	0.0	-3641.698329706229	0.0	-2116.2744589767476	0.0	-9088.043503205989	0.0	-11609.841831868142
2018-01-07 07:30:00	0.0	-2407.095468138051	0.0	-3411.724289004667	0.0	-4285.6894748169325	0.0	-3642.5476985653795	0.0	-2117.32939897119	0.0	-9090.380260223885	0.0	-11611.39425274388
2018-01-07 07:40:00	0.0	-2407.3521805740415	0.0	-3412.1493376840704	0.0	-4286.228634526855	0.0	-3642.9970142844118	0.0	-2118.491393030755	0.0	-9091.729584932113	0.0	-11611.766187716614
2018-01-07 07:50:00	0.0	-2407.448995975127	0.0	-3412.326563184337	0.0	-4286.452383121207	0.0	-3643.1834828487395	0.0	-2119.759514934341	0.0	-9092.425697925073	0.0	-11611.483478921164
2018-01-07 08:00:00	0.0	-2412.529342120429	0.0	-3419.565641237488	0.0	-4295.542173548844	0.0	-3650.9099784564214	0.0	-2125.6025421095783	0.0	-9112.071847319363	0.0	-11635.396839095833
2018-01-07 08:10:00	0.0	-2412.542545626712	0.0	-3419.4690105228133	0.0	-4295.417554441579	0.0	-3650.8058620785855	0.0	-2127.077665108338	0.0	-9112.048788600554	0.0	-11634.544718797828
2018-01-07 08:20:00	0.0	-2412.2286718003597	0.0	-3419.1012758736897	0.0	-4294.931555796359	0.0	-3650.414303961151	0.0	-2127.8186554657245	0.0	-9111.904839595665	0.0	-11633.499536455976
2018-01-07 08:30:00	0.0	-2412.1076658383977	0.0	-3418.962277342941	0.0	-4294.743487553986	0.0	-3650.266401222759	0.0	-2128.322377385914	0.0	-9112.006450789444	0.0	-11633.410159909743
2018-01-07 08:40:00	0.0	-2412.1001322263005	0.0	-3418.972956108403	0.0	-4294.750177542054	0.0	-3650.2779664931177	0.0	-2128.590420233449	0.0	-9112.270162044548	0.0	-11633.849546450334
2018-01-07 08:50:00	0.0	-2412.1672871581445	0.0	-3419.081959751111	0.0	-4294.884701068033	0.0	-3650.3943082835153	0.0	-2128.6251440452606	0.0	-9112.64110693302	0.0	-11634.582163250825
2018-01-07 09:00:00	172.12720000000002	-2412.2835909942805	121.56040000000002	-3419.2555536770624	154.27346666666665	-4295.103129859942	128.8632	-3650.5794916443765	101.77653333333333	-2128.4292884964952	132.54613333333333	-9113.082989567863	459.5954666666667	-11635.477392585955
2018-01-07 09:10:00	172.12720000000002	-2412.3326714855607	121.56040000000002	-3419.4022528637406	154.27346666666665	-4295.2837333649395	128.8632	-3650.736056374495	101.77653333333333	-2127.946580825565	132.54613333333333	-9113.563587870649	459.5954666666667	-11636.367786025383
2018-01-07 09:20:00	172.12720000000002	-2412.661702945325	121.56040000000002	-3419.819262344678	154.27346666666665	-4295.823941095958	128.8632	-3651.1802780565813	101.77653333333333	-2127.8275779606465	132.54613333333333	-9114.143605424526	459.5954666666667	-11637.708694927225
2018-01-07 09:30:00	172.12720000000002	-2412.877828484133	121.56040000000002	-3420.0927407870804	154.27346666666665	-4296.1778895455955	128.8632	-3651.4716555500727	101.77653333333333	-2127.7117489536113	132.54613333333333	-9114.527024520652	459.5954666666667	-11638.451279962235
2018-01-07 09:40:00	172.12720000000002	-2413.0200507592062	121.56040000000002	-3420.272391252331	154.27346666666665	-4296.410209461091	128.8632	-3651.663100669658	101.77653333333333	-2127.598129766697	132.54613333333333	-9114.780666193607	459.5954666666667	-11638.863086002224
2018-01-07 09:50:00	172.12720000000002	-2413.1136403508494	121.56040000000002	-3420.390404839344	154.27346666666665	-4296.562695869441	128.8632	-3651.788886289365	101.77653333333333	-2127.4859377059743	132.54613333333333	-9114.948456542263	459.5954666666667	-11639.091455409178
2018-01-07 10:00:00	1463.0812	-2408.086495738872	1033.2634	-3413.243307230927	1311.3244666666665	-4287.589750526151	1095.3372	-3644.158834965593	865.1005333333334	-2122.9052248955363	1126.6421333333333	-9095.67739357494	3906.561466666667	-11614.65911105538
2018-01-07 10:10:00	1463.0812	-2407.3832012944513	1033.2634	-3412.778405457376	1311.3244666666665	-4286.964154967338	1095.3372	-3643.6636675037553	865.1005333333334	-2122.358656352601	1126.6421333333333	-9095.69043661668	3906.561466666667	-11614.021798213664
2018-01-07 10:20:00	1463.0812	-2408.045325662685	1033.2634	-3413.3222069714775	1311.3244666666665	-4287.67038159799	1095.3372	-3644.2442893512543	865.1005333333334	-2122.6177624917136	1126.6421333333333	-9096.380902285327	3906.561466666667	-11615.962808964308
2018-01-07 10:30:00	1463.0812	-2408.479543448588	1033.2634	-3413.678221162617	1311.3244666666665	-4288.132269394508	1095.3372	-3644.624474852829	865.1005333333334	-2122.874086525202	1126.6421333333333	-9096.836941783178	3906.561466666667	-11617.03643493568
2018-01-07 10:40:00	1463.0812	-2408.7652831419387	1033.2634	-3413.912090998576	1311.3244666666665	-4288.435438339519	1095.3372	-3644.8742708751324	865.1005333333334	-2123.128483005885	1126.6421333333333	-9097.138624162439	3906.561466666667	-11617.631823778094
2018-01-07 10:50:00	1463.0812	-2408.9533146016097	1033.2634	-3414.065721656154	1311.3244666666665	-4288.6344275003485	1095.3372	-3645.038394925633	865.1005333333334	-2123.380955000523	1126.6421333333333	-9097.338194655891	3906.561466666667	-11617.962000100088
2018-01-07 11:00:00	4819.5616	-2414.165749925175	3403.6912	-3421.3912357813406	4319.657066666666	-4297.83803257833	3608.1695999999997	-3652.8588958888813	2849.7429333333334	-2128.1011617643308	3711.2917333333335	-9116.852220922581	12868.673066666666	-11642.703981981535
2018-01-07 11:10:00	4819.5616	-2412.3026940798845	3403.6912	-3420.1015820576795	4319.657066666666	-4296.1067880307955	3608.1695999999997	-3651.4852552505045	2849.7429333333334	-2127.205639136847	3711.2917333333335	-9116.778229641408	12868.673066666666	-11640.947678151302
2018-01-07 11:20:00	4819.5616	-2414.0914992883554	3403.6912	-3421.5911923344174	4319.657066666666	-4298.047393982387	3608.1695999999997	-3653.075243326879	2849.7429333333334	-2128.898651272485	3711.2917333333335	-9118.52369319167	12868.673066666666	-11646.04840464816
2018-01-07 11:30:00	4819.5616	-2416.0207573252137	3403.6912	-3422.464256055443	4319.657066666666	-4299.186256208571	3608.1695999999997	-3654.0074360444414	2849.7429333333334	-2130.807791385678	3711.2917333333335	-9119.479762986819	12868.673066666666	-11648.380157644506
2018-01-07 11:40:00	4819.5616	-2418.233090342731	3403.6912	-3422.9357937502773	4319.657066666666	-4299.803638855411	3608.1695999999997	-3654.511179109748	2849.7429333333334	-2132.93388121771	3711.2917333333335	-9119.915736182178	12868.673066666666	-11652.836654481996
2018-01-07 11:50:00	4819.5616	-2420.6825938832744	3403.6912	-3423.1435613082385	4319.657066666666	-4300.078734133905	3608.1695999999997	-3654.7334115163467	2849.7429333333334	-2135.275226903468	3711.2917333333335	-9120.007650161671	12868.673066666666	-11659.70316950491
2018-01-07 12:00:00	8778.487200000001	-2332.537584025895	6199.580400000001	-3294.2183012544356	7867.9468	-4138.175235467508	6572.0232000000005	-3517.098768860591	5190.6032000000005	-2058.051032490207	6759.852800000001	-8773.901005291522	23439.368800000004	-11230.372573866462
2018-01-07 12:10:00	8778.487200000001	-2334.922385061933	6199.580400000001	-3295.7263489402358	7867.9468	-4140.652315016989	6572.0232000000005	-3518.9257969805312	5190.6032000000005	-2061.3601915063755	6759.852800000001	-8776.6605060504	23439.368800000004	-11257.144119789129
2018-01-07 12:20:00	8778.487200000001	-2340.902698552605	6199.580400000001	-3298.9249930552796	7867.9468	-4145.2880792854485	6572.0232000000005	-3522.5180774997425	5190.6032000000005	-2065.73061389553	6759.852800000001	-8779.91787309172	23439.368800000004	-11287.939593937841
2018-01-07 12:30:00	8778.487200000001	-2346.886047418471	6199.580400000001	-3302.181146575853	7867.9468	-4149.990839408187	6572.0232000000005	-3526.1702538419613	5190.6032000000005	-2070.1246816644507	6759.852800000001	-8782.07119032638	23439.368800000004	-11318.792108176178
2018-01-07 12:40:00	8778.487200000001	-2352.877590723201	6199.580400000001	-3305.4967012200614	7867.9468	-4154.763181934286	6572.0232000000005	-3529.8843264009192	5190.6032000000005	-2074.5434240234154	6759.852800000001	-8783.49566660812	23439.368800000004	-11349.706127492125
2018-01-07 12:50:00	8778.487200000001	-2358.877378030362	6199.580400000001	-3308.871047562152	7867.9468	-4159.604412394292	6572.0232000000005	-3533.6596658303224	5190.6032000000005	-2078.9867741054168	6759.852800000001	-8784.43799426814	23439.368800000004	-11380.680635018765
2018-01-07 13:00:00	11876.776800000001	-2352.913798092408	8387.6676	-3295.3043547837933	10644.869200000001	-4143.165630274652	8891.560800000001	-3519.348073447054	7022.580800000001	-2072.9392681301633	9145.683200000001	-8739.453710383677	31712.087200000005	-11353.937901903955
2018-01-07 13:10:00	11876.776800000001	-2357.2133179908124	8387.6676	-3298.262773878625	10644.869200000001	-4147.3253740672335	8891.560800000001	-3522.679826386522	7022.580800000001	-2076.936266263834	9145.683200000001	-8740.685143049133	31712.087200000005	-11388.978715552446
2018-01-07 13:20:00	11876.776800000001	-2364.7933676001685	8387.6676	-3303.0360273378537	10644.869200000001	-4153.907187680241	8891.560800000001	-3527.9453407954134	7022.580800000001	-2082.0114268938323	9145.683200000001	-8743.077841024977	31712.087200000005	-11427.976609734513
2018-01-07 13:30:00	11876.776800000001	-2372.046670342079	8387.6676	-3307.383399234699	10644.869200000001	-4159.9500357599245	8891.560800000001	-3532.7548901658756	7022.580800000001	-2086.815948327934	9145.683200000001	-8744.855822585923	31712.087200000005	-11464.041510085546
2018-01-07 13:40:00	11876.776800000001	-2378.9811627696163	8387.6676	-3311.3126387317625	10644.869200000001	-4165.463869772486	8891.560800000001	-3537.1167479322994	7022.580800000001	-2091.353298865979	9145.683200000001	-8746.228616464487	31712.087200000005	-11497.230871148939
2018-01-07 13:50:00	11876.776800000001	-2385.5995129895655	8387.6676	-3314.828001574233	10644.869200000001	-4170.453930496224	8891.560800000001	-3541.0354378592438	7022.580800000001	-2095.6254237763333	9145.683200000001	-8747.333366704734	31712.087200000005	-11527.591748748797
2018-01-07 14:00:00	16782.402000000002	-2421.062038457785	11852.139000000001	-3359.341839707189	15041.663	-4226.926593891942	12564.162	-3588.720642780627	9923.212000000001	-2125.246343486455	12923.248000000001	-8859.364467758285	44810.558000000005	-11695.886849512703
2018-01-07 14:10:00	16782.402000000002	-2422.2881731085763	11852.139000000001	-3358.2545755099054	15041.663	-4225.907665795545	12564.162	-3587.7294905307463	9923.212000000001	-2126.75640545195	12923.248000000001	-8858.969517202786	44810.558000000005	-11713.745823586949
2018-01-07 14:20:00	16782.402000000002	-2431.218170835087	11852.139000000001	-3363.460972841369	15041.663	-4233.0209315615575	12564.162	-3593.461548236206	9923.212000000001	-2131.870932463422	12923.248000000001	-8861.68605186293	44810.558000000005	-11752.925828015941
2018-01-07 14:30:00	16782.402000000002	-2439.9999540823046	11852.139000000001	-3368.5119427106747	15041.663	-4239.934527505055	12564.162	-3599.026260476063	9923.212000000001	-2136.8853212762006	12923.248000000001	-8863.479959233438	44810.558000000005	-11790.86710083003
2018-01-07 14:40:00	16782.402000000002	-2448.64594904162	11852.139000000001	-3373.4188616696483	15041.663	-4246.663376507233	12564.162	-3604.4358608203074	9923.212000000001	-2141.804229627296	12923.248000000001	-8864.666678207926	44810.558000000005	-11827.62067658284
2018-01-07 14:50:00	16782.402000000002	-2457.1573348226048	11852.139000000001	-3378.1831832705593	15041.663	-4253.209291968524	12564.162	-3609.691902042212	9923.212000000001	-2146.6283822961304	12923.248000000001	-8865.45172318141	44810.558000000005	-11863.205958540428
2018-01-07 15:00:00	15835.7024	-2426.1772223053467	11183.5568	-3326.903378858764	14193.158933333332	-4189.370683852709	11855.4144	-3555.1170099239534	9363.441066666666	-2116.7834584967386	12194.244266666667	-8715.963135944661	42282.782933333336	-11707.695415446899
2018-01-07 15:10:00	15835.7024	-2437.8149222170487	11183.5568	-3335.672808091158	14193.158933333332	-4200.959588580479	11855.4144	-3564.6433297414114	9363.441066666666	-2123.6057697477936	12194.244266666667	-8719.575088164598	42282.782933333336	-11758.42026113141
2018-01-07 15:20:00	15835.7024	-2446.329451891148	11183.5568	-3341.1439001741346	14193.158933333332	-4208.326902692674	11855.4144	-3570.6375831421665	9363.441066666666	-2128.6376617661663	12194.244266666667	-8721.059036979706	42282.782933333336	-11796.499470319628
2018-01-07 15:30:00	15835.7024	-2454.774889160881	11183.5568	-3346.564145684706	14193.158933333332	-4215.627598686058	11855.4144	-3576.5765037397523	9363.441066666666	-2133.6337067873847	12194.244266666667	-8722.041665413162	42282.782933333336	-11833.971608278007
2018-01-07 15:40:00	15835.7024	-2463.1475009924598	11183.5568	-3351.929133429652	14193.158933333332	-4222.855883506525	11855.4144	-3582.455334027136	9363.441066666666	-2138.592330710646	12194.244266666667	-8722.691698479895	42282.782933333336	-11870.830224706573
2018-01-07 15:50:00	15835.7024	-2471.4479204860854	11183.5568	-3357.239434553443	14193.158933333332	-4230.012484874902	11855.4144	-3588.274690041826	9363.441066666666	-2143.51367348217	12194.244266666667	-8723.121712138498	42282.782933333336	-11907.085387056504
2018-01-07 16:00:00	9725.1868	-2497.2955983153806	6868.162600000001	-3387.5248176167133	8716.450866666666	-4268.529698524611	7280.7708	-3620.754883406269	5750.374133333334	-2163.877179021196	7488.856533333334	-8790.577285425952	25967.14386666667	-12027.77984021397
2018-01-07 16:10:00	9725.1868	-2510.3783716267444	6868.162600000001	-3395.991308188146	8716.450866666666	-4279.923975020969	7280.7708	-3629.9337868307157	5750.374133333334	-2170.7947768006234	7488.856533333334	-8791.052953504937	25967.14386666667	-12065.14920546029
2018-01-07 16:20:00	9725.1868	-2515.27062021858	6868.162600000001	-3398.6548601046215	8716.450866666666	-4283.7365087253	7280.7708	-3632.914685853417	5750.374133333334	-2174.3401690779137	7488.856533333334	-8788.09421226479	25967.14386666667	-12083.877198126476
2018-01-07 16:30:00	9725.1868	-2520.389683570458	6868.162600000001	-3401.674410009997	8716.450866666666	-4287.992763269758	7280.7708	-3636.2744999566476	5750.374133333334	-2178.094598610537	7488.856533333334	-8785.943580382425	25967.14386666667	-12104.611686329303
2018-01-07 16:40:00	9725.1868	-2525.17078551516	6868.162600000001	-3405.036974314722	8716.450866666666	-4292.6758612970025	7280.7708	-3639.999331013287	5750.374133333334	-2182.052707250481	7488.856533333334	-8784.324275215971	25967.14386666667	-12127.291653833232
2018-01-07 16:50:00	9725.1868	-2527.9953744909744	6868.162600000001	-3408.739070314674	8716.450866666666	-4297.781589803977	7280.7708	-3644.0855018577513	5750.374133333334	-2186.2129653348156	7488.856533333334	-8783.05645978514	25967.14386666667	-12151.885286994719
2018-01-07 17:00:00	2065.5264	-2603.3898405722834	1458.7248000000002	-3517.354558095153	1851.2816	-4434.63205207847	1546.3584	-3760.1695348953235	1221.3184	-2255.2437332931513	1590.5536000000002	-9062.712577565437	5515.145600000001	-12532.673730282757
2018-01-07 17:10:00	2065.5264	-2607.674785659559	1458.7248000000002	-3522.0264004113615	1851.2816	-4441.321052445043	1546.3584	-3765.280682053053	1221.3184	-2260.5287913777165	1590.5536000000002	-9058.967414947389	5515.145600000001	-12542.54873602534
2018-01-07 17:20:00	2065.5264	-2604.654546066275	1458.7248000000002	-3520.396737418396	1851.2816	-4439.772019082512	1546.3584	-3763.669659970491	1221.3184	-2261.9809385776152	1590.5536000000002	-9052.680460633279	5515.145600000001	-12537.021200265772
2018-01-07 17:30:00	2065.5264	-2602.674830181388	1458.7248000000002	-3518.8859677042674	1851.2816	-4438.367513489553	1546.3584	-3762.184193345477	1221.3184	-2263.4838515755273	1590.5536000000002	-9048.525509628405	5515.145600000001	-12531.441115318361
2018-01-07 17:40:00	2065.5264	-2601.372064523149	1458.7248000000002	-3517.483134679379	1851.2816	-4437.093084524034	1546.3584	-3760.812539734269	1221.3184	-2265.0330475457604	1590.5536000000002	-9045.776900190303	5515.145600000001	-12526.519756635258
2018-01-07 17:50:00	2065.5264	-2600.5147774142347	1458.7248000000002	-3516.187152849183	1851.2816	-4435.947461785487	1546.3584	-3759.553564068944	1221.3184	-2266.6281823182253	1590.5536000000002	-9043.958625532548	5515.145600000001	-12522.245354553888
2018-01-07 18:00:00	0.0	-2849.139255378606	0.0	-3869.052046868963	0.0	-4879.537522082817	0.0	-4136.371142926541	0.0	-2487.179111675121	0.0	-9993.13687403827	0.0	-13721.26537045356
2018-01-07 18:10:00	0.0	-2843.5808948714293	0.0	-3857.6300331683624	0.0	-4865.816938758765	0.0	-4124.300682795883	0.0	-2483.9229978912913	0.0	-9982.76114404418	0.0	-13667.89417595792
2018-01-07 18:20:00	0.0	-2839.81760939056	0.0	-3850.423677564882	0.0	-4857.492613798897	0.0	-4116.750632300332	0.0	-2482.822851214538	0.0	-9976.192469238069	0.0	-13625.907240738716
2018-01-07 18:30:00	0.0	-2834.708446312391	0.0	-3841.324449922893	0.0	-4846.781728143824	0.0	-4107.177611871122	0.0	-2480.506024513062	0.0	-9970.930240851405	0.0	-13572.588233473345
2018-01-07 18:40:00	0.0	-2828.2694938896734	0.0	-3830.3609308222726	0.0	-4833.720074835119	0.0	-4095.612107401937	0.0	-2476.985243938681	0.0	-9966.53353731269	0.0	-13508.153817436621
2018-01-07 18:50:00	0.0	-2820.51229599771	0.0	-3817.552112726999	0.0	-4818.330947607955	0.0	-4082.0742646660333	0.0	-2472.269573136542	0.0	-9962.709397619019	0.0	-13432.785954768891
2018-01-07 19:00:00	0.0	-2823.807898995651	0.0	-3820.4798932059025	0.0	-4822.691959768851	0.0	-4085.333082581098	0.0	-2477.224851272876	0.0	-10006.398215223977	0.0	-13406.331489106202
2018-01-07 19:10:00	0.0	-2812.921975709997	0.0	-3803.2797324291496	0.0	-4801.770393977445	0.0	-4067.102388620821	0.0	-2469.773059361573	0.0	-10002.559422905453	0.0	-13306.232911193098
2018-01-07 19:20:00	0.0	-2801.4911246939555	0.0	-3785.315206421714	0.0	-4779.775529083318	0.0	-4048.062787212281	0.0	-2461.531067399987	0.0	-9999.32161936529	0.0	-13205.646599674203
2018-01-07 19:30:00	0.0	-2790.160598526557	0.0	-3772.3579660864757	0.0	-4758.000842007991	0.0	-4031.561279272919	0.0	-2453.3520468335464	0.0	-9997.180473102533	0.0	-13106.710274069706
2018-01-07 19:40:00	0.0	-2778.928719131998	0.0	-3764.14495266903	0.0	-4740.500951333485	0.0	-4021.436065343245	0.0	-2445.2346247075798	0.0	-9995.764053518764	0.0	-13009.394019650987
2018-01-07 19:50:00	0.0	-2767.7946370388795	0.0	-3758.7493545798247	0.0	-4729.500030533667	0.0	-4014.7824583944043	0.0	-2437.1783383697925	0.0	-9994.827058523106	0.0	-12913.671309049247
2018-01-07 20:00:00	0.0	-2814.238759674053	0.0	-3836.8755923887215	0.0	-4824.8424834642765	0.0	-4097.598401737384	0.0	-2479.6706652141293	0.0	-10213.322778429263	0.0	-13113.945654429297
2018-01-07 20:10:00	0.0	-2801.1870607171645	0.0	-3833.1110676519506	0.0	-4818.266740528972	0.0	-4093.196793399274	0.0	-2470.2395514130103	0.0	-10210.335050118414	0.0	-13072.04502943824
2018-01-07 20:20:00	0.0	-2789.1480113323337	0.0	-3831.5817548589657	0.0	-4815.176207878653	0.0	-4091.3153284197983	0.0	-2461.399935775527	0.0	-10208.77015511862	0.0	-13051.71158813357
2018-01-07 20:30:00	0.0	-2777.016223213725	0.0	-3830.677730003079	0.0	-4813.275956308259	0.0	-4090.1863839845114	0.0	-2452.4522750968777	0.0	-10207.930819987956	0.0	-13040.920679429517
2018-01-07 20:40:00	0.0	-2764.7940402763184	0.0	-3830.18566130828	0.0	-4812.158581805675	0.0	-4089.5531639529886	0.0	-2443.398120991018	0.0	-10207.571687137111	0.0	-13035.424533987807
2018-01-07 20:50:00	0.0	-2752.482245573953	0.0	-3829.9642069886245	0.0	-4811.555055902388	0.0	-4089.245648150419	0.0	-2434.2382739830437	0.0	-10207.530218997312	0.0	-13032.864616125928
2018-01-07 21:00:00	0.0	-2825.432474913595	0.0	-3951.130782930165	0.0	-4963.510174400907	0.0	-4218.550873480639	0.0	-2499.9336060321043	0.0	-10532.88978094913	0.0	-13443.966741187427
2018-01-07 21:10:00	0.0	-2810.456715957266	0.0	-3949.397656643452	0.0	-4961.154993524714	0.0	-4216.674356702339	0.0	-2488.6913537767828	0.0	-10529.97382261079	0.0	-13438.383307284616
2018-01-07 21:20:00	0.0	-2802.6430391042836	0.0	-3949.7921427223564	0.0	-4961.610628147372	0.0	-4217.0802478615915	0.0	-2479.0285095499444	0.0	-10528.729879428804	0.0	-13439.564786430481
2018-01-07 21:30:00	0.0	-2797.4985478963504	0.0	-3950.049099017119	0.0	-4961.906733086276	0.0	-4217.344581864813	0.0	-2469.494369102427	0.0	-10527.906260517999	0.0	-13440.214823395632
2018-01-07 21:40:00	0.0	-2794.113220937385	0.0	-3950.217897857554	0.0	-4962.101089375032	0.0	-4217.518260607551	0.0	-2463.2649125253406	0.0	-10527.361418774008	0.0	-13440.575309659249
2018-01-07 21:50:00	0.0	-2791.885507776366	0.0	-3950.328782560779	0.0	-4962.228657380534	0.0	-4217.632372751397	0.0	-2459.1910417590957	0.0	-10527.000993657672	0.0	-13440.77521844614
2018-01-07 22:00:00	0.0	-2858.4588260521173	0.0	-4047.002561933661	0.0	-5083.628366803015	0.0	-4320.8342835391395	0.0	-2516.2868406736516	0.0	-10785.933602841898	0.0	-13769.26463751127
2018-01-07 22:10:00	0.0	-2856.2523860244023	0.0	-4045.25915602289	0.0	-5081.3927364169185	0.0	-4318.975967089096	0.0	-2513.6392690608914	0.0	-10782.558278868513	0.0	-13763.791436091886
2018-01-07 22:20:00	0.0	-2855.8001736844835	0.0	-4045.4171809711574	0.0	-5081.625081082385	0.0	-4319.149302691607	0.0	-2512.6540621836602	0.0	-10780.795213279232	0.0	-13764.438545975328
2018-01-07 22:30:00	0.0	-2855.5012719626075	0.0	-4045.519132967872	0.0	-5081.77507396254	0.0	-4319.261192108852	0.0	-2512.008432113495	0.0	-10779.628411342484	0.0	-13764.79296652959
2018-01-07 22:40:00	0.0	-2855.3045816648573	0.0	-4045.5861082822776	0.0	-5081.873527170014	0.0	-4319.334709625673	0.0	-2511.5858472686737	0.0	-10778.856546646357	0.0	-13764.98951672374
2018-01-07 22:50:00	0.0	-2855.1751497618634	0.0	-4045.6301046298354	0.0	-5081.938148027751	0.0	-4319.383012804249	0.0	-2511.3092518866933	0.0	-10778.345941123816	0.0	-13765.098514144309
2018-01-07 23:00:00	0.0	-2855.0899771966497	0.0	-4045.6590060061194	0.0	-5081.980562650047	0.0	-4319.414749421052	0.0	-2511.128211307414	0.0	-10778.008164307917	0.0	-13765.158958950507
2018-01-07 23:10:00	0.0	-2855.0339294549653	0.0	-4045.67799143554	0.0	-5082.0084019615015	0.0	-4319.435601316834	0.0	-2511.009714421785	0.0	-10777.784717493647	0.0	-13765.192478776718
2018-01-07 23:20:00	0.0	-2854.9379986507142	0.0	-4045.607103742078	0.0	-5081.9138692257275	0.0	-4319.36090067179	0.0	-2510.863823042343	0.0	-10777.65853081423	0.0	-13765.171134074679
2018-01-07 23:30:00	0.0	-2854.9325356623954	0.0	-4045.642108103426	0.0	-5081.955922393746	0.0	-4319.398794011443	0.0	-2510.822675029524	0.0	-10777.731901861802	0.0	-13765.549756292152
2018-01-07 23:40:00	0.0	-2854.98645049659	0.0	-4045.746438702152	0.0	-5082.0873052108955	0.0	-4319.510413645442	0.0	-2510.8499567939866	0.0	-10777.937142247516	0.0	-13766.149662941234
2018-01-07 23:50:00	0.0	-2855.0794390009296	0.0	-4045.896310240276	0.0	-5082.277320890132	0.0	-4319.670474053874	0.0	-2510.922028245655	0.0	-10778.229617236131	0.0	-13766.872283884373
2018-01-08 00:00:00	0.0	-2855.1981399208216	0.0	-4046.0760978066596	0.0	-5082.505820933123	0.0	-4319.862361471331	0.0	-2511.023415973647	0.0	-10778.579799851004	0.0	-13767.66295642944
2018-01-08 00:10:00	0.0	-2855.3337608848583	0.0	-4046.2755373634677	0.0	-5082.759580627855	0.0	-4320.075160167933	0.0	-2511.1439921394967	0.0	-10778.968157334035	0.0	-13768.491367194096
2018-01-08 00:20:00	0.0	-2855.5395647103796	0.0	-4046.5712456914052	0.0	-5083.142725179383	0.0	-4320.390099131267	0.0	-2511.3454591003197	0.0	-10779.360140018098	0.0	-13769.380638993127
2018-01-08 00:30:00	0.0	-2855.674839427243	0.0	-4046.765263226494	0.0	-5083.393886663024	0.0	-4320.596772496594	0.0	-2511.4771977969103	0.0	-10779.619302838266	0.0	-13769.873269151853
2018-01-08 00:40:00	0.0	-2855.76385705603	0.0	-4046.8927144532754	0.0	-5083.558739782216	0.0	-4320.732563368856	0.0	-2511.5634251471333	0.0	-10779.790744910379	0.0	-13770.146459125615
2018-01-08 00:50:00	0.0	-2855.822435038604	0.0	-4046.976437672279	0.0	-5083.666942968975	0.0	-4320.8217819871425	0.0	-2511.619863722799	0.0	-10779.904157622528	0.0	-13770.297957343162
2018-01-08 01:00:00	0.0	-2855.860982235435	0.0	-4047.0314357889497	0.0	-5083.737963340073	0.0	-4320.880401257811	0.0	-2511.656804586961	0.0	-10779.979182633231	0.0	-13770.381971078092
2018-01-08 01:10:00	0.0	-2855.8863481889603	0.0	-4047.067564271266	0.0	-5083.784578354507	0.0	-4320.918915852185	0.0	-2511.6809835714334	0.0	-10780.028813332685	0.0	-13770.428561115714
2018-01-08 01:20:00	0.0	-2855.903040235362	0.0	-4047.091297215473	0.0	-5083.815174640272	0.0	-4320.944221079677	0.0	-2511.696809494932	0.0	-10780.061645135105	0.0	-13770.454397743571
2018-01-08 01:30:00	0.0	-2855.9140244237883	0.0	-4047.1068874812318	0.0	-5083.8352568544315	0.0	-4320.960847362487	0.0	-2511.7071680711833	0.0	-10780.083364096598	0.0	-13770.468725513494
2018-01-08 01:40:00	0.0	-2855.9212525606176	0.0	-4047.1171287890234	0.0	-5083.848438040166	0.0	-4320.971771321981	0.0	-2511.713948092721	0.0	-10780.097731668697	0.0	-13770.476671015986
2018-01-08 01:50:00	0.0	-2855.926009030554	0.0	-4047.12385634498	0.0	-5083.857089658761	0.0	-4320.97894868642	0.0	-2511.7183858350245	0.0	-10780.107236134552	0.0	-13770.481077215283
2018-01-08 02:00:00	0.0	-2939.013366754406	0.0	-4165.08760509873	0.0	-5232.0015289069515	0.0	-4446.911861567567	0.0	-2584.6997361278386	0.0	-11096.593154088525	0.0	-14171.465456006716
2018-01-08 02:10:00	0.0	-2937.7653058849346	0.0	-4163.288342459316	0.0	-5229.700139280887	0.0	-4444.995667421214	0.0	-2583.793304159996	0.0	-11093.378249786632	0.0	-14165.92092021396
2018-01-08 02:20:00	0.0	-2937.956195946517	0.0	-4163.428776957172	0.0	-5229.914177445743	0.0	-4445.151503548381	0.0	-2583.9562579755666	0.0	-11091.760925975328	0.0	-14166.574490913557
2018-01-08 02:30:00	0.0	-2938.0804715989752	0.0	-4163.519147706087	0.0	-5230.05211953883	0.0	-4445.251867157087	0.0	-2584.062127590811	0.0	-11090.690495114217	0.0	-14166.932441465106
2018-01-08 02:40:00	0.0	-2938.162252807498	0.0	-4163.578515236051	0.0	-5230.142663045821	0.0	-4445.317811857265	0.0	-2584.1314234409483	0.0	-11089.98238276436	0.0	-14167.130949049031
2018-01-08 02:50:00	0.0	-2938.2160688262657	0.0	-4163.6175139656425	0.0	-5230.202092230144	0.0	-4445.361139433346	0.0	-2584.1767797759653	0.0	-11089.513951295243	0.0	-14167.241031812599
2018-01-08 03:00:00	0.0	-2925.574131454481	0.0	-4145.6443346561055	0.0	-5207.637387931358	0.0	-4426.1748842669285	0.0	-2573.0711245719453	0.0	-11040.913579659165	0.0	-14106.118443748266
2018-01-08 03:10:00	0.0	-2925.60474381504	0.0	-4145.671391866775	0.0	-5207.676554148245	0.0	-4426.204561246129	0.0	-2573.095401875647	0.0	-11040.711548346453	0.0	-14106.16490281276
2018-01-08 03:20:00	0.0	-2925.6138388524964	0.0	-4145.672329998588	0.0	-5207.680352473628	0.0	-4426.205970893327	0.0	-2573.1036837404895	0.0	-11040.544245529622	0.0	-14106.14980091458
2018-01-08 03:30:00	0.0	-2925.6198384532263	0.0	-4145.672970213078	0.0	-5207.682877868671	0.0	-4426.206922968545	0.0	-2573.1091124218697	0.0	-11040.433606572311	0.0	-14106.141475327719
2018-01-08 03:40:00	0.0	-2925.623786464035	0.0	-4145.673390738145	0.0	-5207.684535390994	0.0	-4426.207548472593	0.0	-2573.1126656583956	0.0	-11040.360416486305	0.0	-14106.13685829709
2018-01-08 03:50:00	0.0	-2925.626384447901	0.0	-4145.673666982584	0.0	-5207.685623323543	0.0	-4426.207959446991	0.0	-2573.114991364835	0.0	-11040.311999671088	0.0	-14106.134297913286
2018-01-08 04:00:00	0.0	-2922.464257702596	0.0	-4141.181959359643	0.0	-5202.045218314117	0.0	-4421.41288677032	0.0	-2570.337509827766	0.0	-11028.228293028755	0.0	-14090.863515412559
2018-01-08 04:10:00	0.0	-2922.467206128419	0.0	-4141.184630856973	0.0	-5202.049071446881	0.0	-4421.4158022654365	0.0	-2570.3397151645645	0.0	-11028.207848648583	0.0	-14090.865873119517
2018-01-08 04:20:00	0.0	-2922.4663887131896	0.0	-4141.182184009083	0.0	-5202.046132648217	0.0	-4421.41320331577	0.0	-2570.339259779555	0.0	-11028.185924935678	0.0	-14090.856981590978
2018-01-08 04:30:00	0.0	-2922.4658544634167	0.0	-4141.180582644087	0.0	-5202.044211803557	0.0	-4421.411502193283	0.0	-2570.3389636964953	0.0	-11028.171430775956	0.0	-14090.852063055017
2018-01-08 04:40:00	0.0	-2922.4655028961465	0.0	-4141.179530693264	0.0	-5202.042951024687	0.0	-4421.41038449704	0.0	-2570.3387698986394	0.0	-11028.16184256802	0.0	-14090.849335455832
2018-01-08 04:50:00	0.0	-2922.465271547719	0.0	-4141.178839663064	0.0	-5202.042123498989	0.0	-4421.4096501380745	0.0	-2570.338643051771	0.0	-11028.155499762124	0.0	-14090.847822860014
2018-01-08 05:00:00	0.0	-2922.4651193091568	0.0	-4141.178385722884	0.0	-5202.041580343639	0.0	-4421.409167642876	0.0	-2570.338560026456	0.0	-11028.151303859506	0.0	-14090.846984046839
2018-01-08 05:10:00	0.0	-2922.465019128746	0.0	-4141.178087527979	0.0	-5202.041223837824	0.0	-4421.408850629468	0.0	-2570.338505683748	0.0	-11028.14852817962	0.0	-14090.84651888124
2018-01-08 05:20:00	0.0	-2922.464953205145	0.0	-4141.177891642693	0.0	-5202.040989841401	0.0	-4421.408642342446	0.0	-2570.3384701147115	0.0	-11028.146692007636	0.0	-14090.846260922677
2018-01-08 05:30:00	0.0	-2922.464909824196	0.0	-4141.1777629649605	0.0	-5202.04083625535	0.0	-4421.408505491801	0.0	-2570.338446833634	0.0	-11028.145477340347	0.0	-14090.846117871215
2018-01-08 05:40:00	0.0	-2922.464881277412	0.0	-4141.177678436102	0.0	-5202.040735447504	0.0	-4421.408415576952	0.0	-2570.3384315954345	0.0	-11028.144673811792	0.0	-14090.846038541733
2018-01-08 05:50:00	0.0	-2922.464862492236	0.0	-4141.1776229087955	0.0	-5202.04066928119	0.0	-4421.408356500267	0.0	-2570.3384216215454	0.0	-11028.144142260357	0.0	-14090.845994549405
2018-01-08 06:00:00	0.0	-2922.464850130674	0.0	-4141.177586432713	0.0	-5202.040625852224	0.0	-4421.408317685165	0.0	-2570.3384150933152	0.0	-11028.143790627644	0.0	-14090.845970153354
2018-01-08 06:10:00	0.0	-2922.4648419961604	0.0	-4141.177562471445	0.0	-5202.040597347157	0.0	-4421.408292182519	0.0	-2570.3384108203836	0.0	-11028.143558015036	0.0	-14090.845956624482
2018-01-08 06:20:00	0.0	-2922.1795889970913	0.0	-4140.774860967493	0.0	-5201.495647006797	0.0	-4420.981234903677	0.0	-2570.008318231898	0.0	-11028.247884554923	0.0	-14090.65304280425
2018-01-08 06:30:00	0.0	-2922.2704383920695	0.0	-4140.904370673108	0.0	-5201.640844995992	0.0	-4421.120792060243	0.0	-2570.0547757494155	0.0	-11029.074580042392	0.0	-14092.43226158577
2018-01-08 06:40:00	0.0	-2922.608035431516	0.0	-4141.38235827936	0.0	-5202.237483225659	0.0	-4421.6314185864285	0.0	-2570.347079051194	0.0	-11030.378450027922	0.0	-14095.302627352705
2018-01-08 06:50:00	0.0	-2923.1080053077408	0.0	-4142.089263696076	0.0	-5203.130431554223	0.0	-4422.385850042071	0.0	-2570.8002970436332	0.0	-11031.997981940862	0.0	-14098.778093700215
2018-01-08 07:00:00	0.0	-2923.714824781675	0.0	-4142.946546443304	0.0	-5204.217865892304	0.0	-4423.300468754533	0.0	-2571.3588384905606	0.0	-11033.826331020227	0.0	-14102.589120512472
2018-01-08 07:10:00	0.0	-2924.391955985543	0.0	-4143.902611942461	0.0	-5205.432953613028	0.0	-4424.320334686867	0.0	-2571.986317998106	0.0	-11035.792817128324	0.0	-14106.586231793168
2018-01-08 07:20:00	0.0	-2925.4743747293874	0.0	-4145.430397307641	0.0	-5207.4176899281365	0.0	-4425.946833487532	0.0	-2573.074377126619	0.0	-11037.719182660954	0.0	-14110.929333699498
2018-01-08 07:30:00	0.0	-2926.1138726387267	0.0	-4146.330964575162	0.0	-5208.588793519237	0.0	-4426.905620902103	0.0	-2573.7180374658315	0.0	-11038.79687548879	0.0	-14112.847499426387
2018-01-08 07:40:00	0.0	-2926.462846142449	0.0	-4146.820936810952	0.0	-5209.227806272386	0.0	-4427.427229075123	0.0	-2574.0716027105136	0.0	-11039.314019127705	0.0	-14113.424062508637
2018-01-08 07:50:00	0.0	-2926.620639129017	0.0	-4147.041185657104	0.0	-5209.517572690596	0.0	-4427.6615955409015	0.0	-2574.235290688763	0.0	-11039.46034650137	0.0	-14113.256633149671
2018-01-08 08:00:00	0.0	-2926.6526259866237	0.0	-4147.0842522422045	0.0	-5209.578107470019	0.0	-4427.707235846917	0.0	-2574.274697962657	0.0	-11039.361370935549	0.0	-14112.676621222261
2018-01-08 08:10:00	0.0	-2926.60182630891	0.0	-4147.010927225884	0.0	-5209.488183716697	0.0	-4427.628877555081	0.0	-2574.232759516551	0.0	-11039.10012219574	0.0	-14111.867810873346
2018-01-08 08:20:00	0.0	-2926.349007130688	0.0	-4146.652858376981	0.0	-5209.017643600863	0.0	-4427.248165613982	0.0	-2573.9668416359946	0.0	-11038.785567854817	0.0	-14110.832340652863
2018-01-08 08:30:00	0.0	-2926.254873816614	0.0	-4146.519842827318	0.0	-5208.839254521074	0.0	-4427.106998478081	0.0	-2573.8608410722895	0.0	-11038.773613206136	0.0	-14110.746575346297
2018-01-08 08:40:00	0.0	-2926.264777580939	0.0	-4146.534079218304	0.0	-5208.851822164594	0.0	-4427.122591947966	0.0	-2573.859191755623	0.0	-11038.961478847037	0.0	-14111.186175980638
2018-01-08 08:50:00	0.0	-2926.3431433618275	0.0	-4146.645046797191	0.0	-5208.989727566713	0.0	-4427.241182597021	0.0	-2573.9258439621417	0.0	-11039.281530285056	0.0	-14111.917121051138
2018-01-08 09:00:00	430.318	-2926.466560506202	303.901	-4146.819557450826	385.6836666666666	-5209.209899693002	322.15799999999996	-4427.42744540691	254.44133333333335	-2574.0372016766974	331.36533333333335	-11039.689025472444	1148.9886666666666	-14112.809631794891
2018-01-08 09:10:00	430.318	-2926.371620819133	303.901	-4146.8631333613675	385.6836666666666	-5209.252674887592	322.15799999999996	-4427.474222730203	254.44133333333335	-2574.0671309451122	331.36533333333335	-11040.133913186188	1148.9886666666666	-14113.555075316439
2018-01-08 09:20:00	430.318	-2926.82983381353	303.901	-4147.381789481664	385.6836666666666	-5209.925174704868	322.15799999999996	-4428.027035172288	254.44133333333335	-2574.413676021463	331.36533333333335	-11040.827911753106	1148.9886666666666	-14115.272969884285
2018-01-08 09:30:00	430.318	-2927.130671276072	303.901	-4147.72179933122	385.6836666666666	-5210.3656263729545	322.15799999999996	-4428.389501617544	254.44133333333335	-2574.6401597221748	331.36533333333335	-11041.286585684187	1148.9886666666666	-14116.224061259225
2018-01-08 09:40:00	430.318	-2927.328637929937	303.901	-4147.945153993502	385.6836666666666	-5210.654722943465	322.15799999999996	-4428.627653693078	254.44133333333335	-2574.7884008748383	331.36533333333335	-11041.590008805035	1148.9886666666666	-14116.751492861327
2018-01-08 09:50:00	430.318	-2927.458909654842	303.901	-4148.09187645818	385.6836666666666	-5210.844474570459	322.15799999999996	-4428.784126537525	254.44133333333335	-2574.885429431145	331.36533333333335	-11041.790729729473	1148.9886666666666	-14117.04398115724
2018-01-08 10:00:00	3872.8620000000005	-2844.271906416641	2735.1090000000004	-4029.9609381296564	3471.1530000000002	-5062.49382277358	2899.422	-4302.672648826183	2289.972	-2501.805115974959	2982.2880000000005	-10724.719111700057	10340.898000000001	-13715.315303704077
2018-01-08 10:10:00	3872.8620000000005	-2843.5942349954435	2735.1090000000004	-4030.4457148386587	3471.1530000000002	-5063.030394234596	2899.422	-4303.18865943444	2289.972	-2501.8697320291453	2982.2880000000005	-10727.86494138542	10340.898000000001	-13719.061235966257
2018-01-08 10:20:00	3872.8620000000005	-2845.1376945031775	2735.1090000000004	-4031.716179890162	3471.1530000000002	-5064.6489851617225	2899.422	-4304.5394141412	2289.972	-2502.5468389670446	2982.2880000000005	-10731.28442862381	10340.898000000001	-13723.550391009861
2018-01-08 10:30:00	3872.8620000000005	-2846.150732528596	2735.1090000000004	-4032.549398220281	3471.1530000000002	-5065.709495880899	2899.422	-4305.425450706414	2289.972	-2502.989364601202	2982.2880000000005	-10733.545084361183	10340.898000000001	-13726.036958478571
2018-01-08 10:40:00	3872.8620000000005	-2846.817365013662	2735.1090000000004	-4033.0967446854224	3471.1530000000002	-5066.405576822552	2899.422	-4306.007605104549	2289.972	-2503.2790125963597	2982.2880000000005	-10735.040559765213	10340.898000000001	-13727.415894819509
2018-01-08 10:50:00	3872.8620000000005	-2847.256042070811	2735.1090000000004	-4033.4562988185958	3471.1530000000002	-5066.862457401665	2899.422	-4306.390097820044	2289.972	-2503.468596552449	2982.2880000000005	-10736.029849916384	10340.898000000001	-13728.180587762015
2018-01-08 11:00:00	8003.9148000000005	-2763.0356818170258	5652.5586	-3913.709577018105	7173.7162	-4916.482328635751	5992.138800000001	-4178.552903834615	4732.6088	-2429.362131658826	6163.395200000001	-10414.77355033705	21371.189200000004	-13320.745868092752
2018-01-08 11:10:00	8003.9148000000005	-2762.0945593310116	5652.5586	-3914.0108794448524	7173.7162	-4916.764956909308	5992.138800000001	-4178.873203909318	4732.6088	-2429.2895768561057	6163.395200000001	-10418.234181182823	21371.189200000004	-13324.26153749659
2018-01-08 11:20:00	8003.9148000000005	-2764.139622913148	5652.5586	-3915.7195005999884	7173.7162	-4918.955584533811	5992.138800000001	-4180.690745608309	4732.6088	-2430.2405805498493	6163.395200000001	-10422.202430551104	21371.189200000004	-13329.900054145233
2018-01-08 11:30:00	8003.9148000000005	-2765.4098080029726	5652.5586	-3916.7378559856597	7173.7162	-4920.260448712817	5992.138800000001	-4181.77397901653	4732.6088	-2430.7941092123156	6163.395200000001	-10424.629509589391	21371.189200000004	-13332.534075719857
2018-01-08 11:40:00	8003.9148000000005	-2766.173715198285	5652.5586	-3917.3050729938795	7173.7162	-4920.98709020095	5992.138800000001	-4182.377212540815	4732.6088	-2431.0974968191986	6163.395200000001	-10426.03904915871	21371.189200000004	-13333.506985912594
2018-01-08 11:50:00	8003.9148000000005	-2766.878477813634	5652.5586	-3917.5759317938127	7173.7162	-4921.334203760764	5992.138800000001	-4182.665068063795	4732.6088	-2431.6470122819455	6163.395200000001	-10426.77546105978	21371.189200000004	-13333.558714972176
2018-01-08 12:00:00	8864.550799999999	-2767.892760006227	6260.3606	-3917.6521114967527	7945.0835333333325	-4921.432209601693	6636.4547999999995	-4182.745710709619	5241.491466666666	-2432.423397081194	6826.125866666666	-10427.066583649164	23669.166533333333	-13333.099599903602
2018-01-08 12:10:00	8864.550799999999	-2768.459603552834	6260.3606	-3917.2546001206283	7945.0835333333325	-4920.903316710361	6636.4547999999995	-4182.321829823296	5241.491466666666	-2433.132889492521	6826.125866666666	-10427.022176770926	23669.166533333333	-13331.883246597572
2018-01-08 12:20:00	8864.550799999999	-2770.0064792218127	6260.3606	-3917.3567359024473	7945.0835333333325	-4921.033884795468	6636.4547999999995	-4182.431633005956	5241.491466666666	-2434.1838900006705	6826.125866666666	-10427.286316381604	23669.166533333333	-13332.207878632282
2018-01-08 12:30:00	8864.550799999999	-2771.5978357264394	6260.3606	-3917.4233118669017	7945.0835333333325	-4921.118878961835	6636.4547999999995	-4182.503220380372	5241.491466666666	-2435.284519713894	6826.125866666666	-10427.46074115438	23669.166533333333	-13332.38669984261
2018-01-08 12:40:00	8864.550799999999	-2773.2347270552636	6260.3606	-3917.467046664624	7945.0835333333325	-4921.174666932819	6636.4547999999995	-4182.550256247733	5241.491466666666	-2436.4348484549573	6826.125866666666	-10427.576127448647	23669.166533333333	-13332.48586720472
2018-01-08 12:50:00	8864.550799999999	-2774.9168653245943	6260.3606	-3917.4957762554823	7945.0835333333325	-4921.2112840271675	6636.4547999999995	-4182.581160233552	5241.491466666666	-2437.6346034608723	6826.125866666666	-10427.652458115179	23669.166533333333	-13332.540860800342
2018-01-08 13:00:00	6282.6428000000005	-2707.3111988780183	4436.9546	-3819.070861571706	5630.981533333334	-4797.605081808588	4703.5068	-4077.5071737306625	3714.8434666666667	-2377.981388849036	4837.933866666667	-10163.584348001114	16775.234533333336	-12997.92975121933
2018-01-08 13:10:00	6282.6428000000005	-2713.8082520492826	4436.9546	-3821.9157727146276	5630.981533333334	-4801.306624695168	4703.5068	-4080.537327817723	3714.8434666666667	-2382.027448817732	4837.933866666667	-10166.962806015137	16775.234533333336	-13007.826168793734
2018-01-08 13:20:00	6282.6428000000005	-2714.305614421044	4436.9546	-3820.66487016928	5630.981533333334	-4799.64374213629	4703.5068	-4079.196586083988	3714.8434666666667	-2382.776627179901	4837.933866666667	-10167.362787676846	16775.234533333336	-13001.561973554934
2018-01-08 13:30:00	6282.6428000000005	-2714.5512381152585	4436.9546	-3819.949537770496	5630.981533333334	-4798.688421522318	4703.5068	-4078.429153555635	3714.8434666666667	-2383.2919878025605	4837.933866666667	-10167.825658144726	16775.234533333336	-12999.071534410687
2018-01-08 13:40:00	6282.6428000000005	-2714.5391814429113	4436.9546	-3819.581425792331	5630.981533333334	-4798.191267602462	4703.5068	-4078.0334617136286	3714.8434666666667	-2383.5720666736324	4837.933866666667	-10168.327985251039	16775.234533333336	-12998.177902155461
2018-01-08 13:50:00	6282.6428000000005	-2714.271682312976	4436.9546	-3819.4414112605236	5630.981533333334	-4797.994846352374	4703.5068	-4077.882021990341	3714.8434666666667	-2383.618639457698	4837.933866666667	-10168.856416108423	16775.234533333336	-12998.170383696386
2018-01-08 14:00:00	11532.5224	-2610.3358560751785	8144.546800000001	-3672.609343994931	10336.322266666666	-4613.584899551854	8633.8344	-3921.129037042627	6819.027733333333	-2292.5942459081807	8880.590933333335	-9775.440781885973	30792.89626666667	-12499.491206964787
2018-01-08 14:10:00	11532.5224	-2607.9982334999077	8144.546800000001	-3672.429102900056	10336.322266666666	-4613.218436858884	8633.8344	-3920.9358031969077	6819.027733333333	-2292.2863979386193	8880.590933333335	-9778.980582108594	30792.89626666667	-12502.934470695876
2018-01-08 14:20:00	11532.5224	-2611.5620305236134	8144.546800000001	-3674.6409149599913	10336.322266666666	-4616.057130964775	8633.8344	-3923.2900217951556	6819.027733333333	-2294.238395818392	8880.590933333335	-9783.751160866992	30792.89626666667	-12510.965051830226
2018-01-08 14:30:00	11532.5224	-2615.027430098684	8144.546800000001	-3676.090543206634	10336.322266666666	-4617.915789903485	8633.8344	-3924.833255951553	6819.027733333333	-2296.115701151256	8880.590933333335	-9786.904448163154	30792.89626666667	-12515.411059099588
2018-01-08 14:40:00	11532.5224	-2618.4038669034762	8144.546800000001	-3677.042816995383	10336.322266666666	-4619.135751451888	8633.8344	-3925.8472141873153	6819.027733333333	-2297.9213385513112	8880.590933333335	-9788.990426206408	30792.89626666667	-12517.8766218805
2018-01-08 14:50:00	11532.5224	-2621.6921485482926	8144.546800000001	-3677.668371061767	10336.322266666666	-4619.936488968167	8633.8344	-3926.513416465057	6819.027733333333	-2299.655845148375	8880.590933333335	-9790.370350814537	30792.89626666667	-12519.972953989443
2018-01-08 15:00:00	12307.0948	-2624.893065407261	8691.5686	-3678.0793010892976	11030.552866666667	-4620.462063383866	9213.7188	-3926.951132205333	7277.022133333334	-2301.319756587858	9477.048533333334	-9791.28320410858	32861.075866666666	-12521.485812744184
2018-01-08 15:10:00	12307.0948	-2627.3822507663117	8691.5686	-3678.0376374032985	11030.552866666667	-4620.389465772274	9213.7188	-3926.9067787354707	7277.022133333334	-2302.650454158331	9477.048533333334	-9791.850168991516	32861.075866666666	-12522.116247426588
2018-01-08 15:20:00	12307.0948	-2630.9554582062756	8691.5686	-3678.5232579006242	11030.552866666667	-4621.016430297977	9213.7188	-3927.424948116195	7277.022133333334	-2304.456365031938	9477.048533333334	-9792.64198069112	32861.075866666666	-12525.661480280127
2018-01-08 15:30:00	12307.0948	-2634.496451465131	8691.5686	-3678.841533069988	11030.552866666667	-4621.42694871353	9213.7188	-3927.764616081755	7277.022133333334	-2306.2481598670365	9477.048533333334	-9793.165343025054	32861.075866666666	-12529.144622146428
2018-01-08 15:40:00	12307.0948	-2638.007084044464	8691.5686	-3679.050610884342	11030.552866666667	-4621.696399256154	9213.7188	-3927.9877896899125	7277.022133333334	-2308.026460790492	9477.048533333334	-9793.511560252535	32861.075866666666	-12532.570736609734
2018-01-08 15:50:00	12307.0948	-2641.487613588253	8691.5686	-3679.1879552894115	11030.552866666667	-4621.8732565993905	9213.7188	-3928.1344217313926	7277.022133333334	-2309.7913687673736	9477.048533333334	-9793.740591269192	32861.075866666666	-12535.940748029469
2018-01-08 16:00:00	8262.1056	-2644.9382884945444	5834.899200000001	-3679.278177611008	7405.1264	-4621.989339201916	6185.4336	-3928.2307635704	4885.2736	-2311.542984789203	6362.214400000001	-9793.892100791338	22060.582400000003	-12539.255573038317
2018-01-08 16:10:00	8262.1056	-2651.6239185036957	5834.899200000001	-3680.9647207392973	7405.1264	-4624.246149631449	6185.4336	-3930.0275610722565	4885.2736	-2314.6556386775	6362.214400000001	-9794.185077650502	22060.582400000003	-12544.040810691171
2018-01-08 16:20:00	8262.1056	-2653.0847688131453	5834.899200000001	-3679.498081852731	7405.1264	-4622.345735482585	6185.4336	-3928.4606552839596	4885.2736	-2315.702477436589	6362.214400000001	-9792.175434233779	22060.582400000003	-12538.132886190222
2018-01-08 16:30:00	8262.1056	-2654.7968650200473	5834.899200000001	-3678.436292211556	7405.1264	-4620.973198976312	6185.4336	-3927.3263167892364	4885.2736	-2316.9754107561303	6362.214400000001	-9790.651856220291	22060.582400000003	-12534.620642415633
2018-01-08 16:40:00	8262.1056	-2656.7503041187247	5834.899200000001	-3677.6369184921277	7405.1264	-4619.9423248587655	6185.4336	-3926.4723957555034	4885.2736	-2318.4703174628994	6362.214400000001	-9789.447700100083	22060.582400000003	-12533.447004209222
2018-01-08 16:50:00	8262.1056	-2658.94302051008	5834.899200000001	-3677.0099322891	7405.1264	-4619.135712443674	6185.4336	-3925.802723176461	4885.2736	-2320.185528431419	6362.214400000001	-9788.454851480596	22060.582400000003	-12534.573701482797
2018-01-08 17:00:00	1549.1448	-2677.9755739976636	1094.0436000000002	-3700.078303330103	1388.4612	-4648.091822601242	1159.7688	-3950.4293533219625	915.9888000000001	-2336.7047459687956	1192.9152000000001	-9850.86970549607	4136.359200000001	-12618.12350597506
2018-01-08 17:10:00	1549.1448	-2686.0441828503745	1094.0436000000002	-3702.325848157121	1388.4612	-4651.936832928963	1159.7688	-3952.8901833901555	915.9888000000001	-2341.127359982558	1192.9152000000001	-9850.425130277168	4136.359200000001	-12626.256613632622
2018-01-08 17:20:00	1549.1448	-2684.338931168005	1094.0436000000002	-3699.1727183326766	1388.4612	-4647.470934998455	1159.7688	-3949.4912943173003	915.9888000000001	-2341.1554715017314	1192.9152000000001	-9846.394637438072	4136.359200000001	-12608.88124472667
2018-01-08 17:30:00	1549.1448	-2682.7222560083	1094.0436000000002	-3697.1080123023858	1388.4612	-4644.642909659944	1159.7688	-3947.274844481919	915.9888000000001	-2341.245591234228	1192.9152000000001	-9843.73231561917	4136.359200000001	-12592.391853203802
2018-01-08 17:40:00	1549.1448	-2681.179519722171	1094.0436000000002	-3695.7516859383995	1388.4612	-4642.7865462982845	1159.7688	-3945.8185438035625	915.9888000000001	-2341.392553304594	1192.9152000000001	-9841.971121878769	4136.359200000001	-12580.350544527782
2018-01-08 17:50:00	1549.1448	-2679.710194918869	1094.0436000000002	-3694.8607075719683	1388.4612	-4641.568098626893	1159.7688	-3944.8617088692	915.9888000000001	-2341.5959342521146	1192.9152000000001	-9840.806050090927	4136.359200000001	-12574.38222514634
2018-01-08 18:00:00	0.0	-2834.3929266867503	0.0	-3915.9804815160746	0.0	-4919.1959348397395	0.0	-4180.915753444263	0.0	-2478.9659555988937	0.0	-10434.84156791827	0.0	-13324.72068016318
2018-01-08 18:10:00	0.0	-2829.0231379488555	0.0	-3912.617442201882	0.0	-4914.899553442238	0.0	-4177.3307979268075	0.0	-2476.0540083300853	0.0	-10427.960966609879	0.0	-13312.642105198554
2018-01-08 18:20:00	0.0	-2824.5910126344143	0.0	-3912.505418622555	0.0	-4914.827348397575	0.0	-4177.217605943189	0.0	-2474.419367561803	0.0	-10423.444207918777	0.0	-13310.845615353062
2018-01-08 18:30:00	0.0	-2818.821265353688	0.0	-3911.9533383240137	0.0	-4914.1691459254025	0.0	-4176.633021884733	0.0	-2471.574082050736	0.0	-10419.540457293991	0.0	-13307.564304237214
2018-01-08 18:40:00	0.0	-2811.7286551959264	0.0	-3911.1158525645174	0.0	-4913.131278291869	0.0	-4175.742665160383	0.0	-2467.529898437183	0.0	-10416.043228345112	0.0	-13303.468245873766
2018-01-08 18:50:00	0.0	-2803.324676029504	0.0	-3910.0908769498674	0.0	-4911.844206073404	0.0	-4174.651400436982	0.0	-2462.29584415375	0.0	-10412.814921704214	0.0	-13298.920355169985
2018-01-08 19:00:00	0.0	-2775.3866469247587	0.0	-3883.0481729503517	0.0	-4877.873970957257	0.0	-4145.784222828983	0.0	-2439.86448036591	0.0	-10340.291517611071	0.0	-13206.096844112388
2018-01-08 19:10:00	0.0	-2764.6657681772645	0.0	-3882.0074853876185	0.0	-4876.557272618718	0.0	-4144.674887278591	0.0	-2432.469371132455	0.0	-10337.68314878443	0.0	-13201.72411997715
2018-01-08 19:20:00	0.0	-2754.2931807404575	0.0	-3880.216605091561	0.0	-4874.238560330772	0.0	-4142.767642795554	0.0	-2423.9229196435504	0.0	-10335.09157814853	0.0	-13196.383863940813
2018-01-08 19:30:00	0.0	-2747.9099404911285	0.0	-3879.0417448959097	0.0	-4872.718794817614	0.0	-4141.516214715904	0.0	-2417.6125374246676	0.0	-10333.378108364044	0.0	-13193.425921292966
2018-01-08 19:40:00	0.0	-2743.708863434156	0.0	-3878.2699713896327	0.0	-4871.721275357511	0.0	-4140.6939860634375	0.0	-2413.510640949808	0.0	-10332.244607805567	0.0	-13191.785579512309
2018-01-08 19:50:00	0.0	-2740.9443458149844	0.0	-3877.7629897004986	0.0	-4871.066541525167	0.0	-4140.153756886836	0.0	-2410.825785709195	0.0	-10331.494771168014	0.0	-13190.87592218961
2018-01-08 20:00:00	0.0	-2825.900039116046	0.0	-4000.6313125099805	0.0	-5025.358874161977	0.0	-4271.323204332954	0.0	-2485.2888308821693	0.0	-10661.535060795315	0.0	-13609.17546228132
2018-01-08 20:10:00	0.0	-2823.3299709236526	0.0	-3998.4322022745123	0.0	-5022.543973472086	0.0	-4268.980980620445	0.0	-2483.1410377051684	0.0	-10657.663996771345	0.0	-13602.794394240462
2018-01-08 20:20:00	0.0	-2822.675300064058	0.0	-3998.333192678899	0.0	-5022.4461429238145	0.0	-4268.8826990694215	0.0	-2482.4796613436833	0.0	-10655.678837736818	0.0	-13603.29585215437
2018-01-08 20:30:00	0.0	-2822.3151220260793	0.0	-3998.368077587016	0.0	-5022.509297531232	0.0	-4268.9246472192635	0.0	-2482.11384788624	0.0	-10654.561139304486	0.0	-13604.057204630082
2018-01-08 20:40:00	0.0	-2822.1500140790577	0.0	-3998.492691970463	0.0	-5022.680512052884	0.0	-4269.060641944233	0.0	-2481.9421971340284	0.0	-10654.017686148029	0.0	-13604.966968145522
2018-01-08 20:50:00	0.0	-2822.1132702264526	0.0	-3998.676247532144	0.0	-5022.9226494827035	0.0	-4269.258425331801	0.0	-2481.897631386608	0.0	-10653.854108627784	0.0	-13605.959028362013
2018-01-08 21:00:00	0.0	-2753.623140547155	0.0	-3901.5915829335295	0.0	-4901.0087169084	0.0	-4165.616179626055	0.0	-2421.7346893669514	0.0	-10392.875803357603	0.0	-13276.218777755876
2018-01-08 21:10:00	0.0	-2754.9700326434086	0.0	-3903.63243224683	0.0	-4903.620982165433	0.0	-4167.790823216528	0.0	-2422.7318738113026	0.0	-10396.35016868894	0.0	-13282.821742951523
2018-01-08 21:20:00	0.0	-2755.0012239766006	0.0	-3903.8741611744113	0.0	-4903.904616658137	0.0	-4168.0426119768945	0.0	-2422.7892717967657	0.0	-10398.346042364064	0.0	-13283.334461195549
2018-01-08 21:30:00	0.0	-2755.02288256753	0.0	-3904.034519547282	0.0	-4904.0928975249535	0.0	-4168.209732060958	0.0	-2422.827462494543	0.0	-10399.66667743015	0.0	-13283.622587229147
2018-01-08 21:40:00	0.0	-2755.0371334977153	0.0	-3904.139857477503	0.0	-4904.2164747801025	0.0	-4168.319532590351	0.0	-2422.852458903641	0.0	-10400.540307327761	0.0	-13283.782363922966
2018-01-08 21:50:00	0.0	-2755.0465113216524	0.0	-3904.209054456629	0.0	-4904.297586180648	0.0	-4168.391674861434	0.0	-2422.8688198702434	0.0	-10401.118233442336	0.0	-13283.870968636827
2018-01-08 22:00:00	0.0	-2823.5897948341953	0.0	-4001.5600645106815	0.0	-5026.551707816218	0.0	-4272.318232790183	0.0	-2483.080490874476	0.0	-10662.562084074616	0.0	-13614.69404890489
2018-01-08 22:10:00	0.0	-2822.350973711026	0.0	-3999.797830518181	0.0	-5024.2949701959205	0.0	-4270.440901403551	0.0	-2482.1838911346476	0.0	-10659.596258484946	0.0	-13609.18475891659
2018-01-08 22:20:00	0.0	-2822.5361873231755	0.0	-3999.944472930185	0.0	-5024.514744578071	0.0	-4270.6028012163	0.0	-2482.3452396758967	0.0	-10658.105521508438	0.0	-13609.814377903782
2018-01-08 22:30:00	0.0	-2822.656742060067	0.0	-4000.0389458574186	0.0	-5024.656484337647	0.0	-4270.707175001763	0.0	-2482.4500663470812	0.0	-10657.118868947984	0.0	-13610.159094844636
2018-01-08 22:40:00	0.0	-2822.7360747901894	0.0	-4000.1010081647246	0.0	-5024.749520552789	0.0	-4270.775754552248	0.0	-2482.518679608556	0.0	-10656.46617679543	0.0	-13610.350263966695
2018-01-08 22:50:00	0.0	-2822.7882796453155	0.0	-4000.14177715153	0.0	-5024.810585927366	0.0	-4270.820813355642	0.0	-2482.5635892059618	0.0	-10656.034406377472	0.0	-13610.456277347192
2018-01-08 23:00:00	0.0	-2822.8226330202215	0.0	-4000.168558470353	0.0	-5024.850666881913	0.0	-4270.850418331687	0.0	-2482.5929839896335	0.0	-10655.748780615224	0.0	-13610.51506737251
2018-01-08 23:10:00	0.0	-2822.845239238827	0.0	-4000.186151231266	0.0	-5024.876974473194	0.0	-4270.869869682801	0.0	-2482.61222382603	0.0	-10655.55983280253	0.0	-13610.547669550284
2018-01-08 23:20:00	0.0	-2822.8010518547376	0.0	-4000.114327851427	0.0	-5024.781408179052	0.0	-4270.794226741591	0.0	-2482.556468483381	0.0	-10655.456473334112	0.0	-13610.525805988349
2018-01-08 23:30:00	0.0	-2822.8296530125667	0.0	-4000.1487379644705	0.0	-5024.822809006432	0.0	-4270.831522724468	0.0	-2482.5743310030766	0.0	-10655.544984267113	0.0	-13610.904238095865
2018-01-08 23:40:00	0.0	-2822.9059980964403	0.0	-4000.252698512235	0.0	-5024.953789569318	0.0	-4270.942771535765	0.0	-2482.640250602886	0.0	-10655.760279179152	0.0	-13611.504136784843
2018-01-08 23:50:00	0.0	-2823.013761182787	0.0	-4000.4023472905933	0.0	-5025.143567161195	0.0	-4271.102609977251	0.0	-2482.737625311388	0.0	-10656.059444648376	0.0	-13612.22685083515
2018-01-09 00:00:00	0.0	-2754.6048535878313	0.0	-3903.2759457985767	0.0	-4903.170439906939	0.0	-4167.414682308436	0.0	-2422.654509168593	0.0	-10395.349354598671	0.0	-13282.242856217154
2018-01-09 00:10:00	0.0	-2755.9904967353764	0.0	-3905.268437870195	0.0	-4905.717127724945	0.0	-4169.536983167413	0.0	-2423.690091865492	0.0	-10398.961185072412	0.0	-13288.611283256278
2018-01-09 00:20:00	0.0	-2756.018026522782	0.0	-3905.4371959173054	0.0	-4905.903532510604	0.0	-4169.710567364341	0.0	-2423.7419629782007	0.0	-10401.01420099024	0.0	-13288.886388425242
2018-01-09 00:30:00	0.0	-2756.037314276525	0.0	-3905.5496780800877	0.0	-4906.028075559676	0.0	-4169.826367492831	0.0	-2423.7765681845385	0.0	-10402.37267260072	0.0	-13289.042874981464
2018-01-09 00:40:00	0.0	-2756.050005026538	0.0	-3905.6235658217547	0.0	-4906.109817624524	0.0	-4169.9024491697455	0.0	-2423.799217738963	0.0	-10403.27133219831	0.0	-13289.129650399598
2018-01-09 00:50:00	0.0	-2756.058356174272	0.0	-3905.6721030259746	0.0	-4906.163470002301	0.0	-4169.952437135384	0.0	-2423.814042612578	0.0	-10403.865816030659	0.0	-13289.177772008223
2018-01-09 01:00:00	0.0	-2824.600438301373	0.0	-4003.008787887983	0.0	-5028.398607743975	0.0	-4273.863635029125	0.0	-2484.024217225681	0.0	-10665.319185605144	0.0	-13619.975654508266
2018-01-09 01:10:00	0.0	-2823.3611731314954	0.0	-4001.2376437768835	0.0	-5026.130047205942	0.0	-4271.976745310857	0.0	-2483.126959959599	0.0	-10662.360602199742	0.0	-13614.453921811977
2018-01-09 01:20:00	0.0	-2823.5460940800194	0.0	-4001.3784323823566	0.0	-5026.342060540168	0.0	-4272.132364250379	0.0	-2483.2878777925675	0.0	-10660.874655093168	0.0	-13615.076638815113
2018-01-09 01:30:00	0.0	-2823.6664562303863	0.0	-4001.469059920491	0.0	-5026.4787062488895	0.0	-4272.23261131614	0.0	-2483.3924225516075	0.0	-10659.891171139567	0.0	-13615.417528243062
2018-01-09 01:40:00	0.0	-2823.7456622290592	0.0	-4001.5285961755208	0.0	-5026.5683989256895	0.0	-4272.29847948886	0.0	-2483.46085129246	0.0	-10659.240575091122	0.0	-13615.606574806792
2018-01-09 01:50:00	0.0	-2823.797783688626	0.0	-4001.5677057879675	0.0	-5026.627269730789	0.0	-4272.341756836293	0.0	-2483.5056401151624	0.0	-10658.810191292789	0.0	-13615.71141111645
2018-01-09 02:00:00	0.0	-2755.2950957964536	0.0	-3904.2878601610237	0.0	-4904.465086461192	0.0	-4168.491060098388	0.0	-2423.3342300632307	0.0	-10397.461843473377	0.0	-13284.996163693137
2018-01-09 02:10:00	0.0	-2756.5612040591495	0.0	-3906.097756555689	0.0	-4906.783317116856	0.0	-4170.41920318267	0.0	-2424.2575034789916	0.0	-10400.49368080989	0.0	-13290.56782526999
2018-01-09 02:20:00	0.0	-2756.39342600415	0.0	-3905.9817447446067	0.0	-4906.603018809139	0.0	-4170.289961715143	0.0	-2424.113224429815	0.0	-10402.027839453996	0.0	-13289.970877418777
2018-01-09 02:30:00	0.0	-2756.284346039694	0.0	-3905.9073950697543	0.0	-4906.487192153708	0.0	-4170.207047458838	0.0	-2424.0195710605094	0.0	-10403.043217726803	0.0	-13289.644282661544
2018-01-09 02:40:00	0.0	-2756.212564231891	0.0	-3905.8585517744077	0.0	-4906.41116424132	0.0	-4170.152567416689	0.0	-2423.958271055528	0.0	-10403.714913101447	0.0	-13289.463163070915
2018-01-09 02:50:00	0.0	-2756.1653282289994	0.0	-3905.8264663904506	0.0	-4906.361262425511	0.0	-4170.116772385904	0.0	-2423.918148201597	0.0	-10404.159254920965	0.0	-13289.362722593098
2018-01-09 03:00:00	0.0	-2739.965738733608	0.0	-3882.850178295515	0.0	-4877.500277194237	0.0	-4145.587272172999	0.0	-2409.6899507035314	0.0	-10342.866615383977	0.0	-13211.27460463517
2018-01-09 03:10:00	0.0	-2739.9546133389363	0.0	-3882.8493928354596	0.0	-4877.49609682592	0.0	-4145.585830631024	0.0	-2409.678946605575	0.0	-10343.06489502668	0.0	-13211.259808309025
2018-01-09 03:20:00	0.0	-2739.933179502173	0.0	-3882.8273735463276	0.0	-4877.465370242369	0.0	-4145.5617796057995	0.0	-2409.6620262173274	0.0	-10343.153077852463	0.0	-13211.199407463359
2018-01-09 03:30:00	0.0	-2739.919093671151	0.0	-3882.8129396080562	0.0	-4877.445243826821	0.0	-4145.546010475967	0.0	-2409.650961421998	0.0	-10343.211458160264	0.0	-13211.165974896072
2018-01-09 03:40:00	0.0	-2739.9098244666293	0.0	-3882.8034578417905	0.0	-4877.4320335522425	0.0	-4145.535649631783	0.0	-2409.6437191407585	0.0	-10343.250078025258	0.0	-13211.147434672437
2018-01-09 03:50:00	0.0	-2739.903724867529	0.0	-3882.797229224554	0.0	-4877.423362830694	0.0	-4145.528842242901	0.0	-2409.6389788306974	0.0	-10343.275625951923	0.0	-13211.137153126316
2018-01-09 04:00:00	0.0	-2824.604809167541	0.0	-4003.0531329800997	0.0	-5028.445810983585	0.0	-4273.908689758716	0.0	-2484.0382823295668	0.0	-10665.93883986523	0.0	-13619.935104543954
2018-01-09 04:10:00	0.0	-2823.3499642918473	0.0	-4001.2453152895287	0.0	-5026.1331060197035	0.0	-4271.983291577864	0.0	-2483.1264645311658	0.0	-10662.727606764569	0.0	-13614.37933538055
2018-01-09 04:20:00	0.0	-2823.5387367640883	0.0	-4001.3835023858946	0.0	-5026.344109458563	0.0	-4272.136698376469	0.0	-2483.287563647562	0.0	-10661.117482038535	0.0	-13615.035339472895
2018-01-09 04:30:00	0.0	-2823.661614728163	0.0	-4001.472390383622	0.0	-5026.4800510189425	0.0	-4272.235458918755	0.0	-2483.392216922973	0.0	-10660.05180653256	0.0	-13615.394625498306
2018-01-09 04:40:00	0.0	-2823.742476281337	0.0	-4001.5307839708157	0.0	-5026.5692815809225	0.0	-4272.300350448662	0.0	-2483.4607167018744	0.0	-10659.346838986654	0.0	-13615.593874023838
2018-01-09 04:50:00	0.0	-2823.79568717756	0.0	-4001.5691429598955	0.0	-5026.627849071612	0.0	-4272.342986112614	0.0	-2483.5055520212695	0.0	-10658.880487229928	0.0	-13615.704367860704
2018-01-09 05:00:00	0.0	-2907.2971913060633	0.0	-4120.096274567168	0.0	-5175.486501841639	0.0	-4398.878463322628	0.0	-2556.8491409151243	0.0	-10976.50607803132	0.0	-14018.59217127267
2018-01-09 05:10:00	0.0	-2906.0695546577354	0.0	-4118.309877543279	0.0	-5173.205596417169	0.0	-4396.976738146393	0.0	-2555.9596230052935	0.0	-10973.082147716399	0.0	-14013.078422637564
2018-01-09 05:20:00	0.0	-2906.274480424759	0.0	-4118.459613889242	0.0	-5173.434187234641	0.0	-4397.142992943641	0.0	-2556.1340730566444	0.0	-10971.327694314032	0.0	-14013.751264557284
2018-01-09 05:30:00	0.0	-2906.4079911599915	0.0	-4118.5560933899	0.0	-5173.581678873898	0.0	-4397.250200127246	0.0	-2556.2474667027886	0.0	-10970.166547498247	0.0	-14014.119898366289
2018-01-09 05:40:00	0.0	-2906.4958495308183	0.0	-4118.619473804175	0.0	-5173.678490364399	0.0	-4397.320641281776	0.0	-2556.3216872889643	0.0	-10969.398424307474	0.0	-14014.32433047265
2018-01-09 05:50:00	0.0	-2906.553664635535	0.0	-4118.661108625175	0.0	-5173.742033627961	0.0	-4397.3669231744	0.0	-2556.370267031864	0.0	-10968.890294186294	0.0	-14014.43769874446
2018-01-09 06:00:00	0.0	-2823.124754249733	0.0	-4000.1855936973093	0.0	-5024.962402870767	0.0	-4270.8888873403785	0.0	-2483.087525461668	0.0	-10650.614800344742	0.0	-13611.671331175312
2018-01-09 06:10:00	0.0	-2824.4012975200176	0.0	-4002.007704366708	0.0	-5027.297442906659	0.0	-4272.830269309878	0.0	-2484.0176660378024	0.0	-10653.614405207249	0.0	-13617.257595930561
2018-01-09 06:20:00	0.0	-2823.942410540076	0.0	-4001.4775472314786	0.0	-5026.557877638473	0.0	-4272.261753643303	0.0	-2483.5389529464455	0.0	-10655.192379371982	0.0	-13616.42943812107
2018-01-09 06:30:00	0.0	-2823.9205627413494	0.0	-4001.5255278069317	0.0	-5026.57828546782	0.0	-4272.310730496069	0.0	-2483.48913169256	0.0	-10656.99506318143	0.0	-13617.862369668062
2018-01-09 06:40:00	0.0	-2824.184217046691	0.0	-4001.9502661320216	0.0	-5027.0934082965	0.0	-4272.76217093225	0.0	-2483.718623427632	0.0	-10658.945169045845	0.0	-13620.54218405713
2018-01-09 06:50:00	0.0	-2824.635748466336	0.0	-4002.622502346138	0.0	-5027.933249192965	0.0	-4273.478046399674	0.0	-2484.1309361669128	0.0	-10660.992799184964	0.0	-13623.913469086949
2018-01-09 07:00:00	0.0	-2841.1877721613805	0.0	-4026.1405359376595	0.0	-5057.472858073169	0.0	-4298.58326848334	0.0	-2498.6964812611636	0.0	-10723.962623230907	0.0	-13704.775158139568
2018-01-09 07:10:00	0.0	-2841.83499676903	0.0	-4027.069141531098	0.0	-5058.648472873774	0.0	-4299.573078496543	0.0	-2499.300594133197	0.0	-10726.113419075913	0.0	-13708.726161686807
2018-01-09 07:20:00	0.0	-2842.9120947341835	0.0	-4028.6007203168224	0.0	-5060.635721964559	0.0	-4301.2032797798365	0.0	-2500.3834057071435	0.0	-10728.20456973875	0.0	-13713.09664955931
2018-01-09 07:30:00	0.0	-2843.548024342928	0.0	-4029.5036806419566	0.0	-5061.808346371743	0.0	-4302.164393980445	0.0	-2501.0235756658985	0.0	-10729.391096679416	0.0	-13715.029614698764
2018-01-09 07:40:00	0.0	-2843.8946022722303	0.0	-4029.995157847233	0.0	-5062.448271829288	0.0	-4302.687459445985	0.0	-2501.374811541667	0.0	-10729.980106973586	0.0	-13715.614062040571
2018-01-09 07:50:00	0.0	-2844.0507712247813	0.0	-4030.2163279936904	0.0	-5062.73855143527	0.0	-4302.922711619815	0.0	-2501.5369299410518	0.0	-10730.17384579043	0.0	-13715.450681151407
2018-01-09 08:00:00	0.0	-2911.5688037609216	0.0	-4126.075206520058	0.0	-5183.128517219523	0.0	-4405.2570455824325	0.0	-2560.853644910843	0.0	-10987.176219766172	0.0	-14040.578877827713
2018-01-09 08:10:00	0.0	-2910.2757965342626	0.0	-4124.212159736623	0.0	-5180.749695478508	0.0	-4403.272704629752	0.0	-2559.9083760345866	0.0	-10983.719404685618	0.0	-14034.239422919087
2018-01-09 08:20:00	0.0	-2910.2043570335663	0.0	-4123.98037924513	0.0	-5180.474827798917	0.0	-4403.032603973434	0.0	-2559.798245078087	0.0	-10981.759022428872	0.0	-14033.815830922078
2018-01-09 08:30:00	0.0	-2910.2282677201756	0.0	-4123.928483496003	0.0	-5180.422381590004	0.0	-4402.98184217601	0.0	-2559.7934413234734	0.0	-10980.657848989693	0.0	-14034.065016721472
2018-01-09 08:40:00	0.0	-2910.3158611868616	0.0	-4123.996023457878	0.0	-5180.517633535835	0.0	-4403.0568513565495	0.0	-2559.8580380614476	0.0	-10980.12519850286	0.0	-14034.69043317132
2018-01-09 08:50:00	0.0	-2910.445359825334	0.0	-4124.142019401672	0.0	-5180.709826329935	0.0	-4403.214493783244	0.0	-2559.968059131901	0.0	-10979.96863811247	0.0	-14035.524485477925
2018-01-09 09:00:00	172.12720000000002	-2843.1147526773584	121.56040000000002	-4028.5233463778977	154.27346666666665	-5060.635304601537	128.8632	-4301.137261191093	101.77653333333333	-2500.829030984444	132.54613333333333	-10722.98692942556	459.5954666666667	-13710.765743527292
2018-01-09 09:10:00	172.12720000000002	-2844.432920362725	121.56040000000002	-4030.476752860679	154.27346666666665	-5063.130684920391	128.8632	-4303.218685345222	101.77653333333333	-2501.8471159628452	132.54613333333333	-10726.45364882236	459.5954666666667	-13717.220265713535
2018-01-09 09:20:00	172.12720000000002	-2844.596804166295	121.56040000000002	-4030.776928839671	154.27346666666665	-5063.489973601816	128.8632	-4303.532881734359	101.77653333333333	-2501.9887972270535	132.54613333333333	-10728.539882043664	459.5954666666667	-13717.963267767464
2018-01-09 09:30:00	172.12720000000002	-2844.705579454107	121.56040000000002	-4030.975515189494	154.27346666666665	-5063.727684466093	128.8632	-4303.740827110037	101.77653333333333	-2502.082079921999	132.54613333333333	-10729.920189887906	459.5954666666667	-13718.378718916592
2018-01-09 09:40:00	172.12720000000002	-2844.777157725888	121.56040000000002	-4031.105965384001	154.27346666666665	-5063.883705888128	128.8632	-4303.877451232062	101.77653333333333	-2502.143135883316	132.54613333333333	-10730.833293915048	459.5954666666667	-13718.609104378605
2018-01-09 09:50:00	172.12720000000002	-2844.824259761473	121.56040000000002	-4031.1916586541965	154.27346666666665	-5063.986112313733	128.8632	-4303.967217338454	101.77653333333333	-2502.183098980242	132.54613333333333	-10731.437332483914	459.5954666666667	-13718.736865276109
2018-01-09 10:00:00	1463.0812	-2828.8788512553174	1033.2634	-4008.5653707444385	1311.3244666666665	-5035.567509408878	1095.3372	-4279.811267796733	865.1005333333334	-2488.176122005865	1126.6421333333333	-10670.980216048862	3906.561466666667	-13641.702512101727
2018-01-09 10:10:00	1463.0812	-2828.1638687199875	1033.2634	-4008.096813794495	1311.3244666666665	-5034.934006766511	1095.3372	-4279.311580635183	865.1005333333334	-2487.8670229961854	1126.6421333333333	-10671.186933798885	3906.561466666667	-13641.04714914887
2018-01-09 10:20:00	1463.0812	-2828.805534067851	1033.2634	-4008.621274452333	1311.3244666666665	-5035.612965166344	1095.3372	-4279.871051002661	865.1005333333334	-2488.1770909583997	1126.6421333333333	-10671.974609665875	3906.561466666667	-13642.936356449218
2018-01-09 10:30:00	1463.0812	-2829.2263086163894	1033.2634	-4008.964609842182	1311.3244666666665	-5036.05699075192	1095.3372	-4280.237367727602	865.1005333333334	-2488.3795055079763	1126.6421333333333	-10672.494988563643	3906.561466666667	-13643.981307435517
2018-01-09 10:40:00	1463.0812	-2829.5032010169534	1033.2634	-4009.1901499904293	1311.3244666666665	-5036.348434392124	1095.3372	-4280.478050550045	865.1005333333334	-2488.5119929343155	1126.6421333333333	-10672.839231535252	3906.561466666667	-13644.560791283688
2018-01-09 10:50:00	1463.0812	-2829.6854098993817	1033.2634	-4009.338308259576	1311.3244666666665	-5036.539726743221	1095.3372	-4280.636186331165	865.1005333333334	-2488.5987102382965	1126.6421333333333	-10673.066955938677	3906.561466666667	-13644.88214571601
2018-01-09 11:00:00	3700.7348	-2829.805312349693	2613.5486	-4009.435634049396	3316.8795333333333	-5036.665283657893	2770.5588	-4280.740086249896	2188.1954666666666	-2488.6554695177797	2849.7418666666667	-10673.217600711023	9881.302533333333	-13645.060353741348
2018-01-09 11:10:00	3700.7348	-2828.5935801838104	2613.5486	-4008.600940905577	3316.8795333333333	-5035.543496352079	2770.5588	-4279.8510658011755	2188.1954666666666	-2488.116579054595	2849.7418666666667	-10673.210813855952	9881.302533333333	-13643.9275554718
2018-01-09 11:20:00	3700.7348	-2829.821928425028	2613.5486	-4009.6362388390753	3316.8795333333333	-5036.893729926186	2770.5588	-4280.95584567185	2188.1954666666666	-2488.754057744905	2849.7418666666667	-10674.381131344877	9881.302533333333	-13647.343205136192
2018-01-09 11:30:00	3700.7348	-2830.5555587805547	2613.5486	-4010.2122348868334	3316.8795333333333	-5037.646939832829	2770.5588	-4281.570713005826	2188.1954666666666	-2489.102418356188	2849.7418666666667	-10674.95794846817	9881.302533333333	-13648.744355049374
2018-01-09 11:40:00	3700.7348	-2830.966422181944	2613.5486	-4010.4889167100337	3316.8795333333333	-5038.0115637384215	2770.5588	-4281.866272077388	2188.1954666666666	-2489.262647547093	2849.7418666666667	-10675.143598519762	9881.302533333333	-13649.033825195544
2018-01-09 11:50:00	3700.7348	-2831.1648852629223	2613.5486	-4010.5689743050334	3316.8795333333333	-5038.121130008348	2770.5588	-4281.952032379907	2188.1954666666666	-2489.2997375113496	2849.7418666666667	-10675.070481303215	9881.302533333333	-13648.706803444118
2018-01-09 12:00:00	5508.0704000000005	-2831.2235784261293	3889.9328000000005	-4010.5198686056324	4936.750933333333	-5038.063286227376	4123.6224	-4281.899948647069	3256.8490666666667	-2489.256228885539	4241.476266666667	-10674.826183768513	14707.054933333335	-13648.037904335406
2018-01-09 12:10:00	5508.0704000000005	-2830.1478610401055	3889.9328000000005	-4009.6601010406853	4936.750933333333	-5036.922939583457	4123.6224	-4280.984104890562	3256.8490666666667	-2488.694701752257	4241.476266666667	-10674.382674466822	14707.054933333335	-13646.184642993163
2018-01-09 12:20:00	5508.0704000000005	-2830.8707847489577	3889.9328000000005	-4010.0842838978	4936.750933333333	-5037.47501611237	4123.6224	-4281.438241111531	3256.8490666666667	-2488.9047145781105	4241.476266666667	-10674.891120899858	14707.054933333335	-13647.845290534458
2018-01-09 12:30:00	5508.0704000000005	-2831.3446093027114	3889.9328000000005	-4010.3615232450525	4936.750933333333	-5037.835457471163	4123.6224	-4281.735109328085	3256.8490666666667	-2489.041571767256	4241.476266666667	-10675.226624197627	14707.054933333335	-13648.76296799756
2018-01-09 12:40:00	5508.0704000000005	-2831.656411787634	3889.9328000000005	-4010.5436449427566	4936.750933333333	-5038.072040100236	4123.6224	-4281.930162756857	3256.8490666666667	-2489.1311498524274	4241.476266666667	-10675.448568003872	14707.054933333335	-13649.271872579842
2018-01-09 12:50:00	5508.0704000000005	-2831.8615932302573	3889.9328000000005	-4010.6632814487534	4936.750933333333	-5038.227323800782	4123.6224	-4282.058318666637	3256.8490666666667	-2489.189781605054	4241.476266666667	-10675.595388781272	14707.054933333335	-13649.554087076101
2018-01-09 13:00:00	6368.7064	-2747.2962458194424	4497.7348	-3890.4867970641544	5708.118266666666	-4887.307432736237	4767.9384	-4153.763470887773	3765.7317333333335	-2414.8290736290583	4904.206933333334	-10353.052443565495	17005.03226666667	-13240.92599495611
2018-01-09 13:10:00	6368.7064	-2748.1414408468545	4497.7348	-3891.9988932950428	5708.118266666666	-4889.221369831403	4767.9384	-4155.374096044662	3765.7317333333335	-2416.1240730571108	4904.206933333334	-10356.300238049262	17005.03226666667	-13246.0949942453
2018-01-09 13:20:00	6368.7064	-2748.3597872307773	4497.7348	-3892.130667993756	5708.118266666666	-4889.355141134356	4767.9384	-4155.509822554389	3765.7317333333335	-2416.2885660025468	4904.206933333334	-10358.423829142663	17005.03226666667	-13246.709270233743
2018-01-09 13:30:00	6368.7064	-2748.575964438075	4497.7348	-3892.320364757393	5708.118266666666	-4889.574635610179	4767.9384	-4155.708977184225	3765.7317333333335	-2416.221456069108	4904.206933333334	-10360.024920599673	17005.03226666667	-13247.541082891163
2018-01-09 13:40:00	6368.7064	-2748.790170383195	4497.7348	-3892.5467363247726	5708.118266666666	-4889.848542374122	4767.9384	-4155.948325808074	3765.7317333333335	-2416.0890923879615	4904.206933333334	-10361.280133220249	17005.03226666667	-13248.490223377208
2018-01-09 13:50:00	6368.7064	-2749.003079887608	4497.7348	-3892.7972017373822	5708.118266666666	-4890.158166121095	4767.9384	-4156.214085227503	3765.7317333333335	-2416.0760067485944	4904.206933333334	-10362.306539302415	17005.03226666667	-13249.504432507696
2018-01-09 14:00:00	6110.5156	-2749.2151362823024	4315.3942	-3893.063494525767	5476.708066666666	-4890.491233078939	4574.643599999999	-4156.497197355181	3613.0669333333335	-2416.1352643394375	4705.387733333333	-10363.18158461045	16315.639066666667	-13250.55472568774
2018-01-09 14:10:00	6110.5156	-2749.575645860761	4315.3942	-3893.443938422598	5476.708066666666	-4890.978722181251	4574.643599999999	-4156.902237438188	3613.0669333333335	-2416.3083878063826	4705.387733333333	-10363.968790893641	16315.639066666667	-13251.767230726033
2018-01-09 14:20:00	6110.5156	-2749.7333436167646	4315.3942	-3893.729098826373	5476.708066666666	-4891.345042116003	4574.643599999999	-4157.205225143459	3613.0669333333335	-2416.470558800408	4705.387733333333	-10364.519776893496	16315.639066666667	-13252.516318876857
2018-01-09 14:30:00	6110.5156	-2749.837222015456	4315.3942	-3893.916371834045	5476.708066666666	-4891.58541210108	4574.643599999999	-4157.404244406803	3613.0669333333335	-2416.576653981794	4705.387733333333	-10364.884234879575	16315.639066666667	-13252.931635878078
2018-01-09 14:40:00	6110.5156	-2749.9055790459133	4315.3942	-3894.039392433885	5476.708066666666	-4891.74318191579	4574.643599999999	-4157.535006176368	3613.0669333333335	-2416.6460968032106	4705.387733333333	-10365.125332231528	16315.639066666667	-13253.161951492904
2018-01-09 14:50:00	6110.5156	-2749.9505613833444	4315.3942	-3894.120205250175	5476.708066666666	-4891.846736019788	4574.643599999999	-4157.620920625884	3613.0669333333335	-2416.6915494022433	4705.387733333333	-10365.284823660455	16315.639066666667	-13253.289673827043
2018-01-09 15:00:00	4733.4980000000005	-2749.9801620061153	3342.911	-3894.173291573059	4242.520333333333	-4891.914704994011	3543.738	-4157.677369025708	2798.8546666666666	-2416.7212996157036	3645.018666666667	-10365.39033089932	12638.875333333333	-13253.36050269658
2018-01-09 15:10:00	4733.4980000000005	-2750.7943853009265	3342.911	-3894.7615193320325	4242.520333333333	-4892.700836490187	3543.738	-4158.303933343581	2798.8546666666666	-2417.0954859181315	3645.018666666667	-10365.525670888148	12638.875333333333	-13254.158188699324
2018-01-09 15:20:00	4733.4980000000005	-2750.1282469756416	3342.911	-3894.236954240443	4242.520333333333	-4892.018832017311	3543.738	-4157.74368197283	2798.8546666666666	-2416.783268400735	3645.018666666667	-10364.87512839232	12638.875333333333	-13252.141179354634
2018-01-09 15:30:00	4733.4980000000005	-2749.691487602623	3342.911	-3893.8936628725187	4242.520333333333	-4891.572960276804	3543.738	-4157.376973244427	2798.8546666666666	-2416.579493871405	3645.018666666667	-10364.445560348466	12638.875333333333	-13251.025605084245
2018-01-09 15:40:00	4733.4980000000005	-2749.404076028717	3342.911	-3893.66815129302	4242.520333333333	-4891.280304413933	3543.738	-4157.136032487009	2798.8546666666666	-2416.446116165513	3645.018666666667	-10364.161390409728	12638.875333333333	-13250.40695587437
2018-01-09 15:50:00	4733.4980000000005	-2749.214944873289	3342.911	-3893.5200116678698	4242.520333333333	-4891.088216243275	3543.738	-4156.977727102631	2798.8546666666666	-2416.358816092946	3645.018666666667	-10363.973405477363	12638.875333333333	-13250.063881783628
2018-01-09 16:00:00	2667.9716	-2749.0904871348725	1884.1862	-3893.422698044434	2391.238733333333	-4890.962136875891	1997.3795999999998	-4156.873715662463	1577.5362666666667	-2416.3016753386305	2054.4650666666666	-10363.849049132328	7123.729733333334	-13249.873628840207
2018-01-09 16:10:00	2667.9716	-2750.2007046440335	1884.1862	-3894.1888049149206	2391.238733333333	-4891.991662046708	1997.3795999999998	-4157.689591000776	1577.5362666666667	-2416.796345566283	2054.4650666666666	-10363.865101352398	7123.729733333334	-13250.905734807518
2018-01-09 16:20:00	2667.9716	-2749.202252854386	1884.1862	-3893.4298940115873	2391.238733333333	-4891.01154855339	1997.3795999999998	-4156.878360707121	1577.5362666666667	-2416.3699115849668	2054.4650666666666	-10362.738551293645	7123.729733333334	-13247.839000377611
2018-01-09 16:30:00	2667.9716	-2748.4754665053874	1884.1862	-3892.8312542853796	2391.238733333333	-4890.240652340066	1997.3795999999998	-4156.238633678142	1577.5362666666667	-2416.02368094462	2054.4650666666666	-10361.798251277287	7123.729733333334	-13245.65427163666
2018-01-09 16:40:00	2667.9716	-2747.9252506342114	1884.1862	-3892.336241832299	2391.238733333333	-4889.604820298851	1997.3795999999998	-4155.709810991087	1577.5362666666667	-2415.729232327414	2054.4650666666666	-10360.980166059597	7123.729733333334	-13243.954858213267
2018-01-09 16:50:00	2667.9716	-2747.4912298354334	1884.1862	-3891.9093049519465	2391.238733333333	-4889.05764263192	1997.3795999999998	-4155.253858336739	1577.5362666666667	-2415.468677510197	2054.4650666666666	-10360.242929783308	7123.729733333334	-13242.524582597238
2018-01-09 17:00:00	602.4452	-2747.133671175022	425.4614	-3891.5270872181127	539.9571333333332	-4888.568654246295	451.02119999999996	-4154.845783500982	356.2178666666667	-2415.230307307771	463.9114666666667	-10359.559176935267	1608.5841333333333	-13241.243558284526
2018-01-09 17:10:00	602.4452	-2748.0185453705503	425.4614	-3892.0042784074158	539.9571333333332	-4889.230138069749	451.02119999999996	-4155.353379837263	356.2178666666667	-2415.5385283428895	463.9114666666667	-10359.00912139695	1608.5841333333333	-13241.182913318013
2018-01-09 17:20:00	602.4452	-2746.6521021045664	425.4614	-3890.7452327583296	539.9571333333332	-4887.5963499325735	451.02119999999996	-4154.00990168893	356.2178666666667	-2414.751248275368	463.9114666666667	-10357.366142862254	1608.5841333333333	-13236.922408162756
2018-01-09 17:30:00	602.4452	-2745.75549683764	425.4614	-3889.9204001680537	539.9571333333332	-4886.52704899727	451.02119999999996	-4153.1296000327875	356.2178666666667	-2414.2369809634074	463.9114666666667	-10356.280624263838	1608.5841333333333	-13234.56482654996
2018-01-09 17:40:00	602.4452	-2745.1654824063876	425.4614	-3889.3785605292933	539.9571333333332	-4885.825196029617	451.02119999999996	-4152.5512116914	356.2178666666667	-2413.900375099269	463.9114666666667	-10355.562527386091	1608.5841333333333	-13233.257415230826
2018-01-09 17:50:00	602.4452	-2744.7772234718586	425.4614	-3889.022623501345	539.9571333333332	-4885.364526449782	451.02119999999996	-4152.171193008997	356.2178666666667	-2413.6800555471427	463.9114666666667	-10355.08748983014	1608.5841333333333	-13232.532385693583
2018-01-09 18:00:00	0.0	-2760.689690038597	0.0	-3911.7433067460447	0.0	-4913.8894865909315	0.0	-4176.42673254327	0.0	-2427.7373244649266	0.0	-10416.358397688055	0.0	-13310.160239112893
2018-01-09 18:10:00	0.0	-2760.8599114545227	0.0	-3911.818733855743	0.0	-4913.998106816435	0.0	-4176.506556717129	0.0	-2427.7919305280952	0.0	-10416.175406154527	0.0	-13310.252968024726
2018-01-09 18:20:00	0.0	-2760.80496721479	0.0	-3911.977915971869	0.0	-4914.231859469507	0.0	-4176.673008099129	0.0	-2427.992577639737	0.0	-10415.647325039272	0.0	-13309.513856927131
2018-01-09 18:30:00	0.0	-2760.432854758356	0.0	-3911.6068234090044	0.0	-4913.778295344533	0.0	-4176.275209002444	0.0	-2427.806909598892	0.0	-10414.382641829194	0.0	-13306.825781341498
2018-01-09 18:40:00	0.0	-2759.8522541969105	0.0	-3910.8882253005722	0.0	-4912.874738872838	0.0	-4175.507571272047	0.0	-2427.368888649446	0.0	-10412.631215709083	0.0	-13303.058695483101
2018-01-09 18:50:00	0.0	-2759.1344574126056	0.0	-3909.9413475422057	0.0	-4911.675823385494	0.0	-4174.496936644332	0.0	-2426.7656943049583	0.0	-10410.557797480544	0.0	-13298.69323760957
2018-01-09 19:00:00	0.0	-2799.5441391291224	0.0	-3967.3634213092164	0.0	-4983.773789557084	0.0	-4235.798881576003	0.0	-2462.258757807356	0.0	-10565.273584033344	0.0	-13492.92293152269
2018-01-09 19:10:00	0.0	-2797.9309803282968	0.0	-3965.0928988672654	0.0	-4980.878850621968	0.0	-4233.378689736723	0.0	-2460.934618677703	0.0	-10560.915417386803	0.0	-13484.720435730635
2018-01-09 19:20:00	0.0	-2796.789665210108	0.0	-3963.4230643056744	0.0	-4978.735707100594	0.0	-4231.604054909783	0.0	-2459.8018192063646	0.0	-10557.52713661099	0.0	-13479.874623590296
2018-01-09 19:30:00	0.0	-2796.0387289539326	0.0	-3962.326396617625	0.0	-4977.329388940177	0.0	-4230.438331039742	0.0	-2459.0606430684043	0.0	-10555.286245387366	0.0	-13477.187721567612
2018-01-09 19:40:00	0.0	-2795.5445755247497	0.0	-3961.6059904450876	0.0	-4976.406335200881	0.0	-4229.672415143793	0.0	-2458.575518935314	0.0	-10553.803844831536	0.0	-13475.697691322946
2018-01-09 19:50:00	0.0	-2795.2193980676016	0.0	-3961.132752473376	0.0	-4975.800478191267	0.0	-4229.16918544772	0.0	-2458.257989442043	0.0	-10552.823203490902	0.0	-13474.871390450468
2018-01-09 20:00:00	0.0	-2822.3240170597733	0.0	-3999.607510686988	0.0	-5024.111626967115	0.0	-4270.2443895369615	0.0	-2482.0459807591883	0.0	-10656.233043309783	0.0	-13606.2587695139
2018-01-09 20:10:00	0.0	-2821.686138798833	0.0	-3998.686586505866	0.0	-5022.934109885782	0.0	-4269.263896737574	0.0	-2481.548570285919	0.0	-10654.516574779556	0.0	-13603.790197114886
2018-01-09 20:20:00	0.0	-2821.5926377800674	0.0	-3998.4989789370084	0.0	-5022.700428554323	0.0	-4269.067162479154	0.0	-2481.4367864877345	0.0	-10653.596368365701	0.0	-13603.844928605771
2018-01-09 20:30:00	0.0	-2821.602677976823	0.0	-3998.476985156153	0.0	-5022.676203438171	0.0	-4269.045847210023	0.0	-2481.4312531492274	0.0	-10653.18353976551	0.0	-13604.361700351117
2018-01-09 20:40:00	0.0	-2821.681190680389	0.0	-3998.5642338077732	0.0	-5022.790062643125	0.0	-4269.140273945517	0.0	-2481.495416806179	0.0	-10653.106373324807	0.0	-13605.135827119575
2018-01-09 20:50:00	0.0	-2821.8047612584924	0.0	-3998.723243665845	0.0	-5022.994554261081	0.0	-4269.310745928685	0.0	-2481.6051992152707	0.0	-10653.25125486812	0.0	-13606.05266959214
2018-01-09 21:00:00	0.0	-2821.957982159498	0.0	-3998.9293937802045	0.0	-5023.258533443644	0.0	-4269.531181923124	0.0	-2481.744840558598	0.0	-10653.543026105724	0.0	-13607.048655479632
2018-01-09 21:10:00	0.0	-2822.1307143970275	0.0	-3999.1665104757208	0.0	-5023.561558020993	0.0	-4269.784445709612	0.0	-2481.9040255799123	0.0	-10653.93196815252	0.0	-13608.088530471734
2018-01-09 21:20:00	0.0	-2822.390115345003	0.0	-3999.528194477601	0.0	-5024.031252448212	0.0	-4270.169807184117	0.0	-2482.1614380737265	0.0	-10654.358148699686	0.0	-13609.20267339035
2018-01-09 21:30:00	0.0	-2822.560620976016	0.0	-3999.7654930155277	0.0	-5024.33914188185	0.0	-4270.422687436169	0.0	-2482.3297629030744	0.0	-10654.639898584424	0.0	-13609.819876910095
2018-01-09 21:40:00	0.0	-2822.6728223641094	0.0	-3999.9213758401497	0.0	-5024.541229210817	0.0	-4270.58883774397	0.0	-2482.4399371137347	0.0	-10654.826282605409	0.0	-13610.16214967906
2018-01-09 21:50:00	0.0	-2822.7466564226997	0.0	-4000.023775922364	0.0	-5024.673871531333	0.0	-4270.69800344479	0.0	-2482.5120496969403	0.0	-10654.949579792443	0.0	-13610.35195802743
2018-01-09 22:00:00	0.0	-2822.7952428825074	0.0	-4000.091042966849	0.0	-5024.7609328300405	0.0	-4270.769728562027	0.0	-2482.559249714435	0.0	-10655.031143631844	0.0	-13610.45721679344
2018-01-09 22:10:00	0.0	-2822.8272151744495	0.0	-4000.1352309711515	0.0	-5024.818076505617	0.0	-4270.816854100577	0.0	-2482.590143652105	0.0	-10655.085099930915	0.0	-13610.51558834514
2018-01-09 22:20:00	0.0	-2822.848254522783	0.0	-4000.1642582569366	0.0	-5024.855583408307	0.0	-4270.847816983167	0.0	-2482.6103647332693	0.0	-10655.120793226264	0.0	-13610.547958457155
2018-01-09 22:30:00	0.0	-2822.8620994538574	0.0	-4000.1833264030124	0.0	-5024.8802014913235	0.0	-4270.868160519336	0.0	-2482.6236000847507	0.0	-10655.14440513729	0.0	-13610.565909395978
2018-01-09 22:40:00	0.0	-2822.871210102792	0.0	-4000.195852348325	0.0	-5024.8963598506725	0.0	-4270.881526828597	0.0	-2482.6322630502673	0.0	-10655.1600249431	0.0	-13610.575864140768
2018-01-09 22:50:00	0.0	-2822.8772053600846	0.0	-4000.2040806944474	0.0	-5024.906965573965	0.0	-4270.890308891935	0.0	-2482.637933241312	0.0	-10655.170357793046	0.0	-13610.58138457314
2018-01-09 23:00:00	0.0	-2822.8811505356985	0.0	-4000.2094859296208	0.0	-5024.913926761318	0.0	-4270.896078969136	0.0	-2482.6416445647014	0.0	-10655.177193203768	0.0	-13610.58444594479
2018-01-09 23:10:00	0.0	-2822.8837466562445	0.0	-4000.2130366513175	0.0	-5024.918495815963	0.0	-4270.899870081741	0.0	-2482.6440737458665	0.0	-10655.181714980423	0.0	-13610.586143637254
2018-01-09 23:20:00	0.0	-2822.8263916386277	0.0	-4000.131988996867	0.0	-5024.808661185571	0.0	-4270.813937897318	0.0	-2482.577315285794	0.0	-10655.206339960756	0.0	-13610.547141904019
2018-01-09 23:30:00	0.0	-2822.8463278427866	0.0	-4000.160339645164	0.0	-5024.84069682784	0.0	-4270.844473540941	0.0	-2482.5879759093323	0.0	-10655.37951546134	0.0	-13610.916069989322
2018-01-09 23:40:00	0.0	-2822.9169709588796	0.0	-4000.260319705057	0.0	-5024.965530444755	0.0	-4270.951280607956	0.0	-2482.6491816352514	0.0	-10655.650817873302	0.0	-13611.510698195443
2018-01-09 23:50:00	0.0	-2823.020981868608	0.0	-4000.4073536842047	0.0	-5025.1512734185835	0.0	-4271.1082006911565	0.0	-2482.7434709608633	0.0	-10655.987033552987	0.0	-13612.23048948429
2018-01-10 00:00:00	0.0	-2839.1240662951573	0.0	-4023.268868839554	0.0	-5053.864079101621	0.0	-4295.514032344022	0.0	-2496.893208975844	0.0	-10717.22470715577	0.0	-13690.128455984104
2018-01-10 00:10:00	0.0	-2839.2552525464384	0.0	-4023.454195629423	0.0	-5054.098907356485	0.0	-4295.711648851081	0.0	-2497.0172006319212	0.0	-10717.628461652082	0.0	-13690.94015231021
2018-01-10 00:20:00	0.0	-2839.4720878488192	0.0	-4023.7618865835043	0.0	-5054.497283794447	0.0	-4296.039447757344	0.0	-2497.2305140237618	0.0	-10718.073089944828	0.0	-13691.8717475137
2018-01-10 00:30:00	0.0	-2839.614603348599	0.0	-4023.9637452989996	0.0	-5054.758402067105	0.0	-4296.254537776371	0.0	-2497.369996557881	0.0	-10718.367034274766	0.0	-13692.387786119985
2018-01-10 00:40:00	0.0	-2839.708385806955	0.0	-4024.096347493303	0.0	-5054.929790525179	0.0	-4296.395858709209	0.0	-2497.461292520156	0.0	-10718.561485166643	0.0	-13692.673957449611
2018-01-10 00:50:00	0.0	-2839.7700992907658	0.0	-4024.1834544175967	0.0	-5055.042283273435	0.0	-4296.488710756059	0.0	-2497.5210486724977	0.0	-10718.690118744767	0.0	-13692.832654547989
2018-01-10 01:00:00	0.0	-2839.810709807588	0.0	-4024.2406753131245	0.0	-5055.1161191585215	0.0	-4296.5497173067615	0.0	-2497.5601610019353	0.0	-10718.775212710076	0.0	-13692.92066046108
2018-01-10 01:10:00	0.0	-2839.8374335310723	0.0	-4024.2782639538805	0.0	-5055.164582175148	0.0	-4296.589800421318	0.0	-2497.5857612833065	0.0	-10718.8315042557	0.0	-13692.969464382628
2018-01-10 01:20:00	0.0	-2839.855019059473	0.0	-4024.302956086031	0.0	-5055.196391423129	0.0	-4296.616136217288	0.0	-2497.6025174933147	0.0	-10718.868742361805	0.0	-13692.996528731768
2018-01-10 01:30:00	0.0	-2839.866591204697	0.0	-4024.319176448825	0.0	-5055.217269782099	0.0	-4296.633439616912	0.0	-2497.6134849733194	0.0	-10718.893376195017	0.0	-13693.011537341145
2018-01-10 01:40:00	0.0	-2839.874206247138	0.0	-4024.329831671616	0.0	-5055.230973528677	0.0	-4296.644808464047	0.0	-2497.6206635427916	0.0	-10718.909672022122	0.0	-13693.019860406825
2018-01-10 01:50:00	0.0	-2839.8792173207303	0.0	-4024.336831131129	0.0	-5055.239968137427	0.0	-4296.652278134067	0.0	-2497.6253621480896	0.0	-10718.920452073227	0.0	-13693.024475985823
2018-01-10 02:00:00	0.0	-2989.6081289306794	0.0	-4236.915359594161	0.0	-5322.205992891374	0.0	-4523.59176909569	0.0	-2629.1424398985673	0.0	-11289.254949424247	0.0	-14415.634464246159
2018-01-10 02:10:00	0.0	-2987.120589180673	0.0	-4233.328834179758	0.0	-5317.619168733853	0.0	-4519.772258607188	0.0	-2627.334836543189	0.0	-11282.828133273608	0.0	-14404.565141681911
2018-01-10 02:20:00	0.0	-2987.4928339374733	0.0	-4233.59463881434	0.0	-5318.027852556502	0.0	-4520.067741872766	0.0	-2627.6536826113766	0.0	-11279.55140647578	0.0	-14405.827096350815
2018-01-10 02:30:00	0.0	-2987.7351316057784	0.0	-4233.765518610526	0.0	-5318.291054309349	0.0	-4520.257869334958	0.0	-2627.860811364127	0.0	-11277.382756699424	0.0	-14406.51800989078
2018-01-10 02:40:00	0.0	-2987.894578718988	0.0	-4233.877775372221	0.0	-5318.463816905127	0.0	-4520.3827942641765	0.0	-2627.996385294089	0.0	-11275.948150467977	0.0	-14406.901167774306
2018-01-10 02:50:00	0.0	-2987.999502635665	0.0	-4233.95151717464	0.0	-5318.577211389829	0.0	-4520.464873511428	0.0	-2628.0851227026637	0.0	-11274.99912835554	0.0	-14407.113648555578
2018-01-10 03:00:00	0.0	-2988.0685476535264	0.0	-4233.999958390108	0.0	-5318.651639018942	0.0	-4520.518801927056	0.0	-2628.143204133463	0.0	-11274.371330323529	0.0	-14407.231480099965
2018-01-10 03:10:00	0.0	-2988.113982618613	0.0	-4234.031779572647	0.0	-5318.7004903541065	0.0	-4520.554234440246	0.0	-2628.1812202605743	0.0	-11273.956028758017	0.0	-14407.296823764305
2018-01-10 03:20:00	0.0	-2988.1438810257177	0.0	-4234.052683004746	0.0	-5318.732554427271	0.0	-4520.577514615954	0.0	-2628.2061030139753	0.0	-11273.681298061963	0.0	-14407.33306019396
2018-01-10 03:30:00	0.0	-2988.1635556253486	0.0	-4234.066414533196	0.0	-5318.753600009443	0.0	-4520.592810357962	0.0	-2628.2223895603584	0.0	-11273.49955794437	0.0	-14407.353155161803
2018-01-10 03:40:00	0.0	-2988.1765024646	0.0	-4234.0754348162145	0.0	-5318.76741349241	0.0	-4520.602860098434	0.0	-2628.2330496182985	0.0	-11273.379333044788	0.0	-14407.364298857157
2018-01-10 03:50:00	0.0	-2988.185022111747	0.0	-4234.081360267708	0.0	-5318.776480113159	0.0	-4520.609463065665	0.0	-2628.240026962209	0.0	-11273.299801752139	0.0	-14407.370478610572
2018-01-10 04:00:00	0.0	-2955.4428221284693	0.0	-4187.591047539599	0.0	-5260.392916431343	0.0	-4470.97864768398	0.0	-2599.4801322814146	0.0	-11148.502103326895	0.0	-14249.325575875999
2018-01-10 04:10:00	0.0	-2955.946205959121	0.0	-4188.313972143785	0.0	-5261.31821307878	0.0	-4471.748681017673	0.0	-2599.84621548274	0.0	-11149.754609447202	0.0	-14251.5450210862
2018-01-10 04:20:00	0.0	-2955.8730705396365	0.0	-4188.260636586882	0.0	-5261.236651017326	0.0	-4471.689459557973	0.0	-2599.783668138253	0.0	-11150.380724349467	0.0	-14251.286283946072
2018-01-10 04:30:00	0.0	-2955.8254788828426	0.0	-4188.226351604726	0.0	-5261.184133014708	0.0	-4471.651358215585	0.0	-2599.7430440557027	0.0	-11150.795125865126	0.0	-14251.144593723642
2018-01-10 04:40:00	0.0	-2955.794160550567	0.0	-4188.203828618432	0.0	-5261.149660775469	0.0	-4471.626323375991	0.0	-2599.7164539777887	0.0	-11151.069261047913	0.0	-14251.066016995659
2018-01-10 04:50:00	0.0	-2955.7735515659137	0.0	-4188.189033196104	0.0	-5261.127034562802	0.0	-4471.60987476527	0.0	-2599.6990499295925	0.0	-11151.250607296057	0.0	-14251.022442131205
2018-01-10 05:00:00	0.0	-2988.5077087097707	0.0	-4234.673356982849	0.0	-5319.501499909273	0.0	-4521.234050179518	0.0	-2628.4520627711595	0.0	-11276.114867458513	0.0	-14409.04614605455
2018-01-10 05:10:00	0.0	-2987.9992311853816	0.0	-4233.9468060043955	0.0	-5318.570619641098	0.0	-4520.459981016865	0.0	-2628.081615682147	0.0	-11274.907240215183	0.0	-14406.815816658795
2018-01-10 05:20:00	0.0	-2988.068903030244	0.0	-4233.997613447826	0.0	-5318.648326510939	0.0	-4520.516394682881	0.0	-2628.1412233123815	0.0	-11274.310757253754	0.0	-14407.068106748255
2018-01-10 05:30:00	0.0	-2988.1142157674076	0.0	-4234.0302381066585	0.0	-5318.698314660296	0.0	-4520.55265165684	0.0	-2628.179923422687	0.0	-11273.915958177797	0.0	-14407.206222666862
2018-01-10 05:40:00	0.0	-2988.144034449849	0.0	-4234.051670412538	0.0	-5318.7311263906	0.0	-4520.576474683587	0.0	-2628.205254193049	0.0	-11273.654790532948	0.0	-14407.282817218485
2018-01-10 05:50:00	0.0	-2988.1636565858553	0.0	-4234.065749358276	0.0	-5318.752662702973	0.0	-4520.592127092628	0.0	-2628.221833980302	0.0	-11273.482022657963	0.0	-14407.325292842404
2018-01-10 06:00:00	0.0	-2988.1765689015033	0.0	-4234.074997860777	0.0	-5318.766798281735	0.0	-4520.602411173545	0.0	-2628.2326859736427	0.0	-11273.367733085053	0.0	-14407.34884776504
2018-01-10 06:10:00	0.0	-2988.185065830449	0.0	-4234.081073230345	0.0	-5318.776076313348	0.0	-4520.609168109173	0.0	-2628.239788945313	0.0	-11273.29212813548	0.0	-14407.361910183658
2018-01-10 06:20:00	0.0	-2987.905567669634	0.0	-4233.682601578617	0.0	-5318.237536434485	0.0	-4520.186803767929	0.0	-2627.914531220251	0.0	-11273.346536386887	0.0	-14407.176354565963
2018-01-10 06:30:00	0.0	-2988.0000495478366	0.0	-4233.8146713659335	0.0	-5318.386663099121	0.0	-4520.329211323538	0.0	-2627.964007734135	0.0	-11274.139789948576	0.0	-14408.958608427465
2018-01-10 06:40:00	0.0	-2988.3398831293634	0.0	-4234.294123180785	0.0	-5318.985602437168	0.0	-4520.841478722155	0.0	-2628.2581420483434	0.0	-11275.421117833333	0.0	-14411.829613563277
2018-01-10 06:50:00	0.0	-2988.841170847252	0.0	-4235.001772756424	0.0	-5319.879783381424	0.0	-4521.596756177156	0.0	-2628.7124133963907	0.0	-11277.025317845242	0.0	-14415.30439012726
2018-01-10 07:00:00	0.0	-2989.4487035462444	0.0	-4235.8593265513255	0.0	-5320.96774887579	0.0	-4522.5116985184395	0.0	-2629.2714991440557	0.0	-11278.84310454873	0.0	-14419.113989738262
2018-01-10 07:10:00	0.0	-2990.1261500642972	0.0	-4236.815352239214	0.0	-5322.182907248369	0.0	-4523.531544791245	0.0	-2629.8991897241535	0.0	-11280.802183307367	0.0	-14423.109264696775
2018-01-10 07:20:00	0.0	-2991.208423267213	0.0	-4238.342612639091	0.0	-5324.167031767056	0.0	-4525.15750043962	0.0	-2630.987011531968	0.0	-11282.723301413542	0.0	-14427.450168732861
2018-01-10 07:30:00	0.0	-2991.847865763287	0.0	-4239.242892149696	0.0	-5325.337806744001	0.0	-4526.115991864149	0.0	-2631.63055453221	0.0	-11283.797631250298	0.0	-14429.367386392487
2018-01-10 07:40:00	0.0	-2992.19684230466	0.0	-4239.73273116733	0.0	-5325.976674990903	0.0	-4526.637465066516	0.0	-2631.984080257222	0.0	-11284.312657998484	0.0	-14429.943692337318
2018-01-10 07:50:00	0.0	-2992.3546769145128	0.0	-4239.95294850976	0.0	-5326.26641800627	0.0	-4526.871802567672	0.0	-2632.147779749942	0.0	-11284.45769311199	0.0	-14429.776389744138
2018-01-10 08:00:00	0.0	-2992.386730865657	0.0	-4239.996050535119	0.0	-5326.327009039444	0.0	-4526.917483694776	0.0	-2632.187232005663	0.0	-11284.357970999961	0.0	-14429.196717887196
2018-01-10 08:10:00	0.0	-2992.3360150941144	0.0	-4239.922805018485	0.0	-5326.237193934155	0.0	-4526.839212165072	0.0	-2632.1453604886906	0.0	-11284.096336849794	0.0	-14428.388366124906
2018-01-10 08:20:00	0.0	-2992.083372692862	0.0	-4239.564960106611	0.0	-5325.766953146554	0.0	-4526.4587396510915	0.0	-2631.8796185579868	0.0	-11283.781606134693	0.0	-14427.353475641812
2018-01-10 08:30:00	0.0	-2991.989315615745	0.0	-4239.432034943661	0.0	-5325.588688123088	0.0	-4526.317669350171	0.0	-2631.7736953944277	0.0	-11283.769426198676	0.0	-14427.267761290173
2018-01-10 08:40:00	0.0	-2991.9992298188645	0.0	-4239.446274534994	0.0	-5325.601265525931	0.0	-4526.333266548853	0.0	-2631.7720592744527	0.0	-11283.957034423122	0.0	-14427.707120551633
2018-01-10 08:50:00	0.0	-2992.077562696291	0.0	-4239.557187970221	0.0	-5325.739105572907	0.0	-4526.4517996772165	0.0	-2631.838682618833	0.0	-11284.27680708038	0.0	-14428.437661845932
2018-01-10 09:00:00	258.1908	-2992.200918387616	182.34060000000002	-4239.731606765075	231.4102	-5325.95916298125	193.2948	-4526.637964674708	152.6648	-2631.949983919473	198.81920000000002	-11284.684009281546	689.3932000000001	-14429.329678591599
2018-01-10 09:10:00	258.1908	-2992.2051820281686	182.34060000000002	-4239.844193978488	231.4102	-5326.094425418551	193.2948	-4526.758258056825	152.6648	-2632.0241514004383	198.81920000000002	-11285.1367827238	689.3932000000001	-14430.169322173922
2018-01-10 09:20:00	258.1908	-2992.5784428128463	182.34060000000002	-4240.294266266437	231.4102	-5326.677821145122	193.2948	-4527.237833881808	152.6648	-2632.329966851013	198.81920000000002	-11285.74345048312	689.3932000000001	-14431.631920835054
2018-01-10 09:30:00	258.1908	-2992.823576504117	182.34060000000002	-4240.589385313024	231.4102	-5327.0600095398995	193.2948	-4527.552355824945	152.6648	-2632.5298644575882	198.81920000000002	-11286.14445054488	689.3932000000001	-14432.441807464591
2018-01-10 09:40:00	258.1908	-2992.9848869910284	182.34060000000002	-4240.78325067747	231.4102	-5327.310863874904	193.2948	-4527.7590065672675	152.6648	-2632.660704021285	198.81920000000002	-11286.409720836722	689.3932000000001	-14432.89093278538
2018-01-10 09:50:00	258.1908	-2993.0910371016225	182.34060000000002	-4240.910601426978	231.4102	-5327.4755146802545	193.2948	-4527.89478202081	152.6648	-2632.7463426393324	198.81920000000002	-11286.585202698176	689.3932000000001	-14433.139995921796
2018-01-10 10:00:00	2840.0988	-2910.927120160123	2005.7466000000002	-4124.241568432293	2545.5122	-5180.960375918349	2126.2428	-4403.343982347428	1679.3128000000002	-2560.5713943479523	2187.0112000000004	-10973.448297111609	7583.325200000001	-14036.40076342798
2018-01-10 10:10:00	2840.0988	-2910.7348620435932	2005.7466000000002	-4125.062313915543	2545.5122	-5181.947618894149	2126.2428	-4404.217856619038	1679.3128000000002	-2560.8521264529454	2187.0112000000004	-10976.622101312143	7583.325200000001	-14040.60372524814
2018-01-10 10:20:00	2840.0988	-2911.8473507277613	2005.7466000000002	-4125.985728282021	2545.5122	-5183.115358233214	2126.2428	-4405.198015872816	1679.3128000000002	-2561.3232150116883	2187.0112000000004	-10979.600185641546	7583.325200000001	-14043.81327523703
2018-01-10 10:30:00	2840.0988	-2912.5777828414602	2005.7466000000002	-4126.591775762639	2545.5122	-5183.88104963804	2126.2428	-4405.84142782977	1679.3128000000002	-2561.6312577149774	2187.0112000000004	-10981.569327284084	7583.325200000001	-14045.592080094386
2018-01-10 10:40:00	2840.0988	-2913.058445083995	2005.7466000000002	-4126.989891336454	2545.5122	-5184.383620606679	2126.2428	-4406.264169117948	1679.3128000000002	-2561.832881813927	2187.0112000000004	-10982.87195808781	7583.325200000001	-14046.578521550677
2018-01-10 10:50:00	2840.0988	-2913.3747443563225	2005.7466000000002	-4127.251414904773	2545.5122	-5184.7134884971765	2126.2428	-4406.541922495317	1679.3128000000002	-2561.964851224894	2187.0112000000004	-10983.733676565462	7583.325200000001	-14047.125554848044
2018-01-10 11:00:00	9036.678000000002	-2846.096805093979	6381.921000000001	-4031.6086609428785	8099.357	-5064.601788786367	6765.318	-4304.43701953296	5343.268	-2502.773492996591	6958.6720000000005	-10727.232062209107	24128.762000000002	-13721.726307042609
2018-01-10 11:10:00	9036.678000000002	-2843.9023454197904	6381.921000000001	-4031.0243870511185	8099.357	-5063.699941581155	6765.318	-4303.813682269399	5343.268	-2502.1381588611275	6958.6720000000005	-10730.53259272589	24128.762000000002	-13724.019189493058
2018-01-10 11:20:00	9036.678000000002	-2846.937310572903	6381.921000000001	-4033.538336400643	8099.357	-5066.936886143829	6765.318	-4306.491267696011	5343.268	-2503.565449310141	6958.6720000000005	-10735.548331391281	24128.762000000002	-13732.718377228604
2018-01-10 11:30:00	9036.678000000002	-2848.856544348366	6381.921000000001	-4035.083806503493	8099.357	-5068.925904094758	6765.318	-4308.137525536919	5343.268	-2504.429885298812	6958.6720000000005	-10738.667256984205	24128.762000000002	-13737.045511653032
2018-01-10 11:40:00	9036.678000000002	-2850.0476064405902	6381.921000000001	-4035.9973550201867	8099.357	-5070.101684366129	6765.318	-4309.11075503456	5343.268	-2504.927911785431	6958.6720000000005	-10740.534594256402	24128.762000000002	-13738.957659785618
2018-01-10 11:50:00	9036.678000000002	-2850.7594876239327	6381.921000000001	-4036.4957855350403	8099.357	-5070.7436783193225	6765.318	-4309.6417783325915	5343.268	-2505.186109373767	6958.6720000000005	-10741.57397472285	24128.762000000002	-13739.530559018498
2018-01-10 12:00:00	15663.575200000001	-2783.1345355077538	11061.996400000002	-3939.7741072828285	14038.885466666667	-4949.284375302617	11726.5512	-4206.385449645293	9261.664533333334	-2445.581766898451	12061.698133333335	-10481.956856043396	41823.18746666667	-13409.807006247524
2018-01-10 12:10:00	15663.575200000001	-2781.39909271308	11061.996400000002	-3938.9509466419822	14038.885466666667	-4948.070689963042	11726.5512	-4205.507892494788	9261.664533333334	-2445.811678390399	12061.698133333335	-10484.990738633596	41823.18746666667	-13411.114583898656
2018-01-10 12:20:00	15663.575200000001	-2787.08353687988	11061.996400000002	-3941.282766499444	14038.885466666667	-4951.065853655517	11726.5512	-4207.99295611757	9261.664533333334	-2448.8058255811065	12061.698133333335	-10489.918762365154	41823.18746666667	-13422.73015820852
2018-01-10 12:30:00	15663.575200000001	-2792.7658830358305	11061.996400000002	-3942.8104578015664	14038.885466666667	-4953.0261634621675	11726.5512	-4209.621329455686	9261.664533333334	-2451.8321983160895	12061.698133333335	-10493.175681120321	41823.18746666667	-13435.794500131444
2018-01-10 12:40:00	15663.575200000001	-2798.456655653099	11061.996400000002	-3943.8140109886463	14038.885466666667	-4954.312844101169	11726.5512	-4210.69122609254	9261.664533333334	-2454.893524110619	12061.698133333335	-10495.330210060094	41823.18746666667	-13449.20833536137
2018-01-10 12:50:00	15663.575200000001	-2804.1558058835762	11061.996400000002	-3944.4732496294055	14038.885466666667	-4955.157372038331	11726.5512	-4211.394180410522	9261.664533333334	-2457.9896461430126	12061.698133333335	-10496.755479859365	41823.18746666667	-13462.967428163189
2018-01-10 13:00:00	20311.0096	-2670.906436099416	14344.1272	-3747.585367637017	18204.269066666664	-4707.907038596673	15205.8576	-4001.2048270862106	12009.630933333334	-2339.0547702693693	15640.443733333334	-9968.29577743098	54232.26506666667	-12806.361175478989
2018-01-10 13:10:00	20311.0096	-2678.165260672722	14344.1272	-3752.3279254565714	18204.269066666664	-4714.630756152856	15205.8576	-4006.559235799872	12009.630933333334	-2344.391840309683	15640.443733333334	-9975.145422423713	54232.26506666667	-12853.133559718466
2018-01-10 13:20:00	20311.0096	-2687.912484573244	14344.1272	-3756.7788910504423	18204.269066666664	-4720.998696903185	15205.8576	-4011.5419682069005	12009.630933333334	-2349.7545814289206	15640.443733333334	-9981.254493620549	54232.26506666667	-12894.49737098736
2018-01-10 13:30:00	20311.0096	-2697.317073838156	14344.1272	-3760.8112325586153	18204.269066666664	-4726.8350785408	15205.8576	-4016.075947672194	12009.630933333334	-2354.8457071784414	15640.443733333334	-9985.490533731121	54232.26506666667	-12932.90678274211
2018-01-10 13:40:00	20311.0096	-2706.3859880092095	14344.1272	-3764.429417135103	18204.269066666664	-4732.145451819473	15205.8576	-4020.1658392475183	12009.630933333334	-2359.667196006718	15640.443733333334	-9988.488979633534	54232.26506666667	-12968.406900303904
2018-01-10 13:50:00	20311.0096	-2715.122112488938	14344.1272	-3767.637666333172	18204.269066666664	-4736.935033602971	15205.8576	-4023.8161370501657	12009.630933333334	-2364.220881911704	15640.443733333334	-9990.6687261002	54232.26506666667	-13001.045367059269
2018-01-10 14:00:00	17384.8472	-2776.921210316672	12277.600400000001	-3846.2780003458647	15581.620133333332	-4836.4478981622	13015.1832	-4107.991921218621	10279.429866666667	-2415.4176381244997	13387.159466666668	-10195.789377412682	46419.142133333335	-13288.59153879511
2018-01-10 14:10:00	17384.8472	-2784.727788230637	12277.600400000001	-3846.4647062261593	15581.620133333332	-4837.5864744558	13015.1832	-4108.410402142828	10279.429866666667	-2418.569041938834	13387.159466666668	-10193.989770587199	46419.142133333335	-13299.717709172917
2018-01-10 14:20:00	17384.8472	-2790.268435969232	12277.600400000001	-3846.069624459862	15581.620133333332	-4837.876527411283	13015.1832	-4108.214371878908	10279.429866666667	-2421.221973734364	13387.159466666668	-10191.82659420111	46419.142133333335	-13309.711793809562
2018-01-10 14:30:00	17384.8472	-2795.7066794599523	12277.600400000001	-3845.5869479948087	15581.620133333332	-4838.048896482333	13015.1832	-4107.92250878493	10279.429866666667	-2423.7978765486023	13387.159466666668	-10190.396629111296	46419.142133333335	-13318.977490402809
2018-01-10 14:40:00	17384.8472	-2801.0403534604666	12277.600400000001	-3845.0168239998075	15581.620133333332	-4838.10361733247	13015.1832	-4107.53499168429	10279.429866666667	-2426.296887127688	13387.159466666668	-10189.45067277076	46419.142133333335	-13327.526199204804
2018-01-10 14:50:00	17384.8472	-2806.2703679846672	12277.600400000001	-3844.3601447551555	15581.620133333332	-4838.0418574120795	13015.1832	-4107.052790728372	10279.429866666667	-2428.719585183211	13387.159466666668	-10188.824900590702	46419.142133333335	-13335.36966455933
2018-01-10 15:00:00	11618.586000000001	-2851.033365050451	8205.327000000001	-3899.9308755358506	10413.459	-4908.582629643233	8698.266	-4166.593461455723	6869.916000000001	-2465.893293621116	8946.864000000001	-10339.507033119049	31022.694000000003	-13533.870564701389
2018-01-10 15:10:00	11618.586000000001	-2859.381625763106	8205.327000000001	-3900.289746692426	10413.459	-4910.0552410212695	8698.266	-4167.18439671817	6869.916000000001	-2469.182905264958	8946.864000000001	-10337.895998566424	31022.694000000003	-13533.990691141222
2018-01-10 15:20:00	11618.586000000001	-2860.3878437587227	8205.327000000001	-3895.633787965802	10413.459	-4904.966663998781	8698.266	-4162.422081587989	6869.916000000001	-2469.4482161778205	8946.864000000001	-10333.98104051735	31022.694000000003	-13517.66675686841
2018-01-10 15:30:00	11618.586000000001	-2861.3957803081375	8205.327000000001	-3891.0329639569736	10413.459	-4899.938805459247	8698.266	-4157.716195362847	6869.916000000001	-2469.7147122615997	8946.864000000001	-10331.394211660549	31022.694000000003	-13501.632844870877
2018-01-10 15:40:00	11618.586000000001	-2862.3950443961457	8205.327000000001	-3887.084999261868	10413.459	-4894.960802548185	8698.266	-4153.057914995632	6869.916000000001	-2469.97919772389	8946.864000000001	-10329.682961605113	31022.694000000003	-13485.861464891856
2018-01-10 15:50:00	11618.586000000001	-2863.385722227067	8205.327000000001	-3884.6562263840624	10413.459	-4890.032177602217	8698.266	-4149.321909024511	6869.916000000001	-2470.241691156937	8946.864000000001	-10328.550930273259	31022.694000000003	-13470.348347172603
2018-01-10 16:00:00	5249.8796	-2894.0093330405443	3707.5922	-3925.1825040361987	4705.340733333333	-4938.049590134595	3930.3276	-4191.96708567844	3104.1842666666666	-2496.548971910343	4042.657066666667	-10440.814582861527	14017.661733333334	-13598.222738304368
2018-01-10 16:10:00	5249.8796	-2898.800255922708	3707.5922	-3925.800677073394	4705.340733333333	-4936.459403691273	3930.3276	-4192.216762704084	3104.1842666666666	-2498.035177669534	4042.657066666667	-10439.013351747919	14017.661733333334	-13577.106349592596
2018-01-10 16:20:00	5249.8796	-2895.9605588557506	3707.5922	-3922.7446374348306	4705.340733333333	-4930.963442016007	3930.3276	-4188.688260725145	3104.1842666666666	-2496.6048964371726	4042.657066666667	-10434.595821749972	14017.661733333334	-13541.601777409207
2018-01-10 16:30:00	5249.8796	-2893.4110801264032	3707.5922	-3920.6401492860464	4705.340733333333	-4927.23266189264	3930.3276	-4186.2665788402155	3104.1842666666666	-2495.4199958794984	4042.657066666667	-10431.480690214186	14017.661733333334	-13508.980443483437
2018-01-10 16:40:00	5249.8796	-2891.1381423385837	3707.5922	-3919.155945769657	4705.340733333333	-4924.6540844720475	3930.3276	-4184.56696615596	3104.1842666666666	-2494.4752962473026	4042.657066666667	-10429.22392555343	14017.661733333334	-13479.17161450944
2018-01-10 16:50:00	5249.8796	-2889.1393863699614	3707.5922	-3918.0792169066513	4705.340733333333	-4922.831778451733	3930.3276	-4183.341782109357	3104.1842666666666	-2493.7689918970823	4042.657066666667	-10427.534993544006	14017.661733333334	-13452.129264377269
2018-01-10 17:00:00	1032.7632	-2887.4124575343694	729.3624000000001	-3917.2701600104056	925.6408	-4921.505860041357	773.1792	-4182.428312011413	610.6592	-2493.299287281237	795.2768000000001	-10426.22169578827	2757.5728000000004	-13427.80808977493
2018-01-10 17:10:00	1032.7632	-2889.3543515706856	729.3624000000001	-3918.331385205948	925.6408	-4922.776382407446	773.1792	-4183.524701493469	610.6592	-2494.49535625524	795.2768000000001	-10425.357594751446	2757.5728000000004	-13407.751163470086
2018-01-10 17:20:00	1032.7632	-2885.0883096246084	729.3624000000001	-3916.0329551918994	925.6408	-4919.670954622762	773.1792	-4181.049831223317	610.6592	-2492.8656571333427	795.2768000000001	-10422.350795572866	2757.5728000000004	-13371.6178742552
2018-01-10 17:30:00	1032.7632	-2880.926591152202	729.3624000000001	-3914.527373307682	925.6408	-4917.638490043744	773.1792	-4179.428346994384	610.6592	-2491.3087445207016	795.2768000000001	-10420.364297981938	2757.5728000000004	-13342.58093508124
2018-01-10 17:40:00	1032.7632	-2876.859452484404	729.3624000000001	-3913.5383434907617	925.6408	-4916.304449232786	773.1792	-4178.362976264717	610.6592	-2489.8210174548094	795.2768000000001	-10419.050181782499	2757.5728000000004	-13328.485314217605
2018-01-10 17:50:00	1032.7632	-2872.8861818134314	729.3624000000001	-3912.8886452158167	925.6408	-4915.428835749456	773.1792	-4177.662995493412	610.6592	-2488.4019578340667	795.2768000000001	-10418.180863930264	2757.5728000000004	-13320.666120260974
2018-01-10 18:00:00	0.0	-2869.0060654927565	0.0	-3912.4618553993023	0.0	-4914.854116462733	0.0	-4177.203086962838	0.0	-2487.051048229049	0.0	-10417.605790332442	0.0	-13316.329962606287
2018-01-10 18:10:00	0.0	-2866.050890027721	0.0	-3912.5964618173266	0.0	-4915.032965491568	0.0	-4177.342967220346	0.0	-2486.1182141466597	0.0	-10417.274518535143	0.0	-13314.49406923943
2018-01-10 18:20:00	0.0	-2861.2624697465403	0.0	-3912.488373569211	0.0	-4914.910507760218	0.0	-4177.222087305439	0.0	-2484.4056066819626	0.0	-10416.374124009828	0.0	-13311.8647858362
2018-01-10 18:30:00	0.0	-2855.1433876224955	0.0	-3911.9421459976406	0.0	-4914.223735069551	0.0	-4176.635971312861	0.0	-2481.4851083184626	0.0	-10414.863436239135	0.0	-13308.129498145869
2018-01-10 18:40:00	0.0	-2847.704420328923	0.0	-3911.1085002666964	0.0	-4913.167108513953	0.0	-4175.744603016634	0.0	-2477.3662760532025	0.0	-10412.949272183072	0.0	-13303.781676064445
2018-01-10 18:50:00	0.0	-2838.957037852997	0.0	-3910.0860471912747	0.0	-4911.867723664303	0.0	-4174.6526736671285	0.0	-2472.05813548341	0.0	-10410.768199096392	0.0	-13299.094168947027
2018-01-10 19:00:00	0.0	-2828.9126158894105	0.0	-3908.939565922346	0.0	-4910.409001295063	0.0	-4173.428969871671	0.0	-2465.569643858655	0.0	-10408.410559595177	0.0	-13294.2182888609
2018-01-10 19:10:00	0.0	-2817.582428068822	0.0	-3907.711609865365	0.0	-4908.845695951165	0.0	-4172.11868618918	0.0	-2457.909691147548	0.0	-10405.936117381347	0.0	-13289.237945656736
2018-01-10 19:20:00	0.0	-2805.3682567045653	0.0	-3905.943495371896	0.0	-4906.555207918512	0.0	-4170.235447429226	0.0	-2449.2283999797946	0.0	-10403.510669894944	0.0	-13283.966548850165
2018-01-10 19:30:00	0.0	-2793.2617086208115	0.0	-3904.783382448316	0.0	-4905.053686890441	0.0	-4168.999568153441	0.0	-2440.6136382176664	0.0	-10401.907012810994	0.0	-13281.046303318239
2018-01-10 19:40:00	0.0	-2781.2605699595924	0.0	-3904.0212969254835	0.0	-4904.068143009541	0.0	-4168.187556001796	0.0	-2434.051557443903	0.0	-10400.846156175816	0.0	-13279.42686759045
2018-01-10 19:50:00	0.0	-2771.52710573558	0.0	-3903.520679406272	0.0	-4903.421269607686	0.0	-4167.654039470123	0.0	-2429.7921100133167	0.0	-10400.144375302956	0.0	-13278.528804010539
2018-01-10 20:00:00	0.0	-2765.4665342507883	0.0	-3903.1918214310895	0.0	-4902.996686584256	0.0	-4167.303502978018	0.0	-2427.004125354368	0.0	-10399.680131240339	0.0	-13278.030779801424
2018-01-10 20:10:00	0.0	-2761.4779197740095	0.0	-3902.975793098697	0.0	-4902.7180064850845	0.0	-4167.073189904295	0.0	-2425.179298402352	0.0	-10399.373023198486	0.0	-13277.754598784388
2018-01-10 20:20:00	0.0	-2758.779345698996	0.0	-3902.7296036657053	0.0	-4902.393976109209	0.0	-4166.811280950348	0.0	-2423.8994096026645	0.0	-10399.196920446206	0.0	-13277.55148668511
2018-01-10 20:30:00	0.0	-2757.0756854584456	0.0	-3902.669922892798	0.0	-4902.311521461781	0.0	-4166.747999992437	0.0	-2423.129661165657	0.0	-10399.2766333838	0.0	-13277.927300090907
2018-01-10 20:40:00	0.0	-2756.0265345698417	0.0	-3902.7324665478186	0.0	-4902.38722693554	0.0	-4166.814909175743	0.0	-2422.693655987866	0.0	-10399.525395811812	0.0	-13278.623509399626
2018-01-10 20:50:00	0.0	-2755.408083721983	0.0	-3902.8753004505356	0.0	-4902.566743360677	0.0	-4166.967357668841	0.0	-2422.476096812121	0.0	-10399.885988523783	0.0	-13279.497396223423
2018-01-10 21:00:00	0.0	-2755.073054969058	0.0	-3903.070877406754	0.0	-4902.814397279246	0.0	-4167.176008091427	0.0	-2422.4015176628113	0.0	-10400.320559520458	0.0	-13280.4698147246
2018-01-10 21:10:00	0.0	-2754.92453203134	0.0	-3903.3011014685653	0.0	-4903.1067741029565	0.0	-4167.421584829299	0.0	-2422.4205236493676	0.0	-10400.804068840707	0.0	-13281.496874198181
2018-01-10 21:20:00	0.0	-2754.972606906407	0.0	-3903.6583648266455	0.0	-4903.5696206718	0.0	-4167.802009625485	0.0	-2422.586264113638	0.0	-10401.29289575295	0.0	-13282.604190081198
2018-01-10 21:30:00	0.0	-2755.0040493545966	0.0	-3903.892759278835	0.0	-4903.87301523031	0.0	-4168.051646176752	0.0	-2422.6945865214407	0.0	-10401.61608767247	0.0	-13283.217607549774
2018-01-10 21:40:00	0.0	-2755.0247403077874	0.0	-3904.0467345020515	0.0	-4904.072152435662	0.0	-4168.215665388838	0.0	-2422.7654872415096	0.0	-10401.829886690743	0.0	-13283.557781072443
2018-01-10 21:50:00	0.0	-2755.0383559853335	0.0	-3904.147881541229	0.0	-4904.202858499497	0.0	-4168.323430969625	0.0	-2422.8118940776317	0.0	-10401.971319620205	0.0	-13283.746425454126
2018-01-10 22:00:00	0.0	-2755.0473157793995	0.0	-3904.214325501385	0.0	-4904.288648973496	0.0	-4168.394236214479	0.0	-2422.8422688671203	0.0	-10402.064880730657	0.0	-13283.851038836854
2018-01-10 22:10:00	0.0	-2755.0532117702105	0.0	-3904.25797284763	0.0	-4904.344958567819	0.0	-4168.440757401134	0.0	-2422.862150158623	0.0	-10402.126773540364	0.0	-13283.909052543631
2018-01-10 22:20:00	0.0	-2755.057091625862	0.0	-3904.2866449922494	0.0	-4904.381918037367	0.0	-4168.471323227319	0.0	-2422.875163113058	0.0	-10402.167717046428	0.0	-13283.941224241797
2018-01-10 22:30:00	0.0	-2755.059644764149	0.0	-3904.3054798573094	0.0	-4904.406176823214	0.0	-4168.491405899278	0.0	-2422.8836805166297	0.0	-10402.194802110058	0.0	-13283.959065166333
2018-01-10 22:40:00	0.0	-2755.0613248563227	0.0	-3904.317852567718	0.0	-4904.4220993648	0.0	-4168.504600821969	0.0	-2422.889255435378	0.0	-10402.21271949775	0.0	-13283.968958911651
2018-01-10 22:50:00	0.0	-2755.0624304406615	0.0	-3904.32598025869	0.0	-4904.432550313668	0.0	-4168.513270285107	0.0	-2422.8929044017236	0.0	-10402.224572258598	0.0	-13283.974445521737
2018-01-10 23:00:00	0.0	-2755.063157970231	0.0	-3904.331319376662	0.0	-4904.439409917812	0.0	-4168.51896638451	0.0	-2422.895292769341	0.0	-10402.232413130387	0.0	-13283.977488139974
2018-01-10 23:10:00	0.0	-2755.063636720927	0.0	-3904.3348266680787	0.0	-4904.443912300283	0.0	-4168.522708894039	0.0	-2422.8968560339263	0.0	-10402.23760004601	0.0	-13283.979175434248
2018-01-10 23:20:00	0.0	-2755.0048576421004	0.0	-3904.25370710761	0.0	-4904.333975209885	0.0	-4168.436698776051	0.0	-2422.829495246074	0.0	-10402.262676288101	0.0	-13283.940147155346
2018-01-10 23:30:00	0.0	-2755.0238867684307	0.0	-3904.2820529935902	0.0	-4904.365997809364	0.0	-4168.467228501375	0.0	-2422.839789920916	0.0	-10402.436231928255	0.0	-13284.30926370922
2018-01-10 23:40:00	0.0	-2755.093962876675	0.0	-3904.3820722023975	0.0	-4904.490876804801	0.0	-4168.574076756844	0.0	-2422.9007843070735	0.0	-10402.707867359148	0.0	-13284.90419929297
2018-01-10 23:50:00	0.0	-2755.1976305815115	0.0	-3904.52917420821	0.0	-4904.676703545574	0.0	-4168.7310690137265	0.0	-2422.9949635057633	0.0	-10403.044384937195	0.0	-13285.624364018828
2018-01-11 00:00:00	0.0	-2823.8603749164376	0.0	-4002.0125239731383	0.0	-5027.103130422849	0.0	-4272.7999150663745	0.0	-2483.311705161814	0.0	-10664.48436281297	0.0	-13617.18662253448
2018-01-11 00:10:00	0.0	-2822.757740988179	0.0	-4000.4186906628806	0.0	-5025.063423917469	0.0	-4271.102931947266	0.0	-2482.5381487239247	0.0	-10661.673380924829	0.0	-13612.477790572872
2018-01-11 00:20:00	0.0	-2823.1491601122416	0.0	-4000.840692868967	0.0	-5025.642289603929	0.0	-4271.558493455953	0.0	-2482.9026096433645	0.0	-10660.420185184084	0.0	-13613.981287040178
2018-01-11 00:30:00	0.0	-2823.405253856858	0.0	-4001.115816240034	0.0	-5026.019403148487	0.0	-4271.85556075083	0.0	-2483.1402519567278	0.0	-10659.590529007603	0.0	-13614.810097139572
2018-01-11 00:40:00	0.0	-2823.5737781575967	0.0	-4001.296548917303	0.0	-5026.266930102109	0.0	-4272.050746036497	0.0	-2483.295797484258	0.0	-10659.041693615074	0.0	-13615.269722140518
2018-01-11 00:50:00	0.0	-2823.6846754742164	0.0	-4001.4152729685416	0.0	-5026.429397232816	0.0	-4272.178988578676	0.0	-2483.3976070606304	0.0	-10658.678626760271	0.0	-13615.524608500678
2018-01-11 01:00:00	0.0	-2823.7576513896643	0.0	-4001.49326329691	0.0	-5026.536034385583	0.0	-4272.263247748945	0.0	-2483.4642447204074	0.0	-10658.438449937505	0.0	-13615.665956465456
2018-01-11 01:10:00	0.0	-2823.8056731488705	0.0	-4001.544495471479	0.0	-5026.60602689606	0.0	-4272.318608533705	0.0	-2483.5078612234793	0.0	-10658.279567612028	0.0	-13615.744341386215
2018-01-11 01:20:00	0.0	-2823.837273839907	0.0	-4001.5781501023266	0.0	-5026.651967277977	0.0	-4272.354982218363	0.0	-2483.5364096350827	0.0	-10658.174463409807	0.0	-13615.787809969659
2018-01-11 01:30:00	0.0	-2823.8580686564796	0.0	-4001.6002579708124	0.0	-5026.682120771173	0.0	-4272.378880812673	0.0	-2483.5550954936	0.0	-10658.104934635654	0.0	-13615.811915597742
2018-01-11 01:40:00	0.0	-2823.871752673568	0.0	-4001.61478072256	0.0	-5026.701912360087	0.0	-4272.394582901019	0.0	-2483.567325992212	0.0	-10658.058939800698	0.0	-13615.825283443184
2018-01-11 01:50:00	0.0	-2823.8807574331477	0.0	-4001.6243207792345	0.0	-5026.71490279502	0.0	-4272.404899640789	0.0	-2483.575331249034	0.0	-10658.028513191446	0.0	-13615.832696620364
2018-01-11 02:00:00	0.0	-2823.886683010012	0.0	-4001.6305876825695	0.0	-5026.723429215014	0.0	-4272.411678046129	0.0	-2483.580570948479	0.0	-10658.008385310748	0.0	-13615.836807619111
2018-01-11 02:10:00	0.0	-2823.890582332461	0.0	-4001.6347044377167	0.0	-5026.729025627965	0.0	-4272.416131660351	0.0	-2483.584000501183	0.0	-10657.99507026871	0.0	-13615.839087385286
2018-01-11 02:20:00	0.0	-2823.893148279353	0.0	-4001.6374087514782	0.0	-5026.732698897374	0.0	-4272.419057817561	0.0	-2483.586245254326	0.0	-10657.986262071405	0.0	-13615.840351636192
2018-01-11 02:30:00	0.0	-2823.894836799233	0.0	-4001.6391852265565	0.0	-5026.735109889613	0.0	-4272.420980390027	0.0	-2483.587714517844	0.0	-10657.980435252419	0.0	-13615.841052730168
2018-01-11 02:40:00	0.0	-2823.8959479287682	0.0	-4001.640352200504	0.0	-5026.736692371846	0.0	-4272.422243577394	0.0	-2483.5886761983243	0.0	-10657.97658068169	0.0	-13615.841441523851
2018-01-11 02:50:00	0.0	-2823.896679106919	0.0	-4001.6411187905946	0.0	-5026.737731052098	0.0	-4272.423073529119	0.0	-2483.589305649296	0.0	-10657.974030797177	0.0	-13615.84165713051
2018-01-11 03:00:00	0.0	-2823.897160258281	0.0	-4001.6416223668484	0.0	-5026.738412801714	0.0	-4272.423618832124	0.0	-2483.589717645308	0.0	-10657.972343991696	0.0	-13615.841776695806
2018-01-11 03:10:00	0.0	-2823.897476879659	0.0	-4001.6419531682063	0.0	-5026.738860275855	0.0	-4272.4239771124385	0.0	-2483.5899873100234	0.0	-10657.971228132243	0.0	-13615.841843001075
2018-01-11 03:20:00	0.0	-2823.897685232177	0.0	-4001.6421704730124	0.0	-5026.7391539805985	0.0	-4272.424212513282	0.0	-2483.5901638143055	0.0	-10657.970489966327	0.0	-13615.841879770865
2018-01-11 03:30:00	0.0	-2823.8978223384315	0.0	-4001.6423132214522	0.0	-5026.739346757045	0.0	-4272.424367178647	0.0	-2483.5902793420596	0.0	-10657.970001653108	0.0	-13615.84190016165
2018-01-11 03:40:00	0.0	-2823.897912561123	0.0	-4001.6424069935006	0.0	-5026.739473288078	0.0	-4272.424468798399	0.0	-2483.5903549587115	0.0	-10657.969678623018	0.0	-13615.841911469428
2018-01-11 03:50:00	0.0	-2823.8979719321137	0.0	-4001.6424685927523	0.0	-5026.739556338151	0.0	-4272.424535565602	0.0	-2483.590404452255	0.0	-10657.96946493141	0.0	-13615.841917740181
2018-01-11 04:00:00	0.0	-2823.8980110011594	0.0	-4001.6425090575617	0.0	-5026.739610849026	0.0	-4272.424579433636	0.0	-2483.590436847374	0.0	-10657.969323569643	0.0	-13615.841921217647
2018-01-11 04:10:00	0.0	-2823.8980367105205	0.0	-4001.6425356390664	0.0	-5026.739646627842	0.0	-4272.42460825626	0.0	-2483.5904580510296	0.0	-10657.969230055687	0.0	-13615.84192314608
2018-01-11 04:20:00	0.0	-2823.898053628553	0.0	-4001.642553100568	0.0	-5026.739670111694	0.0	-4272.424627193569	0.0	-2483.5904719295054	0.0	-10657.969168194115	0.0	-13615.841924215496
2018-01-11 04:30:00	0.0	-2823.898064761453	0.0	-4001.642564571103	0.0	-5026.739685525585	0.0	-4272.4246396359395	0.0	-2483.5904810134202	0.0	-10657.969127271306	0.0	-13615.841924808561
2018-01-11 04:40:00	0.0	-2823.898072087451	0.0	-4001.6425721061437	0.0	-5026.739695642658	0.0	-4272.424647810957	0.0	-2483.590486959144	0.0	-10657.969100199954	0.0	-13615.84192513743
2018-01-11 04:50:00	0.0	-2823.8980769083205	0.0	-4001.642577055944	0.0	-5026.739702283116	0.0	-4272.42465318218	0.0	-2483.5904908508005	0.0	-10657.969082291653	0.0	-13615.841925319804
2018-01-11 05:00:00	0.0	-2823.8980800806926	0.0	-4001.6425803074894	0.0	-5026.739706641657	0.0	-4272.4246567112405	0.0	-2483.5904933980155	0.0	-10657.969070444908	0.0	-13615.84192542095
2018-01-11 05:10:00	0.0	-2823.898082168269	0.0	-4001.6425824434427	0.0	-5026.739709502434	0.0	-4272.424659029935	0.0	-2483.590495065254	0.0	-10657.969062608026	0.0	-13615.841925477043
2018-01-11 05:20:00	0.0	-2823.8980835419975	0.0	-4001.6425838465616	0.0	-5026.739711380142	0.0	-4272.42466055339	0.0	-2483.5904961565207	0.0	-10657.969057423752	0.0	-13615.841925508148
2018-01-11 05:30:00	0.0	-2823.8980844459807	0.0	-4001.6425847682754	0.0	-5026.739712612584	0.0	-4272.424661554338	0.0	-2483.590496870786	0.0	-10657.969053994244	0.0	-13615.841925525385
2018-01-11 05:40:00	0.0	-2823.898085040845	0.0	-4001.6425853737533	0.0	-5026.739713421532	0.0	-4272.424662211997	0.0	-2483.5904973382912	0.0	-10657.969051725542	0.0	-13615.841925534958
2018-01-11 05:50:00	0.0	-2823.8980854322945	0.0	-4001.6425857714944	0.0	-5026.739713952476	0.0	-4272.424662644097	0.0	-2483.590497644291	0.0	-10657.969050224745	0.0	-13615.84192554026
2018-01-11 06:00:00	0.0	-2839.875108245371	0.0	-4024.326025978217	0.0	-5055.226629187328	0.0	-4296.640508845485	0.0	-2497.624201466742	0.0	-10718.82736650125	0.0	-13692.950340631292
2018-01-11 06:10:00	0.0	-2839.865894331839	0.0	-4024.3131288469103	0.0	-5055.209527105254	0.0	-4296.626672888672	0.0	-2497.618092445751	0.0	-10718.823606886182	0.0	-13692.93444759552
2018-01-11 06:20:00	0.0	-2839.588328426047	0.0	-4023.9229351362646	0.0	-5054.680637613052	0.0	-4296.213070147088	0.0	-2497.2933795965137	0.0	-10718.968112791896	0.0	-13692.784137266499
2018-01-11 06:30:00	0.0	-2839.684403535775	0.0	-4024.0608936935773	0.0	-5054.836671757982	0.0	-4296.361714709836	0.0	-2497.343523288072	0.0	-10719.821847830328	0.0	-13694.588176418969
2018-01-11 06:40:00	0.0	-2840.0256242519904	0.0	-4024.544692879573	0.0	-5055.440756052489	0.0	-4296.878590743768	0.0	-2497.638413626658	0.0	-10721.144109436182	0.0	-13697.473561022134
2018-01-11 06:50:00	0.0	-2840.5281636849036	0.0	-4025.255677599254	0.0	-5056.338925528535	0.0	-4297.637407292356	0.0	-2498.0934993255105	0.0	-10722.776312440465	0.0	-13700.95861139271
2018-01-11 07:00:00	0.0	-2924.4116746547825	0.0	-4144.3457824678635	0.0	-5205.908689254184	0.0	-4424.772212345945	0.0	-2571.7993576540857	0.0	-11041.818018081163	0.0	-14106.674102485105
2018-01-11 07:10:00	0.0	-2923.839381842575	0.0	-4143.500851846607	0.0	-5204.8201503252	0.0	-4423.874047909713	0.0	-2571.518984481475	0.0	-11040.570049795933	0.0	-14105.126647938321
2018-01-11 07:20:00	0.0	-2925.1120920682806	0.0	-4145.168359012751	0.0	-5207.018011453556	0.0	-4425.655633351142	0.0	-2572.769280790865	0.0	-11040.879961556519	0.0	-14110.124403290527
2018-01-11 07:30:00	0.0	-2925.8754711845577	0.0	-4146.158828020467	0.0	-5208.3264565237805	0.0	-4426.714291039432	0.0	-2573.518341372741	0.0	-11040.887798191025	0.0	-14112.401118184884
2018-01-11 07:40:00	0.0	-2926.305966345448	0.0	-4146.707859704349	0.0	-5209.055618582429	0.0	-4427.30151979009	0.0	-2573.940895257076	0.0	-11040.697209497946	0.0	-14113.176520864043
2018-01-11 07:50:00	0.0	-2926.5174045612625	0.0	-4146.966904906601	0.0	-5209.404555456908	0.0	-4427.579000881373	0.0	-2574.1497384967684	0.0	-11040.375356701094	0.0	-14113.119358412985
2018-01-11 08:00:00	0.0	-2993.032756980949	0.0	-4241.375851940648	0.0	-5327.980823483775	0.0	-4528.366614398135	0.0	-2632.584192767705	0.0	-11293.083657904626	0.0	-14433.292416159627
2018-01-11 08:10:00	0.0	-2991.7651958967162	0.0	-4239.531312968322	0.0	-5325.6300756938435	0.0	-4526.402813821978	0.0	-2631.6600187243466	0.0	-11289.403999884113	0.0	-14426.990935729342
2018-01-11 08:20:00	0.0	-2991.709063286264	0.0	-4239.30963331675	0.0	-5325.37096079714	0.0	-4526.174000183464	0.0	-2631.562724027024	0.0	-11287.293225673535	0.0	-14426.582943209918
2018-01-11 08:30:00	0.0	-2991.7430001589382	0.0	-4239.2643073705685	0.0	-5325.32877081641	0.0	-4526.130584524332	0.0	-2631.5662771257184	0.0	-11286.092435660776	0.0	-14426.840456031428
2018-01-11 08:40:00	0.0	-2991.8371423233743	0.0	-4239.336093783189	0.0	-5325.430666150324	0.0	-4526.21034646555	0.0	-2631.636297480876	0.0	-11285.493753905244	0.0	-14427.470157768854
2018-01-11 08:50:00	0.0	-2991.9709012755716	0.0	-4239.484809897515	0.0	-5325.627130928916	0.0	-4526.371037662905	0.0	-2631.7498222459117	0.0	-11285.293379248717	0.0	-14428.306253769895
2018-01-11 09:00:00	172.12720000000002	-2992.130730007956	121.56040000000002	-4239.684061387816	154.27346666666665	-5325.885667279101	128.8632	-4526.584901718818	101.77653333333333	-2631.891822004612	132.54613333333333	-11285.356493092338	459.5954666666667	-14429.256806040754
2018-01-11 09:10:00	172.12720000000002	-2992.2085677426485	121.56040000000002	-4239.847477406482	154.27346666666665	-5326.092438839978	128.8632	-4526.760163388222	101.77653333333333	-2632.0082082573563	132.54613333333333	-11285.585733281208	459.5954666666667	-14430.17621709529
2018-01-11 09:20:00	172.12720000000002	-2992.555271779495	121.56040000000002	-4240.274116342776	154.27346666666665	-5326.6480444253875	128.8632	-4527.215230284052	101.77653333333333	-2632.306905382421	132.54613333333333	-11285.998366247892	459.5954666666667	-14431.529645208375
2018-01-11 09:30:00	172.12720000000002	-2992.7830290059096	121.56040000000002	-4240.55392274853	154.27346666666665	-5327.012102666912	128.8632	-4527.5137359028095	101.77653333333333	-2632.5021800548316	132.54613333333333	-11286.271056827816	459.5954666666667	-14432.27917574346
2018-01-11 09:40:00	172.12720000000002	-2992.93290480637	121.56040000000002	-4240.737729077501	154.27346666666665	-5327.251056928029	128.8632	-4527.709863337312	101.77653333333333	-2632.6299937246326	132.54613333333333	-11286.451447655116	459.5954666666667	-14432.694830277207
2018-01-11 09:50:00	172.12720000000002	-2993.031530339784	121.56040000000002	-4240.85847201603	154.27346666666665	-5327.407896998473	128.8632	-4527.8387246764605	101.77653333333333	-2632.713651799787	132.54613333333333	-11286.57077997056	459.5954666666667	-14432.925332137253
2018-01-11 10:00:00	1549.1448	-2926.6484016449085	1094.0436000000002	-4146.597150510405	1388.4612	-5209.03368387074	1159.7688	-4427.209498832016	915.9888000000001	-2574.403019362555	1192.9152000000001	-11033.529164871343	4136.359200000001	-14112.361103689309
2018-01-11 10:10:00	1549.1448	-2927.1382182042926	1094.0436000000002	-4147.885696697667	1388.4612	-5210.648448768582	1159.7688	-4428.581667222134	915.9888000000001	-2574.986765492208	1192.9152000000001	-11036.73153334645	4136.359200000001	-14117.204779517258
2018-01-11 10:20:00	1549.1448	-2927.6629534113345	1094.0436000000002	-4148.3413632850015	1388.4612	-5211.208540481616	1159.7688	-4429.062476562275	915.9888000000001	-2575.1788278046492	1192.9152000000001	-11039.123670933426	4136.359200000001	-14118.671541423882
2018-01-11 10:30:00	1549.1448	-2928.0079869366164	1094.0436000000002	-4148.641248258621	1388.4612	-5211.576900046797	1159.7688	-4429.378984644361	915.9888000000001	-2575.3047369397177	1192.9152000000001	-11040.705833102265	4136.359200000001	-14119.48640537665
2018-01-11 10:40:00	1549.1448	-2928.2350362007173	1094.0436000000002	-4148.838242965346	1388.4612	-5211.818675703052	1159.7688	-4429.586938805148	915.9888000000001	-2575.387148272677	1192.9152000000001	-11041.752467733	4136.359200000001	-14119.938288118432
2018-01-11 10:50:00	1549.1448	-2928.3844457041478	1094.0436000000002	-4148.967649484691	1388.4612	-5211.977367745027	1159.7688	-4429.723570743334	915.9888000000001	-2575.4410891155394	1192.9152000000001	-11042.444839067233	4136.359200000001	-14120.188880639947
2018-01-11 11:00:00	10671.8864	-2994.9297768546803	7536.7448	-4243.391934063731	9564.954933333333	-5330.55699445093	7989.518399999999	-4530.525790193031	6310.145066666667	-2633.8411894956917	8217.860266666667	-11296.018218292613	28494.918933333334	-14441.015485396307
2018-01-11 11:10:00	10671.8864	-2988.499688448326	7536.7448	-4238.001048776709	9564.954933333333	-5323.436146364906	7989.518399999999	-4524.783116465382	6310.145066666667	-2630.6173723987904	8217.860266666667	-11292.673880953656	28494.918933333334	-14430.551008371101
2018-01-11 11:20:00	10671.8864	-2993.2863998330104	7536.7448	-4241.886809832773	9564.954933333333	-5328.519212056783	7989.518399999999	-4528.937114816043	6310.145066666667	-2633.022240076607	8217.860266666667	-11295.792838880638	28494.918933333334	-14444.731903331933
2018-01-11 11:30:00	10671.8864	-2996.3524562583807	7536.7448	-4244.32711340525	9564.954933333333	-5331.711370983954	7989.518399999999	-4531.5466280373585	6310.145066666667	-2634.523829416905	8217.860266666667	-11297.654609943804	28494.918933333334	-14452.084412841014
2018-01-11 11:40:00	10671.8864	-2998.2982769305345	7536.7448	-4245.828612136285	9564.954933333333	-5333.677013883967	7989.518399999999	-4533.152884105815	6310.145066666667	-2635.43897768838	8217.860266666667	-11298.690550795765	28494.918933333334	-14455.674894108972
2018-01-11 11:50:00	10671.8864	-2999.506912282319	7536.7448	-4246.713391818557	9564.954933333333	-5334.837598977274	7989.518399999999	-4534.0999549900735	6310.145066666667	-2635.970276835029	8217.860266666667	-11299.180181509028	28494.918933333334	-14457.179107050459
2018-01-11 12:00:00	20913.454800000003	-3000.2304440041116	14769.588600000003	-4247.193046876728	18744.2262	-5335.469776109774	15656.8788	-4534.613922357543	12365.848800000002	-2636.250334650511	16104.355200000002	-11299.308416613801	55840.849200000004	-14457.526376706417
2018-01-11 12:10:00	20913.454800000003	-2994.735559112032	14769.588600000003	-4243.299154713382	18744.2262	-5330.251011249009	15656.8788	-4530.467791975529	12365.848800000002	-2633.7329931107924	16104.355200000002	-11298.711059917527	55840.849200000004	-14451.602587508096
2018-01-11 12:20:00	20913.454800000003	-3000.503211694304	14769.588600000003	-4247.297531451088	18744.2262	-5335.447564723341	15656.8788	-4534.739335475291	12365.848800000002	-2636.0917248061523	16104.355200000002	-11303.640615875562	55840.849200000004	-14466.036066209577
2018-01-11 12:30:00	20913.454800000003	-3006.6429948279874	14769.588600000003	-4249.914754626498	18744.2262	-5338.845661890773	15656.8788	-4537.535852222341	12365.848800000002	-2638.5285444357633	16104.355200000002	-11306.896014337619	55840.849200000004	-14474.018852419511
2018-01-11 12:40:00	20913.454800000003	-3012.7862357661106	14769.588600000003	-4251.634029788445	18744.2262	-5341.07605644843	15656.8788	-4539.373258119731	12365.848800000002	-2641.0039676039287	16104.355200000002	-11309.049534601016	55840.849200000004	-14478.732185067493
2018-01-11 12:50:00	20913.454800000003	-3018.933491027641	14769.588600000003	-4252.76342687977	18744.2262	-5342.539998687022	15656.8788	-4540.58048638412	12365.848800000002	-2643.517877289407	16104.355200000002	-11310.474133416648	55840.849200000004	-14484.807674166223
2018-01-11 13:00:00	25905.1436	-2828.0813151700095	18294.840200000002	-3973.754900508422	23218.156733333333	-4992.1781157879705	19393.9116	-4242.7245120304215	15317.368266666668	-2473.006180685821	19948.193066666667	-10560.823440307515	69169.11773333333	-13540.41472832326
2018-01-11 13:10:00	25905.1436	-2837.1019036392026	18294.840200000002	-3978.468856020132	23218.156733333333	-4999.090722254183	19393.9116	-4248.091621558553	15317.368266666668	-2478.7810101184987	19948.193066666667	-10569.585159642895	69169.11773333333	-13589.801637538432
2018-01-11 13:20:00	25905.1436	-2848.020079254293	18294.840200000002	-3982.211559106294	23218.156733333333	-5004.686859623474	19393.9116	-4252.354296100009	15317.368266666668	-2484.073792485604	19948.193066666667	-10576.814384646495	69169.11773333333	-13629.691060631027
2018-01-11 13:30:00	25905.1436	-2858.587079659126	18294.840200000002	-3985.544328479158	23218.156733333333	-5009.761129908526	19393.9116	-4256.177091120178	15317.368266666668	-2489.0969145553026	19948.193066666667	-10581.791351263571	69169.11773333333	-13666.65839470031
2018-01-11 13:40:00	25905.1436	-2868.8090984585215	18294.840200000002	-3988.4705005511423	23218.156733333333	-5014.317486631484	19393.9116	-4259.563450699494	15317.368266666668	-2493.8521458862015	19948.193066666667	-10585.279704196611	69169.11773333333	-13700.742627456857
2018-01-11 13:50:00	25905.1436	-2878.6890839175685	18294.840200000002	-3990.994222285506	23218.156733333333	-5018.361069445211	19393.9116	-4262.517792227813	15317.368266666668	-2498.3414480487627	19948.193066666667	-10587.78330424174	69169.11773333333	-13731.990983330252
2018-01-11 14:00:00	24872.380400000002	-2623.838231418529	17565.4778	-3617.5634436713517	22292.515933333332	-4550.266845193648	18620.7324	-3864.1203299443187	14706.709066666668	-2270.262912303364	19152.916266666667	-9581.970346959246	66411.54493333334	-12484.133551411811
2018-01-11 14:10:00	24872.380400000002	-2642.9104100034892	17565.4778	-3632.8135469958543	22292.515933333332	-4570.2597032207705	18620.7324	-3880.6504735938433	14706.709066666668	-2280.972931470462	19152.916266666667	-9594.417194106809	66411.54493333334	-12568.27588307194
2018-01-11 14:20:00	24872.380400000002	-2654.665230971521	17565.4778	-3639.3428350716313	22292.515933333332	-4579.137494941759	18620.7324	-3887.833908830129	14706.709066666668	-2287.123905925042	19152.916266666667	-9600.574985706433	66411.54493333334	-12618.739019569897
2018-01-11 14:30:00	24872.380400000002	-2666.271265810781	17565.4778	-3645.7260710314404	22292.515933333332	-4587.828101218864	18620.7324	-3894.8599639775566	14706.709066666668	-2293.176022317364	19152.916266666667	-9604.650708451125	66411.54493333334	-12667.853887467718
2018-01-11 14:40:00	24872.380400000002	-2677.7196661495436	17565.4778	-3651.9517460787283	22292.515933333332	-4596.316424004508	18620.7324	-3901.716197503385	14706.709066666668	-2299.1253121582067	19152.916266666667	-9607.346896150942	66411.54493333334	-12715.598629215354
2018-01-11 14:50:00	24872.380400000002	-2689.0118115572986	17565.4778	-3658.021487289192	22292.515933333332	-4604.604496238306	18620.7324	-3908.404349863802	14706.709066666668	-2304.972564084941	19152.916266666667	-9609.130490086514	66411.54493333334	-12761.995740750019
2018-01-11 15:00:00	19536.4372	-2717.0530652158886	13797.1054	-3687.9542168657918	17510.038466666665	-4642.855294581834	14625.973199999999	-3940.5656474197203	11551.636533333332	-2325.5736779916206	15043.986133333334	-9674.761583999574	52164.085466666664	-12888.672707895399
2018-01-11 15:10:00	19536.4372	-2732.3294406497407	13797.1054	-3696.561061247792	17510.038466666665	-4654.56467938612	14625.973199999999	-3949.9523558713445	11551.636533333332	-2333.023324444459	15043.986133333334	-9675.792364096527	52164.085466666664	-12934.435830974828
2018-01-11 15:20:00	19536.4372	-2739.9554937352914	13797.1054	-3699.414771854603	17510.038466666665	-4658.794416657551	14625.973199999999	-3953.193722011896	11551.636533333332	-2337.105436868116	15043.986133333334	-9673.6476238976	52164.085466666664	-12960.294001900831
2018-01-11 15:30:00	19536.4372	-2747.526446579064	13797.1054	-3702.248067174887	17510.038466666665	-4662.993740207803	14625.973199999999	-3956.4116275235756	11551.636533333332	-2341.160574323254	15043.986133333334	-9672.231812160331	52164.085466666664	-12985.755261758895
2018-01-11 15:40:00	19536.4372	-2755.0320394199844	13797.1054	-3705.052465232222	17510.038466666665	-4667.151396121335	14625.973199999999	-3959.5969600672324	11551.636533333332	-2345.185439019968	15043.986133333334	-9671.295215160833	52164.085466666664	-13010.799581236723
2018-01-11 15:50:00	19536.4372	-2762.392985035436	13797.1054	-3707.8282740822997	17510.038466666665	-4671.2678153108245	14625.973199999999	-3962.7500639179707	11551.636533333332	-2349.1802701001707	15043.986133333334	-9670.675633505143	52164.085466666664	-13035.43382148529
2018-01-11 16:00:00	11102.2044	-2692.8578431942697	7840.645800000001	-3605.4334291636833	9950.6386	-4543.307389919217	8311.6764	-3853.627846821293	6564.5864	-2288.119155082012	8549.225600000002	-9388.083870914275	29643.907600000002	-12702.457059353
2018-01-11 16:10:00	11102.2044	-2701.553020209345	7840.645800000001	-3615.372626425312	9950.6386	-4556.785338679068	8311.6764	-3864.4136648833137	6564.5864	-2296.2495812512216	8549.225600000002	-9390.479554316064	29643.907600000002	-12741.44079994355
2018-01-11 16:20:00	11102.2044	-2699.2487492362216	7840.645800000001	-3615.3263660884395	9950.6386	-4557.295574859909	8311.6764	-3864.5270418346026	6564.5864	-2298.6879049884255	8549.225600000002	-9387.095783366696	29643.907600000002	-12746.977082515325
2018-01-11 16:30:00	11102.2044	-2697.670898286571	7840.645800000001	-3615.6697407101356	9950.6386	-4558.290225506813	8311.6764	-3865.05482986447	6564.5864	-2301.345707609339	8549.225600000002	-9384.66596552351	29643.907600000002	-12754.754036810038
2018-01-11 16:40:00	11102.2044	-2696.560494430063	7840.645800000001	-3616.383037033359	9950.6386	-4559.743598044541	8311.6764	-3865.975889394007	6564.5864	-2304.21512124574	8549.225600000002	-9382.86216233739	29643.907600000002	-12764.68636948528
2018-01-11 16:50:00	11102.2044	-2695.7577087396894	7840.645800000001	-3617.4625087427294	9950.6386	-4561.651175912462	8311.6764	-3867.286267273248	6564.5864	-2307.294585598079	8549.225600000002	-9381.472488681522	29643.907600000002	-12776.738855666328
2018-01-11 17:00:00	2667.9716	-2823.3618375428996	1884.1862	-3801.0900486673636	2391.238733333333	-4792.790741459174	1997.3795999999998	-4063.4711515190234	1577.5362666666667	-2423.244071369889	2054.4650666666666	-9869.34866254273	7123.729733333334	-13409.787237009394
2018-01-11 17:10:00	2667.9716	-2825.6446202753477	1884.1862	-3800.939639569576	2391.238733333333	-4793.564176303806	1997.3795999999998	-4063.457325573286	1577.5362666666667	-2426.410457107975	2054.4650666666666	-9863.333467204067	7123.729733333334	-13400.163239937781
2018-01-11 17:20:00	2667.9716	-2821.34536521067	1884.1862	-3795.317041612675	2391.238733333333	-4787.124961634207	1997.3795999999998	-4057.6128919715097	1577.5362666666667	-2426.1106886476864	2054.4650666666666	-9855.481630460685	7123.729733333334	-13373.761870649996
2018-01-11 17:30:00	2667.9716	-2818.523933718964	1884.1862	-3789.852710997946	2391.238733333333	-4780.8770886367365	1997.3795999999998	-4051.9354039373634	1577.5362666666667	-2425.8751062463016	2054.4650666666666	-9850.291542105695	7123.729733333334	-13348.382612314937
2018-01-11 17:40:00	2667.9716	-2816.5931481467214	1884.1862	-3784.536499019592	2391.238733333333	-4774.807174906067	1997.3795999999998	-4046.414012940629	1577.5362666666667	-2425.6996151158746	2054.4650666666666	-9846.85817017807	7123.729733333334	-13323.9845006473
2018-01-11 17:50:00	2667.9716	-2814.5911059924283	1884.1862	-3779.3669086142127	2391.238733333333	-4768.913473551585	1997.3795999999998	-4041.0471537530907	1577.5362666666667	-2425.5838700606128	2054.4650666666666	-9844.586912516037	7123.729733333334	-13300.55149592703
2018-01-11 18:00:00	86.06360000000001	-2968.5943127068513	60.78020000000001	-3995.958598007463	77.13673333333332	-5041.485870963038	64.4316	-4272.414260975157	50.88826666666667	-2562.5452562521805	66.27306666666667	-10437.887276088435	229.79773333333335	-14030.93179209993
2018-01-11 18:10:00	86.06360000000001	-2963.5294568053587	60.78020000000001	-3984.8536240579483	77.13673333333332	-5028.280174966011	64.4316	-4260.706576814233	50.88826666666667	-2559.6710231548936	66.27306666666667	-10430.572282729709	229.79773333333335	-13976.319928137731
2018-01-11 18:20:00	86.06360000000001	-2957.9377002920396	60.78020000000001	-3975.0875912357164	77.13673333333332	-5016.800391976752	64.4316	-4250.437103694762	50.88826666666667	-2557.430270345142	66.27306666666667	-10425.213172571028	229.79773333333335	-13922.418964438102
2018-01-11 18:30:00	86.06360000000001	-2951.0167735983214	60.78020000000001	-3963.460915558714	77.13673333333332	-5002.973267644674	64.4316	-4238.178776155401	50.88826666666667	-2553.9841204290606	66.27306666666667	-10420.752772645475	229.79773333333335	-13857.406430826015
2018-01-11 18:40:00	86.06360000000001	-2942.7795338093542	60.78020000000001	-3949.997439155577	77.13673333333332	-4986.828443509436	64.4316	-4223.956976205434	50.88826666666667	-2549.343597199364	66.27306666666667	-10416.887306863422	229.79773333333335	-13781.480563448804
2018-01-11 18:50:00	86.06360000000001	-2933.2406810450175	60.78020000000001	-3934.715882786408	77.13673333333332	-4968.388900705129	64.4316	-4207.791563425535	50.88826666666667	-2543.517694720391	66.27306666666667	-10413.415403154504	229.79773333333335	-13694.820055343298
2018-01-11 19:00:00	0.0	-2922.4118291179266	0.0	-3925.1404018211933	0.0	-4947.677401584387	0.0	-4194.820022094636	0.0	-2536.5153408965475	0.0	-10410.203849738868	0.0	-13597.600700777464
2018-01-11 19:10:00	0.0	-2910.373526515158	0.0	-3918.410863636839	0.0	-4933.227950053181	0.0	-4186.234487248083	0.0	-2528.3745998613686	0.0	-10407.168620026247	0.0	-13490.02780275595
2018-01-11 19:20:00	0.0	-2897.335922031506	0.0	-3912.9718039151585	0.0	-4922.558906508978	0.0	-4179.50986773639	0.0	-2519.162522605963	0.0	-10404.32594978808	0.0	-13386.885025863992
2018-01-11 19:30:00	0.0	-2884.4134302679677	0.0	-3909.40031111231	0.0	-4915.557903947415	0.0	-4175.093142831674	0.0	-2510.0210289542106	0.0	-10402.446339117065	0.0	-13338.130257799943
2018-01-11 19:40:00	0.0	-2871.6036084070547	0.0	-3907.0541788235	0.0	-4910.962710360856	0.0	-4172.19121880347	0.0	-2500.9483861730196	0.0	-10401.202932835095	0.0	-13311.082956218783
2018-01-11 19:50:00	0.0	-2858.905494493228	0.0	-3905.512993621462	0.0	-4907.946600596399	0.0	-4170.284566980923	0.0	-2491.944076885267	0.0	-10400.380391204999	0.0	-13296.08379551502
2018-01-11 20:00:00	0.0	-3013.988644277488	0.0	-4142.72039127084	0.0	-5205.132807000928	0.0	-4423.344451929778	0.0	-2630.3105278679764	0.0	-11038.962990764072	0.0	-14097.549956818819
2018-01-11 20:10:00	0.0	-2996.22907815781	0.0	-4138.450099452326	0.0	-5199.222573314568	0.0	-4418.681966088094	0.0	-2617.699828646801	0.0	-11032.164166591541	0.0	-14081.84847706455
2018-01-11 20:20:00	0.0	-2981.630091493276	0.0	-4138.188035891722	0.0	-5198.6548041742135	0.0	-4418.340478379144	0.0	-2607.1354731847628	0.0	-11028.716858681715	0.0	-14080.55409621224
2018-01-11 20:30:00	0.0	-2966.9580103960025	0.0	-4138.114027466823	0.0	-5198.407104857232	0.0	-4418.220714629411	0.0	-2596.4748515015112	0.0	-11026.63126442268	0.0	-14080.315119507966
2018-01-11 20:40:00	0.0	-2952.21800253519	0.0	-4138.167031621379	0.0	-5198.3741880888565	0.0	-4418.250377000478	0.0	-2586.658794154319	0.0	-11025.447374153986	0.0	-14080.669768038273
2018-01-11 20:50:00	0.0	-2941.0874015622517	0.0	-4138.303465872776	0.0	-5198.482239298339	0.0	-4418.378211318174	0.0	-2580.4072127990094	0.0	-11024.859979532663	0.0	-14081.353602727895
2018-01-11 21:00:00	0.0	-2934.157667975302	0.0	-4138.49470567351	0.0	-5198.682816305663	0.0	-4418.570547487486	0.0	-2576.382975203414	0.0	-11024.667179621214	0.0	-14082.219988311419
2018-01-11 21:10:00	0.0	-2929.668986135218	0.0	-4138.721947381728	0.0	-5198.944123664746	0.0	-4418.805263199268	0.0	-2573.8167153811405	0.0	-11024.735412603064	0.0	-14083.187607771097
2018-01-11 21:20:00	0.0	-2926.8608344063377	0.0	-4139.076981776522	0.0	-5199.38622259808	0.0	-4419.178265053366	0.0	-2572.290116362554	0.0	-11024.949303663907	0.0	-14084.261256349126
2018-01-11 21:30:00	0.0	-2925.0127407206323	0.0	-4139.309912382827	0.0	-5199.67599974032	0.0	-4419.423024908315	0.0	-2571.290748955796	0.0	-11025.090619431627	0.0	-14084.856003791723
2018-01-11 21:40:00	0.0	-2923.7966050774216	0.0	-4139.462925736815	0.0	-5199.8661986589295	0.0	-4419.583839706103	0.0	-2570.6366313195963	0.0	-11025.18410304073	0.0	-14085.18582300844
2018-01-11 21:50:00	0.0	-2922.9963284329547	0.0	-4139.5634407485695	0.0	-5199.991037754511	0.0	-4419.689499708761	0.0	-2570.2084904894514	0.0	-11025.24594445997	0.0	-14085.368724943932
2018-01-11 22:00:00	0.0	-2922.4697073187863	0.0	-4139.629469414583	0.0	-5200.0729772314	0.0	-4419.758921406154	0.0	-2569.9282586775857	0.0	-11025.286853889782	0.0	-14085.470153594782
2018-01-11 22:10:00	0.0	-2922.1231649077235	0.0	-4139.67284387837	0.0	-5200.126759084292	0.0	-4419.804533482127	0.0	-2569.744838029873	0.0	-11025.313916358082	0.0	-14085.526401065223
2018-01-11 22:20:00	0.0	-2921.8951230775874	0.0	-4139.701336716739	0.0	-5200.162059379204	0.0	-4419.834501943765	0.0	-2569.6247833730317	0.0	-11025.331818763314	0.0	-14085.557593217596
2018-01-11 22:30:00	0.0	-2921.745060416764	0.0	-4139.720053762843	0.0	-5200.185229105686	0.0	-4419.8541920954	0.0	-2569.5462037757597	0.0	-11025.343661589684	0.0	-14085.574890890957
2018-01-11 22:40:00	0.0	-2921.646311857519	0.0	-4139.732349056488	0.0	-5200.200436803714	0.0	-4419.867129098184	0.0	-2569.494770926169	0.0	-11025.351495874218	0.0	-14085.584483351891
2018-01-11 22:50:00	0.0	-2921.581330483077	0.0	-4139.740425878288	0.0	-5200.210418539124	0.0	-4419.875629085599	0.0	-2569.4611064877117	0.0	-11025.356678422047	0.0	-14085.589802871134
2018-01-11 23:00:00	0.0	-2854.2945485038895	0.0	-4044.275360852516	0.0	-5080.320899010584	0.0	-4317.961252332983	0.0	-2510.3741819625334	0.0	-10769.215783973184	0.0	-13761.058182687912
2018-01-11 23:10:00	0.0	-2855.5082181165035	0.0	-4046.0694354286334	0.0	-5082.614908352973	0.0	-4319.871785555788	0.0	-2511.2626369213144	0.0	-10772.43554672155	0.0	-13766.593674159947
2018-01-11 23:20:00	0.0	-2855.2487828740323	0.0	-4045.8623937821353	0.0	-5082.309453065405	0.0	-4319.645493899307	0.0	-2511.0285898063707	0.0	-10774.11944394161	0.0	-13765.943743154203
2018-01-11 23:30:00	0.0	-2855.13704873313	0.0	-4045.8098117845366	0.0	-5082.2155719642105	0.0	-4319.585783032544	0.0	-2510.9305209926015	0.0	-10775.390718350747	0.0	-13765.978214022458
2018-01-11 23:40:00	0.0	-2855.1210301647543	0.0	-4045.856603915757	0.0	-5082.257729103313	0.0	-4319.633270958011	0.0	-2510.9205454468106	0.0	-10776.388397713472	0.0	-13766.387265295793
2018-01-11 23:50:00	0.0	-2855.167999049097	0.0	-4045.968678208722	0.0	-5082.389180516879	0.0	-4319.751194941486	0.0	-2510.9682307907124	0.0	-10777.205088565244	0.0	-13767.004046894903
2018-01-12 00:00:00	0.0	-2855.2564167930855	0.0	-4046.123636613935	0.0	-5082.579241249471	0.0	-4319.915397481643	0.0	-2511.053657026342	0.0	-10777.902051536548	0.0	-13767.736025953405
2018-01-12 00:10:00	0.0	-2855.3721099362783	0.0	-4046.3067657956713	0.0	-5082.807770873176	0.0	-4320.110006395129	0.0	-2511.16378588174	0.0	-10778.519811874507	0.0	-13768.53188809076
2018-01-12 00:20:00	0.0	-2855.564800274467	0.0	-4046.5917597731404	0.0	-5083.174355385554	0.0	-4320.412994133045	0.0	-2511.358414741648	0.0	-10779.063549607183	0.0	-13769.403109962912
2018-01-12 00:30:00	0.0	-2855.69144567098	0.0	-4046.778739008651	0.0	-5083.414647502394	0.0	-4320.611815189824	0.0	-2511.4856776811066	0.0	-10779.423101739369	0.0	-13769.885730487245
2018-01-12 00:40:00	0.0	-2855.7747847820765	0.0	-4046.9015667483513	0.0	-5083.572366391188	0.0	-4320.742446863168	0.0	-2511.568975504257	0.0	-10779.66095355573	0.0	-13770.153369591922
2018-01-12 00:50:00	0.0	-2855.8296260204074	0.0	-4046.982252780242	0.0	-5083.675886946091	0.0	-4320.828275735187	0.0	-2511.6234966101674	0.0	-10779.818297778544	0.0	-13770.301789560435
2018-01-12 01:00:00	0.0	-2855.8657142555357	0.0	-4047.035255756576	0.0	-5083.743833819442	0.0	-4320.884667842317	0.0	-2511.6591824286584	0.0	-10779.92238445257	0.0	-13770.384096244252
2018-01-12 01:10:00	0.0	-2855.8894620911838	0.0	-4047.0700736232448	0.0	-5083.788431509251	0.0	-4320.921719124382	0.0	-2511.6825399453514	0.0	-10779.991240083347	0.0	-13770.429739632189
2018-01-12 01:20:00	0.0	-2855.90508933635	0.0	-4047.0929456188037	0.0	-5083.817703701456	0.0	-4320.946062912413	0.0	-2511.697828191742	0.0	-10780.036789601892	0.0	-13770.455051292982
2018-01-12 01:30:00	0.0	-2855.915372833132	0.0	-4047.1079703239584	0.0	-5083.83691683201	0.0	-4320.962057501065	0.0	-2511.7078348410364	0.0	-10780.066921613123	0.0	-13770.469087941041
2018-01-12 01:40:00	0.0	-2855.92213988036	0.0	-4047.117840112733	0.0	-5083.849527585007	0.0	-4320.972566418818	0.0	-2511.714384515047	0.0	-10780.086854603196	0.0	-13770.476872001145
2018-01-12 01:50:00	0.0	-2855.9265929306353	0.0	-4047.124323616366	0.0	-5083.857804793694	0.0	-4320.979471088556	0.0	-2511.718671487483	0.0	-10780.1000407158	0.0	-13770.481188672129
2018-01-12 02:00:00	0.0	-2839.8970204353195	0.0	-4024.366367157934	0.0	-5055.27739420203	0.0	-4296.684064979747	0.0	-2497.6390446761707	0.0	-10719.039023089947	0.0	-13693.107400397728
2018-01-12 02:10:00	0.0	-2839.908195055843	0.0	-4024.382107382794	0.0	-5055.298122258008	0.0	-4296.70093021024	0.0	-2497.647011864089	0.0	-10719.048566226493	0.0	-13693.124676292211
2018-01-12 02:20:00	0.0	-2839.9015651405607	0.0	-4024.371140969755	0.0	-5055.28400108952	0.0	-4296.6891190391925	0.0	-2497.642597933169	0.0	-10719.012288821183	0.0	-13693.082539689196
2018-01-12 02:30:00	0.0	-2839.8972208467726	0.0	-4024.3639674214833	0.0	-5055.274773435901	0.0	-4296.6813915440125	0.0	-2497.6397189246773	0.0	-10718.988335409356	0.0	-13693.059235029516
2018-01-12 02:40:00	0.0	-2839.8943620626233	0.0	-4024.359255045042	0.0	-5055.268716700846	0.0	-4296.676314303348	0.0	-2497.6378345102403	0.0	-10718.97248964876	0.0	-13693.04631129122
2018-01-12 02:50:00	0.0	-2839.892480841654	0.0	-4024.356159465708	0.0	-5055.26474129451	0.0	-4296.6729784055915	0.0	-2497.6366011002206	0.0	-10718.962007326683	0.0	-13693.039144396635
2018-01-12 03:00:00	0.0	-2839.891242905452	0.0	-4024.354125966958	0.0	-5055.262131991694	0.0	-4296.670786621763	0.0	-2497.6357937935763	0.0	-10718.955073038109	0.0	-13693.035169975507
2018-01-12 03:10:00	0.0	-2839.89042828236	0.0	-4024.352790153298	0.0	-5055.260419346333	0.0	-4296.669346554734	0.0	-2497.635265385324	0.0	-10718.9504858524	0.0	-13693.032965949305
2018-01-12 03:20:00	0.0	-2839.8898922201793	0.0	-4024.351912651829	0.0	-5055.259295232219	0.0	-4296.6684003879445	0.0	-2497.634919525086	0.0	-10718.947451327298	0.0	-13693.031743700507
2018-01-12 03:30:00	0.0	-2839.8895394648184	0.0	-4024.351336217518	0.0	-5055.258557407237	0.0	-4296.667778728285	0.0	-2497.6346931483968	0.0	-10718.94544392163	0.0	-13693.031065899071
2018-01-12 03:40:00	0.0	-2839.8893073343893	0.0	-4024.350957555458	0.0	-5055.258073127479	0.0	-4296.6673702794415	0.0	-2497.634544977557	0.0	-10718.944115978251	0.0	-13693.030690022428
2018-01-12 03:50:00	0.0	-2839.8891545811166	0.0	-4024.3507088107995	0.0	-5055.257755264998	0.0	-4296.667101916424	0.0	-2497.634447994953	0.0	-10718.94323751425	0.0	-13693.030481578993
2018-01-12 04:00:00	0.0	-2669.6139108615002	0.0	-3782.6021710200084	0.0	-4751.658666379529	0.0	-4038.586936534377	0.0	-2348.069989524045	0.0	-10070.35053023289	0.0	-12871.248032533626
2018-01-12 04:10:00	0.0	-2672.1216180345805	0.0	-3786.217153905013	0.0	-4756.282680329624	0.0	-4042.436889639756	0.0	-2349.891936000851	0.0	-10076.802530177889	0.0	-12882.366745801128
2018-01-12 04:20:00	0.0	-2671.73969152297	0.0	-3785.9361658523103	0.0	-4755.85430222652	0.0	-4042.125038946125	0.0	-2349.5663781299286	0.0	-10080.03883663557	0.0	-12881.047374435786
2018-01-12 04:30:00	0.0	-2671.4910591329717	0.0	-3785.7553690006935	0.0	-4755.578250751969	0.0	-4041.9242191097924	0.0	-2349.354876526308	0.0	-10082.18081830031	0.0	-12880.32474158455
2018-01-12 04:40:00	0.0	-2671.3274429469006	0.0	-3785.636597216003	0.0	-4755.397053376415	0.0	-4041.7922684519103	0.0	-2349.21644008224	0.0	-10083.597788226378	0.0	-12879.923991740143
2018-01-12 04:50:00	0.0	-2671.219775274878	0.0	-3785.5585754231424	0.0	-4755.278122244084	0.0	-4041.7055728179066	0.0	-2349.1258288587596	0.0	-10084.535147045015	0.0	-12879.701754316771
2018-01-12 05:00:00	0.0	-2687.5664338757724	0.0	-3808.8159805388113	0.0	-4784.472179024548	0.0	-4066.5319217238352	0.0	-2363.487208355829	0.0	-10147.689329777219	0.0	-12958.812563313524
2018-01-12 05:10:00	0.0	-2687.510336960364	0.0	-3808.769048123955	0.0	-4784.403354162099	0.0	-4066.480266634352	0.0	-2363.44210898182	0.0	-10148.095615603643	0.0	-12958.727876634477
2018-01-12 05:20:00	0.0	-2687.487758024424	0.0	-3808.760060825361	0.0	-4784.386604710937	0.0	-4066.469796347277	0.0	-2363.4224612946123	0.0	-10148.408045047641	0.0	-12958.733933029825
2018-01-12 05:30:00	0.0	-2687.472880945446	0.0	-3808.7541258901583	0.0	-4784.375568988813	0.0	-4066.4628833881684	0.0	-2363.409590918951	0.0	-10148.61467833256	0.0	-12958.737227674968
2018-01-12 05:40:00	0.0	-2687.4630911059808	0.0	-3808.7502272454517	0.0	-4784.368325619034	0.0	-4066.4583414102904	0.0	-2363.401166844671	0.0	-10148.751371118347	0.0	-12958.739054810429
2018-01-12 05:50:00	0.0	-2687.456648900216	0.0	-3808.7476662058743	0.0	-4784.363571344151	0.0	-4066.455357191453	0.0	-2363.3956530103887	0.0	-10148.8417965841	0.0	-12958.740068055422
2018-01-12 06:00:00	0.0	-2841.3082310405885	0.0	-4027.1821024336036	0.0	-5058.682857019307	0.0	-4299.6462887849275	0.0	-2498.5345991544036	0.0	-10734.93950566225	0.0	-13701.278447186622
2018-01-12 06:10:00	0.0	-2838.810315436677	0.0	-4023.5837401058693	0.0	-5054.080091097931	0.0	-4295.814027169704	0.0	-2496.718836532407	0.0	-10728.538679784198	0.0	-13690.190391820799
2018-01-12 06:20:00	0.0	-2838.8963521529686	0.0	-4023.447506179904	0.0	-5053.94433626077	0.0	-4295.683131148348	0.0	-2496.706348411148	0.0	-10725.39584356514	0.0	-13691.271283971833
2018-01-12 06:30:00	0.0	-2839.2290455063076	0.0	-4023.748577182705	0.0	-5054.353384647665	0.0	-4296.013523337766	0.0	-2496.9592908103696	0.0	-10724.073933269829	0.0	-13693.74920876949
2018-01-12 06:40:00	0.0	-2839.725976209316	0.0	-4024.339530891274	0.0	-5055.1235451134025	0.0	-4296.649818685857	0.0	-2497.3869210764515	0.0	-10723.956958276256	0.0	-13697.008309213737
2018-01-12 06:50:00	0.0	-2840.330980490452	0.0	-4025.1209058484064	0.0	-5056.130720548082	0.0	-4297.487097260122	0.0	-2497.928889338316	0.0	-10724.637074343402	0.0	-13700.700604720614
2018-01-12 07:00:00	0.0	-2841.0071028639504	0.0	-4026.0273697246826	0.0	-5057.293463147714	0.0	-4298.456428109164	0.0	-2498.5456951718884	0.0	-10725.84448383723	0.0	-13704.633130428532
2018-01-12 07:10:00	0.0	-2841.730023926836	0.0	-4027.016004376799	0.0	-5058.558314420495	0.0	-4299.5125207511355	0.0	-2499.2114851152596	0.0	-10727.40070960829	0.0	-13708.698875166014
2018-01-12 07:20:00	0.0	-2842.8429989964975	0.0	-4028.565784117142	0.0	-5060.576504713382	0.0	-4301.163458909356	0.0	-2500.3250709738622	0.0	-10729.056096287184	0.0	-13713.081455725649
2018-01-12 07:30:00	0.0	-2843.502555963262	0.0	-4029.4807309522052	0.0	-5061.769478520621	0.0	-4302.138230533371	0.0	-2500.9853937115363	0.0	-10729.954400427045	0.0	-13715.021188991303
2018-01-12 07:40:00	0.0	-2843.8646818353145	0.0	-4029.980082101926	0.0	-5062.422760476382	0.0	-4302.670269284608	0.0	-2501.3498202207857	0.0	-10730.352744897902	0.0	-13715.609389541085
2018-01-12 07:50:00	0.0	-2844.0310821012413	0.0	-4030.2064246748105	0.0	-5062.721806770818	0.0	-4302.9114171735555	0.0	-2501.5205723153367	0.0	-10730.420354043306	0.0	-13715.448090003905
2018-01-12 08:00:00	0.0	-2844.06868525053	0.0	-4030.2534267805495	0.0	-5062.7883464225215	0.0	-4302.9614411352395	0.0	-2501.5645582727234	0.0	-10730.269174435405	0.0	-13714.871153124377
2018-01-12 08:10:00	0.0	-2844.0215335845987	0.0	-4030.182619449836	0.0	-5062.702277822322	0.0	-4302.885890986651	0.0	-2501.5255716638576	0.0	-10729.973261214032	0.0	-13714.06372351655
2018-01-12 08:20:00	0.0	-2843.7709688617488	0.0	-4029.8259980821763	0.0	-5062.233994008295	0.0	-4302.506804810877	0.0	-2501.261427022698	0.0	-10729.635681094487	0.0	-13713.028627831487
2018-01-12 08:30:00	0.0	-2843.678367279329	0.0	-4029.694001563601	0.0	-5062.057172914833	0.0	-4302.366778542038	0.0	-2501.1566324940145	0.0	-10729.60862493266	0.0	-13712.943395409331
2018-01-12 08:40:00	0.0	-2843.6893267519927	0.0	-4029.708974881568	0.0	-5062.070855865509	0.0	-4302.383193587619	0.0	-2501.155817597394	0.0	-10729.786630863407	0.0	-13713.383615646506
2018-01-12 08:50:00	0.0	-2843.768435047107	0.0	-4029.8204941574513	0.0	-5062.209579567216	0.0	-4302.502396119915	0.0	-2501.223061032829	0.0	-10730.10029029284	0.0	-13714.115228761715
2018-01-12 09:00:00	688.5088000000001	-2843.8923886425264	486.24160000000006	-4029.9954348847095	617.0938666666666	-5062.430375121725	515.4528	-4302.689133097858	407.10613333333333	-2501.3348508275044	530.1845333333333	-10730.503687520348	1838.3818666666668	-13715.008434606993
2018-01-12 09:10:00	688.5088000000001	-2843.648783812138	486.24160000000006	-4029.935571138274	617.0938666666666	-5062.334563067081	515.4528	-4302.625729267117	407.10613333333333	-2501.2985762435405	530.1845333333333	-10730.933701057256	1838.3818666666668	-13715.61233786303
2018-01-12 09:20:00	688.5088000000001	-2844.2347058680352	486.24160000000006	-4030.557281053181	617.0938666666666	-5063.1409806570555	515.4528	-4303.288593601504	407.10613333333333	-2501.706389534717	530.1845333333333	-10731.756784162799	1838.3818666666668	-13717.713389567725
2018-01-12 09:30:00	688.5088000000001	-2844.619283292425	486.24160000000006	-4030.964743737837	617.0938666666666	-5063.668998514115	515.4528	-4303.723105859858	407.10613333333333	-2501.972865976005	530.1845333333333	-10732.30070411128	1838.3818666666668	-13718.876405681314
2018-01-12 09:40:00	688.5088000000001	-2844.872355518441	486.24160000000006	-4031.232408984997	617.0938666666666	-5064.015570889531	515.4528	-4304.008594756221	407.10613333333333	-2502.1472838735917	530.1845333333333	-10732.66051982106	1838.3818666666668	-13719.521362034642
2018-01-12 09:50:00	688.5088000000001	-2845.0388895260944	486.24160000000006	-4031.408239380814	617.0938666666666	-5064.243047577318	515.4528	-4304.19616943267	407.10613333333333	-2502.261446013762	530.1845333333333	-10732.898545893986	1838.3818666666668	-13719.879024354119
2018-01-12 10:00:00	5508.0704000000005	-2719.1304759652785	3889.9328000000005	-3852.6091423406897	4936.750933333333	-4839.703191640168	4123.6224	-4113.318010587432	3256.8490666666667	-2391.645986468863	4241.476266666667	-10253.036247337779	14707.054933333335	-13111.890399532484
2018-01-12 10:10:00	5508.0704000000005	-2718.4202293130975	3889.9328000000005	-3853.630898550644	4936.750933333333	-4840.892701334225	4123.6224	-4114.405747190379	3256.8490666666667	-2391.906435953658	4241.476266666667	-10258.068928478913	14707.054933333335	-13118.22761725201
2018-01-12 10:20:00	5508.0704000000005	-2720.544139122464	3889.9328000000005	-3855.380793234709	4936.750933333333	-4843.115013312157	4123.6224	-4116.264978332597	3256.8490666666667	-2392.8192952934605	4241.476266666667	-10263.190811495218	14707.054933333335	-13124.397939668303
2018-01-12 10:30:00	5508.0704000000005	-2721.9383432789664	3889.9328000000005	-3856.5287704571338	4936.750933333333	-4844.571524384686	4123.6224	-4117.484908674179	3256.8490666666667	-2393.41601597294	4241.476266666667	-10266.577164041119	14707.054933333335	-13127.81651177683
2018-01-12 10:40:00	5508.0704000000005	-2722.855803934336	3889.9328000000005	-3857.28288451991	4936.750933333333	-4845.527526225294	4123.6224	-4118.286442466603	3256.8490666666667	-2393.806590062767	4241.476266666667	-10268.8173165502	14707.054933333335	-13129.712297456386
2018-01-12 10:50:00	5508.0704000000005	-2723.459538950313	3889.9328000000005	-3857.7782657461676	4936.750933333333	-4846.155009613545	4123.6224	-4118.813074609464	3256.8490666666667	-2394.0622336289825	4241.476266666667	-10270.299229232913	14707.054933333335	-13130.763612417511
2018-01-12 11:00:00	13081.6672	-2448.828709202	9238.590400000001	-3467.6308113613595	11724.783466666666	-4356.192741545714	9793.6032	-3702.3071884525634	7735.016533333333	-2152.6500480808345	10073.506133333334	-9223.68328787845	34929.25546666667	-11804.004592792822
2018-01-12 11:10:00	13081.6672	-2449.89670395754	9238.590400000001	-3470.9386997258916	11724.783466666666	-4360.23450162713	9793.6032	-3705.8288295284365	7735.016533333333	-2155.524129653847	10073.506133333334	-9234.954187545407	34929.25546666667	-11823.397525903936
2018-01-12 11:20:00	13081.6672	-2456.6094473211815	9238.590400000001	-3473.734385401358	11724.783466666666	-4363.759370982782	9793.6032	-3708.792851584316	7735.016533333333	-2159.5890937162503	10073.506133333334	-9244.743370526006	34929.25546666667	-11850.387861718118
2018-01-12 11:30:00	13081.6672	-2463.511253363724	9238.590400000001	-3476.4587452414835	11724.783466666666	-4367.9742967762795	9793.6032	-3711.934525280485	7735.016533333333	-2163.8541797182233	10073.506133333334	-9251.020032918828	34929.25546666667	-11879.211699779058
2018-01-12 11:40:00	13081.6672	-2470.6081462059374	9238.590400000001	-3479.634136622388	11724.783466666666	-4372.625435684096	9793.6032	-3715.5217511936225	7735.016533333333	-2168.318924028833	10073.506133333334	-9254.975752189564	34929.25546666667	-11909.846814852826
2018-01-12 11:50:00	13081.6672	-2477.898384957927	9238.590400000001	-3483.1505177470626	11724.783466666666	-4377.699144770859	9793.6032	-3719.471279013431	7735.016533333333	-2172.981822797444	10073.506133333334	-9257.396106834562	34929.25546666667	-11942.26357429556
2018-01-12 12:00:00	18675.8012	-2338.328657325812	13189.3034	-3278.1998171840514	16738.671133333333	-4120.966615973859	13981.6572	-3500.869304050162	11042.753866666668	-2048.6677732331973	14381.255466666667	-8698.594755973741	49866.108133333335	-11172.576617437539
2018-01-12 12:10:00	18675.8012	-2346.788979537763	13189.3034	-3287.0116544899156	16738.671133333333	-4132.382074554596	13981.6572	-3510.4728874421835	11042.753866666668	-2055.5819491187267	14381.255466666667	-8705.523516173731	49866.108133333335	-11159.222490993314
2018-01-12 12:20:00	18675.8012	-2359.394318590439	13189.3034	-3296.8526100162508	16738.671133333333	-4145.289222579802	13981.6572	-3521.155774503508	11042.753866666668	-2063.3871978047027	14381.255466666667	-8711.980396674708	49866.108133333335	-11247.128112800812
2018-01-12 12:30:00	18675.8012	-2371.942448605445	13189.3034	-3306.684280457468	16738.671133333333	-4158.1822604260815	13981.6572	-3531.827774442836	11042.753866666668	-2071.190363625592	14381.255466666667	-8716.249807844144	49866.108133333335	-11317.773435622323
2018-01-12 12:40:00	18675.8012	-2384.4398363619475	13189.3034	-3316.5083356720697	16738.671133333333	-4171.063670568299	13981.6572	-3542.4906645038554	11042.753866666668	-2078.99240572085	14381.255466666667	-8719.074135666326	49866.108133333335	-11387.851520028511
2018-01-12 12:50:00	18675.8012	-2396.8869337391698	13189.3034	-3326.324851755946	16738.671133333333	-4183.933563850955	13981.6572	-3553.144535737736	11042.753866666668	-2086.7933308204138	14381.255466666667	-8720.942501442967	49866.108133333335	-11457.3489294565
2018-01-12 13:00:00	20655.264000000003	-2334.5325462976907	14587.248000000001	-3229.974451662947	18512.816	-4063.474292559098	15463.584	-3450.458983599916	12213.184000000001	-2028.922932453108	15905.536000000002	-8437.309676565157	55151.456000000006	-11165.47379443296
2018-01-12 13:10:00	20655.264000000003	-2347.9388269540214	14587.248000000001	-3242.5319731997115	18512.816	-4079.6713894371824	15463.584	-3464.0382319449473	12213.184000000001	-2037.9317805927476	15905.536000000002	-8441.265937614924	55151.456000000006	-11250.204028731438
2018-01-12 13:20:00	20655.264000000003	-2361.7300195322314	14587.248000000001	-3253.9838878349437	18512.816	-4094.551981740482	15463.584	-3476.426276705557	12213.184000000001	-2046.4433475278274	15905.536000000002	-8444.487869500997	55151.456000000006	-11327.835089196691
2018-01-12 13:30:00	20655.264000000003	-2375.1458347664193	14587.248000000001	-3264.945999366213	18512.816	-4108.8167741427715	15463.584	-3488.2907848536615	12213.184000000001	-2054.6589559769127	15905.536000000002	-8446.815534275174	55151.456000000006	-11375.652889222525
2018-01-12 13:40:00	20655.264000000003	-2388.1906016010253	14587.248000000001	-3275.4223733812687	18512.816	-4122.470793435557	15463.584	-3499.6360382190014	12213.184000000001	-2062.5806249271063	15905.536000000002	-8448.55205026143	55151.456000000006	-11451.03004402585
2018-01-12 13:50:00	20655.264000000003	-2400.867524857171	14587.248000000001	-3285.4179622766424	18512.816	-4135.52009492867	15463.584	-3510.467291558094	12213.184000000001	-2070.2105675856565	15905.536000000002	-8449.897505360557	55151.456000000006	-11518.513467734512
2018-01-12 14:00:00	18847.9284	-2319.531944486116	13310.863800000001	-3161.9218542123126	16892.9446	-3980.927251360121	14110.520400000001	-3378.7891746923724	11144.530400000001	-1995.2707655593294	14513.801600000003	-8093.976111763255	50325.70360000001	-10983.63517336575
2018-01-12 14:10:00	18847.9284	-2335.6221224879628	13310.863800000001	-3175.78544593633	16892.9446	-3998.8967953641695	14110.520400000001	-3393.7446991483757	11144.530400000001	-2004.8343567852098	14513.801600000003	-8098.217431905796	50325.70360000001	-11089.070367028908
2018-01-12 14:20:00	18847.9284	-2343.002997851341	13310.863800000001	-3185.559585386505	16892.9446	-4011.609102065224	14110.520400000001	-3404.3228045204833	11144.530400000001	-2012.1845440572943	14513.801600000003	-8099.677210258633	50325.70360000001	-11153.985543657436
2018-01-12 14:30:00	18847.9284	-2347.8475302440675	13310.863800000001	-3195.14733616999	16892.9446	-4024.0868145516397	14110.520400000001	-3414.7013432131116	11144.530400000001	-2019.4239170927121	14513.801600000003	-8100.6443179775815	50325.70360000001	-11217.323796964665
2018-01-12 14:40:00	18847.9284	-2351.0355046941877	13310.863800000001	-3204.5446705748363	16892.9446	-4036.3244485026407	14110.520400000001	-3424.8759420087354	11144.530400000001	-2026.551088371425	14513.801600000003	-8101.284084064777	50325.70360000001	-11279.057889257943
2018-01-12 14:50:00	18847.9284	-2353.133360021813	13310.863800000001	-3213.753539070047	16892.9446	-4048.3243952292396	14110.520400000001	-3434.8486730666864	11144.530400000001	-2033.566905007654	14513.801600000003	-8101.707306427117	50325.70360000001	-11195.424259621192
2018-01-12 15:00:00	13942.303200000002	-2354.5138594865803	9846.3924	-3222.775861319182	12496.1508	-4060.089013479301	10437.9192	-3444.621577445736	8243.8992	-2040.472205496273	10736.2368	-8101.987279328017	37227.232800000005	-11280.296482417856
2018-01-12 15:10:00	13942.303200000002	-2358.264371366011	9846.3924	-3234.2522065163794	12496.1508	-4075.1605164109787	10437.9192	-3457.0075087334044	8243.8992	-2048.9389487873414	10736.2368	-8102.406881374975	37227.232800000005	-11311.354303744498
2018-01-12 15:20:00	13942.303200000002	-2356.4341654699674	9846.3924	-3240.3579231555887	12496.1508	-4083.25434417219	10437.9192	-3463.657256549477	8243.8992	-2054.2756955990644	10736.2368	-8100.037898027653	37227.232800000005	-11319.805391326874
2018-01-12 15:30:00	13942.303200000002	-2355.2355114497386	9846.3924	-3246.409472691106	12496.1508	-4091.2786352787734	10437.9192	-3470.2484147321484	8243.8992	-2057.740818255883	10736.2368	-8098.473554863571	37227.232800000005	-11324.50262108072
2018-01-12 15:40:00	13942.303200000002	-2354.4467262702638	9846.3924	-3252.399329550135	12496.1508	-4099.2233379761565	10437.9192	-3476.7728830663673	8243.8992	-2060.0077019172186	10736.2368	-8097.438697094507	37227.232800000005	-11327.107491365721
2018-01-12 15:50:00	13942.303200000002	-2353.927664024881	9846.3924	-3258.3281339407495	12496.1508	-4107.089258198834	10437.9192	-3483.231349736716	8243.8992	-2061.49145792739	10736.2368	-8096.754111032724	37227.232800000005	-11328.552041260882
2018-01-12 16:00:00	7487.533200000001	-2447.217219932696	5287.8774	-3397.1621288158776	6710.8958	-4281.8548652869795	5605.5492	-3631.5706608194378	4427.279200000001	-2144.7098690830535	5765.756800000001	-8453.30824966482	19992.402800000003	-11781.241520953059
2018-01-12 16:10:00	7487.533200000001	-2449.4679554149698	5287.8774	-3402.60164849818	6710.8958	-4289.417875947876	5605.5492	-3637.4983808519555	4427.279200000001	-2146.096640867474	5765.756800000001	-8450.079766899875	19992.402800000003	-11779.668864170642
2018-01-12 16:20:00	7487.533200000001	-2446.396742195424	5287.8774	-3404.184774616312	6710.8958	-4291.858606901813	5605.5492	-3639.3162805463508	4427.279200000001	-2145.2361674890917	5765.756800000001	-8444.976572315114	19992.402800000003	-11771.061008626457
2018-01-12 16:30:00	7487.533200000001	-2444.309490235417	5287.8774	-3406.132169735113	6710.8958	-4294.75310859331	5605.5492	-3641.5218947439025	4427.279200000001	-2144.606686347385	5765.756800000001	-8441.406903718518	19992.402800000003	-11765.806752235058
2018-01-12 16:40:00	7487.533200000001	-2442.8637714035613	5287.8774	-3408.433704704771	6710.8958	-4298.088206371103	5605.5492	-3644.1044129670263	4427.279200000001	-2144.1266137029643	5765.756800000001	-8438.848766977957	19992.402800000003	-11762.403480618428
2018-01-12 16:50:00	7487.533200000001	-2441.840222877847	5287.8774	-3411.085779682061	6710.8958	-4301.859544743684	5605.5492	-3647.060032991769	4427.279200000001	-2143.744336006578	5765.756800000001	-8436.959788200915	19992.402800000003	-11760.026695766846
2018-01-12 17:00:00	2237.6536	-2441.094484502734	1580.2852	-3414.084821473516	2005.5550666666666	-4306.0627971132635	1675.2215999999999	-3650.3849802438554	1323.0949333333333	-2143.42606851374	1723.0997333333335	-8435.513474965966	5974.741066666667	-11758.219156136975
2018-01-12 17:10:00	2237.6536	-2443.571581123993	1580.2852	-3420.2497445379577	2005.5550666666666	-4314.480114595498	1675.2215999999999	-3657.082125159821	1323.0949333333333	-2144.506533208537	1723.0997333333335	-8434.610714586352	5974.741066666667	-11759.62832208771
2018-01-12 17:20:00	2237.6536	-2440.4577168113215	1580.2852	-3420.3958553755974	2005.5550666666666	-4315.0958985675825	1675.2215999999999	-3657.3500424868453	1323.0949333333333	-2142.9287761481487	1723.0997333333335	-8431.013065139436	5974.741066666667	-11750.462701570332
2018-01-12 17:30:00	2237.6536	-2438.414938790827	1580.2852	-3420.642398064194	2005.5550666666666	-4315.834151567172	1675.2215999999999	-3657.724132226722	1323.0949333333333	-2141.8984744078525	1723.0997333333335	-8428.636301477465	5974.741066666667	-11745.391877455337
2018-01-12 17:40:00	2237.6536	-2437.070675463538	1580.2852	-3420.9790514528213	2005.5550666666666	-4316.68134073733	1675.2215999999999	-3658.1933146076917	1323.0949333333333	-2141.2241036128585	1723.0997333333335	-8427.064006609122	5974.741066666667	-11742.5798027672
2018-01-12 17:50:00	2237.6536	-2436.18607979159	1580.2852	-3421.4049124155836	2005.5550666666666	-4317.636406380533	1675.2215999999999	-3658.7566466299477	1323.0949333333333	-2140.782704500686	1723.0997333333335	-8426.023892314672	5974.741066666667	-11741.0203475685
2018-01-12 18:00:00	86.06360000000001	-2584.1831168890303	60.78020000000001	-3632.8864656999763	77.13673333333332	-4583.624498559825	64.4316	-3884.627915819222	50.88826666666667	-2271.0036211150987	66.27306666666667	-8991.893876350056	229.79773333333335	-12457.226726950043
2018-01-12 18:10:00	86.06360000000001	-2582.5450762443998	60.78020000000001	-3627.018709841893	77.13673333333332	-4576.806524245644	64.4316	-3878.470413765728	50.88826666666667	-2269.5530303876194	66.27306666666667	-8985.081725442304	229.79773333333335	-12440.53989853512
2018-01-12 18:20:00	86.06360000000001	-2581.579318296418	60.78020000000001	-3622.88508260493	77.13673333333332	-4572.234003089501	64.4316	-3874.1739771727234	50.88826666666667	-2269.638840535097	66.27306666666667	-8980.265990856175	229.79773333333335	-12422.635919820592
2018-01-12 18:30:00	86.06360000000001	-2579.108947841496	60.78020000000001	-3616.827600765816	77.13673333333332	-4565.238314092564	64.4316	-3867.822062485406	50.88826666666667	-2269.290806548073	66.27306666666667	-8976.162434626882	229.79773333333335	-12393.001501965206
2018-01-12 18:40:00	86.06360000000001	-2575.2839744691523	60.78020000000001	-3608.8714565548603	77.13673333333332	-4555.8507861865155	64.4316	-3859.441485652611	50.88826666666667	-2267.693508527184	66.27306666666667	-8972.53064599293	229.79773333333335	-12351.843244099715
2018-01-12 18:50:00	86.06360000000001	-2570.1159668181053	60.78020000000001	-3599.0359960595524	77.13673333333332	-4544.095127986549	64.4316	-3849.0527599945885	50.88826666666667	-2264.8847731442584	66.27306666666667	-8969.210942923235	229.79773333333335	-12299.349809301108
2018-01-12 19:00:00	0.0	-2563.616610085265	0.0	-3587.340376289911	0.0	-4529.994825784819	0.0	-3836.6762030536884	0.0	-2260.8736928080248	0.0	-8966.097692380472	0.0	-12235.706788541254
2018-01-12 19:10:00	0.0	-2555.867055077622	0.0	-3573.849790606256	0.0	-4513.635153459684	0.0	-3822.381173191033	0.0	-2255.6986010172045	0.0	-8963.125122105033	0.0	-12161.129214117014
2018-01-12 19:20:00	0.0	-2547.078318186788	0.0	-3559.011871454024	0.0	-4495.462000093096	0.0	-3806.6533864681537	0.0	-2249.4268919216784	0.0	-8960.321729826455	0.0	-12083.603446192974
2018-01-12 19:30:00	0.0	-2538.368013216516	0.0	-3544.327479648942	0.0	-4477.47219197612	0.0	-3791.0871550174656	0.0	-2243.20361908346	0.0	-8958.468099778054	0.0	-12007.352715176694
2018-01-12 19:40:00	0.0	-2529.733997204456	0.0	-3529.792771046764	0.0	-4459.660789204953	0.0	-3775.6784043479224	0.0	-2237.027209633861	0.0	-8957.241875491916	0.0	-11932.350403926606
2018-01-12 19:50:00	0.0	-2521.1756184025844	0.0	-3515.406223712239	0.0	-4442.026026043467	0.0	-3760.4255433771104	0.0	-2230.8973121389945	0.0	-8956.430696987589	0.0	-11858.576088738053
2018-01-12 20:00:00	0.0	-2512.69222289139	0.0	-3501.166329809649	0.0	-4424.566153679755	0.0	-3745.326996209259	0.0	-2224.8135762058173	0.0	-8955.894081807055	0.0	-11786.009656930271
2018-01-12 20:10:00	0.0	-2504.2831628048275	0.0	-3487.071591452096	0.0	-4407.279436300249	0.0	-3730.381201493288	0.0	-2218.775654093964	0.0	-8955.539097237759	0.0	-11714.631329846887
2018-01-12 20:20:00	0.0	-2495.460267168258	0.0	-3472.4268541383694	0.0	-4389.297733397701	0.0	-3714.8457419244746	0.0	-2212.3614108822403	0.0	-8955.331392407064	0.0	-11641.023102567498
2018-01-12 20:30:00	0.0	-2486.5186149875244	0.0	-3457.6509066965473	0.0	-4371.1424227427815	0.0	-3699.1680554292802	0.0	-2205.8214655833676	0.0	-8955.39070869179	0.0	-11566.90456456646
2018-01-12 20:40:00	0.0	-2477.458799230947	0.0	-3442.744456048781	0.0	-4352.814424283534	0.0	-3683.348898382271	0.0	-2199.1565006462265	0.0	-8955.626486872028	0.0	-11494.905350951549
2018-01-12 20:50:00	0.0	-2468.2818485129596	0.0	-3427.708831228103	0.0	-4334.315449207023	0.0	-3667.3897028143906	0.0	-2192.367457805285	0.0	-8955.978999267083	0.0	-11461.788235074979
2018-01-12 21:00:00	0.0	-2458.9887833523294	0.0	-3412.5453476466478	0.0	-4315.647193673268	0.0	-3651.291885674117	0.0	-2185.4552716106773	0.0	-8956.408734309513	0.0	-11443.904366041288
2018-01-12 21:10:00	0.0	-2449.580623296442	0.0	-3397.255310005704	0.0	-4296.811341204442	0.0	-3635.0568481204796	0.0	-2178.4208696283895	0.0	-8956.889554094252	0.0	-11434.4758351755
2018-01-12 21:20:00	0.0	-2440.616278378404	0.0	-3383.124391624777	0.0	-4278.807484919273	0.0	-3619.542026917148	0.0	-2171.7466496445495	0.0	-8957.377041256588	0.0	-11429.786338239946
2018-01-12 21:30:00	0.0	-2431.79125458706	0.0	-3374.5653436421126	0.0	-4261.097529305274	0.0	-3607.424205781926	0.0	-2165.180036492697	0.0	-8957.69934723036	0.0	-11427.185097959366
2018-01-12 21:40:00	0.0	-2423.1049557094198	0.0	-3368.941812680524	0.0	-4245.851399858639	0.0	-3599.856059988267	0.0	-2158.720484932356	0.0	-8957.912561006464	0.0	-11425.742565377655
2018-01-12 21:50:00	0.0	-2414.5563690005324	0.0	-3365.247678064089	0.0	-4236.356140135618	0.0	-3594.8829767134266	0.0	-2152.367188833009	0.0	-8958.053607333732	0.0	-11424.94260029806
2018-01-12 22:00:00	0.0	-2568.398369416314	0.0	-3593.2257457591163	0.0	-4519.470649148039	0.0	-3837.5844625243467	0.0	-2288.609030473754	0.0	-9576.275806358251	0.0	-12207.743083566846
2018-01-12 22:10:00	0.0	-2554.8212641640007	0.0	-3588.0211268940625	0.0	-4510.763556063971	0.0	-3831.5929460786515	0.0	-2278.7107929809295	0.0	-9569.880755727387	0.0	-12196.375792704148
2018-01-12 22:20:00	0.0	-2545.869465874714	0.0	-3587.2497888572657	0.0	-4508.501429278237	0.0	-3830.4890223316056	0.0	-2271.258339602412	0.0	-9566.661824062727	0.0	-12197.538708353408
2018-01-12 22:30:00	0.0	-2540.3743932771386	0.0	-3586.7393145062	0.0	-4507.011543251316	0.0	-3829.7596424483404	0.0	-2263.859491566909	0.0	-9564.531353547334	0.0	-12198.174592949796
2018-01-12 22:40:00	0.0	-2536.757830140637	0.0	-3586.4039862312993	0.0	-4506.0336443936185	0.0	-3829.280422656862	0.0	-2256.5163673333523	0.0	-9563.12199646064	0.0	-12198.52723680575
2018-01-12 22:50:00	0.0	-2534.377947858044	0.0	-3586.1837070671017	0.0	-4505.391787521277	0.0	-3828.9655601026334	0.0	-2249.228544210138	0.0	-9562.189672367316	0.0	-12198.722797198734
2018-01-12 23:00:00	0.0	-2604.033033058093	0.0	-3687.156057434765	0.0	-4631.957997753897	0.0	-3936.706845384111	0.0	-2304.547561643053	0.0	-9832.849091516124	0.0	-12542.564114180372
2018-01-12 23:10:00	0.0	-2601.756498876749	0.0	-3685.26387130169	0.0	-4629.383325729207	0.0	-3934.6570838926805	0.0	-2297.5540585073995	0.0	-9829.21679819411	0.0	-12537.075988171271
2018-01-12 23:20:00	0.0	-2601.2036637605243	0.0	-3685.247335967185	0.0	-4629.288831832141	0.0	-3934.623243985266	0.0	-2293.709242184488	0.0	-9827.314751844	0.0	-12537.692029483773
2018-01-12 23:30:00	0.0	-2600.896310770332	0.0	-3685.316330140828	0.0	-4629.32857991466	0.0	-3934.6861367265287	0.0	-2291.2462890261854	0.0	-9826.21313832286	0.0	-12538.420387177106
2018-01-12 23:40:00	0.0	-2600.751676596416	0.0	-3685.4431444880724	0.0	-4629.458648685936	0.0	-3934.8143477509784	0.0	-2289.688521413812	0.0	-9825.641393727028	0.0	-12539.214980648889
2018-01-12 23:50:00	0.0	-2600.714118014587	0.0	-3685.6079388218413	0.0	-4629.647997207774	0.0	-3934.985472455243	0.0	-2288.723227228221	0.0	-9825.420169694262	0.0	-12540.046300508264
2018-01-13 00:00:00	0.0	-2440.360038323283	0.0	-3458.0901741445055	0.0	-4343.910137780695	0.0	-3692.094091590808	0.0	-2147.266904078573	0.0	-9214.536250383695	0.0	-11766.841927687852
2018-01-13 00:10:00	0.0	-2442.9452812234153	0.0	-3461.9091359717963	0.0	-4348.784806567325	0.0	-3696.159533843869	0.0	-2148.7638739393074	0.0	-9221.160387067888	0.0	-11778.83172728647
2018-01-13 00:20:00	0.0	-2442.736814401103	0.0	-3461.9364341938226	0.0	-4348.750017182775	0.0	-3696.1747129423975	0.0	-2148.3521445586384	0.0	-9224.670821725096	0.0	-11778.447087326846
2018-01-13 00:30:00	0.0	-2442.602168498931	0.0	-3461.9579091886376	0.0	-4348.731971187453	0.0	-3696.188501586262	0.0	-2148.084110434442	0.0	-9226.993983214794	0.0	-11778.242281057499
2018-01-13 00:40:00	0.0	-2442.5135612040217	0.0	-3461.972011194351	0.0	-4348.720119361147	0.0	-3696.197555686436	0.0	-2147.908671472547	0.0	-9228.530811542456	0.0	-11778.128694338198
2018-01-13 00:50:00	0.0	-2442.455253052187	0.0	-3461.9812749005955	0.0	-4348.712340262665	0.0	-3696.2035045286393	0.0	-2147.793840715543	0.0	-9229.54746183491	0.0	-11778.065704205646
2018-01-13 01:00:00	0.0	-2398.2272025136704	0.0	-3399.249959921005	0.0	-4269.9185244604005	0.0	-3629.2316549428565	0.0	-2108.903443188654	0.0	-9061.91031758847	0.0	-11564.764044787864
2018-01-13 01:10:00	0.0	-2399.0723342114215	0.0	-3400.509041520415	0.0	-4271.519994587353	0.0	-3630.570789135986	0.0	-2109.4871691637063	0.0	-9064.614101204012	0.0	-11568.62787021959
2018-01-13 01:20:00	0.0	-2398.929427894295	0.0	-3400.425511849739	0.0	-4271.383490454391	0.0	-3630.4764314807026	0.0	-2109.3462326825497	0.0	-9066.08198469365	0.0	-11568.19585134275
2018-01-13 01:30:00	0.0	-2398.836316714471	0.0	-3400.3719410723347	0.0	-4271.295652868115	0.0	-3630.4158353652406	0.0	-2109.2545326003487	0.0	-9067.053365787642	0.0	-11567.959384345799
2018-01-13 01:40:00	0.0	-2398.7750435181124	0.0	-3400.3367482117515	0.0	-4271.237996836576	0.0	-3630.3760197473507	0.0	-2109.1945111938235	0.0	-9067.695958524353	0.0	-11567.828246437495
2018-01-13 01:50:00	0.0	-2398.7347225934755	0.0	-3400.313629787895	0.0	-4271.200153498642	0.0	-3630.349859602498	0.0	-2109.15522513562	0.0	-9068.121049828505	0.0	-11567.755523152588
2018-01-13 02:00:00	0.0	-2460.017011793264	0.0	-3487.3402698589057	0.0	-4380.4867378047375	0.0	-3723.2547992254285	0.0	-2162.9818922054224	0.0	-9301.91372600921	0.0	-11863.601519993368
2018-01-13 02:10:00	0.0	-2459.1195980238667	0.0	-3486.0618298128466	0.0	-4378.847847261961	0.0	-3721.8925822851943	0.0	-2162.325807596283	0.0	-9299.837731298056	0.0	-11859.680345756873
2018-01-13 02:20:00	0.0	-2459.2428085625183	0.0	-3486.155111472145	0.0	-4378.989028059915	0.0	-3721.9959165417868	0.0	-2162.4294954691245	0.0	-9298.830619882548	0.0	-11860.134964179126
2018-01-13 02:30:00	0.0	-2459.322939687328	0.0	-3486.215056780563	0.0	-4379.07989257206	0.0	-3722.0623763875687	0.0	-2162.4968046628455	0.0	-9298.164003577025	0.0	-11860.383899161912
2018-01-13 02:40:00	0.0	-2459.375671339904	0.0	-3486.254437138502	0.0	-4379.139535400857	0.0	-3722.1060446925594	0.0	-2162.540861395761	0.0	-9297.723020734584	0.0	-11860.521951247321
2018-01-13 02:50:00	0.0	-2459.4103714729345	0.0	-3486.2803063447714	0.0	-4379.178682781179	0.0	-3722.134736163141	0.0	-2162.569698020189	0.0	-9297.431299625416	0.0	-11860.598508777395
2018-01-13 03:00:00	0.0	-2459.4332059420194	0.0	-3486.297299991819	0.0	-4379.204377698287	0.0	-3722.1535873772923	0.0	-2162.588572568323	0.0	-9297.238318862403	0.0	-11860.64096417205
2018-01-13 03:10:00	0.0	-2459.4482321950277	0.0	-3486.308463227246	0.0	-4379.221242907641	0.0	-3722.165973228136	0.0	-2162.6009265998487	0.0	-9297.110657292083	0.0	-11860.664508042028
2018-01-13 03:20:00	0.0	-2459.4581202409718	0.0	-3486.3157964279912	0.0	-4379.232312617858	0.0	-3722.174111128421	0.0	-2162.609012732229	0.0	-9297.026205990916	0.0	-11860.677564423166
2018-01-13 03:30:00	0.0	-2459.4646270828675	0.0	-3486.3206136544604	0.0	-4379.239578373161	0.0	-3722.179457989281	0.0	-2162.6143053799624	0.0	-9296.970339356576	0.0	-11860.684804910321
2018-01-13 03:40:00	0.0	-2459.468908918905	0.0	-3486.323778121334	0.0	-4379.244347350779	0.0	-3722.1829710479324	0.0	-2162.6177695972965	0.0	-9296.933382189665	0.0	-11860.688820161851
2018-01-13 03:50:00	0.0	-2459.471726586853	0.0	-3486.325856879865	0.0	-4379.247477534284	0.0	-3722.1852792398718	0.0	-2162.6200370449656	0.0	-9296.908934105366	0.0	-11860.691046841426
2018-01-13 04:00:00	0.0	-2521.884071762597	0.0	-3574.9332876756557	0.0	-4490.525376563203	0.0	-3816.7788276740484	0.0	-2217.441508030528	0.0	-9534.602360650464	0.0	-12161.895676975731
2018-01-13 04:10:00	0.0	-2521.005043811002	0.0	-3573.6653288235875	0.0	-4488.903593292473	0.0	-3815.428475525782	0.0	-2216.803050404265	0.0	-9532.330352555873	0.0	-12157.997992678325
2018-01-13 04:20:00	0.0	-2521.141032734282	0.0	-3573.7665925441065	0.0	-4489.057429022026	0.0	-3815.540785533496	0.0	-2216.918727134712	0.0	-9531.196362451266	0.0	-12158.468155711103
2018-01-13 04:30:00	0.0	-2521.229572125963	0.0	-3573.8317802486104	0.0	-4489.156598321874	0.0	-3815.6131415710593	0.0	-2216.9938831632808	0.0	-9530.445810394685	0.0	-12158.72570907515
2018-01-13 04:40:00	0.0	-2521.2878368237393	0.0	-3573.8746043486567	0.0	-4489.221692077904	0.0	-3815.6606838387415	0.0	-2217.0430758974376	0.0	-9529.949302265857	0.0	-12158.868540429241
2018-01-13 04:50:00	0.0	-2521.326177967288	0.0	-3573.9027357565965	0.0	-4489.264417226018	0.0	-3815.691920610507	0.0	-2217.075274196861	0.0	-9529.620849995717	0.0	-12158.947748272107
2018-01-13 05:00:00	0.0	-2458.9407058820702	0.0	-3485.3147483306325	0.0	-4378.016126390124	0.0	-3721.1199888420283	0.0	-2162.2762251480126	0.0	-9291.691906898028	0.0	-11857.787124946066
2018-01-13 05:10:00	0.0	-2459.8379126414725	0.0	-3486.5962521715146	0.0	-4379.6583163037785	0.0	-3722.4853638295535	0.0	-2162.9297074491133	0.0	-9293.810325849734	0.0	-11861.711410506163
2018-01-13 05:20:00	0.0	-2459.713602224895	0.0	-3486.503514621275	0.0	-4379.517390111203	0.0	-3722.3825266992635	0.0	-2162.8236527984973	0.0	-9294.842564958557	0.0	-11861.254953274069
2018-01-13 05:30:00	0.0	-2459.6327486034997	0.0	-3486.443928837907	0.0	-4379.42669554172	0.0	-3722.3163957477814	0.0	-2162.7547951629813	0.0	-9295.525806961976	0.0	-11861.005002875057
2018-01-13 05:40:00	0.0	-2459.5795415093785	0.0	-3486.404784651282	0.0	-4379.367164252901	0.0	-3722.272943533611	0.0	-2162.709724921713	0.0	-9295.97778811345	0.0	-11860.866387679847
2018-01-13 05:50:00	0.0	-2459.544528511401	0.0	-3486.3790705874626	0.0	-4379.328090083373	0.0	-3722.2443940416197	0.0	-2162.6802249217053	0.0	-9296.276784877355	0.0	-11860.789517874184
2018-01-13 06:00:00	0.0	-2369.2742387686935	0.0	-3358.235542668384	0.0	-4218.394707734564	0.0	-3585.443131585934	0.0	-2083.38968163285	0.0	-8952.741541616957	0.0	-11425.198806086199
2018-01-13 06:10:00	0.0	-2370.5183850120297	0.0	-3360.039687739996	0.0	-4220.699986798789	0.0	-3587.3640700336055	0.0	-2084.291787912288	0.0	-8956.106219299489	0.0	-11430.750606203923
2018-01-13 06:20:00	0.0	-2370.0281939354195	0.0	-3359.4833030554023	0.0	-4219.922037383001	0.0	-3586.7666587784315	0.0	-2083.7872472224426	0.0	-8957.906382858338	0.0	-11429.869150983
2018-01-13 06:30:00	0.0	-2369.986632059311	0.0	-3359.5153092786973	0.0	-4219.918854349124	0.0	-3586.7979884013057	0.0	-2083.721349494011	0.0	-8959.858441956834	0.0	-11431.278464853891
2018-01-13 06:40:00	0.0	-2370.2381791754888	0.0	-3359.9307783654767	0.0	-4220.420055086788	0.0	-3587.239139529568	0.0	-2083.9411349148727	0.0	-8961.909728639537	0.0	-11433.951057325517
2018-01-13 06:50:00	0.0	-2370.6826098323045	0.0	-3360.59815103744	0.0	-4221.252321559161	0.0	-3587.9495612243863	0.0	-2084.347911375961	0.0	-8964.026658218523	0.0	-11437.324216789366
2018-01-13 07:00:00	0.0	-2360.856819499855	0.0	-3346.6699017199294	0.0	-4203.76416379728	0.0	-3573.078583853831	0.0	-2075.7444290836033	0.0	-8926.58692589816	0.0	-11390.907934690445
2018-01-13 07:10:00	0.0	-2361.517758378731	0.0	-3347.6199329846427	0.0	-4204.967596630466	0.0	-3574.0912620035074	0.0	-2076.357733401897	0.0	-8928.778594435436	0.0	-11394.895664730215
2018-01-13 07:20:00	0.0	-2362.582953822905	0.0	-3349.133467043968	0.0	-4206.93136074421	0.0	-3575.701944181516	0.0	-2078.0150318056376	0.0	-8930.82870454018	0.0	-11399.20836943467
2018-01-13 07:30:00	0.0	-2363.2108407008914	0.0	-3350.024283079755	0.0	-4208.088202787354	0.0	-3576.649924606302	0.0	-2079.7834065271627	0.0	-8931.987510657807	0.0	-11401.107778109901
2018-01-13 07:40:00	0.0	-2363.6985659232473	0.0	-3350.5074496142183	0.0	-4208.71734452593	0.0	-3577.1640057137492	0.0	-2081.6551248570445	0.0	-8932.557540122512	0.0	-11401.672014000033
2018-01-13 07:50:00	0.0	-2364.373677509911	0.0	-3350.7228263114134	0.0	-4209.000119877576	0.0	-3577.392998643937	0.0	-2083.6294161096585	0.0	-8932.738077951191	0.0	-11403.564789534048
2018-01-13 08:00:00	0.0	-2375.5800882513677	0.0	-3365.523138832388	0.0	-4227.592952046528	0.0	-3593.1927313439214	0.0	-2094.8375467897613	0.0	-8972.26067131369	0.0	-11456.812711610115
2018-01-13 08:10:00	0.0	-2376.5146137310226	0.0	-3365.4386288520295	0.0	-4227.488006046931	0.0	-3593.1023140043058	0.0	-2097.0092814692225	0.0	-8972.010664100857	0.0	-11460.977419352896
2018-01-13 08:20:00	0.0	-2376.6201307687943	0.0	-3365.0858623317636	0.0	-4227.024035193794	0.0	-3592.727284897794	0.0	-2098.4473861052693	0.0	-8971.730698427904	0.0	-11459.49647022787
2018-01-13 08:30:00	0.0	-2376.4714848721355	0.0	-3364.9567103638606	0.0	-4226.85044220782	0.0	-3592.590256922275	0.0	-2099.643297199773	0.0	-8971.742362192914	0.0	-11455.760065329687
2018-01-13 08:40:00	0.0	-2376.069893916169	0.0	-3364.9738811970587	0.0	-4226.866663590568	0.0	-3592.6089926335417	0.0	-2100.5983206656215	0.0	-8971.946616862719	0.0	-11452.97192953497
2018-01-13 08:50:00	0.0	-2375.4174465016295	0.0	-3365.087173332742	0.0	-4227.007473558301	0.0	-3592.7300710220984	0.0	-2101.314272899189	0.0	-8972.278275655222	0.0	-11452.220407226636
2018-01-13 09:00:00	516.3816	-2301.0143546034965	364.68120000000005	-3260.2619763454413	462.8204	-4095.363825379553	386.5896	-3480.823131704457	305.3296	-2036.834926016446	397.63840000000005	-8691.001699132217	1378.7864000000002	-11095.355557602783
2018-01-13 09:10:00	516.3816	-2302.0356812425393	364.68120000000005	-3262.0746993306752	462.8204	-4097.666941548966	386.5896	-3482.7539759461943	305.3296	-2038.7821855914412	397.63840000000005	-8694.680241329077	1378.7864000000002	-11101.161089158662
2018-01-13 09:20:00	516.3816	-2302.4047352765174	364.68120000000005	-3262.4986229400247	462.8204	-4098.184474296306	386.5896	-3483.19978050399	305.3296	-2040.1054480999728	397.63840000000005	-8697.074163400252	1378.7864000000002	-11102.129452647769
2018-01-13 09:30:00	516.3816	-2302.7717034076186	364.68120000000005	-3262.7781972063126	462.8204	-4098.525637551345	386.5896	-3483.493871818542	305.3296	-2041.4193927406668	397.63840000000005	-8698.657846483316	1378.7864000000002	-11102.6691869774
2018-01-13 09:40:00	516.3816	-2303.135531502055	364.68120000000005	-3262.9618499976177	462.8204	-4098.749562816723	386.5896	-3483.687097767958	305.3296	-2042.7234410469696	397.63840000000005	-8699.705493689413	1378.7864000000002	-11102.968496819873
2018-01-13 09:50:00	516.3816	-2303.4961695462152	364.68120000000005	-3263.0824928464085	462.8204	-4098.896539414122	386.5896	-3483.8140535639823	305.3296	-2044.0176696102558	397.63840000000005	-8700.398539366703	1378.7864000000002	-11103.134481016692
2018-01-13 10:00:00	3012.226	-2303.8536545676748	2127.3070000000002	-3263.16174400612	2699.7856666666667	-4098.993009634523	2255.1059999999998	-3483.897467690708	1781.0893333333333	-2045.3021520242341	2319.5573333333336	-8700.857006976712	8042.920666666668	-11103.226528617697
2018-01-13 10:10:00	3012.226	-2302.190072801715	2127.3070000000002	-3262.2079348495927	2699.7856666666667	-4097.708421151502	2255.1059999999998	-3482.880744358728	1781.0893333333333	-2045.7275074361964	2319.5573333333336	-8701.041150552597	8042.920666666668	-11101.89896702203
2018-01-13 10:20:00	3012.226	-2304.0784461255557	2127.3070000000002	-3263.23731326454	2699.7856666666667	-4099.042935881259	2255.1059999999998	-3483.97945655396	1781.0893333333333	-2047.7093238671455	2319.5573333333336	-8702.508245825065	8042.920666666668	-11108.870930098486
2018-01-13 10:30:00	3012.226	-2305.9453876885923	2127.3070000000002	-3263.9111532005063	2699.7856666666667	-4099.915637092833	2255.1059999999998	-3484.6988062796513	1781.0893333333333	-2049.674556478298	2319.5573333333336	-8703.477343908497	8042.920666666668	-11115.862857971353
2018-01-13 10:40:00	3012.226	-2307.796144452455	2127.3070000000002	-3264.3538069079013	2699.7856666666667	-4100.488451966133	2255.1059999999998	-3485.1714463225967	1781.0893333333333	-2051.624991989672	2319.5573333333336	-8704.118428818803	8042.920666666668	-11122.740131716708
2018-01-13 10:50:00	3012.226	-2309.630858314979	2127.3070000000002	-3264.6445893242226	2699.7856666666667	-4100.864427305208	2255.1059999999998	-3485.481986345238	1781.0893333333333	-2053.560740236175	2319.5573333333336	-8704.54252303828	8042.920666666668	-11129.504818738273
2018-01-13 11:00:00	7315.406	-2218.8215743431356	5166.317	-3133.323329905482	6556.622333333333	-3935.951570693491	5476.686	-3345.289110499616	4325.502666666667	-1974.1309004046125	5633.210666666667	-8352.011524556408	19532.807333333334	-10689.115665705147
2018-01-13 11:10:00	7315.406	-2219.813731038026	5166.317	-3134.055812413145	6556.622333333333	-3937.3439912340054	5476.686	-3346.258003527526	4325.502666666667	-1976.4633569855969	5633.210666666667	-8355.229035537195	19532.807333333334	-10711.137390482982
2018-01-13 11:20:00	7315.406	-2225.6883925068814	5166.317	-3138.0181510198936	6556.622333333333	-3942.836355349891	5476.686	-3350.641535719127	4325.502666666667	-1980.7509611777205	5633.210666666667	-8359.113576248388	19532.807333333334	-10743.701781069478
2018-01-13 11:30:00	7315.406	-2231.7607447980627	5166.317	-3142.3097433255907	6556.622333333333	-3948.737890748791	5476.686	-3355.375311724889	4325.502666666667	-1985.2365229756388	5633.210666666667	-8361.484512043215	19532.807333333334	-10778.007497573679
2018-01-13 11:40:00	7315.406	-2238.0357384185772	5166.317	-3146.9316339603383	6556.622333333333	-3955.0502702446047	5476.686	-3360.46047240147	4325.502666666667	-1989.9204068133695	5633.210666666667	-8362.856227654538	19532.807333333334	-10814.037979375851
2018-01-13 11:50:00	7315.406	-2244.5116214231093	5166.317	-3151.88044913714	6556.622333333333	-3961.769410492416	5476.686	-3365.8934553670824	4325.502666666667	-1994.8011173127634	5633.210666666667	-8363.56693061853	19532.807333333334	-10851.764966169205
2018-01-13 12:00:00	10844.0136	-2206.1813389952804	7658.305200000001	-3093.2497866472468	9719.2284	-3888.639339079693	8118.381600000001	-3303.450763755952	6411.921600000001	-1960.3501765318351	8350.406400000002	-8192.394081039849	28954.514400000004	-10673.966426356725
2018-01-13 12:10:00	10844.0136	-2211.534146269163	7658.305200000001	-3098.8630029586648	9719.2284	-3896.0137562607433	8118.381600000001	-3309.59452539798	6411.921600000001	-1965.3641173312508	8350.406400000002	-8193.82841275122	28954.514400000004	-10575.262897584005
2018-01-13 12:20:00	10844.0136	-2220.730639137588	7658.305200000001	-3106.7282600093577	9719.2284	-3906.3662881761047	8118.381600000001	-3318.1375763186306	6411.921600000001	-1971.7580974472176	8350.406400000002	-8196.245723623924	28954.514400000004	-10656.90238169695
2018-01-13 12:30:00	10844.0136	-2229.8998762066512	7658.305200000001	-3114.602615167406	9719.2284	-3916.727863542943	8118.381600000001	-3326.6894781865876	6411.921600000001	-1978.1601610348944	8350.406400000002	-8197.843284168506	28954.514400000004	-10713.286770204628
2018-01-13 12:40:00	10844.0136	-2239.0475863486045	7658.305200000001	-3122.489383035646	9719.2284	-3927.1030113839242	8118.381600000001	-3335.2538002055217	6411.921600000001	-1984.571697152257	8350.406400000002	-8198.900114548644	28954.514400000004	-10769.349111389922
2018-01-13 12:50:00	10844.0136	-2248.1739685580487	7658.305200000001	-3130.388432170609	9719.2284	-3937.4915897342435	8118.381600000001	-3343.8304116345726	6411.921600000001	-1990.99263305749	8350.406400000002	-8199.599235914415	28954.514400000004	-10678.093116935059
2018-01-13 13:00:00	12565.285600000001	-2208.3773849413046	8873.9092	-3068.857290534046	11261.963066666667	-3860.6857303010056	9407.0136	-3278.285941035372	7429.686933333333	-1954.4715529139503	9675.867733333334	-8013.726581990613	33550.46906666667	-10524.269180878538
2018-01-13 13:10:00	12565.285600000001	-2217.408285469517	8873.9092	-3077.7781553195746	11261.963066666667	-3872.2652636166185	9407.0136	-3287.953312827376	7429.686933333333	-1961.273094161239	9675.867733333334	-8015.5704352574685	33550.46906666667	-10565.536153611989
2018-01-13 13:20:00	12565.285600000001	-2227.3507944767734	8873.9092	-3086.471110415252	11261.963066666667	-3883.632983435393	9407.0136	-3297.37130871503	7429.686933333333	-1968.0133516724109	9675.867733333334	-8017.470271026039	33550.46906666667	-10631.332310920268
2018-01-13 13:30:00	12565.285600000001	-2236.9504448013467	8873.9092	-3094.7008811774085	11261.963066666667	-3894.4178109449476	9407.0136	-3306.294190745495	7429.686933333333	-1974.4704092742486	9675.867733333334	-8018.923370141023	33550.46906666667	-10689.831484250877
2018-01-13 13:40:00	12565.285600000001	-2246.2119833797988	8873.9092	-3102.472553232683	11261.963066666667	-3904.6261048449505	9407.0136	-3314.727351288817	7429.686933333333	-1980.6466367800367	9675.867733333334	-8020.081453325776	33550.46906666667	-10745.090931593753
2018-01-13 13:50:00	12565.285600000001	-2255.138317551862	8873.9092	-3109.7907952457554	11261.963066666667	-3914.2635862153893	9407.0136	-3322.6757428227684	7429.686933333333	-1986.544148258583	9675.867733333334	-8021.044375020592	33550.46906666667	-10797.158232286529
2018-01-13 14:00:00	12134.967600000002	-2245.7701383927706	8570.0082	-3091.150663233704	10876.2794	-3891.300472399391	9084.8556	-3302.9115786846232	7175.2456	-1976.3875369746056	9344.502400000001	-7953.417834064394	32401.480400000004	-10759.391099938788
2018-01-13 14:10:00	12134.967600000002	-2254.398235999284	8570.0082	-3097.8273763953166	10876.2794	-3900.150379461611	9084.8556	-3310.173178655843	7175.2456	-1981.8900846159358	9344.502400000001	-7954.191125368174	32401.480400000004	-10805.409083824845
2018-01-13 14:20:00	12134.967600000002	-2262.549192319586	8570.0082	-3104.2554551017765	10876.2794	-3908.660348126583	9084.8556	-3317.168373497714	7175.2456	-1987.2555042230833	9344.502400000001	-7954.592178552239	32401.480400000004	-10850.104530662204
2018-01-13 14:30:00	12134.967600000002	-2270.5724253814224	8570.0082	-3110.525450499459	10876.2794	-3916.969791627298	9084.8556	-3323.9939917908323	7175.2456	-1992.522865175617	9344.502400000001	-7954.857603058283	32401.480400000004	-10893.500987292384
2018-01-13 14:40:00	12134.967600000002	-2278.46855444034	8570.0082	-3116.6388388925207	10876.2794	-3925.0804810760637	9084.8556	-3330.6516040838687	7175.2456	-1997.6928657423505	9344.502400000001	-7955.033188384836	32401.480400000004	-10935.619720757146
2018-01-13 14:50:00	12134.967600000002	-2286.2386910967907	8570.0082	-3122.597216717999	10876.2794	-3932.9943881960317	9084.8556	-3337.142908156038	7175.2456	-2002.7662390578353	9344.502400000001	-7955.149342801624	32401.480400000004	-10976.481649358015
2018-01-13 15:00:00	9553.0596	-2293.8839405238523	6746.602200000001	-3128.402163792619	8562.1774	-3940.713465024248	7151.9076000000005	-3343.4695880269583	5648.597600000001	-2007.7437129528525	7356.310400000001	-7955.226182072824	25507.548400000003	-11016.107352403029
2018-01-13 15:10:00	9553.0596	-2303.161700660714	6746.602200000001	-3135.4442680925285	8562.1774	-3950.103075987161	7151.9076000000005	-3351.1129618811638	5648.597600000001	-2013.5057089773509	7356.310400000001	-7955.40040010751	25507.548400000003	-11055.493093936784
2018-01-13 15:20:00	9553.0596	-2306.565999829698	6746.602200000001	-3139.6561630801234	8562.1774	-3955.812394603916	7151.9076000000005	-3355.7331437212733	5648.597600000001	-2017.6111980589585	7356.310400000001	-7954.122470972277	25507.548400000003	-11084.945278595209
2018-01-13 15:30:00	9553.0596	-2308.8098024822048	6746.602200000001	-3143.829364449196	8562.1774	-3961.4707334802624	7151.9076000000005	-3360.311146208779	5648.597600000001	-2021.6874924139502	7356.310400000001	-7953.278562069252	25507.548400000003	-11113.928193290718
2018-01-13 15:40:00	9553.0596	-2310.286338507807	6746.602200000001	-3147.9600244518488	8562.1774	-3967.072953436509	7151.9076000000005	-3364.8428309704605	5648.597600000001	-2024.8583190815161	7356.310400000001	-7952.720292066364	25507.548400000003	-11127.477334782401
2018-01-13 15:50:00	9553.0596	-2311.2579773045945	6746.602200000001	-3152.0485832187323	8562.1774	-3972.619620743988	7151.9076000000005	-3369.328673545334	5648.597600000001	-2026.9145793670687	7356.310400000001	-7952.35098144398	25507.548400000003	-11134.99416767781
2018-01-13 16:00:00	5508.0704000000005	-2311.8973670173164	3889.9328000000005	-3156.0954688824	4936.750933333333	-3978.1112859547684	4123.6224	-3373.7691380148335	3256.8490666666667	-2028.2604941009922	4241.476266666667	-7952.106672533074	14707.054933333335	-11139.162680033149
2018-01-13 16:10:00	5508.0704000000005	-2314.662004830384	3889.9328000000005	-3162.2772429382835	4936.750933333333	-3986.467870432243	4123.6224	-3380.4828052425373	3256.8490666666667	-2030.1875756224072	4241.476266666667	-7952.138361587543	14707.054933333335	-11143.711079169885
2018-01-13 16:20:00	5508.0704000000005	-2313.0106491996685	3889.9328000000005	-3164.853338866223	4936.750933333333	-3990.0970723932296	4123.6224	-3383.3450276623817	3256.8490666666667	-2029.891626471237	4241.476266666667	-7949.949510038442	14707.054933333335	-11139.030330272939
2018-01-13 16:30:00	5508.0704000000005	-2311.8562533277245	3889.9328000000005	-3167.783442694013	4936.750933333333	-3994.1679496282813	4123.6224	-3386.584262290814	3256.8490666666667	-2029.6313802095146	4241.476266666667	-7948.306821648338	14707.054933333335	-11135.952906708748
2018-01-13 16:40:00	5508.0704000000005	-2311.024355541116	3889.9328000000005	-3171.0579226342074	4936.750933333333	-3998.668074298872	4123.6224	-3390.1902144531223	3256.8490666666667	-2029.3929390603498	4241.476266666667	-7947.023300560862	14707.054933333335	-11133.756482758401
2018-01-13 16:50:00	5508.0704000000005	-2310.4046845464673	3889.9328000000005	-3174.6732779188364	4936.750933333333	-4003.5932040327098	4123.6224	-3394.1591844506293	3256.8490666666667	-2029.1687717898076	4241.476266666667	-7945.977380566027	14707.054933333335	-11132.048633504839
2018-01-13 17:00:00	1377.0176000000001	-2403.9631021175564	972.4832000000001	-3312.1805720538746	1234.1877333333332	-4176.655809418716	1030.9056	-3541.062322894235	814.2122666666667	-2111.5565849919867	1060.3690666666666	-8303.63175055321	3676.7637333333337	-11584.459791359204
2018-01-13 17:10:00	1377.0176000000001	-2404.7049678494623	972.4832000000001	-3314.8489997604806	1234.1877333333332	-4180.594771478743	1030.9056	-3544.0148569806433	814.2122666666667	-2111.498701731346	1060.3690666666666	-8299.8066774631	3676.7637333333337	-11579.871977822622
2018-01-13 17:20:00	1377.0176000000001	-2402.4552511693273	972.4832000000001	-3315.0619667513133	1234.1877333333332	-4181.29141148275	1030.9056	-3544.3533468814494	814.2122666666667	-2110.3963790343123	1060.3690666666666	-8295.420159052315	3676.7637333333337	-11573.166805893048
2018-01-13 17:30:00	1377.0176000000001	-2400.978460601994	972.4832000000001	-3315.3692880070953	1234.1877333333332	-4182.102651427746	1030.9056	-3544.7914741708455	814.2122666666667	-2109.675986346838	1060.3690666666666	-8292.520326221682	3676.7637333333337	-11569.453440364374
2018-01-13 17:40:00	1377.0176000000001	-2400.006650000483	972.4832000000001	-3315.7661263021687	1234.1877333333332	-4183.02213895802	1030.9056	-3545.3240764932807	814.2122666666667	-2109.2044630510645	1060.3690666666666	-8290.602008110982	3676.7637333333337	-11567.394161362095
2018-01-13 17:50:00	1377.0176000000001	-2399.3671475885403	972.4832000000001	-3316.2515754880274	1234.1877333333332	-4184.048808594164	1030.9056	-3545.9502029808373	814.2122666666667	-2108.895834618561	1060.3690666666666	-8289.332990001361	3676.7637333333337	-11566.252173748722
2018-01-13 18:00:00	0.0	-2398.9463214127586	0.0	-3316.824732328467	0.0	-4185.181594924316	0.0	-3546.668908606014	0.0	-2108.693826551127	0.0	-8288.493500994604	0.0	-11565.618876504426
2018-01-13 18:10:00	0.0	-2399.4669297872265	0.0	-3318.22515949616	0.0	-4187.412799172272	0.0	-3548.2680246609725	0.0	-2108.9175640620756	0.0	-8288.003931423847	0.0	-11566.028746631204
2018-01-13 18:20:00	0.0	-2398.949324305483	0.0	-3317.5492583894647	0.0	-4187.080083529464	0.0	-3547.6406922802444	0.0	-2108.905271158182	0.0	-8286.81067663972	0.0	-11564.022008157533
2018-01-13 18:30:00	0.0	-2398.272458687905	0.0	-3314.917964721307	0.0	-4184.287016197533	0.0	-3544.9247962568465	0.0	-2108.5794154667456	0.0	-8285.10312825685	0.0	-11550.513376219362
2018-01-13 18:40:00	0.0	-2396.1938324225366	0.0	-3310.351055780985	0.0	-4179.057882561808	0.0	-3540.141285782087	0.0	-2108.048488344475	0.0	-8283.055412719315	0.0	-11524.825756411376
2018-01-13 18:50:00	0.0	-2392.733064094861	0.0	-3303.8682598960168	0.0	-4171.416844741846	0.0	-3533.3110776384433	0.0	-2106.591992365843	0.0	-8280.782667567206	0.0	-11487.537788082554
2018-01-13 19:00:00	0.0	-2387.9246284201663	0.0	-3295.4891051373866	0.0	-4161.387812511482	0.0	-3524.454875991742	0.0	-2103.9102140522596	0.0	-8278.361059379835	0.0	-11438.838865562353
2018-01-13 19:10:00	0.0	-2381.780205955279	0.0	-3285.232921393437	0.0	-4148.994474450113	0.0	-3513.5931762176965	0.0	-2100.023885602768	0.0	-8275.840974361709	0.0	-11378.915795987847
2018-01-13 19:20:00	0.0	-2374.7034248396685	0.0	-3273.687303720999	0.0	-4134.866305899783	0.0	-3501.3610488668883	0.0	-2095.083877422597	0.0	-8273.382465050547	0.0	-11316.113481834042
2018-01-13 19:30:00	0.0	-2367.689873266897	0.0	-3262.2615066452336	0.0	-4120.88116747702	0.0	-3489.254951325036	0.0	-2090.182219227026	0.0	-8271.756934008425	0.0	-11254.34464357744
2018-01-13 19:40:00	0.0	-2360.7377091260355	0.0	-3250.952169129532	0.0	-4107.034711539557	0.0	-3477.271318705093	0.0	-2085.3174696249594	0.0	-8270.681601390872	0.0	-11193.58703768601
2018-01-13 19:50:00	0.0	-2353.8464114248386	0.0	-3239.7581048960433	0.0	-4093.3255617474506	0.0	-3465.4089173027824	0.0	-2080.489351845547	0.0	-8269.970240455208	0.0	-11133.82411809708
2018-01-13 20:00:00	0.0	-2329.316462092787	0.0	-3203.5413522318954	0.0	-4048.1865673615603	0.0	-3426.8321615600394	0.0	-2060.1522495185486	0.0	-8202.03331696952	0.0	-10989.598957178918
2018-01-13 20:10:00	0.0	-2322.5590141531156	0.0	-3192.592445219278	0.0	-4034.77212763607	0.0	-3415.2280036935244	0.0	-2055.4050821258365	0.0	-8201.726169586223	0.0	-10931.78355376809
2018-01-13 20:20:00	0.0	-2315.3475673983194	0.0	-3181.022464985924	0.0	-4020.5741900164217	0.0	-3402.9584266970965	0.0	-2050.2549568101863	0.0	-8201.502883371722	0.0	-10871.395813617735
2018-01-13 20:30:00	0.0	-2308.0030205882877	0.0	-3169.2896674506737	0.0	-4006.1647911220034	0.0	-3390.513297543697	0.0	-2044.9694297238914	0.0	-8201.552163025415	0.0	-10810.279473384344
2018-01-13 20:40:00	0.0	-2300.526052381976	0.0	-3157.3950169957347	0.0	-3991.5451463337167	0.0	-3377.893645373619	0.0	-2039.5492377960877	0.0	-8201.78152238468	0.0	-10748.443951376532
2018-01-13 20:50:00	0.0	-2292.917815265386	0.0	-3145.3401653737233	0.0	-3976.717341365276	0.0	-3365.101236496022	0.0	-2033.9953954750492	0.0	-8202.130009486837	0.0	-10685.901016137605
2018-01-13 21:00:00	0.0	-2285.1794519847967	0.0	-3133.1267465821284	0.0	-3961.683440094085	0.0	-3352.1378204688817	0.0	-2028.308909198558	0.0	-8202.557302749014	0.0	-10622.662255976846
2018-01-13 21:10:00	0.0	-2277.3120922436574	0.0	-3120.7563765225545	0.0	-3946.4454864793443	0.0	-3339.005125915331	0.0	-2022.4907777665055	0.0	-8203.036728375364	0.0	-10558.739062234486
2018-01-13 21:20:00	0.0	-2269.8749775803135	0.0	-3109.032862268439	0.0	-3932.0045592301435	0.0	-3326.561871955437	0.0	-2017.0240106937824	0.0	-8203.523483977635	0.0	-10510.030189305755
2018-01-13 21:30:00	0.0	-2262.5633030214212	0.0	-3097.520850616065	0.0	-3917.8223140622576	0.0	-3314.342711179374	0.0	-2011.655818138209	0.0	-8203.845306147226	0.0	-10486.27114996055
2018-01-13 21:40:00	0.0	-2255.3765599311623	0.0	-3089.2818689452315	0.0	-3903.8970187501145	0.0	-3302.6233909203415	0.0	-2006.3857243751143	0.0	-8204.058200234755	0.0	-10473.091469619641
2018-01-13 21:50:00	0.0	-2248.313813311614	0.0	-3084.0506546130264	0.0	-3890.226123941717	0.0	-3295.542432742863	0.0	-2001.2129904285387	0.0	-8204.199035317755	0.0	-10465.782588942575
2018-01-13 22:00:00	0.0	-2241.374135149527	0.0	-3080.6139701091925	0.0	-3880.0597749740455	0.0	-3290.889115782732	0.0	-1996.136883177341	0.0	-8204.292201459019	0.0	-10461.729397191491
2018-01-13 22:10:00	0.0	-2234.556607201903	0.0	-3078.3563855304124	0.0	-3873.594904689443	0.0	-3287.83173223099	0.0	-1991.1566748979992	0.0	-8204.353833331505	0.0	-10459.481670887859
2018-01-13 22:20:00	0.0	-2227.789634922709	0.0	-3076.873360550337	0.0	-3869.3512810309608	0.0	-3285.822929007552	0.0	-1986.2118895606834	0.0	-8204.394604449155	0.0	-10458.235178284935
2018-01-13 22:30:00	0.0	-2221.082199052902	0.0	-3075.8991498335463	0.0	-3866.5659149893872	0.0	-3284.5030781224905	0.0	-1981.3043397019694	0.0	-8204.421575624418	0.0	-10457.543926949473
2018-01-13 22:40:00	0.0	-2214.4338004469582	0.0	-3075.25918318871	0.0	-3864.7376979073642	0.0	-3283.635891959847	0.0	-1976.433743766788	0.0	-8204.439417771919	0.0	-10457.160588606619
2018-01-13 22:50:00	0.0	-2207.84392913912	0.0	-3074.838784090798	0.0	-3863.5377200057756	0.0	-3283.0661216553513	0.0	-1971.59982406246	0.0	-8204.451220825526	0.0	-10456.948005603059
2018-01-13 23:00:00	0.0	-2351.6003244436133	0.0	-3287.9678599918157	0.0	-4130.754486371342	0.0	-3510.5140087227073	0.0	-2098.787027183604	0.0	-8776.958585831935	0.0	-11182.274727025357
2018-01-13 23:10:00	0.0	-2339.824750061469	0.0	-3284.179455035004	0.0	-4125.624719438638	0.0	-3506.426768916762	0.0	-2090.2694154995047	0.0	-8770.501403273074	0.0	-11171.085265258114
2018-01-13 23:20:00	0.0	-2331.550384320118	0.0	-3284.2422758411462	0.0	-4125.581156001564	0.0	-3506.4718502642613	0.0	-2083.8437429798632	0.0	-8767.232468313552	0.0	-11172.27773357475
2018-01-13 23:30:00	0.0	-2326.6076624694992	0.0	-3284.3616490849176	0.0	-4125.651954295316	0.0	-3506.58471071741	0.0	-2077.32469605399	0.0	-8765.226368171694	0.0	-11173.321924158307
2018-01-13 23:40:00	0.0	-2323.4122246463	0.0	-3284.5217058662956	0.0	-4125.802592503172	0.0	-3506.7459100629508	0.0	-2070.71528541086	0.0	-8764.05656098413	0.0	-11174.292368012995
2018-01-13 23:50:00	0.0	-2321.3671819937053	0.0	-3284.7084828274587	0.0	-4126.00562758513	0.0	-3506.938864230424	0.0	-2064.0161894833805	0.0	-8763.439982103657	0.0	-11175.221904706088
2018-01-14 00:00:00	0.0	-2320.079158388491	0.0	-3284.9128124762015	0.0	-4126.2430541498525	0.0	-3507.1526823511726	0.0	-2057.228084593933	0.0	-8763.189377976749	0.0	-11176.128756156439
2018-01-14 00:10:00	0.0	-2319.2892926738696	0.0	-3285.1286726426088	0.0	-4126.503054068483	0.0	-3507.380208765017	0.0	-2050.476307690075	0.0	-8763.180875553391	0.0	-11177.02302738765
2018-01-14 00:20:00	0.0	-2318.886506163553	0.0	-3285.4357726181893	0.0	-4126.891089867431	0.0	-3507.7054674526776	0.0	-2046.2651435994617	0.0	-8763.310821909163	0.0	-11177.950401988011
2018-01-14 00:30:00	0.0	-2318.621296236014	0.0	-3285.63727261111	0.0	-4127.145460671512	0.0	-3507.9189203647375	0.0	-2043.5085737623956	0.0	-8763.396641345043	0.0	-11178.464161744005
2018-01-14 00:40:00	0.0	-2318.446774525454	0.0	-3285.769639729099	0.0	-4127.312421085404	0.0	-3508.059166276966	0.0	-2041.7043041682996	0.0	-8763.453413258687	0.0	-11178.74907107771
2018-01-14 00:50:00	0.0	-2318.3319301684946	0.0	-3285.8565926312326	0.0	-4127.422007954269	0.0	-3508.151312430648	0.0	-2040.5233476268857	0.0	-8763.490969338129	0.0	-11178.907069339351
2018-01-14 01:00:00	0.0	-2426.094634167249	0.0	-3439.014681252158	0.0	-4319.76573204138	0.0	-3671.655907341367	0.0	-2134.4724727609814	0.0	-9174.245004835348	0.0	-11699.439806061855
2018-01-14 01:10:00	0.0	-2424.775868482774	0.0	-3437.2233032576078	0.0	-4317.4726900645555	0.0	-3669.7477649231887	0.0	-2133.0456671798092	0.0	-9171.024609210537	0.0	-11693.897242146752
2018-01-14 01:20:00	0.0	-2424.945635156354	0.0	-3437.40680770419	0.0	-4317.741529598964	0.0	-3669.949580120511	0.0	-2132.8857307080416	0.0	-9169.471461175925	0.0	-11694.645797092773
2018-01-14 01:30:00	0.0	-2425.05597236082	0.0	-3437.5254107628875	0.0	-4317.915359570777	0.0	-3670.0800879952512	0.0	-2132.7802365460248	0.0	-9168.443404585918	0.0	-11695.056294038972
2018-01-14 01:40:00	0.0	-2425.128581753771	0.0	-3437.6033246652282	0.0	-4318.0294591652955	0.0	-3670.165838872796	0.0	-2132.711187875932	0.0	-9167.763320033737	0.0	-11695.283943019998
2018-01-14 01:50:00	0.0	-2425.1763624712316	0.0	-3437.654506816088	0.0	-4318.104350005979	0.0	-3670.2221799542203	0.0	-2132.6659931711133	0.0	-9167.313427058909	0.0	-11695.410187041729
2018-01-14 02:00:00	0.0	-2531.4309929199294	0.0	-3588.4963758915096	0.0	-4507.545915386607	0.0	-3831.2556125012784	0.0	-2225.940432069137	0.0	-9571.59881697973	0.0	-12208.130794855839
2018-01-14 02:10:00	0.0	-2530.1843880595375	0.0	-3586.6921038915425	0.0	-4505.241236170484	0.0	-3829.3347302298257	0.0	-2225.0011307551254	0.0	-9568.167799693083	0.0	-12202.583829881123
2018-01-14 02:20:00	0.0	-2530.399532222052	0.0	-3586.864074401829	0.0	-4505.498447848938	0.0	-3829.5248871040576	0.0	-2225.158791700441	0.0	-9566.470636958844	0.0	-12203.322158863495
2018-01-14 02:30:00	0.0	-2530.539733764881	0.0	-3586.9751063170493	0.0	-4505.664653229861	0.0	-3829.647741098182	0.0	-2225.2611778925507	0.0	-9565.347317525735	0.0	-12203.72699694577
2018-01-14 02:40:00	0.0	-2530.6319953539555	0.0	-3587.048046611781	0.0	-4505.773748207081	0.0	-3829.7284630480917	0.0	-2225.32819394267	0.0	-9564.604214957993	0.0	-12203.951507481694
2018-01-14 02:50:00	0.0	-2530.6927081822582	0.0	-3587.095961525257	0.0	-4505.845354133899	0.0	-3829.781499915597	0.0	-2225.3720581994025	0.0	-9564.112634481813	0.0	-12204.076010910507
2018-01-14 03:00:00	0.0	-2601.954814838405	0.0	-3688.243974345679	0.0	-4632.879418219203	0.0	-3937.7640054793837	0.0	-2287.9605898584045	0.0	-9835.062566743316	0.0	-12547.87540449754
2018-01-14 03:10:00	0.0	-2600.734632831129	0.0	-3686.467466239011	0.0	-4630.611969619795	0.0	-3935.8729876984867	0.0	-2287.0732638836616	0.0	-9831.62305788352	0.0	-12542.365437129733
2018-01-14 03:20:00	0.0	-2600.936092281176	0.0	-3686.6104362982114	0.0	-4630.832143330132	0.0	-3936.0320144037364	0.0	-2287.2435201879007	0.0	-9829.82687338908	0.0	-12543.009372920307
2018-01-14 03:30:00	0.0	-2601.0673303849294	0.0	-3686.702485873864	0.0	-4630.97413041971	0.0	-3936.1344886501856	0.0	-2287.354173204268	0.0	-9828.63814841394	0.0	-12543.362005354436
2018-01-14 03:40:00	0.0	-2601.1536934710657	0.0	-3686.7629564197905	0.0	-4631.06732920369	0.0	-3936.2018203126845	0.0	-2287.426600112594	0.0	-9827.851778939345	0.0	-12543.557564648669
2018-01-14 03:50:00	0.0	-2601.2105247530985	0.0	-3686.8026798560613	0.0	-4631.128501415167	0.0	-3936.2460593109317	0.0	-2287.474005937037	0.0	-9827.33157671904	0.0	-12543.666012929903
2018-01-14 04:00:00	0.0	-2601.2479226147943	0.0	-3686.8287744036866	0.0	-4631.168652580602	0.0	-3936.2751257126392	0.0	-2287.5050346290427	0.0	-9826.987450505527	0.0	-12543.726153412907
2018-01-14 04:10:00	0.0	-2601.2725323017344	0.0	-3686.845916058074	0.0	-4631.195006312897	0.0	-3936.2942232451555	0.0	-2287.5253439420653	0.0	-9826.759802782764	0.0	-12543.759504588726
2018-01-14 04:20:00	0.0	-2601.2887267220535	0.0	-3686.8571765067823	0.0	-4631.212303923031	0.0	-3936.306770919693	0.0	-2287.538637064299	0.0	-9826.609208368149	0.0	-12543.77799963355
2018-01-14 04:30:00	0.0	-2601.2993834707613	0.0	-3686.8645735585637	0.0	-4631.223657431262	0.0	-3936.3150151332243	0.0	-2287.547337855822	0.0	-9826.509586560209	0.0	-12543.788256143991
2018-01-14 04:40:00	0.0	-2601.3063961511025	0.0	-3686.86943272328	0.0	-4631.231109451985	0.0	-3936.3204318386647	0.0	-2287.5530328138516	0.0	-9826.443684351008	0.0	-12543.793943938072
2018-01-14 04:50:00	0.0	-2601.311010849912	0.0	-3686.87262473578	0.0	-4631.236000681335	0.0	-3936.3239907830875	0.0	-2287.556760353671	0.0	-9826.400088463046	0.0	-12543.797098129911
2018-01-14 05:00:00	0.0	-2671.71886575096	0.0	-3786.8311954418646	0.0	-4756.769353609609	0.0	-4043.035535565924	0.0	-2349.400966259926	0.0	-10094.537762334165	0.0	-12883.585257296067
2018-01-14 05:10:00	0.0	-2670.475483653003	0.0	-3785.0369354493037	0.0	-4754.475175192937	0.0	-4041.1248118833173	0.0	-2348.4972087409174	0.0	-10091.295972332699	0.0	-12878.04151229276
2018-01-14 05:20:00	0.0	-2670.6604716322554	0.0	-3785.166516729726	0.0	-4754.675554536956	0.0	-4041.269038057748	0.0	-2348.655851498908	0.0	-10089.628178908484	0.0	-12878.662269920163
2018-01-14 05:30:00	0.0	-2670.7808728543473	0.0	-3785.249774462285	0.0	-4754.804553814342	0.0	-4041.361791473348	0.0	-2348.758904295923	0.0	-10088.524391292643	0.0	-12879.002056040825
2018-01-14 05:40:00	0.0	-2670.860104675753	0.0	-3785.304469556414	0.0	-4754.889227817537	0.0	-4041.422736201178	0.0	-2348.8263565750253	0.0	-10087.794210444981	0.0	-12879.190491176665
2018-01-14 05:50:00	0.0	-2670.9122431955298	0.0	-3785.340399043256	0.0	-4754.944804643613	0.0	-4041.462778758509	0.0	-2348.8705063187954	0.0	-10087.311178699516	0.0	-12879.294988631924
2018-01-14 06:00:00	0.0	-2772.9314413397797	0.0	-3930.1564339185843	0.0	-4936.818498153766	0.0	-4196.063195797337	0.0	-2438.4800602210007	0.0	-10475.450509210905	0.0	-13371.551238559225
2018-01-14 06:10:00	0.0	-2771.691326723894	0.0	-3928.352119256488	0.0	-4934.514024412845	0.0	-4194.142268813385	0.0	-2437.582198445726	0.0	-10472.011526741431	0.0	-13366.011328822779
2018-01-14 06:20:00	0.0	-2771.6196895713792	0.0	-3928.112947188448	0.0	-4934.21543914097	0.0	-4193.896316438155	0.0	-2437.4326356420033	0.0	-10470.401472455573	0.0	-13366.540251984816
2018-01-14 06:30:00	0.0	-2771.8500757078114	0.0	-3928.3484272704136	0.0	-4934.520341248624	0.0	-4194.153295811183	0.0	-2437.596765485013	0.0	-10470.094376557778	0.0	-13368.717438126416
2018-01-14 06:40:00	0.0	-2772.279826824258	0.0	-3928.8964969451295	0.0	-4935.2224026950535	0.0	-4194.741573066354	0.0	-2437.9664012785065	0.0	-10470.649119042724	0.0	-13371.81074394065
2018-01-14 06:50:00	0.0	-2772.8407690399144	0.0	-3929.6499068552357	0.0	-4936.185142965467	0.0	-4195.547521600208	0.0	-2438.470547368024	0.0	-10471.773987287559	0.0	-13375.412084148822
2018-01-14 07:00:00	0.0	-2773.488041866353	0.0	-3930.5382061162773	0.0	-4937.3189825528425	0.0	-4196.496487048661	0.0	-2439.062734492263	0.0	-10473.276006673039	0.0	-13379.295157174343
2018-01-14 07:10:00	0.0	-2774.1921240032243	0.0	-3931.515114156872	0.0	-4938.565125595146	0.0	-4197.539418447863	0.0	-2439.7125478470243	0.0	-10475.027520078454	0.0	-13383.334464765961
2018-01-14 07:20:00	0.0	-2775.293035601906	0.0	-3933.0576618068458	0.0	-4940.571658225235	0.0	-4199.182210129022	0.0	-2440.8160311786933	0.0	-10476.812421802382	0.0	-13387.703498697205
2018-01-14 07:30:00	0.0	-2775.944616093539	0.0	-3933.9678039278333	0.0	-4941.756911500884	0.0	-4200.151571779658	0.0	-2441.469705602031	0.0	-10477.796300655125	0.0	-13389.635463898476
2018-01-14 07:40:00	0.0	-2776.3014557439283	0.0	-3934.4639461293905	0.0	-4942.405058768535	0.0	-4200.67999981825	0.0	-2441.829745362793	0.0	-10478.251152826115	0.0	-13390.219102931373
2018-01-14 07:50:00	0.0	-2776.464339990718	0.0	-3934.68812783128	0.0	-4942.700667372328	0.0	-4200.918718960573	0.0	-2441.997590882076	0.0	-10478.356040922337	0.0	-13390.055019367803
2018-01-14 08:00:00	0.0	-2776.4995919257217	0.0	-3934.733657430767	0.0	-4942.764883015582	0.0	-4200.967090632139	0.0	-2442.039639024233	0.0	-10478.229419839648	0.0	-13389.476283784488
2018-01-14 08:10:00	0.0	-2776.4508554947656	0.0	-3934.6618297036925	0.0	-4942.677221279064	0.0	-4200.890398262819	0.0	-2441.999348644804	0.0	-10477.949650179713	0.0	-13388.667601669995
2018-01-14 08:20:00	0.0	-2776.1991330957376	0.0	-3934.3043758402905	0.0	-4942.207676417958	0.0	-4200.510389306126	0.0	-2441.7342258274107	0.0	-10477.622675148394	0.0	-13387.631504018163
2018-01-14 08:30:00	0.0	-2776.1058075743913	0.0	-3934.1718860265246	0.0	-4942.030096019768	0.0	-4200.36981386666	0.0	-2441.6288267224	0.0	-10477.602737072397	0.0	-13387.545971494435
2018-01-14 08:40:00	0.0	-2776.116328186085	0.0	-3934.18658835769	0.0	-4942.04334828566	0.0	-4200.385924665036	0.0	-2441.6276514983683	0.0	-10477.785554146007	0.0	-13387.986279991268
2018-01-14 08:50:00	0.0	-2776.195185256922	0.0	-3934.2979827490853	0.0	-4942.181857085198	0.0	-4200.5049839439735	0.0	-2441.694694508825	0.0	-10478.102498730004	0.0	-13388.71819700943
2018-01-14 09:00:00	344.25440000000003	-2776.3190111289596	243.12080000000003	-3934.4728946102528	308.5469333333333	-4942.402579426089	257.7264	-4200.691683492529	203.55306666666667	-2441.806388561528	265.09226666666666	-10478.508171706493	919.1909333333334	-13389.611826495253
2018-01-14 09:10:00	344.25440000000003	-2776.273790398821	243.12080000000003	-3934.551225899347	308.5469333333333	-4942.491928509611	257.7264	-4200.775491199433	203.55306666666667	-2441.8586511343146	265.09226666666666	-10478.956158345454	919.1909333333334	-13390.405577849611
2018-01-14 09:20:00	344.25440000000003	-2776.690237594339	243.12080000000003	-3935.036373952367	308.5469333333333	-4943.120908143262	257.7264	-4201.292524466385	203.55306666666667	-2442.1853906169868	265.09226666666666	-10479.606439328085	919.1909333333334	-13391.99814067575
2018-01-14 09:30:00	344.25440000000003	-2776.963689358461	243.12080000000003	-3935.3544521491835	308.5469333333333	-4943.532903838901	257.7264	-4201.631568748539	203.55306666666667	-2442.3989467107895	265.09226666666666	-10480.036241673557	919.1909333333334	-13392.879912467917
2018-01-14 09:40:00	344.25440000000003	-2777.143634999341	243.12080000000003	-3935.563400042059	308.5469333333333	-4943.803323297077	257.7264	-4201.8543320065855	203.55306666666667	-2442.5387264504825	265.09226666666666	-10480.320566075585	919.1909333333334	-13393.368903578652
2018-01-14 09:50:00	344.25440000000003	-2777.26204817738	243.12080000000003	-3935.700658861169	308.5469333333333	-4943.980816282665	257.7264	-4202.000694177735	203.55306666666667	-2442.6302168434668	265.09226666666666	-10480.508653121462	919.1909333333334	-13393.640075199113
2018-01-14 10:00:00	1635.2084	-2777.3399699363586	1154.8238000000001	-3935.790824803187	1465.5979333333332	-4944.0973158884	1224.2004	-4202.096858534162	966.8770666666667	-2442.6901002862264	1259.1882666666668	-10480.633076971988	4366.156933333334	-13393.790454309612
2018-01-14 10:10:00	1635.2084	-2776.646352823563	1154.8238000000001	-3935.3314098382616	1465.5979333333332	-4943.478775017983	1224.2004	-4201.607540844248	966.8770666666667	-2442.396831893911	1259.1882666666668	-10480.65395298591	4366.156933333334	-13393.163011764438
2018-01-14 10:20:00	1635.2084	-2777.3164632377443	1154.8238000000001	-3935.8834508376713	1465.5979333333332	-4944.195634354959	1224.2004	-4202.197002531002	966.8770666666667	-2442.7270659927813	1259.1882666666668	-10481.361414155126	4366.156933333334	-13395.12016393241
2018-01-14 10:30:00	1635.2084	-2777.755936597971	1154.8238000000001	-3936.244872853468	1465.5979333333332	-4944.664494778772	1224.2004	-4202.582990919163	966.8770666666667	-2442.942669557128	1259.1882666666668	-10481.828684186867	4366.156933333334	-13396.202730397963
2018-01-14 10:40:00	1635.2084	-2778.045133898459	1154.8238000000001	-3936.482294350478	1465.5979333333332	-4944.972239274725	1224.2004	-4202.836598791726	966.8770666666667	-2443.0837896835183	1259.1882666666668	-10482.137794691767	4366.156933333334	-13396.803074527816
2018-01-14 10:50:00	1635.2084	-2778.235440099233	1154.8238000000001	-3936.638257608305	1465.5979333333332	-4945.174230985477	1224.2004	-4203.003226802661	966.8770666666667	-2443.176157403013	1259.1882666666668	-10482.34227830696	4366.156933333334	-13397.13599732778
2018-01-14 11:00:00	3958.9256	-2794.641009284838	2795.8892	-3959.8547875679146	3548.289733333333	-4974.334535000542	2963.8536	-4227.788286290832	2340.8602666666666	-2457.5367964735474	3048.5610666666666	-10544.491126424335	10570.695733333334	-13475.892700047454
2018-01-14 11:10:00	3958.9256	-2793.3733709806265	2795.8892	-3958.9754867019315	3548.289733333333	-4973.153252061098	2963.8536	-4226.851725542832	2340.8602666666666	-2456.9717736984835	3048.5610666666666	-10544.466201972571	10570.695733333334	-13474.699522581395
2018-01-14 11:20:00	3958.9256	-2794.6547885479304	2795.8892	-3960.0604783289477	3548.289733333333	-4974.568024452161	2963.8536	-4228.009714736747	2340.8602666666666	-2457.6370110830007	3048.5610666666666	-10545.714349017968	10570.695733333334	-13478.288996996136
2018-01-14 11:30:00	3958.9256	-2795.423201750903	2795.8892	-3960.6689773857847	3548.289733333333	-4975.363405771277	2963.8536	-4228.659390795217	2340.8602666666666	-2458.0034749018973	3048.5610666666666	-10546.342503263428	10570.695733333334	-13479.786156969276
2018-01-14 11:40:00	3958.9256	-2795.8569344825346	2795.8892	-3960.966982848358	3548.289733333333	-4975.755674022321	2963.8536	-4228.977790679837	2340.8602666666666	-2458.17553464854	3048.5610666666666	-10546.562060217044	10570.695733333334	-13480.128736079678
2018-01-14 11:50:00	3958.9256	-2796.070426981668	2795.8892	-3961.0610200721835	3548.289733333333	-4975.883349305459	2963.8536	-4229.078528266695	2340.8602666666666	-2458.2203494327773	3048.5610666666666	-10546.511319210429	10570.695733333334	-13479.831031743324
2018-01-14 12:00:00	5766.2612	-2727.300877614548	4072.2734000000005	-3863.2874437938617	5168.161133333333	-4853.098968252545	4316.9172	-4124.70009974518	3409.5138666666667	-2397.716093289973	4440.295466666667	-10284.068667418662	15396.448133333335	-13146.950200973679
2018-01-14 12:10:00	5766.2612	-2727.474833442625	4072.2734000000005	-3864.2267592382877	5168.161133333333	-4854.259307536302	4316.9172	-4125.700216374198	3409.5138666666667	-2398.8563214462115	4440.295466666667	-10286.855823724476	15396.448133333335	-13150.645714689119
2018-01-14 12:20:00	5766.2612	-2728.0598841856036	4072.2734000000005	-3864.527856048603	5168.161133333333	-4854.619617755274	4316.9172	-4126.017134323236	3409.5138666666667	-2399.762274740076	4440.295466666667	-10289.029661349108	15396.448133333335	-13151.696881141019
2018-01-14 12:30:00	5766.2612	-2728.7498643511926	4072.2734000000005	-3864.726098226708	5168.161133333333	-4854.856704724776	4316.9172	-4126.225846862308	3409.5138666666667	-2400.719183211719	4440.295466666667	-10290.467356865058	15396.448133333335	-13152.281013086777
2018-01-14 12:40:00	5766.2612	-2729.4925097093646	4072.2734000000005	-3864.8563238386387	5168.161133333333	-4855.012318746107	4316.9172	-4126.362976659451	3409.5138666666667	-2401.7263619080554	4440.295466666667	-10291.418426007105	15396.448133333335	-13152.604944146024
2018-01-14 12:50:00	5766.2612	-2730.2875580696355	4072.2734000000005	-3864.9418696790553	5168.161133333333	-4855.114457890904	4316.9172	-4126.45307511481	3409.5138666666667	-2402.78343217699	4440.295466666667	-10292.047580200684	15396.448133333335	-13152.784581303527
2018-01-14 13:00:00	6712.960800000001	-2693.7414752923787	4740.855600000001	-3811.9077358773757	6016.6652	-4788.508188881224	5025.6648000000005	-4069.8353457691	3969.2848000000004	-2371.0454411197557	5169.2992	-10150.027486189927	17924.223200000004	-12972.412995619237
2018-01-14 13:10:00	6712.960800000001	-2696.235014020581	4740.855600000001	-3813.1590168909916	6016.6652	-4790.080843956261	5025.6648000000005	-4071.1671867242612	3969.2848000000004	-2373.5529049391757	5169.2992	-10153.151890121087	17924.223200000004	-12977.552784512107
2018-01-14 13:20:00	6712.960800000001	-2697.961361035029	4740.855600000001	-3813.3604488796464	6016.6652	-4790.3053709056785	5025.6648000000005	-4071.3776430524968	3969.2848000000004	-2375.1151516928517	5169.2992	-10155.394886996342	17924.223200000004	-12978.054323772802
2018-01-14 13:30:00	6712.960800000001	-2699.4185408013045	4740.855600000001	-3813.595603477732	6016.6652	-4790.5840237372795	5025.6648000000005	-4071.625573530312	3969.2848000000004	-2376.434965733752	5169.2992	-10157.07483882334	17924.223200000004	-12978.929855110051
2018-01-14 13:40:00	6712.960800000001	-2700.6082257007884	4740.855600000001	-3813.851879505386	6016.6652	-4790.896814706812	5025.6648000000005	-4071.8970152138927	3969.2848000000004	-2377.5134347347143	5169.2992	-10158.382302066297	17924.223200000004	-12979.903315823933
2018-01-14 13:50:00	6712.960800000001	-2701.5327481805098	4740.855600000001	-3814.1220318118194	6016.6652	-4791.232014804687	5025.6648000000005	-4072.1839060741013	3969.2848000000004	-2378.3523770178267	5169.2992	-10159.443355434272	17924.223200000004	-12980.931215801178
2018-01-14 14:00:00	6454.77	-2703.690675849929	4558.515	-3816.5257652867704	5785.255	-4794.249927219096	4832.37	-4074.748935003744	3816.6200000000003	-2380.26784088329	4970.4800000000005	-10166.04109505648	17234.83	-12989.2110413162
2018-01-14 14:10:00	6454.77	-2704.5574377837756	4558.515	-3817.0874612694397	5785.255	-4794.969035108723	4832.37	-4075.347020149772	3816.6200000000003	-2380.903798622023	4970.4800000000005	-10167.16382688268	17234.83	-12990.974036240954
2018-01-14 14:20:00	6454.77	-2705.122574427306	4558.515	-3817.37224820306	5785.255	-4795.331577643497	4832.37	-4075.649113423354	3816.6200000000003	-2381.4538982976164	4970.4800000000005	-10167.911819003715	17234.83	-12991.686531265492
2018-01-14 14:30:00	6454.77	-2705.624622557073	4558.515	-3817.5594461975643	5785.255	-4795.5696986834155	4832.37	-4075.8477283010425	3816.6200000000003	-2381.942387397955	4970.4800000000005	-10168.406627680932	17234.83	-12992.081968044175
2018-01-14 14:40:00	6454.77	-2706.0638289582084	4558.515	-3817.682417343355	5785.255	-4795.725992120459	4832.37	-4075.978224183794	3816.6200000000003	-2382.3697052728894	4970.4800000000005	-10168.733955177067	17234.83	-12992.301258675077
2018-01-14 14:50:00	6454.77	-2706.4407573616963	4558.515	-3817.763197716108	5785.255	-4795.828577242448	4832.37	-4076.0639639836527	3816.6200000000003	-2382.7363126501996	4970.4800000000005	-10168.950489956518	17234.83	-12992.422867154983
2018-01-14 15:00:00	5163.816000000001	-2689.8549959133115	3646.8120000000004	-3793.819024684127	4628.204	-4765.759054290516	3865.896	-4050.5018864276017	3053.2960000000003	-2368.1976437837293	3976.3840000000005	-10104.711949938019	13787.864000000001	-12910.91590405996
2018-01-14 15:10:00	5163.816000000001	-2691.163993214578	3646.8120000000004	-3794.3865932291546	4628.204	-4766.516911253533	3865.896	-4051.106485190966	3053.2960000000003	-2368.891083627105	3976.3840000000005	-10104.872181875082	13787.864000000001	-12911.681523815603
2018-01-14 15:20:00	5163.816000000001	-2690.6218325593463	3646.8120000000004	-3793.882451502689	4628.204	-4765.861362524403	3865.896	-4050.567901329583	3053.2960000000003	-2368.7609103400328	3976.3840000000005	-10104.23903676843	13787.864000000001	-12909.74463422445
2018-01-14 15:30:00	5163.816000000001	-2690.087226894995	3646.8120000000004	-3793.5525283369034	4628.204	-4765.43278941346	3865.896	-4050.2153775196057	3053.2960000000003	-2368.6325865147546	3976.3840000000005	-10103.820976594225	13787.864000000001	-12908.673373081228
2018-01-14 15:40:00	5163.816000000001	-2689.5574729034324	3646.8120000000004	-3793.3357983115466	4628.204	-4765.151487610961	3865.896	-4049.9837565963617	3053.2960000000003	-2368.505228235229	3976.3840000000005	-10103.544419156984	13787.864000000001	-12908.079297447299
2018-01-14 15:50:00	5163.816000000001	-2689.032532402308	3646.8120000000004	-3793.1934272334292	4628.204	-4764.966851683794	3865.896	-4049.8315745207246	3053.2960000000003	-2368.378829219787	3976.3840000000005	-10103.361469924554	13787.864000000001	-12907.749850407467
2018-01-14 16:00:00	3012.226	-2827.7322955118134	2127.3070000000002	-3990.774241190312	2699.7856666666667	-5013.094324872428	2255.1059999999998	-4260.760130996267	1781.0893333333333	-2490.5362080404366	2319.5573333333336	-10633.579658913517	8042.920666666668	-13579.526817384947
2018-01-14 16:10:00	3012.226	-2822.6371520485372	2127.3070000000002	-3987.295849457697	2699.7856666666667	-5008.699181365447	2255.1059999999998	-4257.056029504678	1781.0893333333333	-2486.6649328215226	2319.5573333333336	-10625.88224577146	8042.920666666668	-13567.345615338174
2018-01-14 16:20:00	3012.226	-2819.4293321351233	2127.3070000000002	-3986.789528051254	2699.7856666666667	-5008.123824650166	2255.1059999999998	-4256.5282680268065	1781.0893333333333	-2484.753981811785	2319.5573333333336	-10620.671381599306	8042.920666666668	-13565.562887619235
2018-01-14 16:30:00	3012.226	-2817.363862172714	2127.3070000000002	-3986.3525352935485	2699.7856666666667	-5007.61280327959	2255.1059999999998	-4256.070180222113	1781.0893333333333	-2483.0868135372484	2319.5573333333336	-10617.028240044945	8042.920666666668	-13564.08007314344
2018-01-14 16:40:00	3012.226	-2815.9326096873765	2127.3070000000002	-3985.963766443755	2699.7856666666667	-5007.1476166152825	2255.1059999999998	-4255.660760831495	1781.0893333333333	-2481.6633968858505	2319.5573333333336	-10614.422263577444	8042.920666666668	-13562.770164568523
2018-01-14 16:50:00	3012.226	-2814.9188593362815	2127.3070000000002	-3985.606672234724	2699.7856666666667	-5006.712508814796	2255.1059999999998	-4255.283313867954	1781.0893333333333	-2480.481894034826	2319.5573333333336	-10612.502395009173	8042.920666666668	-13561.556133448536
2018-01-14 17:00:00	774.5724	-2848.5890149190695	547.0218000000001	-4034.123611671227	694.2306	-5067.64925912488	579.8844	-4307.080442132148	457.99440000000004	-2509.7632028060925	596.4576000000001	-10742.10739118268	2068.1796000000004	-13726.463293569808
2018-01-14 17:10:00	774.5724	-2848.579650263848	547.0218000000001	-4033.629899133458	694.2306	-5067.083365966173	579.8844	-4306.555942534774	457.99440000000004	-2508.700377148733	596.4576000000001	-10739.119043983203	2068.1796000000004	-13723.24886414256
2018-01-14 17:20:00	774.5724	-2847.070436891329	547.0218000000001	-4032.394018378698	694.2306	-5065.504791015621	579.8844	-4305.24175922914	457.99440000000004	-2506.7602797895993	596.4576000000001	-10736.03648836575	2068.1796000000004	-13719.124420359536
2018-01-14 17:30:00	774.5724	-2846.079290461356	547.0218000000001	-4031.583461020621	694.2306	-5064.470457741268	579.8844	-4304.379690778314	457.99440000000004	-2504.893220737816	596.4576000000001	-10733.998475013417	2068.1796000000004	-13716.84002023028
2018-01-14 17:40:00	774.5724	-2845.4270645789575	547.0218000000001	-4031.051000722896	694.2306	-5063.791558790199	579.8844	-4303.813284229269	457.99440000000004	-2503.663710731807	596.4576000000001	-10732.65028274449	2068.1796000000004	-13715.573196445852
2018-01-14 17:50:00	774.5724	-2844.9978677759345	547.0218000000001	-4030.701225373982	694.2306	-5063.345955804352	579.8844	-4303.441138317912	457.99440000000004	-2502.859941789078	596.4576000000001	-10731.75842365399	2068.1796000000004	-13714.870675830474
2018-01-14 18:00:00	0.0	-2844.715435106227	0.0	-4030.4714565139175	0.0	-5063.053479254791	0.0	-4303.196627408465	0.0	-2502.333848058358	0.0	-10731.168439082172	0.0	-13714.481091087782
2018-01-14 18:10:00	0.0	-2844.9762828813355	0.0	-4030.6315449210056	0.0	-5063.278294976258	0.0	-4303.367303487528	0.0	-2502.188876869843	0.0	-10730.814991839761	0.0	-13714.691324246696
2018-01-14 18:20:00	0.0	-2844.8168541320647	0.0	-4030.7109999624804	0.0	-5063.410614565016	0.0	-4303.448891009194	0.0	-2502.179489388052	0.0	-10730.039024501915	0.0	-13713.658544679814
2018-01-14 18:30:00	0.0	-2844.3764194694218	0.0	-4030.2880333281446	0.0	-5062.891126889342	0.0	-4302.995867498751	0.0	-2501.8566339241747	0.0	-10728.61109141495	0.0	-13710.809514634524
2018-01-14 18:40:00	0.0	-2843.7510753770393	0.0	-4029.535664260908	0.0	-5061.944690275976	0.0	-4302.192271237378	0.0	-2501.329023009782	0.0	-10726.752261149386	0.0	-13706.954636719387
2018-01-14 18:50:00	0.0	-2843.004051382775	0.0	-4028.566908020883	0.0	-5060.71802009268	0.0	-4301.158336839991	0.0	-2500.6673929582594	0.0	-10724.608382427961	0.0	-13702.541960421304
2018-01-14 19:00:00	0.0	-2855.738446421022	0.0	-4046.7100061314823	0.0	-5083.487463107346	0.0	-4320.527790143055	0.0	-2511.8299888255874	0.0	-10773.933864816028	0.0	-13763.2711869343
2018-01-14 19:10:00	0.0	-2854.610319364583	0.0	-4045.1476411858403	0.0	-5081.498222668817	0.0	-4318.861742070542	0.0	-2510.842685411611	0.0	-10770.833403200138	0.0	-13757.271259116813
2018-01-14 19:20:00	0.0	-2853.3879283693177	0.0	-4043.4211719331192	0.0	-5079.268987427349	0.0	-4317.024322638841	0.0	-2509.631116235552	0.0	-10768.088258756728	0.0	-13752.172655271763
2018-01-14 19:30:00	0.0	-2852.584170499466	0.0	-4042.28804404454	0.0	-5077.807167330475	0.0	-4315.818147676372	0.0	-2508.8386953225545	0.0	-10766.273016729852	0.0	-13749.347344906539
2018-01-14 19:40:00	0.0	-2852.055257391919	0.0	-4041.543686375047	0.0	-5076.847683332486	0.0	-4315.025653511698	0.0	-2508.3200297068906	0.0	-10765.072193283006	0.0	-13747.780558988747
2018-01-14 19:50:00	0.0	-2851.707206517646	0.0	-4041.0547148411947	0.0	-5076.217915272184	0.0	-4314.504961398085	0.0	-2507.9805463635544	0.0	-10764.277822063272	0.0	-13746.911693710816
2018-01-14 20:00:00	0.0	-2837.9162287065624	0.0	-4021.4788722976946	0.0	-5051.623695183502	0.0	-4293.607448068646	0.0	-2495.845964732539	0.0	-10712.093318443525	0.0	-13680.9768406248
2018-01-14 20:10:00	0.0	-2838.0139578289895	0.0	-4021.6261012710615	0.0	-5051.8104759701155	0.0	-4293.764165984011	0.0	-2495.8811533816715	0.0	-10712.389261761777	0.0	-13681.816633968534
2018-01-14 20:20:00	0.0	-2837.804516292249	0.0	-4021.357977835034	0.0	-5051.452139080577	0.0	-4293.477789166984	0.0	-2495.6692261728454	0.0	-10712.518226798393	0.0	-13681.496019337092
2018-01-14 20:30:00	0.0	-2837.7390475901525	0.0	-4021.2841938901897	0.0	-5051.347584970705	0.0	-4293.39876150663	0.0	-2495.5986058097114	0.0	-10712.799721525504	0.0	-13681.807244099598
2018-01-14 20:40:00	0.0	-2837.767861741524	0.0	-4021.3374071754574	0.0	-5051.408701021085	0.0	-4293.455254325551	0.0	-2495.620159010886	0.0	-10713.181840797017	0.0	-13682.467320471895
2018-01-14 20:50:00	0.0	-2837.858719296162	0.0	-4021.474046442717	0.0	-5051.57855797344	0.0	-4293.60078914467	0.0	-2495.7020430879124	0.0	-10713.630525728966	0.0	-13683.320855412809
2018-01-14 21:00:00	0.0	-2837.990404483974	0.0	-4021.6654885952557	0.0	-5051.819788188416	0.0	-4293.80482721663	0.0	-2495.8234156548165	0.0	-10714.123245321558	0.0	-13684.28167334239
2018-01-14 21:10:00	0.0	-2838.148956227132	0.0	-4021.8929309363607	0.0	-5052.107865103771	0.0	-4294.047303610496	0.0	-2495.970634752261	0.0	-10714.645094818952	0.0	-13685.301985244942
2018-01-14 21:20:00	0.0	-2838.3990076065334	0.0	-4022.2482342336193	0.0	-5052.567714823036	0.0	-4294.425550246385	0.0	-2496.220196130377	0.0	-10715.159175595702	0.0	-13686.405212590393
2018-01-14 21:30:00	0.0	-2838.5633607840464	0.0	-4022.4813412949406	0.0	-5052.869142619702	0.0	-4294.673755874991	0.0	-2496.3833821715143	0.0	-10715.499073423845	0.0	-13687.01636287168
2018-01-14 21:40:00	0.0	-2838.671513538324	0.0	-4022.634470696104	0.0	-5053.0669887466565	0.0	-4294.836834789284	0.0	-2496.4901928667423	0.0	-10715.723923564503	0.0	-13687.355278723897
2018-01-14 21:50:00	0.0	-2838.7426833857385	0.0	-4022.7350620266448	0.0	-5053.196847284437	0.0	-4294.943982475672	0.0	-2496.560103912281	0.0	-10715.872666920024	0.0	-13687.543225442474
2018-01-14 22:00:00	0.0	-2754.274842365452	0.0	-3902.8112068151995	0.0	-4902.5931278194175	0.0	-4166.918384792405	0.0	-2422.37080609675	0.0	-10394.046976919664	0.0	-13279.762271864349
2018-01-14 22:10:00	0.0	-2755.5584276515287	0.0	-3904.6605593365102	0.0	-4904.959077627864	0.0	-4168.887965666078	0.0	-2423.3109648660393	0.0	-10397.33614853427	0.0	-13285.375416725381
2018-01-14 22:20:00	0.0	-2755.3882057905694	0.0	-3904.5492193238574	0.0	-4904.782451006602	0.0	-4168.763121469971	0.0	-2423.168135810399	0.0	-10398.998067730738	0.0	-13284.749900028877
2018-01-14 22:30:00	0.0	-2755.2775361580902	0.0	-3904.4779688438102	0.0	-4904.669075153514	0.0	-4168.6831290787795	0.0	-2423.0754415394854	0.0	-10400.09800732497	0.0	-13284.407524498196
2018-01-14 22:40:00	0.0	-2755.2047082450576	0.0	-3904.4311613808236	0.0	-4904.594655793945	0.0	-4168.630568743432	0.0	-2423.014769285232	0.0	-10400.825641896237	0.0	-13284.217653551077
2018-01-14 22:50:00	0.0	-2755.156783852849	0.0	-3904.4004133446697	0.0	-4904.54580977091	0.0	-4168.596035018131	0.0	-2422.9750573146625	0.0	-10401.30698877095	0.0	-13284.112359978853
2018-01-14 23:00:00	0.0	-2685.781631870889	0.0	-3805.9297826519237	0.0	-4780.875053165355	0.0	-4063.4719569541353	0.0	-2362.039639292586	0.0	-10137.493613157263	0.0	-12949.387817032832
2018-01-14 23:10:00	0.0	-2687.0054899493693	0.0	-3807.7110771631287	0.0	-4783.148878648682	0.0	-4065.368157816572	0.0	-2362.927459149009	0.0	-10140.926458341808	0.0	-12954.898430112908
2018-01-14 23:20:00	0.0	-2686.7495740784725	0.0	-3807.491077337672	0.0	-4782.8242271599975	0.0	-4065.1275559202113	0.0	-2362.6906919648804	0.0	-10142.745167810146	0.0	-12954.223172840626
2018-01-14 23:30:00	0.0	-2686.640235143885	0.0	-3807.4300958310064	0.0	-4782.717890951555	0.0	-4065.058563142562	0.0	-2362.5909153769567	0.0	-10144.105833158792	0.0	-12954.244116160904
2018-01-14 23:40:00	0.0	-2686.6258659494474	0.0	-3807.4714739012516	0.0	-4782.752005200032	0.0	-4065.1000630436015	0.0	-2362.57989109848	0.0	-10145.162848163196	0.0	-12954.646162925093
2018-01-14 23:50:00	0.0	-2686.6739935143987	0.0	-3807.580095414488	0.0	-4782.878309911212	0.0	-4065.21416332323	0.0	-2362.6269591474766	0.0	-10146.018992038902	0.0	-12955.259557900685
2018-01-15 00:00:00	0.0	-2686.7632470981493	0.0	-3807.7328894866864	0.0	-4783.0651249898	0.0	-4065.375964261812	0.0	-2362.712050523155	0.0	-10146.742254989884	0.0	-12955.990156912632
2018-01-15 00:10:00	0.0	-2686.8795636751033	0.0	-3807.914700769332	0.0	-4783.29165680137	0.0	-4065.56910598925	0.0	-2362.8220294108582	0.0	-10147.377614110557	0.0	-12956.785751905045
2018-01-15 00:20:00	0.0	-2687.0728130858374	0.0	-3808.199039328859	0.0	-4783.657206598061	0.0	-4065.871353374448	0.0	-2363.0167165780176	0.0	-10147.933166868464	0.0	-12957.657374859675
2018-01-15 00:30:00	0.0	-2687.199826169678	0.0	-3808.385587729	0.0	-4783.896819159497	0.0	-4066.0696876888883	0.0	-2363.1440175058706	0.0	-10148.300535239838	0.0	-12958.140217592923
2018-01-15 00:40:00	0.0	-2687.2834073588883	0.0	-3808.5081326556956	0.0	-4784.054092283656	0.0	-4066.199999777047	0.0	-2363.2273402928945	0.0	-10148.543558136049	0.0	-12958.407980540765
2018-01-15 00:50:00	0.0	-2687.3384079761345	0.0	-3808.5886330400685	0.0	-4784.157320431435	0.0	-4066.2856188151154	0.0	-2363.2818778030987	0.0	-10148.704323449612	0.0	-12958.556469527453
2018-01-15 01:00:00	0.0	-2687.3746011428134	0.0	-3808.6415141514904	0.0	-4784.225075495269	0.0	-4066.341873149049	0.0	-2363.3175744010377	0.0	-10148.810673453963	0.0	-12958.638814674377
2018-01-15 01:10:00	0.0	-2687.3984180630587	0.0	-3808.6762520222087	0.0	-4784.269547364364	0.0	-4066.3788339717557	0.0	-2363.340939000905	0.0	-10148.88102646218	0.0	-12958.68447949688
2018-01-15 01:20:00	0.0	-2687.4140907919746	0.0	-3808.6990715059474	0.0	-4784.298737022365	0.0	-4066.4031183658535	0.0	-2363.3562319016	0.0	-10148.927566617915	0.0	-12958.709803102369
2018-01-15 01:30:00	0.0	-2687.4244042342298	0.0	-3808.7140617407313	0.0	-4784.317896013219	0.0	-4066.419073957581	0.0	-2363.366241609137	0.0	-10148.958354016362	0.0	-12958.723846406587
2018-01-15 01:40:00	0.0	-2687.4311909968756	0.0	-3808.72390890211	0.0	-4784.33047125241	0.0	-4066.4295572706947	0.0	-2363.3727932926395	0.0	-10148.978720598474	0.0	-12958.731634175732
2018-01-15 01:50:00	0.0	-2687.43565702733	0.0	-3808.730377552441	0.0	-4784.338725165245	0.0	-4066.4364451289334	0.0	-2363.3770815854186	0.0	-10148.992193567541	0.0	-12958.735952913516
2018-01-15 02:00:00	0.0	-2682.5073610309632	0.0	-3801.7335391742045	0.0	-4775.5518438554955	0.0	-4058.966913546155	0.0	-2359.0484281624554	0.0	-10130.218144464152	0.0	-12934.939279526254
2018-01-15 02:10:00	0.0	-2682.512142281844	0.0	-3801.740316037049	0.0	-4775.560684636965	0.0	-4058.974162562364	0.0	-2359.0521531968297	0.0	-10130.225202138821	0.0	-12934.945518826742
2018-01-15 02:20:00	0.0	-2682.510982512571	0.0	-3801.7382067506346	0.0	-4775.557949356622	0.0	-4058.971875982223	0.0	-2359.0516262503866	0.0	-10130.216756068437	0.0	-12934.933053067536
2018-01-15 02:30:00	0.0	-2682.51022503524	0.0	-3801.7368305015416	0.0	-4775.556166642038	0.0	-4058.9703837396764	0.0	-2359.051284445586	0.0	-10130.211182636973	0.0	-12934.926159342118
2018-01-15 02:40:00	0.0	-2682.509726569548	0.0	-3801.73592642315	0.0	-4775.554996516695	0.0	-4058.969403275998	0.0	-2359.0510607198357	0.0	-10130.207495667275	0.0	-12934.922336376363
2018-01-15 02:50:00	0.0	-2682.509398554104	0.0	-3801.735332529454	0.0	-4775.554228490537	0.0	-4058.968759081274	0.0	-2359.050914283953	0.0	-10130.20505665072	0.0	-12934.920216335691
2018-01-15 03:00:00	0.0	-2671.0228934447314	0.0	-3785.427362640715	0.0	-4755.0738897473475	0.0	-4041.5590718288536	0.0	-2348.961578811418	0.0	-10086.452459104208	0.0	-12879.484047044767
2018-01-15 03:10:00	0.0	-2671.029384029618	0.0	-3785.436390224231	0.0	-4755.085869638938	0.0	-4041.568753408939	0.0	-2348.9659136869723	0.0	-10086.454097408583	0.0	-12879.494835366102
2018-01-15 03:20:00	0.0	-2671.0236242387323	0.0	-3785.4270366573214	0.0	-4755.073843582679	0.0	-4041.558693035941	0.0	-2348.9618438459784	0.0	-10086.424630304153	0.0	-12879.463719225061
2018-01-15 03:30:00	0.0	-2671.0198473070536	0.0	-3785.420914037707	0.0	-4755.065979532922	0.0	-4041.552106616133	0.0	-2348.9591872203305	0.0	-10086.40516936976	0.0	-12879.44650839797
2018-01-15 03:40:00	0.0	-2671.0173618784784	0.0	-3785.416892026112	0.0	-4755.060817822923	0.0	-4041.54777910187	0.0	-2348.9574483635515	0.0	-10086.392295471494	0.0	-12879.436964010665
2018-01-15 03:50:00	0.0	-2671.0157263415363	0.0	-3785.4142499459085	0.0	-4755.057429870642	0.0	-4041.5449357918856	0.0	-2348.9563102243596	0.0	-10086.383779086087	0.0	-12879.431671132406
2018-01-15 04:00:00	0.0	-2621.816689793134	0.0	-3715.5640892447723	0.0	-4667.336223278477	0.0	-3966.975919659396	0.0	-2305.741417940914	0.0	-9898.984866480352	0.0	-12641.9901828818
2018-01-15 04:10:00	0.0	-2622.6879970224504	0.0	-3716.820257243307	0.0	-4668.942623082272	0.0	-3968.3136591173366	0.0	-2306.3748626962974	0.0	-9901.237798015512	0.0	-12645.871102947161
2018-01-15 04:20:00	0.0	-2622.5589570757747	0.0	-3716.7294712698776	0.0	-4668.8024064579895	0.0	-3968.212639008339	0.0	-2306.2642168287784	0.0	-9902.394567519501	0.0	-12645.436125211107
2018-01-15 04:30:00	0.0	-2622.4749739292106	0.0	-3716.6711396196088	0.0	-4668.712140023603	0.0	-3968.147671782544	0.0	-2306.192344643812	0.0	-9903.16015028039	0.0	-12645.198028483
2018-01-15 04:40:00	0.0	-2622.4197075389616	0.0	-3716.63281937675	0.0	-4668.6528898910765	0.0	-3968.1049842793045	0.0	-2306.1453013355144	0.0	-9903.666601109646	0.0	-12645.065987136506
2018-01-15 04:50:00	0.0	-2622.3833394629396	0.0	-3716.6076466021427	0.0	-4668.614000318184	0.0	-3968.0769372664445	0.0	-2306.1145099271716	0.0	-9904.001630376504	0.0	-12644.992763036551
2018-01-15 05:00:00	0.0	-2671.5571813570855	0.0	-3786.4391829180654	0.0	-4756.3070275264345	0.0	-4042.6252857614113	0.0	-2349.308382069832	0.0	-10091.614740275654	0.0	-12882.389692282282
2018-01-15 05:10:00	0.0	-2670.6697221068334	0.0	-3785.171447391027	0.0	-4754.682971671715	0.0	-4041.2746749859366	0.0	-2348.6614803501343	0.0	-10089.50541863059	0.0	-12878.485966411841
2018-01-15 05:20:00	0.0	-2670.787891679513	0.0	-3785.25431949077	0.0	-4754.81118857311	0.0	-4041.3669011293287	0.0	-2348.7631376464815	0.0	-10088.443534634278	0.0	-12878.907407761268
2018-01-15 05:30:00	0.0	-2670.8647221804376	0.0	-3785.307453347403	0.0	-4754.89358001245	0.0	-4041.4260913855887	0.0	-2348.8291268688668	0.0	-10087.740721498654	0.0	-12879.137999827273
2018-01-15 05:40:00	0.0	-2670.9152817474105	0.0	-3785.342359113666	0.0	-4754.947661264566	0.0	-4041.4649832207997	0.0	-2348.872319568217	0.0	-10087.275794508225	0.0	-12879.26587934774
2018-01-15 05:50:00	0.0	-2670.948552482886	0.0	-3785.3652888896704	0.0	-4754.983158160898	0.0	-4041.4905363503663	0.0	-2348.9005906160055	0.0	-10086.968234406573	0.0	-12879.336795445124
2018-01-15 06:00:00	0.0	-2583.9539460132023	0.0	-3661.8394074088847	0.0	-4599.857835990458	0.0	-3909.6203704276227	0.0	-2272.4861562493343	0.0	-9755.322921027493	0.0	-12459.418395486575
2018-01-15 06:10:00	0.0	-2585.224087797201	0.0	-3663.659458701743	0.0	-4602.18861718013	0.0	-3911.5592292491638	0.0	-2273.410536706757	0.0	-9758.416821285087	0.0	-12465.004819516033
2018-01-15 06:20:00	0.0	-2584.755618778423	0.0	-3663.120208484116	0.0	-4601.436140632293	0.0	-3910.980759576252	0.0	-2272.9240188415583	0.0	-9760.04702991635	0.0	-12464.158427209117
2018-01-15 06:30:00	0.0	-2584.7279608600697	0.0	-3663.162917467877	0.0	-4601.448970498062	0.0	-3911.0239446791647	0.0	-2272.8695526505667	0.0	-9761.88560569026	0.0	-12465.584569335133
2018-01-15 06:40:00	0.0	-2584.9882762997254	0.0	-3663.5848781060754	0.0	-4601.959993668888	0.0	-3911.4723103782594	0.0	-2273.096460956749	0.0	-9763.860778680744	0.0	-12468.263906802724
2018-01-15 06:50:00	0.0	-2585.438095455583	0.0	-3664.2559754865265	0.0	-4602.7980187386265	0.0	-3912.18689690912	0.0	-2273.5075398996128	0.0	-9765.926315327388	0.0	-12471.638217765885
2018-01-15 07:00:00	0.0	-2586.0126180096668	0.0	-3665.0907326212455	0.0	-4603.850675427619	0.0	-3913.0763991737517	0.0	-2274.0391643364414	0.0	-9768.051629711446	0.0	-12475.397930157706
2018-01-15 07:10:00	0.0	-2586.6692012008652	0.0	-3666.0329981313384	0.0	-4605.04420876257	0.0	-3914.08082607621	0.0	-2274.6496903306047	0.0	-9770.216488484355	0.0	-12479.371367399022
2018-01-15 07:20:00	0.0	-2587.7397142329455	0.0	-3667.5540014017274	0.0	-4607.017810189496	0.0	-3915.6996079753476	0.0	-2275.728371462396	0.0	-9772.275672024007	0.0	-12483.706739786185
2018-01-15 07:30:00	0.0	-2588.3711928363336	0.0	-3668.4498521261744	0.0	-4608.181271351904	0.0	-3916.6530464849593	0.0	-2276.3657196711647	0.0	-9773.440731471012	0.0	-12485.619379689084
2018-01-15 07:40:00	0.0	-2588.714708418313	0.0	-3668.9364705807625	0.0	-4608.814942076299	0.0	-3917.170867899165	0.0	-2276.7149827648605	0.0	-9774.01517680811	0.0	-12486.191648882934
2018-01-15 07:50:00	0.0	-2588.8687284448283	0.0	-3669.1542599479517	0.0	-4609.100875162135	0.0	-3917.402473015809	0.0	-2276.8756837377637	0.0	-9774.198915797066	0.0	-12486.020605392732
2018-01-15 08:00:00	0.0	-2585.582790210678	0.0	-3664.488652067216	0.0	-4603.247540127034	0.0	-3912.421246653412	0.0	-2274.0009296175567	0.0	-9761.496567741586	0.0	-12469.437348352652
2018-01-15 08:10:00	0.0	-2585.531969546076	0.0	-3664.416519186863	0.0	-4603.158974852972	0.0	-3912.3441165918985	0.0	-2274.1478590171632	0.0	-9761.251642458594	0.0	-12468.628791865613
2018-01-15 08:20:00	0.0	-2585.2756782235488	0.0	-3664.054026483643	0.0	-4602.682529372275	0.0	-3911.9586266561037	0.0	-2273.807220136922	0.0	-9760.938700373557	0.0	-12467.581245361926
2018-01-15 08:30:00	0.0	-2585.1794490313714	0.0	-3663.918373079736	0.0	-4602.500607094729	0.0	-3911.814606289985	0.0	-2273.659069623115	0.0	-9760.928323116996	0.0	-12467.490045275677
2018-01-15 08:40:00	0.0	-2585.1881570470996	0.0	-3663.9311360320003	0.0	-4602.511186589739	0.0	-3911.828601655669	0.0	-2273.629997864028	0.0	-9761.117732702543	0.0	-12467.927877047669
2018-01-15 08:50:00	0.0	-2585.265919617895	0.0	-3664.0413954201963	0.0	-4602.648118405195	0.0	-3911.946419218868	0.0	-2273.6788743310544	0.0	-9761.43930647806	0.0	-12468.659087574326
2018-01-15 09:00:00	172.12720000000002	-2588.7043884806935	121.56040000000002	-3668.922508750225	154.27346666666665	-4608.779017566929	128.8632	-3917.1572360895916	101.77653333333333	-2276.690810349708	132.54613333333333	-9774.475927609035	459.5954666666667	-12485.552996143671
2018-01-15 09:10:00	172.12720000000002	-2588.756123475758	121.56040000000002	-3669.066954457454	154.27346666666665	-4608.956962721686	128.8632	-3917.311439701284	101.77653333333333	-2276.778439449578	132.54613333333333	-9774.933774152827	459.5954666666667	-12486.438892598673
2018-01-15 09:20:00	172.12720000000002	-2589.089461708088	121.56040000000002	-3669.4865334742967	154.27346666666665	-4609.500690782736	128.8632	-3917.7584649438395	101.77653333333333	-2277.0609972171956	132.54613333333333	-9775.507266042694	459.5954666666667	-12487.787059582566
2018-01-15 09:30:00	172.12720000000002	-2589.308418092688	121.56040000000002	-3669.761694196719	154.27346666666665	-4609.856942228537	128.8632	-3918.0516783350913	101.77653333333333	-2277.245705178906	132.54613333333333	-9775.88635891086	459.5954666666667	-12488.533657486574
2018-01-15 09:40:00	172.12720000000002	-2589.452503027609	121.56040000000002	-3669.942449502368	154.27346666666665	-4610.090773402429	128.8632	-3918.2443294191808	101.77653333333333	-2277.3666029546316	132.54613333333333	-9776.137138256265	459.5954666666667	-12488.9476880503
2018-01-15 09:50:00	172.12720000000002	-2589.5473182230953	121.56040000000002	-3670.0611886907423	154.27346666666665	-4610.244251513535	128.8632	-3918.3709072079737	101.77653333333333	-2277.445734586047	132.54613333333333	-9776.303034820261	459.5954666666667	-12489.1772906099
2018-01-15 10:00:00	1635.2084	-2522.437304379778	1154.8238000000001	-3574.771982883093	1465.5979333333332	-4490.578299687932	1224.2004	-3816.644158785472	966.8770666666667	-2218.4950678076593	1259.1882666666668	-9520.557695683423	4366.156933333334	-12165.119528038302
2018-01-15 10:10:00	1635.2084	-2522.636272305525	1154.8238000000001	-3575.681182072074	1465.5979333333332	-4491.7059513375425	1224.2004	-3817.612359499239	966.8770666666667	-2218.8807143672384	1259.1882666666668	-9523.144005997126	4366.156933333334	-12168.83433520077
2018-01-15 10:20:00	1635.2084	-2523.233360742511	1154.8238000000001	-3576.185713244512	1465.5979333333332	-4492.335752040535	1224.2004	-3818.1463642923977	966.8770666666667	-2219.1187019442314	1259.1882666666668	-9525.23179118123	4366.156933333334	-12170.517307245764
2018-01-15 10:30:00	1635.2084	-2523.6256566827556	1154.8238000000001	-3576.51727515489	1465.5979333333332	-4492.749293408051	1224.2004	-3818.4973690056527	966.8770666666667	-2219.2744879252177	1259.1882666666668	-9526.612513976455	4366.156933333334	-12171.451063288068
2018-01-15 10:40:00	1635.2084	-2523.8838082627594	1154.8238000000001	-3576.7350799982787	1465.5979333333332	-4493.020726547186	1224.2004	-3818.7279900077415	966.8770666666667	-2219.3764550786036	1259.1882666666668	-9527.52589631881	4366.156933333334	-12171.968881876712
2018-01-15 10:50:00	1635.2084	-2524.0536851821394	1154.8238000000001	-3576.8781573226934	1465.5979333333332	-4493.198885301191	1224.2004	-3818.8795153099877	966.8770666666667	-2219.4431960132943	1259.1882666666668	-9528.130121092558	4366.156933333334	-12172.256040796094
2018-01-15 11:00:00	3958.9256	-2503.0597629451304	2795.8892	-3547.007559350662	3548.289733333333	-4455.684856864152	2963.8536	-3786.9901697591827	2340.8602666666666	-2200.9481028952287	3048.5610666666666	-9448.140125435806	10570.695733333334	-12070.555545419233
2018-01-15 11:10:00	3958.9256	-2502.043375971295	2795.8892	-3546.4991857707814	3548.289733333333	-4454.975536277258	2963.8536	-3786.4481763683175	2340.8602666666666	-2200.5610891321367	3048.5610666666666	-9448.940748020821	10570.695733333334	-12070.47915651197
2018-01-15 11:20:00	3958.9256	-2503.27321274337	2795.8892	-3547.538244692981	3548.289733333333	-4456.3225318784525	2963.8536	-3787.555427991176	2340.8602666666666	-2201.341904081659	3048.5610666666666	-9450.58008653892	10570.695733333334	-12073.881414317842
2018-01-15 11:30:00	3958.9256	-2504.007819782083	2795.8892	-3548.1167719396312	3548.289733333333	-4457.07371539885	2963.8536	-3788.1719873391135	2340.8602666666666	-2202.365249888154	3048.5610666666666	-9451.466785182356	10570.695733333334	-12075.27472304209
2018-01-15 11:40:00	3958.9256	-2504.740277953385	2795.8892	-3548.3948811305986	3548.289733333333	-4457.436708947544	2963.8536	-3788.468407140804	2340.8602666666666	-2203.6125677839973	3048.5610666666666	-9451.856975663222	10570.695733333334	-12075.558714957784
2018-01-15 11:50:00	3958.9256	-2505.774577138146	2795.8892	-3548.4756407990567	3548.289733333333	-4457.544904587844	2963.8536	-3788.5544818034446	2340.8602666666666	-2205.0821888636747	3048.5610666666666	-9451.9187123158	10570.695733333334	-12075.227523633206
2018-01-15 12:00:00	5852.3248	-2507.05576999396	4133.0536	-3548.426760332027	5245.297866666666	-4457.485860133296	4381.3488	-3788.5023530284197	3460.4021333333335	-2206.7724389611726	4506.568533333333	-9451.763168679383	15626.245866666668	-12074.555179244164
2018-01-15 12:10:00	5852.3248	-2507.0528387867253	4133.0536	-3547.5305739326423	5245.297866666666	-4456.295739526733	4381.3488	-3787.5475257239277	3460.4021333333335	-2208.0380276423325	4506.568533333333	-9451.373613285426	15626.245866666668	-12074.04179889145
2018-01-15 12:20:00	5852.3248	-2509.499039244334	4133.0536	-3547.990165462111	5245.297866666666	-4456.893172381668	4381.3488	-3788.0393522813647	3460.4021333333335	-2210.2860767451098	4506.568533333333	-9451.965948092255	15626.245866666668	-12079.626781747358
2018-01-15 12:30:00	5852.3248	-2511.980193572075	4133.0536	-3548.2905778772174	5245.297866666666	-4457.2832651550525	4381.3488	-3788.360890729501	3460.4021333333335	-2212.5737685963736	4506.568533333333	-9452.356893891023	15626.245866666668	-12085.67867290629
2018-01-15 12:40:00	5852.3248	-2514.4994594626387	4133.0536	-3548.487922786877	5245.297866666666	-4457.539310804972	4381.3488	-3788.5721540184923	3460.4021333333335	-2214.901798392974	4506.568533333333	-9452.61551510704	15626.245866666668	-12092.1974746654
2018-01-15 12:50:00	5852.3248	-2517.056582711235	4133.0536	-3548.617559876181	5245.297866666666	-4457.7073698012355	4381.3488	-3788.7109607112625	3460.4021333333335	-2217.269861315352	4506.568533333333	-9452.786599404955	15626.245866666668	-12099.175536421453
2018-01-15 13:00:00	6712.960800000001	-2447.1077587980153	4740.855600000001	-3445.6999790146147	6016.6652	-4328.461880934337	5025.6648000000005	-3678.840866137308	3969.2848000000004	-2155.958875142233	5169.2992	-9176.562517300545	17924.223200000004	-11756.47784150335
2018-01-15 13:10:00	6712.960800000001	-2451.695318056961	4740.855600000001	-3447.963103310177	6016.6652	-4332.107523617595	5025.6648000000005	-3681.483677303021	3969.2848000000004	-2159.9920783760676	5169.2992	-9179.824862714839	17924.223200000004	-11781.094495602229
2018-01-15 13:20:00	6712.960800000001	-2455.160630818834	4740.855600000001	-3448.2117948494997	6016.6652	-4333.097493353396	5025.6648000000005	-3681.9337074812292	3969.2848000000004	-2162.869411251178	5169.2992	-9181.990411730381	17924.223200000004	-11795.550846024333
2018-01-15 13:30:00	6712.960800000001	-2458.3412040084922	4740.855600000001	-3448.0868710322766	6016.6652	-4333.612261174079	5025.6648000000005	-3681.983155616307	3969.2848000000004	-2165.494224062069	5169.2992	-9183.61964948551	17924.223200000004	-11807.497359302473
2018-01-15 13:40:00	6712.960800000001	-2461.2383568609357	4740.855600000001	-3448.1307467765982	6016.6652	-4333.653157301525	5025.6648000000005	-3681.7667444390654	3969.2848000000004	-2167.8674673241417	5169.2992	-9184.89390382937	17924.223200000004	-11816.964789947458
2018-01-15 13:50:00	6712.960800000001	-2463.8545497100085	4740.855600000001	-3448.2665713769957	6016.6652	-4333.22488554277	5025.6648000000005	-3681.7919068548736	3969.2848000000004	-2169.9910367477455	5169.2992	-9185.933327962382	17924.223200000004	-11823.99374353142
2018-01-15 14:00:00	6540.8336	-2466.192202467417	4619.2952000000005	-3448.457766447562	5862.391733333333	-4332.886641029252	4896.8016	-3681.917086968194	3867.5082666666667	-2171.8668121198293	5036.753066666667	-9186.817406025799	17464.627733333335	-11828.624140751697
2018-01-15 14:10:00	6540.8336	-2468.392763812637	4619.2952000000005	-3448.754659180211	5862.391733333333	-4332.918026876596	4896.8016	-3682.181908289537	3867.5082666666667	-2173.55519827561	5036.753066666667	-9187.606929358062	17464.627733333335	-11830.96019376141
2018-01-15 14:20:00	6540.8336	-2470.5621176136083	4619.2952000000005	-3449.042067492883	5862.391733333333	-4333.060066034848	4896.8016	-3682.4537218725154	3867.5082666666667	-2175.3132356301726	5036.753066666667	-9188.205867476638	17464.627733333335	-11833.746337647815
2018-01-15 14:30:00	6540.8336	-2472.653384490208	4619.2952000000005	-3449.23073600536	5862.391733333333	-4333.153115589772	4896.8016	-3682.632171605005	3867.5082666666667	-2177.0002929803836	5036.753066666667	-9188.60199901828	17464.627733333335	-11835.919160468162
2018-01-15 14:40:00	6540.8336	-2474.66737879217	4619.2952000000005	-3449.354673780237	5862.391733333333	-4333.214190217921	4896.8016	-3682.749419023091	3867.5082666666667	-2178.617054176882	5036.753066666667	-9188.864050045766	17464.627733333335	-11837.490167333399
2018-01-15 14:50:00	6540.8336	-2476.604820764569	4619.2952000000005	-3449.436089319328	5862.391733333333	-4333.254277394159	4896.8016	-3682.8264543491578	3867.5082666666667	-2180.1640486730043	5036.753066666667	-9189.037403367325	17464.627733333335	-11838.469208624414
2018-01-15 15:00:00	5163.816000000001	-2387.8535891586553	3646.8120000000004	-3320.8095557058823	4628.204	-4171.678034989418	3865.896	-3545.503804317287	3053.2960000000003	-2102.0506831716098	3976.3840000000005	-8843.930551652813	13787.864000000001	-11401.492485285768
2018-01-15 15:10:00	5163.816000000001	-2393.41964129204	3646.8120000000004	-3323.2155850255494	4628.204	-4175.594515170593	3865.896	-3548.2837557319244	3053.2960000000003	-2105.8167392040755	3976.3840000000005	-8847.30668160741	13787.864000000001	-11418.92151604772
2018-01-15 15:20:00	5163.816000000001	-2395.233104286388	3646.8120000000004	-3322.544510250741	4628.204	-4174.830550167535	3865.896	-3547.450952302688	3053.2960000000003	-2107.4992801303283	3976.3840000000005	-8848.26632712847	13787.864000000001	-11422.350826042451
2018-01-15 15:30:00	5163.816000000001	-2397.0364365684154	3646.8120000000004	-3322.106908300868	4628.204	-4174.081442900049	3865.896	-3546.9387792443613	3053.2960000000003	-2109.1713378008885	3976.3840000000005	-8848.902504542564	13787.864000000001	-11425.742984595929
2018-01-15 15:40:00	5163.816000000001	-2398.8244344933582	3646.8120000000004	-3321.8194398833084	4628.204	-4173.367816875687	3865.896	-3546.6022145053676	3053.2960000000003	-2110.830801913126	3976.3840000000005	-8849.323350760467	13787.864000000001	-11429.079578851031
2018-01-15 15:50:00	5163.816000000001	-2400.597237202758	3646.8120000000004	-3321.630599863247	4628.204	-4172.929122669308	3865.896	-3546.3810805580724	3053.2960000000003	-2112.4777692155517	3976.3840000000005	-8849.601751307166	13787.864000000001	-11432.361542449702
2018-01-15 16:00:00	3012.226	-2402.35495559775	2127.3070000000002	-3321.506549525022	2699.7856666666667	-4172.641135447737	2255.1059999999998	-3546.2357883363707	1781.0893333333333	-2114.112333888089	2319.5573333333336	-8849.785920394761	8042.920666666668	-11435.58976559942
2018-01-15 16:10:00	3012.226	-2405.8368884569213	2127.3070000000002	-3322.291993825311	2699.7856666666667	-4173.613839006877	2255.1059999999998	-3547.063850571139	1781.0893333333333	-2116.466712589865	2319.5573333333336	-8850.010440675525	8042.920666666668	-11439.577408242509
2018-01-15 16:20:00	3012.226	-2406.7965858833636	2127.3070000000002	-3321.4853141774447	2699.7856666666667	-4172.516916208047	2255.1059999999998	-3546.1961081930926	1781.0893333333333	-2117.9407005851813	2319.5573333333336	-8848.972372120372	8042.920666666668	-11439.753911150056
2018-01-15 16:30:00	3012.226	-2408.0084068462197	2127.3070000000002	-3320.8551112661435	2699.7856666666667	-4171.801255270648	2255.1059999999998	-3545.5190558169966	1781.0893333333333	-2119.6366800289434	2319.5573333333336	-8848.090131555833	8042.920666666668	-11442.220574403636
2018-01-15 16:40:00	3012.226	-2409.4662608608637	2127.3070000000002	-3320.3390909790405	2699.7856666666667	-4171.574884182546	2255.1059999999998	-3544.9654172599935	1781.0893333333333	-2121.551813518272	2319.5573333333336	-8847.309926876553	8042.920666666668	-11446.931544107214
2018-01-15 16:50:00	3012.226	-2411.1680524488097	2127.3070000000002	-3320.0124358554367	2699.7856666666667	-4171.819752063422	2255.1059999999998	-3544.815231999532	1781.0893333333333	-2123.6844517471836	2319.5573333333336	-8846.597222656022	8042.920666666668	-11453.850087562409
2018-01-15 17:00:00	860.636	-2413.1117030620767	607.802	-3320.0952410077043	771.3673333333332	-4172.5312059314465	644.3159999999999	-3545.072015927499	508.8826666666667	-2126.0329569387477	662.7306666666667	-8845.929171715537	2297.9773333333333	-11462.94006288361
2018-01-15 17:10:00	860.636	-2417.034373791605	607.802	-3321.706917614588	771.3673333333332	-4175.2554460944075	644.3159999999999	-3546.9565937467587	508.8826666666667	-2129.327826840937	662.7306666666667	-8845.393347778076	2297.9773333333333	-11474.978208343757
2018-01-15 17:20:00	860.636	-2417.643049617779	607.802	-3320.6738669624747	771.3673333333332	-4174.55690587001	644.3159999999999	-3546.014743866852	508.8826666666667	-2131.063700726484	662.7306666666667	-8843.709977132641	2297.9773333333333	-11477.880115790444
2018-01-15 17:30:00	860.636	-2418.3113346930563	607.802	-3319.7480996964405	771.3673333333332	-4173.987003958796	644.3159999999999	-3545.1857434870926	508.8826666666667	-2132.8458195928706	662.7306666666667	-8842.59779004678	2297.9773333333333	-11481.314236508577
2018-01-15 17:40:00	860.636	-2419.0340285906786	607.802	-3318.924341539853	771.3673333333332	-4173.538947818036	644.3159999999999	-3544.4639536226705	508.8826666666667	-2134.6721391111296	662.7306666666667	-8841.862048334939	2297.9773333333333	-11485.25867154708
2018-01-15 17:50:00	860.636	-2419.810777652698	607.802	-3318.2015593459805	771.3673333333332	-4173.211539485174	644.3159999999999	-3543.8482971788653	508.8826666666667	-2136.5423286181526	662.7306666666667	-8841.375336361956	2297.9773333333333	-11489.705086692054
2018-01-15 18:00:00	0.0	-2420.641225946008	0.0	-3317.5787246718996	0.0	-4173.003581200129	0.0	-3543.337700564122	0.0	-2138.4560576159074	0.0	-8841.053363933908	0.0	-11494.645257542525
2018-01-15 18:10:00	0.0	-2422.2207054342007	0.0	-3317.5172204446035	0.0	-4173.534220313648	0.0	-3543.4236727602215	0.0	-2140.7058472980316	0.0	-8840.881446017649	0.0	-11500.396013654825
2018-01-15 18:20:00	0.0	-2422.1662521365756	0.0	-3317.330270218182	0.0	-4172.23946547589	0.0	-3542.6146066410784	0.0	-2142.2572296660196	0.0	-8840.17731708191	0.0	-11494.655422023894
2018-01-15 18:30:00	0.0	-2420.7359807618436	0.0	-3316.7401280895397	0.0	-4169.589353151849	0.0	-3541.6840777711814	0.0	-2142.572610610786	0.0	-8838.793803915718	0.0	-11476.996533531425
2018-01-15 18:40:00	0.0	-2417.9414054636354	0.0	-3315.8762928207466	0.0	-4167.401835368936	0.0	-3540.56484546747	0.0	-2141.6618736218084	0.0	-8836.961206914184	0.0	-11447.615284489817
2018-01-15 18:50:00	0.0	-2413.794378503417	0.0	-3314.832678766843	0.0	-4165.358241595963	0.0	-3539.3217849334364	0.0	-2139.5342517874287	0.0	-8834.831529094556	0.0	-11406.70359551131
2018-01-15 19:00:00	0.0	-2333.859170489485	0.0	-3207.9337474590734	0.0	-4030.6197309915087	0.0	-3425.1168865510494	0.0	-2070.8135868154654	0.0	-8548.83915994373	0.0	-10995.045526053807
2018-01-15 19:10:00	0.0	-2329.693095101524	0.0	-3208.497534518911	0.0	-4031.038828741898	0.0	-3425.65919652652	0.0	-2068.158026316425	0.0	-8549.613966320865	0.0	-10953.17918037949
2018-01-15 19:20:00	0.0	-2322.837388094668	0.0	-3206.586254045071	0.0	-4028.3277445546883	0.0	-3423.580768831374	0.0	-2063.2575526052137	0.0	-8548.846611351377	0.0	-10927.273980270107
2018-01-15 19:30:00	0.0	-2316.0454130902735	0.0	-3205.333980645715	0.0	-4026.552710448269	0.0	-3422.2186746727584	0.0	-2058.3963893537834	0.0	-8548.340340499144	0.0	-10912.911331304
2018-01-15 19:40:00	0.0	-2309.312838534357	0.0	-3204.511348323986	0.0	-4025.387634215147	0.0	-3421.323728818715	0.0	-2053.5718295314027	0.0	-8548.005427726395	0.0	-10904.946425450677
2018-01-15 19:50:00	0.0	-2302.639159549202	0.0	-3203.970955072053	0.0	-4024.6229193487543	0.0	-3420.735719861851	0.0	-2048.783600097812	0.0	-8547.78387421593	0.0	-10900.5294342664
2018-01-15 20:00:00	0.0	-2296.0238662955967	0.0	-3203.6159667466054	0.0	-4024.120987528575	0.0	-3420.3493785697387	0.0	-2044.0314268614611	0.0	-8547.637310805005	0.0	-10898.079962608816
2018-01-15 20:10:00	0.0	-2289.4664583898552	0.0	-3203.3827722891465	0.0	-4023.7915372155608	0.0	-3420.095539589507	0.0	-2039.315038937209	0.0	-8547.540355295805	0.0	-10896.721591910095
2018-01-15 20:20:00	0.0	-2282.478582381905	0.0	-3203.124969724204	0.0	-4023.43372761301	0.0	-3419.8178163968582	0.0	-2034.2121132896082	0.0	-8547.503360103829	0.0	-10895.918182529813
2018-01-15 20:30:00	0.0	-2275.35561798794	0.0	-3203.0579887762547	0.0	-4023.3295208179043	0.0	-3419.7444953001664	0.0	-2028.973500994222	0.0	-8547.675727832213	0.0	-10895.962670413432
2018-01-15 20:40:00	0.0	-2269.7300866950313	0.0	-3203.116064085866	0.0	-4023.391366387528	0.0	-3419.805156640051	0.0	-2023.5999594262637	0.0	-8547.986415002011	0.0	-10896.476711940571
2018-01-15 20:50:00	0.0	-2266.2980913365604	0.0	-3203.2562902334103	0.0	-4023.5622035500874	0.0	-3419.953849318061	0.0	-2018.0925042928936	0.0	-8548.388604270738	0.0	-10897.251148430998
2018-01-15 21:00:00	0.0	-2321.39156298471	0.0	-3284.774176996071	0.0	-4125.9349671478985	0.0	-3506.978093966846	0.0	-2062.7588005754833	0.0	-8767.01821293762	0.0	-11174.618712833835
2018-01-15 21:10:00	0.0	-2318.784717244504	0.0	-3283.2146559357634	0.0	-4123.936795176576	0.0	-3505.317346875102	0.0	-2055.1173607845153	0.0	-8764.293862349336	0.0	-11170.073086663697
2018-01-15 21:20:00	0.0	-2318.209502764613	0.0	-3283.690538800838	0.0	-4124.584296113562	0.0	-3505.829904165501	0.0	-2049.0068553233937	0.0	-8763.103923187582	0.0	-11171.75259380209
2018-01-15 21:30:00	0.0	-2317.829466443214	0.0	-3284.0010060635	0.0	-4125.006390142522	0.0	-3506.1643654878967	0.0	-2044.9730039379451	0.0	-8762.31610013081	0.0	-11172.678896522299
2018-01-15 21:40:00	0.0	-2317.579384804284	0.0	-3284.2049572822953	0.0	-4125.2834419311785	0.0	-3506.3841208373606	0.0	-2042.3363471328378	0.0	-8761.794935621187	0.0	-11173.19258966033
2018-01-15 21:50:00	0.0	-2317.4148180846687	0.0	-3284.338934286227	0.0	-4125.465288852014	0.0	-3506.5285072891916	0.0	-2040.6105607054255	0.0	-8761.450171906241	0.0	-11173.47746141246
2018-01-15 22:00:00	0.0	-2242.5707574769162	0.0	-3178.3225896250806	0.0	-3992.333492915481	0.0	-3393.3508905254653	0.0	-1973.8353386366346	0.0	-8476.574258217861	0.0	-10812.948330614874
2018-01-15 22:10:00	0.0	-2243.750706730895	0.0	-3180.1844117054843	0.0	-3994.718991929884	0.0	-3395.334422478214	0.0	-1974.0051309159383	0.0	-8479.6557453322	0.0	-10818.599950367832
2018-01-15 22:20:00	0.0	-2243.5174799349793	0.0	-3180.0899080877725	0.0	-3994.5664337615503	0.0	-3395.228052883189	0.0	-1973.3614497217982	0.0	-8481.204669808845	0.0	-10818.015033468202
2018-01-15 22:30:00	0.0	-2243.365346896623	0.0	-3180.029711157927	0.0	-3994.468846901446	0.0	-3395.1601919209074	0.0	-1972.9409291597847	0.0	-8482.22984190394	0.0	-10817.695162407095
2018-01-15 22:40:00	0.0	-2243.2652336175847	0.0	-3179.9901646526823	0.0	-3994.4047905509246	0.0	-3395.1156021074144	0.0	-1972.6656830438008	0.0	-8482.90801946441	0.0	-10817.517770323748
2018-01-15 22:50:00	0.0	-2243.199353847388	0.0	-3179.964186261389	0.0	-3994.3627462258164	0.0	-3395.0863051287592	0.0	-1972.4855249192635	0.0	-8483.35665162888	0.0	-10817.419396360932
2018-01-15 23:00:00	0.0	-2243.156001513716	0.0	-3179.9471208617992	0.0	-3994.3351498127404	0.0	-3395.0670560443855	0.0	-1972.3676051808416	0.0	-8483.653433519743	0.0	-10817.364842420122
2018-01-15 23:10:00	0.0	-2243.127473411249	0.0	-3179.9359104731366	0.0	-3994.3170364998778	0.0	-3395.0544087590306	0.0	-1972.2904226238963	0.0	-8483.849762489714	0.0	-10817.334589166428
2018-01-15 23:20:00	0.0	-2243.0494102190764	0.0	-3179.8448459493766	0.0	-3994.191880673768	0.0	-3394.9573364527764	0.0	-1972.171293054581	0.0	-8484.001356031853	0.0	-10817.277715438007
2018-01-15 23:30:00	0.0	-2243.0559409964253	0.0	-3179.8669299599565	0.0	-3994.2142601647474	0.0	-3394.9808869532935	0.0	-1972.1478838296275	0.0	-8484.259127030373	0.0	-10817.638232343315
2018-01-15 23:40:00	0.0	-2243.117983307855	0.0	-3179.963105489202	0.0	-3994.3331539782016	0.0	-3395.0834372863756	0.0	-1972.1869977114095	0.0	-8484.586993521143	0.0	-10818.229693501682
2018-01-15 23:50:00	0.0	-2243.2165552529354	0.0	-3180.107952552543	0.0	-3994.5153967448205	0.0	-3395.2378935468264	0.0	-1972.2670353317358	0.0	-8484.961230139026	0.0	-10818.949226781788
